\c postgres
drop database biblioteca;
create database biblioteca;
\c biblioteca
create table usuario (codigo integer not null, nome varchar(100) not null, tipo char(1) not null check ((tipo = 'A') or (tipo = 'P') or (tipo = 'F')), curso varchar(100), primary key (codigo));
create table livro (codigo integer not null, titulo varchar(200) not null, primary key (codigo));
create table exemplar (codigo integer not null, livro integer not null references livro(codigo), primary key (codigo));
create table locacao (usuario integer not null references usuario(codigo), exemplar integer not null references exemplar(codigo), retirada date not null default now(), entrega date, primary key (usuario, exemplar, retirada));
insert into usuario (codigo, nome, tipo, curso) values (1, 'aluno 1', 'A', 'curso superior de tecnologia em analise e desenvolvimento de sistemas');
insert into usuario (codigo, nome, tipo) values (2, 'funcionario 2', 'F');
insert into usuario (codigo, nome, tipo) values (3, 'funcionario 3', 'F');
insert into usuario (codigo, nome, tipo) values (4, 'professor 4', 'P');
insert into usuario (codigo, nome, tipo) values (5, 'professor 5', 'P');
insert into usuario (codigo, nome, tipo, curso) values (6, 'aluno 6', 'A', 'curso superior de tecnologia em analise e desenvolvimento de sistemas');
insert into usuario (codigo, nome, tipo, curso) values (7, 'aluno 7', 'A', 'curso superior de bacharelado em engenharia mecanica');
insert into usuario (codigo, nome, tipo) values (8, 'professor 8', 'P');
insert into usuario (codigo, nome, tipo, curso) values (9, 'aluno 9', 'A', 'curso tecnico integrado em informatica para internet');
insert into usuario (codigo, nome, tipo, curso) values (10, 'aluno 10', 'A', 'curso tecnico integrado em informatica para internet');
insert into usuario (codigo, nome, tipo, curso) values (11, 'aluno 11', 'A', 'curso tecnico integrado em eletrotecnica');
insert into usuario (codigo, nome, tipo, curso) values (12, 'aluno 12', 'A', 'curso tecnico integrado em eletrotecnica');
insert into usuario (codigo, nome, tipo) values (13, 'professor 13', 'P');
insert into usuario (codigo, nome, tipo, curso) values (14, 'aluno 14', 'A', 'curso tecnico integrado em informatica para internet');
insert into usuario (codigo, nome, tipo) values (15, 'professor 15', 'P');
insert into usuario (codigo, nome, tipo) values (16, 'funcionario 16', 'F');
insert into usuario (codigo, nome, tipo) values (17, 'funcionario 17', 'F');
insert into usuario (codigo, nome, tipo) values (18, 'funcionario 18', 'F');
insert into usuario (codigo, nome, tipo, curso) values (19, 'aluno 19', 'A', 'curso tecnico integrado em refrigeracao e ar condicionado');
insert into usuario (codigo, nome, tipo) values (20, 'professor 20', 'P');
insert into usuario (codigo, nome, tipo) values (21, 'funcionario 21', 'F');
insert into usuario (codigo, nome, tipo, curso) values (22, 'aluno 22', 'A', 'curso tecnico integrado em refrigeracao e ar condicionado');
insert into usuario (codigo, nome, tipo) values (23, 'funcionario 23', 'F');
insert into usuario (codigo, nome, tipo) values (24, 'funcionario 24', 'F');
insert into usuario (codigo, nome, tipo, curso) values (25, 'aluno 25', 'A', 'curso tecnico integrado em informatica para internet');
insert into usuario (codigo, nome, tipo, curso) values (26, 'aluno 26', 'A', 'curso tecnico integrado em refrigeracao e ar condicionado');
insert into usuario (codigo, nome, tipo, curso) values (27, 'aluno 27', 'A', 'curso tecnico integrado em informatica para internet');
insert into usuario (codigo, nome, tipo) values (28, 'funcionario 28', 'F');
insert into usuario (codigo, nome, tipo, curso) values (29, 'aluno 29', 'A', 'curso tecnico integrado em eletrotecnica');
insert into usuario (codigo, nome, tipo, curso) values (30, 'aluno 30', 'A', 'curso superior de bacharelado em engenharia mecanica');
insert into usuario (codigo, nome, tipo) values (31, 'professor 31', 'P');
insert into usuario (codigo, nome, tipo, curso) values (32, 'aluno 32', 'A', 'curso superior de tecnologia em analise e desenvolvimento de sistemas');
insert into usuario (codigo, nome, tipo) values (33, 'professor 33', 'P');
insert into usuario (codigo, nome, tipo, curso) values (34, 'aluno 34', 'A', 'curso tecnico integrado em informatica para internet');
insert into usuario (codigo, nome, tipo, curso) values (35, 'aluno 35', 'A', 'curso tecnico integrado em refrigeracao e ar condicionado');
insert into usuario (codigo, nome, tipo) values (36, 'professor 36', 'P');
insert into usuario (codigo, nome, tipo, curso) values (37, 'aluno 37', 'A', 'curso tecnico integrado em refrigeracao e ar condicionado');
insert into usuario (codigo, nome, tipo, curso) values (38, 'aluno 38', 'A', 'curso superior de tecnologia em analise e desenvolvimento de sistemas');
insert into usuario (codigo, nome, tipo, curso) values (39, 'aluno 39', 'A', 'curso superior de tecnologia em analise e desenvolvimento de sistemas');
insert into usuario (codigo, nome, tipo) values (40, 'funcionario 40', 'F');
insert into usuario (codigo, nome, tipo, curso) values (41, 'aluno 41', 'A', 'curso superior de tecnologia em analise e desenvolvimento de sistemas');
insert into usuario (codigo, nome, tipo, curso) values (42, 'aluno 42', 'A', 'curso tecnico integrado em refrigeracao e ar condicionado');
insert into usuario (codigo, nome, tipo, curso) values (43, 'aluno 43', 'A', 'curso tecnico integrado em refrigeracao e ar condicionado');
insert into usuario (codigo, nome, tipo, curso) values (44, 'aluno 44', 'A', 'curso superior de tecnologia em analise e desenvolvimento de sistemas');
insert into usuario (codigo, nome, tipo) values (45, 'funcionario 45', 'F');
insert into usuario (codigo, nome, tipo) values (46, 'professor 46', 'P');
insert into usuario (codigo, nome, tipo) values (47, 'professor 47', 'P');
insert into usuario (codigo, nome, tipo, curso) values (48, 'aluno 48', 'A', 'curso tecnico integrado em informatica para internet');
insert into usuario (codigo, nome, tipo) values (49, 'professor 49', 'P');
insert into usuario (codigo, nome, tipo) values (50, 'professor 50', 'P');
insert into usuario (codigo, nome, tipo) values (51, 'professor 51', 'P');
insert into usuario (codigo, nome, tipo, curso) values (52, 'aluno 52', 'A', 'curso tecnico integrado em eletrotecnica');
insert into usuario (codigo, nome, tipo, curso) values (53, 'aluno 53', 'A', 'curso tecnico integrado em informatica para internet');
insert into usuario (codigo, nome, tipo, curso) values (54, 'aluno 54', 'A', 'curso tecnico integrado em refrigeracao e ar condicionado');
insert into usuario (codigo, nome, tipo, curso) values (55, 'aluno 55', 'A', 'curso tecnico integrado em eletrotecnica');
insert into usuario (codigo, nome, tipo) values (56, 'funcionario 56', 'F');
insert into usuario (codigo, nome, tipo, curso) values (57, 'aluno 57', 'A', 'curso tecnico integrado em eletrotecnica');
insert into usuario (codigo, nome, tipo, curso) values (58, 'aluno 58', 'A', 'curso tecnico integrado em eletrotecnica');
insert into usuario (codigo, nome, tipo, curso) values (59, 'aluno 59', 'A', 'curso tecnico integrado em eletrotecnica');
insert into usuario (codigo, nome, tipo) values (60, 'funcionario 60', 'F');
insert into usuario (codigo, nome, tipo) values (61, 'professor 61', 'P');
insert into usuario (codigo, nome, tipo, curso) values (62, 'aluno 62', 'A', 'curso tecnico integrado em refrigeracao e ar condicionado');
insert into usuario (codigo, nome, tipo, curso) values (63, 'aluno 63', 'A', 'curso tecnico integrado em informatica para internet');
insert into usuario (codigo, nome, tipo, curso) values (64, 'aluno 64', 'A', 'curso superior de bacharelado em engenharia mecanica');
insert into usuario (codigo, nome, tipo, curso) values (65, 'aluno 65', 'A', 'curso tecnico integrado em informatica para internet');
insert into usuario (codigo, nome, tipo, curso) values (66, 'aluno 66', 'A', 'curso tecnico integrado em refrigeracao e ar condicionado');
insert into usuario (codigo, nome, tipo, curso) values (67, 'aluno 67', 'A', 'curso superior de bacharelado em engenharia mecanica');
insert into usuario (codigo, nome, tipo, curso) values (68, 'aluno 68', 'A', 'curso superior de bacharelado em engenharia mecanica');
insert into usuario (codigo, nome, tipo, curso) values (69, 'aluno 69', 'A', 'curso tecnico integrado em informatica para internet');
insert into usuario (codigo, nome, tipo, curso) values (70, 'aluno 70', 'A', 'curso tecnico integrado em refrigeracao e ar condicionado');
insert into usuario (codigo, nome, tipo) values (71, 'funcionario 71', 'F');
insert into usuario (codigo, nome, tipo) values (72, 'professor 72', 'P');
insert into usuario (codigo, nome, tipo, curso) values (73, 'aluno 73', 'A', 'curso tecnico integrado em refrigeracao e ar condicionado');
insert into usuario (codigo, nome, tipo, curso) values (74, 'aluno 74', 'A', 'curso superior de bacharelado em engenharia mecanica');
insert into usuario (codigo, nome, tipo) values (75, 'funcionario 75', 'F');
insert into usuario (codigo, nome, tipo) values (76, 'funcionario 76', 'F');
insert into usuario (codigo, nome, tipo, curso) values (77, 'aluno 77', 'A', 'curso tecnico integrado em informatica para internet');
insert into usuario (codigo, nome, tipo, curso) values (78, 'aluno 78', 'A', 'curso superior de bacharelado em engenharia mecanica');
insert into usuario (codigo, nome, tipo, curso) values (79, 'aluno 79', 'A', 'curso tecnico integrado em refrigeracao e ar condicionado');
insert into usuario (codigo, nome, tipo, curso) values (80, 'aluno 80', 'A', 'curso superior de tecnologia em analise e desenvolvimento de sistemas');
insert into usuario (codigo, nome, tipo, curso) values (81, 'aluno 81', 'A', 'curso tecnico integrado em informatica para internet');
insert into usuario (codigo, nome, tipo, curso) values (82, 'aluno 82', 'A', 'curso tecnico integrado em informatica para internet');
insert into usuario (codigo, nome, tipo, curso) values (83, 'aluno 83', 'A', 'curso tecnico integrado em refrigeracao e ar condicionado');
insert into usuario (codigo, nome, tipo) values (84, 'professor 84', 'P');
insert into usuario (codigo, nome, tipo) values (85, 'professor 85', 'P');
insert into usuario (codigo, nome, tipo, curso) values (86, 'aluno 86', 'A', 'curso tecnico integrado em eletrotecnica');
insert into usuario (codigo, nome, tipo) values (87, 'professor 87', 'P');
insert into usuario (codigo, nome, tipo, curso) values (88, 'aluno 88', 'A', 'curso tecnico integrado em eletrotecnica');
insert into usuario (codigo, nome, tipo, curso) values (89, 'aluno 89', 'A', 'curso superior de bacharelado em engenharia mecanica');
insert into usuario (codigo, nome, tipo, curso) values (90, 'aluno 90', 'A', 'curso tecnico integrado em eletrotecnica');
insert into usuario (codigo, nome, tipo) values (91, 'funcionario 91', 'F');
insert into usuario (codigo, nome, tipo, curso) values (92, 'aluno 92', 'A', 'curso superior de tecnologia em analise e desenvolvimento de sistemas');
insert into usuario (codigo, nome, tipo, curso) values (93, 'aluno 93', 'A', 'curso superior de tecnologia em analise e desenvolvimento de sistemas');
insert into usuario (codigo, nome, tipo, curso) values (94, 'aluno 94', 'A', 'curso tecnico integrado em refrigeracao e ar condicionado');
insert into usuario (codigo, nome, tipo) values (95, 'professor 95', 'P');
insert into usuario (codigo, nome, tipo) values (96, 'professor 96', 'P');
insert into usuario (codigo, nome, tipo) values (97, 'professor 97', 'P');
insert into usuario (codigo, nome, tipo, curso) values (98, 'aluno 98', 'A', 'curso tecnico integrado em eletrotecnica');
insert into usuario (codigo, nome, tipo, curso) values (99, 'aluno 99', 'A', 'curso tecnico integrado em informatica para internet');
insert into usuario (codigo, nome, tipo) values (100, 'professor 100', 'P');
insert into livro (codigo, titulo) values (1, 'xxx postgresql 1');
insert into livro (codigo, titulo) values (2, 'livro 2');
insert into livro (codigo, titulo) values (3, 'livro 3');
insert into livro (codigo, titulo) values (4, 'livro 4');
insert into livro (codigo, titulo) values (5, 'livro 5');
insert into livro (codigo, titulo) values (6, 'xxx postgresql 6');
insert into livro (codigo, titulo) values (7, 'livro 7');
insert into livro (codigo, titulo) values (8, 'livro 8');
insert into livro (codigo, titulo) values (9, 'xxx postgresql xxx 9');
insert into livro (codigo, titulo) values (10, 'xxx postgresql xxx 10');
insert into livro (codigo, titulo) values (11, 'postgresql xxx 11');
insert into livro (codigo, titulo) values (12, 'livro 12');
insert into livro (codigo, titulo) values (13, 'xxx postgresql 13');
insert into livro (codigo, titulo) values (14, 'livro 14');
insert into livro (codigo, titulo) values (15, 'xxx postgresql xxx 15');
insert into livro (codigo, titulo) values (16, 'livro 16');
insert into livro (codigo, titulo) values (17, 'livro 17');
insert into livro (codigo, titulo) values (18, 'livro 18');
insert into livro (codigo, titulo) values (19, 'xxx postgresql 19');
insert into livro (codigo, titulo) values (20, 'livro 20');
insert into livro (codigo, titulo) values (21, 'postgresql xxx 21');
insert into livro (codigo, titulo) values (22, 'xxx postgresql xxx 22');
insert into livro (codigo, titulo) values (23, 'livro 23');
insert into livro (codigo, titulo) values (24, 'livro 24');
insert into livro (codigo, titulo) values (25, 'livro 25');
insert into livro (codigo, titulo) values (26, 'livro 26');
insert into livro (codigo, titulo) values (27, 'livro 27');
insert into livro (codigo, titulo) values (28, 'livro 28');
insert into livro (codigo, titulo) values (29, 'livro 29');
insert into livro (codigo, titulo) values (30, 'livro 30');
insert into exemplar (codigo, livro) values (1001, 1);
insert into exemplar (codigo, livro) values (1002, 1);
insert into exemplar (codigo, livro) values (1003, 1);
insert into exemplar (codigo, livro) values (1004, 1);
insert into exemplar (codigo, livro) values (1005, 1);
insert into exemplar (codigo, livro) values (2001, 2);
insert into exemplar (codigo, livro) values (2002, 2);
insert into exemplar (codigo, livro) values (2003, 2);
insert into exemplar (codigo, livro) values (2004, 2);
insert into exemplar (codigo, livro) values (3001, 3);
insert into exemplar (codigo, livro) values (4001, 4);
insert into exemplar (codigo, livro) values (4002, 4);
insert into exemplar (codigo, livro) values (4003, 4);
insert into exemplar (codigo, livro) values (4004, 4);
insert into exemplar (codigo, livro) values (5001, 5);
insert into exemplar (codigo, livro) values (5002, 5);
insert into exemplar (codigo, livro) values (5003, 5);
insert into exemplar (codigo, livro) values (6001, 6);
insert into exemplar (codigo, livro) values (7001, 7);
insert into exemplar (codigo, livro) values (7002, 7);
insert into exemplar (codigo, livro) values (7003, 7);
insert into exemplar (codigo, livro) values (7004, 7);
insert into exemplar (codigo, livro) values (8001, 8);
insert into exemplar (codigo, livro) values (8002, 8);
insert into exemplar (codigo, livro) values (8003, 8);
insert into exemplar (codigo, livro) values (9001, 9);
insert into exemplar (codigo, livro) values (9002, 9);
insert into exemplar (codigo, livro) values (9003, 9);
insert into exemplar (codigo, livro) values (10001, 10);
insert into exemplar (codigo, livro) values (10002, 10);
insert into exemplar (codigo, livro) values (10003, 10);
insert into exemplar (codigo, livro) values (10004, 10);
insert into exemplar (codigo, livro) values (11001, 11);
insert into exemplar (codigo, livro) values (12001, 12);
insert into exemplar (codigo, livro) values (13001, 13);
insert into exemplar (codigo, livro) values (13002, 13);
insert into exemplar (codigo, livro) values (13003, 13);
insert into exemplar (codigo, livro) values (14001, 14);
insert into exemplar (codigo, livro) values (14002, 14);
insert into exemplar (codigo, livro) values (15001, 15);
insert into exemplar (codigo, livro) values (15002, 15);
insert into exemplar (codigo, livro) values (16001, 16);
insert into exemplar (codigo, livro) values (16002, 16);
insert into exemplar (codigo, livro) values (16003, 16);
insert into exemplar (codigo, livro) values (16004, 16);
insert into exemplar (codigo, livro) values (17001, 17);
insert into exemplar (codigo, livro) values (17002, 17);
insert into exemplar (codigo, livro) values (17003, 17);
insert into exemplar (codigo, livro) values (18001, 18);
insert into exemplar (codigo, livro) values (19001, 19);
insert into exemplar (codigo, livro) values (19002, 19);
insert into exemplar (codigo, livro) values (19003, 19);
insert into exemplar (codigo, livro) values (20001, 20);
insert into exemplar (codigo, livro) values (20002, 20);
insert into exemplar (codigo, livro) values (20003, 20);
insert into exemplar (codigo, livro) values (20004, 20);
insert into exemplar (codigo, livro) values (21001, 21);
insert into exemplar (codigo, livro) values (22001, 22);
insert into exemplar (codigo, livro) values (22002, 22);
insert into exemplar (codigo, livro) values (22003, 22);
insert into exemplar (codigo, livro) values (22004, 22);
insert into exemplar (codigo, livro) values (23001, 23);
insert into exemplar (codigo, livro) values (23002, 23);
insert into exemplar (codigo, livro) values (24001, 24);
insert into exemplar (codigo, livro) values (25001, 25);
insert into exemplar (codigo, livro) values (25002, 25);
insert into exemplar (codigo, livro) values (25003, 25);
insert into exemplar (codigo, livro) values (26001, 26);
insert into exemplar (codigo, livro) values (26002, 26);
insert into exemplar (codigo, livro) values (26003, 26);
insert into exemplar (codigo, livro) values (27001, 27);
insert into exemplar (codigo, livro) values (27002, 27);
insert into exemplar (codigo, livro) values (27003, 27);
insert into exemplar (codigo, livro) values (28001, 28);
insert into exemplar (codigo, livro) values (28002, 28);
insert into exemplar (codigo, livro) values (28003, 28);
insert into exemplar (codigo, livro) values (28004, 28);
insert into exemplar (codigo, livro) values (29001, 29);
insert into exemplar (codigo, livro) values (30001, 30);
insert into exemplar (codigo, livro) values (30002, 30);
insert into exemplar (codigo, livro) values (30003, 30);
insert into exemplar (codigo, livro) values (30004, 30);
insert into exemplar (codigo, livro) values (30005, 30);
insert into locacao (usuario, exemplar, retirada, entrega) values (11, 1001, '2018-03-11', '2018-04-08');
insert into locacao (usuario, exemplar, retirada, entrega) values (45, 1001, '2018-06-09', '2018-07-07');
insert into locacao (usuario, exemplar, retirada, entrega) values (61, 1001, '2018-08-28', '2018-09-10');
insert into locacao (usuario, exemplar, retirada, entrega) values (7, 1001, '2018-10-08', '2018-11-03');
insert into locacao (usuario, exemplar, retirada, entrega) values (14, 1001, '2018-10-27', '2018-11-05');
insert into locacao (usuario, exemplar, retirada, entrega) values (45, 1001, '2018-12-01', '2018-12-07');
insert into locacao (usuario, exemplar, retirada, entrega) values (9, 1001, '2018-12-24', '2018-12-26');
insert into locacao (usuario, exemplar, retirada, entrega) values (27, 1001, '2019-03-05', '2019-03-12');
insert into locacao (usuario, exemplar, retirada, entrega) values (25, 1002, '2018-03-13', '2018-03-17');
insert into locacao (usuario, exemplar, retirada, entrega) values (5, 1002, '2018-04-17', '2018-04-20');
insert into locacao (usuario, exemplar, retirada, entrega) values (27, 1002, '2018-05-23', '2018-05-27');
insert into locacao (usuario, exemplar, retirada, entrega) values (47, 1002, '2018-08-23', '2018-08-28');
insert into locacao (usuario, exemplar, retirada, entrega) values (1, 1002, '2018-09-03', '2018-09-10');
insert into locacao (usuario, exemplar, retirada, entrega) values (38, 1002, '2018-11-23', '2018-11-26');
insert into locacao (usuario, exemplar, retirada, entrega) values (31, 1002, '2018-12-10', '2018-12-13');
insert into locacao (usuario, exemplar, retirada, entrega) values (31, 1002, '2018-12-25', '2019-01-10');
insert into locacao (usuario, exemplar, retirada, entrega) values (72, 1002, '2019-03-23', '2019-04-02');
insert into locacao (usuario, exemplar, retirada, entrega) values (49, 1003, '2018-03-08', '2018-03-15');
insert into locacao (usuario, exemplar, retirada, entrega) values (3, 1003, '2018-05-20', '2018-06-08');
insert into locacao (usuario, exemplar, retirada, entrega) values (1, 1003, '2018-05-26', '2018-06-05');
insert into locacao (usuario, exemplar, retirada, entrega) values (94, 1003, '2018-05-30', '2018-06-01');
insert into locacao (usuario, exemplar, retirada, entrega) values (100, 1003, '2018-07-20', '2018-08-08');
insert into locacao (usuario, exemplar, retirada, entrega) values (21, 1003, '2018-08-15', '2018-08-31');
insert into locacao (usuario, exemplar, retirada, entrega) values (15, 1003, '2018-10-02', '2018-10-12');
insert into locacao (usuario, exemplar, retirada, entrega) values (1, 1003, '2018-12-26', '2018-12-30');
insert into locacao (usuario, exemplar, retirada, entrega) values (52, 1003, '2019-02-05', '2019-02-12');
insert into locacao (usuario, exemplar, retirada, entrega) values (70, 1003, '2019-03-12', '2019-03-17');
insert into locacao (usuario, exemplar, retirada, entrega) values (15, 1004, '2018-02-22', '2018-02-24');
insert into locacao (usuario, exemplar, retirada, entrega) values (3, 1004, '2018-05-22', '2018-05-29');
insert into locacao (usuario, exemplar, retirada, entrega) values (22, 1004, '2018-06-11', '2018-06-17');
insert into locacao (usuario, exemplar, retirada, entrega) values (47, 1004, '2018-06-28', '2018-07-15');
insert into locacao (usuario, exemplar, retirada, entrega) values (22, 1004, '2018-08-13', '2018-08-19');
insert into locacao (usuario, exemplar, retirada, entrega) values (11, 1004, '2018-10-01', '2018-10-28');
insert into locacao (usuario, exemplar, retirada, entrega) values (2, 1004, '2018-12-11', '2018-12-16');
insert into locacao (usuario, exemplar, retirada, entrega) values (46, 1004, '2018-12-17', '2018-12-19');
insert into locacao (usuario, exemplar, retirada, entrega) values (52, 1004, '2019-01-10', '2019-01-14');
insert into locacao (usuario, exemplar, retirada, entrega) values (78, 1004, '2019-03-25', '2019-04-10');
insert into locacao (usuario, exemplar, retirada, entrega) values (72, 1005, '2018-04-08', '2018-04-22');
insert into locacao (usuario, exemplar, retirada, entrega) values (77, 1005, '2018-06-05', '2018-06-08');
insert into locacao (usuario, exemplar, retirada, entrega) values (37, 1005, '2018-09-10', '2018-09-16');
insert into locacao (usuario, exemplar, retirada, entrega) values (65, 1005, '2018-12-11', '2018-12-13');
insert into locacao (usuario, exemplar, retirada, entrega) values (89, 1005, '2019-03-05', '2019-03-08');
insert into locacao (usuario, exemplar, retirada, entrega) values (79, 1005, '2019-04-27', '2019-05-24');
insert into locacao (usuario, exemplar, retirada, entrega) values (46, 2001, '2018-01-21', '2018-02-02');
insert into locacao (usuario, exemplar, retirada, entrega) values (91, 2001, '2018-04-09', '2018-04-11');
insert into locacao (usuario, exemplar, retirada, entrega) values (95, 2001, '2018-07-08', '2018-07-31');
insert into locacao (usuario, exemplar, retirada, entrega) values (43, 2001, '2018-07-14', '2018-07-20');
insert into locacao (usuario, exemplar, retirada, entrega) values (67, 2001, '2018-09-16', '2018-09-20');
insert into locacao (usuario, exemplar, retirada, entrega) values (5, 2001, '2018-09-24', '2018-09-26');
insert into locacao (usuario, exemplar, retirada, entrega) values (3, 2001, '2018-10-08', '2018-10-14');
insert into locacao (usuario, exemplar, retirada, entrega) values (66, 2001, '2018-10-25', '2018-11-07');
insert into locacao (usuario, exemplar, retirada, entrega) values (44, 2001, '2018-10-30', '2018-11-11');
insert into locacao (usuario, exemplar, retirada, entrega) values (2, 2001, '2018-12-04', '2018-12-07');
insert into locacao (usuario, exemplar, retirada, entrega) values (24, 2001, '2019-01-07', '2019-01-21');
insert into locacao (usuario, exemplar, retirada, entrega) values (94, 2001, '2019-04-16', '2019-04-20');
insert into locacao (usuario, exemplar, retirada, entrega) values (72, 2002, '2018-02-09', '2018-02-12');
insert into locacao (usuario, exemplar, retirada, entrega) values (33, 2002, '2018-04-12', '2018-04-18');
insert into locacao (usuario, exemplar, retirada, entrega) values (63, 2002, '2018-06-10', '2018-06-13');
insert into locacao (usuario, exemplar, retirada, entrega) values (60, 2002, '2018-08-11', '2018-08-17');
insert into locacao (usuario, exemplar, retirada, entrega) values (98, 2002, '2018-08-25', '2018-08-30');
insert into locacao (usuario, exemplar, retirada, entrega) values (29, 2002, '2018-09-21', '2018-10-10');
insert into locacao (usuario, exemplar, retirada, entrega) values (14, 2002, '2018-12-25', '2018-12-27');
insert into locacao (usuario, exemplar, retirada, entrega) values (73, 2002, '2019-02-03', '2019-02-08');
insert into locacao (usuario, exemplar, retirada, entrega) values (88, 2002, '2019-03-14', '2019-03-20');
insert into locacao (usuario, exemplar, retirada, entrega) values (43, 2003, '2018-01-27', '2018-01-30');
insert into locacao (usuario, exemplar, retirada, entrega) values (77, 2003, '2018-04-25', '2018-05-16');
insert into locacao (usuario, exemplar, retirada, entrega) values (84, 2003, '2018-06-03', '2018-06-14');
insert into locacao (usuario, exemplar, retirada, entrega) values (95, 2003, '2018-07-22', '2018-08-19');
insert into locacao (usuario, exemplar, retirada, entrega) values (43, 2003, '2018-10-23', '2018-10-25');
insert into locacao (usuario, exemplar, retirada, entrega) values (22, 2003, '2018-12-16', '2018-12-23');
insert into locacao (usuario, exemplar, retirada, entrega) values (75, 2003, '2019-01-02', '2019-01-09');
insert into locacao (usuario, exemplar, retirada, entrega) values (7, 2003, '2019-03-01', '2019-03-11');
insert into locacao (usuario, exemplar, retirada, entrega) values (82, 2003, '2019-04-21', '2019-04-24');
insert into locacao (usuario, exemplar, retirada, entrega) values (79, 2004, '2018-01-25', '2018-02-14');
insert into locacao (usuario, exemplar, retirada, entrega) values (64, 2004, '2018-02-26', '2018-03-04');
insert into locacao (usuario, exemplar, retirada, entrega) values (31, 2004, '2018-04-24', '2018-05-22');
insert into locacao (usuario, exemplar, retirada, entrega) values (91, 2004, '2018-05-21', '2018-06-02');
insert into locacao (usuario, exemplar, retirada, entrega) values (73, 2004, '2018-07-11', '2018-07-20');
insert into locacao (usuario, exemplar, retirada, entrega) values (30, 2004, '2018-09-11', '2018-09-13');
insert into locacao (usuario, exemplar, retirada, entrega) values (62, 2004, '2018-10-14', '2018-10-17');
insert into locacao (usuario, exemplar, retirada, entrega) values (2, 2004, '2019-01-09', '2019-01-30');
insert into locacao (usuario, exemplar, retirada, entrega) values (72, 2004, '2019-01-29', '2019-02-02');
insert into locacao (usuario, exemplar, retirada, entrega) values (4, 2004, '2019-03-23', '2019-03-30');
insert into locacao (usuario, exemplar, retirada, entrega) values (55, 3001, '2018-01-04', '2018-01-08');
insert into locacao (usuario, exemplar, retirada, entrega) values (9, 3001, '2018-01-27', '2018-01-30');
insert into locacao (usuario, exemplar, retirada, entrega) values (95, 3001, '2018-02-12', '2018-02-16');
insert into locacao (usuario, exemplar, retirada, entrega) values (6, 3001, '2018-04-27', '2018-05-01');
insert into locacao (usuario, exemplar, retirada, entrega) values (2, 3001, '2018-06-12', '2018-06-14');
insert into locacao (usuario, exemplar, retirada, entrega) values (63, 3001, '2018-08-18', '2018-08-20');
insert into locacao (usuario, exemplar, retirada, entrega) values (42, 3001, '2018-11-16', '2018-11-23');
insert into locacao (usuario, exemplar, retirada, entrega) values (64, 3001, '2019-02-11', '2019-03-07');
insert into locacao (usuario, exemplar, retirada, entrega) values (11, 3001, '2019-02-11', '2019-03-01');
insert into locacao (usuario, exemplar, retirada, entrega) values (79, 3001, '2019-02-20', '2019-02-26');
insert into locacao (usuario, exemplar, retirada, entrega) values (100, 3001, '2019-02-21', '2019-03-11');
insert into locacao (usuario, exemplar, retirada, entrega) values (85, 4001, '2018-01-27', '2018-02-07');
insert into locacao (usuario, exemplar, retirada, entrega) values (28, 4001, '2018-04-19', '2018-04-21');
insert into locacao (usuario, exemplar, retirada, entrega) values (92, 4001, '2018-06-19', '2018-07-01');
insert into locacao (usuario, exemplar, retirada, entrega) values (100, 4001, '2018-07-17', '2018-07-21');
insert into locacao (usuario, exemplar, retirada, entrega) values (37, 4001, '2018-09-29', '2018-10-01');
insert into locacao (usuario, exemplar, retirada, entrega) values (63, 4001, '2018-10-01', '2018-10-06');
insert into locacao (usuario, exemplar, retirada, entrega) values (76, 4001, '2018-11-02', '2018-11-07');
insert into locacao (usuario, exemplar, retirada, entrega) values (70, 4001, '2018-12-19', '2019-01-02');
insert into locacao (usuario, exemplar, retirada, entrega) values (14, 4001, '2019-02-04', '2019-02-11');
insert into locacao (usuario, exemplar, retirada, entrega) values (8, 4001, '2019-04-15', '2019-04-21');
insert into locacao (usuario, exemplar, retirada, entrega) values (54, 4002, '2018-03-12', '2018-03-14');
insert into locacao (usuario, exemplar, retirada, entrega) values (75, 4002, '2018-04-03', '2018-04-06');
insert into locacao (usuario, exemplar, retirada, entrega) values (58, 4002, '2018-04-16', '2018-04-27');
insert into locacao (usuario, exemplar, retirada, entrega) values (69, 4002, '2018-05-01', '2018-05-08');
insert into locacao (usuario, exemplar, retirada, entrega) values (100, 4002, '2018-06-25', '2018-06-27');
insert into locacao (usuario, exemplar, retirada, entrega) values (54, 4002, '2018-07-27', '2018-08-08');
insert into locacao (usuario, exemplar, retirada, entrega) values (41, 4002, '2018-10-31', '2018-11-20');
insert into locacao (usuario, exemplar, retirada, entrega) values (96, 4002, '2018-12-01', '2018-12-13');
insert into locacao (usuario, exemplar, retirada, entrega) values (83, 4002, '2018-12-26', '2018-12-29');
insert into locacao (usuario, exemplar, retirada, entrega) values (33, 4002, '2019-01-12', '2019-01-19');
insert into locacao (usuario, exemplar, retirada, entrega) values (32, 4002, '2019-02-14', '2019-02-16');
insert into locacao (usuario, exemplar, retirada, entrega) values (87, 4002, '2019-04-01', '2019-04-04');
insert into locacao (usuario, exemplar, retirada, entrega) values (43, 4002, '2019-04-03', '2019-04-07');
insert into locacao (usuario, exemplar, retirada, entrega) values (51, 4003, '2018-01-11', '2018-01-13');
insert into locacao (usuario, exemplar, retirada, entrega) values (78, 4003, '2018-04-12', '2018-04-18');
insert into locacao (usuario, exemplar, retirada, entrega) values (39, 4003, '2018-04-22', '2018-04-29');
insert into locacao (usuario, exemplar, retirada, entrega) values (76, 4003, '2018-06-03', '2018-06-13');
insert into locacao (usuario, exemplar, retirada, entrega) values (57, 4003, '2018-08-07', '2018-08-09');
insert into locacao (usuario, exemplar, retirada, entrega) values (3, 4003, '2018-08-28', '2018-09-04');
insert into locacao (usuario, exemplar, retirada, entrega) values (38, 4003, '2018-09-21', '2018-09-28');
insert into locacao (usuario, exemplar, retirada, entrega) values (24, 4003, '2018-12-28', '2018-12-30');
insert into locacao (usuario, exemplar, retirada, entrega) values (54, 4003, '2019-01-28', '2019-01-30');
insert into locacao (usuario, exemplar, retirada, entrega) values (54, 4003, '2019-04-12', '2019-04-14');
insert into locacao (usuario, exemplar, retirada, entrega) values (43, 4003, '2019-04-23', '2019-05-05');
insert into locacao (usuario, exemplar, retirada, entrega) values (15, 4004, '2018-01-14', '2018-01-28');
insert into locacao (usuario, exemplar, retirada, entrega) values (8, 4004, '2018-03-24', '2018-04-16');
insert into locacao (usuario, exemplar, retirada, entrega) values (37, 4004, '2018-04-06', '2018-04-11');
insert into locacao (usuario, exemplar, retirada, entrega) values (40, 4004, '2018-06-29', '2018-07-05');
insert into locacao (usuario, exemplar, retirada, entrega) values (77, 4004, '2018-09-18', '2018-09-25');
insert into locacao (usuario, exemplar, retirada, entrega) values (46, 4004, '2018-09-26', '2018-10-13');
insert into locacao (usuario, exemplar, retirada, entrega) values (82, 4004, '2018-11-09', '2018-11-14');
insert into locacao (usuario, exemplar, retirada, entrega) values (70, 4004, '2018-12-20', '2019-01-03');
insert into locacao (usuario, exemplar, retirada, entrega) values (87, 4004, '2019-03-24', '2019-04-07');
insert into locacao (usuario, exemplar, retirada, entrega) values (18, 5001, '2018-03-16', '2018-03-26');
insert into locacao (usuario, exemplar, retirada, entrega) values (29, 5001, '2018-06-05', '2018-06-12');
insert into locacao (usuario, exemplar, retirada, entrega) values (40, 5001, '2018-08-13', '2018-08-29');
insert into locacao (usuario, exemplar, retirada, entrega) values (68, 5001, '2018-10-13', '2018-10-17');
insert into locacao (usuario, exemplar, retirada, entrega) values (66, 5001, '2018-10-18', '2018-10-20');
insert into locacao (usuario, exemplar, retirada, entrega) values (88, 5001, '2018-12-20', '2018-12-26');
insert into locacao (usuario, exemplar, retirada, entrega) values (93, 5001, '2019-02-20', '2019-03-01');
insert into locacao (usuario, exemplar, retirada, entrega) values (7, 5001, '2019-02-26', '2019-03-15');
insert into locacao (usuario, exemplar, retirada, entrega) values (13, 5001, '2019-04-25', '2019-05-08');
insert into locacao (usuario, exemplar, retirada, entrega) values (83, 5002, '2018-03-06', '2018-03-23');
insert into locacao (usuario, exemplar, retirada, entrega) values (59, 5002, '2018-05-14', '2018-06-09');
insert into locacao (usuario, exemplar, retirada, entrega) values (98, 5002, '2018-07-06', '2018-07-27');
insert into locacao (usuario, exemplar, retirada, entrega) values (76, 5002, '2018-08-19', '2018-08-26');
insert into locacao (usuario, exemplar, retirada, entrega) values (67, 5002, '2018-11-04', '2018-11-29');
insert into locacao (usuario, exemplar, retirada, entrega) values (17, 5002, '2019-01-03', '2019-01-05');
insert into locacao (usuario, exemplar, retirada, entrega) values (7, 5002, '2019-02-24', '2019-03-17');
insert into locacao (usuario, exemplar, retirada, entrega) values (67, 5002, '2019-03-26', '2019-04-15');
insert into locacao (usuario, exemplar, retirada, entrega) values (42, 5002, '2019-04-08', '2019-04-26');
insert into locacao (usuario, exemplar, retirada, entrega) values (74, 5002, '2019-04-15', '2019-04-17');
insert into locacao (usuario, exemplar, retirada, entrega) values (56, 5002, '2019-04-17', '2019-04-22');
insert into locacao (usuario, exemplar, retirada, entrega) values (83, 5003, '2018-04-09', '2018-04-21');
insert into locacao (usuario, exemplar, retirada, entrega) values (81, 5003, '2018-05-15', '2018-05-18');
insert into locacao (usuario, exemplar, retirada, entrega) values (27, 5003, '2018-05-23', '2018-06-11');
insert into locacao (usuario, exemplar, retirada, entrega) values (22, 5003, '2018-07-04', '2018-07-07');
insert into locacao (usuario, exemplar, retirada, entrega) values (11, 5003, '2018-07-14', '2018-07-18');
insert into locacao (usuario, exemplar, retirada, entrega) values (26, 5003, '2018-09-27', '2018-10-02');
insert into locacao (usuario, exemplar, retirada, entrega) values (70, 5003, '2018-12-03', '2018-12-19');
insert into locacao (usuario, exemplar, retirada, entrega) values (60, 5003, '2019-02-20', '2019-03-06');
insert into locacao (usuario, exemplar, retirada, entrega) values (85, 5003, '2019-04-12', '2019-04-29');
insert into locacao (usuario, exemplar, retirada, entrega) values (68, 6001, '2018-01-18', '2018-01-25');
insert into locacao (usuario, exemplar, retirada, entrega) values (88, 6001, '2018-02-28', '2018-03-03');
insert into locacao (usuario, exemplar, retirada, entrega) values (27, 6001, '2018-03-28', '2018-03-31');
insert into locacao (usuario, exemplar, retirada, entrega) values (53, 6001, '2018-05-30', '2018-06-06');
insert into locacao (usuario, exemplar, retirada, entrega) values (18, 6001, '2018-06-28', '2018-07-15');
insert into locacao (usuario, exemplar, retirada, entrega) values (90, 6001, '2018-09-20', '2018-10-18');
insert into locacao (usuario, exemplar, retirada, entrega) values (68, 6001, '2018-12-24', '2019-01-14');
insert into locacao (usuario, exemplar, retirada, entrega) values (24, 6001, '2019-02-22', '2019-03-07');
insert into locacao (usuario, exemplar, retirada, entrega) values (84, 7001, '2018-02-09', '2018-02-16');
insert into locacao (usuario, exemplar, retirada, entrega) values (88, 7001, '2018-04-11', '2018-04-17');
insert into locacao (usuario, exemplar, retirada, entrega) values (47, 7001, '2018-07-09', '2018-07-11');
insert into locacao (usuario, exemplar, retirada, entrega) values (66, 7001, '2018-07-16', '2018-08-01');
insert into locacao (usuario, exemplar, retirada, entrega) values (86, 7001, '2018-09-27', '2018-10-02');
insert into locacao (usuario, exemplar, retirada, entrega) values (21, 7001, '2018-10-19', '2018-10-26');
insert into locacao (usuario, exemplar, retirada, entrega) values (10, 7001, '2019-01-22', '2019-01-24');
insert into locacao (usuario, exemplar, retirada, entrega) values (23, 7001, '2019-04-25', '2019-04-29');
insert into locacao (usuario, exemplar, retirada, entrega) values (98, 7002, '2018-03-21', '2018-03-23');
insert into locacao (usuario, exemplar, retirada, entrega) values (29, 7002, '2018-05-21', '2018-05-25');
insert into locacao (usuario, exemplar, retirada, entrega) values (25, 7002, '2018-06-04', '2018-06-09');
insert into locacao (usuario, exemplar, retirada, entrega) values (45, 7002, '2018-08-13', '2018-08-31');
insert into locacao (usuario, exemplar, retirada, entrega) values (85, 7002, '2018-09-09', '2018-09-29');
insert into locacao (usuario, exemplar, retirada, entrega) values (53, 7002, '2018-10-13', '2018-10-31');
insert into locacao (usuario, exemplar, retirada, entrega) values (100, 7002, '2018-12-04', '2018-12-08');
insert into locacao (usuario, exemplar, retirada, entrega) values (89, 7002, '2019-02-02', '2019-02-08');
insert into locacao (usuario, exemplar, retirada, entrega) values (64, 7002, '2019-03-10', '2019-03-19');
insert into locacao (usuario, exemplar, retirada, entrega) values (31, 7002, '2019-03-20', '2019-03-26');
insert into locacao (usuario, exemplar, retirada, entrega) values (42, 7003, '2018-02-22', '2018-03-10');
insert into locacao (usuario, exemplar, retirada, entrega) values (29, 7003, '2018-04-12', '2018-04-19');
insert into locacao (usuario, exemplar, retirada, entrega) values (87, 7003, '2018-04-17', '2018-04-24');
insert into locacao (usuario, exemplar, retirada, entrega) values (3, 7003, '2018-05-29', '2018-06-05');
insert into locacao (usuario, exemplar, retirada, entrega) values (56, 7003, '2018-08-27', '2018-08-31');
insert into locacao (usuario, exemplar, retirada, entrega) values (79, 7003, '2018-12-03', '2018-12-09');
insert into locacao (usuario, exemplar, retirada, entrega) values (23, 7003, '2018-12-17', '2018-12-24');
insert into locacao (usuario, exemplar, retirada, entrega) values (80, 7003, '2019-03-08', '2019-03-12');
insert into locacao (usuario, exemplar, retirada, entrega) values (78, 7004, '2018-01-28', '2018-02-08');
insert into locacao (usuario, exemplar, retirada, entrega) values (59, 7004, '2018-04-13', '2018-04-15');
insert into locacao (usuario, exemplar, retirada, entrega) values (28, 7004, '2018-06-12', '2018-07-09');
insert into locacao (usuario, exemplar, retirada, entrega) values (69, 7004, '2018-07-02', '2018-07-23');
insert into locacao (usuario, exemplar, retirada, entrega) values (84, 7004, '2018-07-12', '2018-07-15');
insert into locacao (usuario, exemplar, retirada, entrega) values (8, 7004, '2018-09-11', '2018-09-14');
insert into locacao (usuario, exemplar, retirada, entrega) values (6, 7004, '2018-11-03', '2018-11-06');
insert into locacao (usuario, exemplar, retirada, entrega) values (94, 7004, '2019-01-20', '2019-02-05');
insert into locacao (usuario, exemplar, retirada, entrega) values (40, 7004, '2019-03-10', '2019-03-14');
insert into locacao (usuario, exemplar, retirada, entrega) values (69, 8001, '2018-04-02', '2018-04-20');
insert into locacao (usuario, exemplar, retirada, entrega) values (38, 8001, '2018-05-06', '2018-05-09');
insert into locacao (usuario, exemplar, retirada, entrega) values (53, 8001, '2018-05-18', '2018-05-21');
insert into locacao (usuario, exemplar, retirada, entrega) values (87, 8001, '2018-05-21', '2018-06-10');
insert into locacao (usuario, exemplar, retirada, entrega) values (13, 8001, '2018-07-20', '2018-07-22');
insert into locacao (usuario, exemplar, retirada, entrega) values (10, 8001, '2018-08-15', '2018-08-25');
insert into locacao (usuario, exemplar, retirada, entrega) values (33, 8001, '2018-09-21', '2018-09-30');
insert into locacao (usuario, exemplar, retirada, entrega) values (80, 8001, '2018-10-21', '2018-11-11');
insert into locacao (usuario, exemplar, retirada, entrega) values (25, 8001, '2018-11-26', '2018-11-29');
insert into locacao (usuario, exemplar, retirada, entrega) values (35, 8001, '2018-12-04', '2018-12-10');
insert into locacao (usuario, exemplar, retirada, entrega) values (33, 8001, '2019-01-04', '2019-01-07');
insert into locacao (usuario, exemplar, retirada, entrega) values (32, 8001, '2019-01-14', '2019-01-26');
insert into locacao (usuario, exemplar, retirada, entrega) values (57, 8001, '2019-04-07', '2019-05-03');
insert into locacao (usuario, exemplar, retirada, entrega) values (81, 8002, '2018-02-01', '2018-02-03');
insert into locacao (usuario, exemplar, retirada, entrega) values (63, 8002, '2018-03-18', '2018-03-22');
insert into locacao (usuario, exemplar, retirada, entrega) values (66, 8002, '2018-04-05', '2018-04-12');
insert into locacao (usuario, exemplar, retirada, entrega) values (9, 8002, '2018-05-04', '2018-05-09');
insert into locacao (usuario, exemplar, retirada, entrega) values (31, 8002, '2018-06-18', '2018-06-24');
insert into locacao (usuario, exemplar, retirada, entrega) values (96, 8002, '2018-07-19', '2018-07-21');
insert into locacao (usuario, exemplar, retirada, entrega) values (27, 8002, '2018-08-08', '2018-08-15');
insert into locacao (usuario, exemplar, retirada, entrega) values (31, 8002, '2018-10-20', '2018-10-29');
insert into locacao (usuario, exemplar, retirada, entrega) values (24, 8002, '2018-11-27', '2018-11-30');
insert into locacao (usuario, exemplar, retirada, entrega) values (42, 8002, '2019-02-25', '2019-03-04');
insert into locacao (usuario, exemplar, retirada, entrega) values (11, 8003, '2018-03-17', '2018-04-03');
insert into locacao (usuario, exemplar, retirada, entrega) values (60, 8003, '2018-04-28', '2018-05-09');
insert into locacao (usuario, exemplar, retirada, entrega) values (6, 8003, '2018-06-09', '2018-06-16');
insert into locacao (usuario, exemplar, retirada, entrega) values (51, 8003, '2018-08-29', '2018-09-11');
insert into locacao (usuario, exemplar, retirada, entrega) values (11, 8003, '2018-10-28', '2018-11-08');
insert into locacao (usuario, exemplar, retirada, entrega) values (4, 8003, '2019-01-11', '2019-01-21');
insert into locacao (usuario, exemplar, retirada, entrega) values (8, 8003, '2019-04-15', '2019-05-02');
insert into locacao (usuario, exemplar, retirada, entrega) values (26, 9001, '2018-04-05', '2018-04-26');
insert into locacao (usuario, exemplar, retirada, entrega) values (71, 9001, '2018-05-16', '2018-05-27');
insert into locacao (usuario, exemplar, retirada, entrega) values (60, 9001, '2018-06-18', '2018-06-25');
insert into locacao (usuario, exemplar, retirada, entrega) values (45, 9001, '2018-07-21', '2018-07-27');
insert into locacao (usuario, exemplar, retirada, entrega) values (6, 9001, '2018-09-19', '2018-09-21');
insert into locacao (usuario, exemplar, retirada, entrega) values (46, 9001, '2018-10-13', '2018-10-31');
insert into locacao (usuario, exemplar, retirada, entrega) values (16, 9001, '2019-01-05', '2019-01-11');
insert into locacao (usuario, exemplar, retirada, entrega) values (46, 9001, '2019-04-10', '2019-04-15');
insert into locacao (usuario, exemplar, retirada, entrega) values (54, 9001, '2019-04-26', '2019-04-30');
insert into locacao (usuario, exemplar, retirada, entrega) values (81, 9002, '2018-02-10', '2018-02-23');
insert into locacao (usuario, exemplar, retirada, entrega) values (100, 9002, '2018-04-15', '2018-04-17');
insert into locacao (usuario, exemplar, retirada, entrega) values (70, 9002, '2018-05-31', '2018-06-06');
insert into locacao (usuario, exemplar, retirada, entrega) values (100, 9002, '2018-07-09', '2018-07-19');
insert into locacao (usuario, exemplar, retirada, entrega) values (26, 9002, '2018-08-10', '2018-08-13');
insert into locacao (usuario, exemplar, retirada, entrega) values (84, 9002, '2018-09-14', '2018-09-25');
insert into locacao (usuario, exemplar, retirada, entrega) values (4, 9002, '2018-09-16', '2018-09-18');
insert into locacao (usuario, exemplar, retirada, entrega) values (50, 9002, '2018-11-26', '2018-12-05');
insert into locacao (usuario, exemplar, retirada, entrega) values (27, 9002, '2018-12-24', '2018-12-31');
insert into locacao (usuario, exemplar, retirada, entrega) values (31, 9002, '2019-01-22', '2019-01-24');
insert into locacao (usuario, exemplar, retirada, entrega) values (58, 9002, '2019-01-29', '2019-02-24');
insert into locacao (usuario, exemplar, retirada, entrega) values (45, 9002, '2019-02-13', '2019-02-19');
insert into locacao (usuario, exemplar, retirada, entrega) values (55, 9002, '2019-03-13', '2019-03-19');
insert into locacao (usuario, exemplar, retirada, entrega) values (99, 9002, '2019-03-17', '2019-03-20');
insert into locacao (usuario, exemplar, retirada, entrega) values (48, 9003, '2018-01-27', '2018-02-05');
insert into locacao (usuario, exemplar, retirada, entrega) values (61, 9003, '2018-04-04', '2018-04-09');
insert into locacao (usuario, exemplar, retirada, entrega) values (71, 9003, '2018-06-25', '2018-06-27');
insert into locacao (usuario, exemplar, retirada, entrega) values (32, 9003, '2018-09-21', '2018-09-25');
insert into locacao (usuario, exemplar, retirada, entrega) values (89, 9003, '2018-10-10', '2018-10-17');
insert into locacao (usuario, exemplar, retirada, entrega) values (41, 9003, '2018-10-12', '2018-10-16');
insert into locacao (usuario, exemplar, retirada, entrega) values (9, 9003, '2018-11-30', '2018-12-07');
insert into locacao (usuario, exemplar, retirada, entrega) values (10, 9003, '2019-01-10', '2019-01-19');
insert into locacao (usuario, exemplar, retirada, entrega) values (95, 9003, '2019-03-17', '2019-03-30');
insert into locacao (usuario, exemplar, retirada, entrega) values (62, 10001, '2018-02-01', '2018-02-03');
insert into locacao (usuario, exemplar, retirada, entrega) values (38, 10001, '2018-04-28', '2018-05-02');
insert into locacao (usuario, exemplar, retirada, entrega) values (20, 10001, '2018-07-13', '2018-07-29');
insert into locacao (usuario, exemplar, retirada, entrega) values (27, 10001, '2018-07-24', '2018-08-04');
insert into locacao (usuario, exemplar, retirada, entrega) values (2, 10001, '2018-10-29', '2018-11-02');
insert into locacao (usuario, exemplar, retirada, entrega) values (92, 10001, '2018-12-14', '2018-12-24');
insert into locacao (usuario, exemplar, retirada, entrega) values (21, 10001, '2018-12-31', '2019-01-20');
insert into locacao (usuario, exemplar, retirada, entrega) values (70, 10001, '2019-03-02', '2019-03-08');
insert into locacao (usuario, exemplar, retirada, entrega) values (92, 10001, '2019-04-02', '2019-04-04');
insert into locacao (usuario, exemplar, retirada, entrega) values (37, 10001, '2019-04-09', '2019-04-14');
insert into locacao (usuario, exemplar, retirada, entrega) values (91, 10002, '2018-02-19', '2018-02-23');
insert into locacao (usuario, exemplar, retirada, entrega) values (88, 10002, '2018-03-27', '2018-04-01');
insert into locacao (usuario, exemplar, retirada, entrega) values (18, 10002, '2018-04-07', '2018-05-02');
insert into locacao (usuario, exemplar, retirada, entrega) values (59, 10002, '2018-05-31', '2018-06-11');
insert into locacao (usuario, exemplar, retirada, entrega) values (36, 10002, '2018-09-05', '2018-09-24');
insert into locacao (usuario, exemplar, retirada, entrega) values (46, 10002, '2018-09-27', '2018-10-03');
insert into locacao (usuario, exemplar, retirada, entrega) values (76, 10002, '2018-10-23', '2018-11-16');
insert into locacao (usuario, exemplar, retirada, entrega) values (46, 10002, '2018-12-13', '2018-12-31');
insert into locacao (usuario, exemplar, retirada, entrega) values (36, 10002, '2019-02-05', '2019-02-07');
insert into locacao (usuario, exemplar, retirada, entrega) values (75, 10002, '2019-02-20', '2019-02-27');
insert into locacao (usuario, exemplar, retirada, entrega) values (24, 10003, '2018-03-14', '2018-03-28');
insert into locacao (usuario, exemplar, retirada, entrega) values (53, 10003, '2018-03-26', '2018-03-29');
insert into locacao (usuario, exemplar, retirada, entrega) values (32, 10003, '2018-05-25', '2018-05-27');
insert into locacao (usuario, exemplar, retirada, entrega) values (9, 10003, '2018-06-08', '2018-06-18');
insert into locacao (usuario, exemplar, retirada, entrega) values (54, 10003, '2018-06-09', '2018-06-25');
insert into locacao (usuario, exemplar, retirada, entrega) values (76, 10003, '2018-07-11', '2018-07-21');
insert into locacao (usuario, exemplar, retirada, entrega) values (74, 10003, '2018-09-22', '2018-09-27');
insert into locacao (usuario, exemplar, retirada, entrega) values (3, 10003, '2018-10-05', '2018-10-12');
insert into locacao (usuario, exemplar, retirada, entrega) values (91, 10003, '2018-12-08', '2018-12-10');
insert into locacao (usuario, exemplar, retirada, entrega) values (62, 10003, '2019-02-22', '2019-03-17');
insert into locacao (usuario, exemplar, retirada, entrega) values (13, 10003, '2019-03-16', '2019-03-30');
insert into locacao (usuario, exemplar, retirada, entrega) values (11, 10004, '2018-01-20', '2018-01-26');
insert into locacao (usuario, exemplar, retirada, entrega) values (30, 10004, '2018-02-15', '2018-03-07');
insert into locacao (usuario, exemplar, retirada, entrega) values (61, 10004, '2018-04-20', '2018-04-25');
insert into locacao (usuario, exemplar, retirada, entrega) values (4, 10004, '2018-06-26', '2018-07-02');
insert into locacao (usuario, exemplar, retirada, entrega) values (42, 10004, '2018-09-18', '2018-09-24');
insert into locacao (usuario, exemplar, retirada, entrega) values (28, 10004, '2018-09-25', '2018-09-28');
insert into locacao (usuario, exemplar, retirada, entrega) values (82, 10004, '2018-11-19', '2018-11-25');
insert into locacao (usuario, exemplar, retirada, entrega) values (76, 10004, '2019-01-18', '2019-01-21');
insert into locacao (usuario, exemplar, retirada, entrega) values (94, 10004, '2019-03-10', '2019-03-12');
insert into locacao (usuario, exemplar, retirada, entrega) values (99, 11001, '2018-02-12', '2018-03-03');
insert into locacao (usuario, exemplar, retirada, entrega) values (45, 11001, '2018-02-24', '2018-03-08');
insert into locacao (usuario, exemplar, retirada, entrega) values (51, 11001, '2018-03-20', '2018-04-02');
insert into locacao (usuario, exemplar, retirada, entrega) values (58, 11001, '2018-04-03', '2018-04-07');
insert into locacao (usuario, exemplar, retirada, entrega) values (60, 11001, '2018-06-20', '2018-06-26');
insert into locacao (usuario, exemplar, retirada, entrega) values (65, 11001, '2018-06-27', '2018-07-03');
insert into locacao (usuario, exemplar, retirada, entrega) values (4, 11001, '2018-07-02', '2018-07-30');
insert into locacao (usuario, exemplar, retirada, entrega) values (53, 11001, '2018-07-21', '2018-07-24');
insert into locacao (usuario, exemplar, retirada, entrega) values (41, 11001, '2018-08-06', '2018-08-18');
insert into locacao (usuario, exemplar, retirada, entrega) values (37, 11001, '2018-11-07', '2018-11-11');
insert into locacao (usuario, exemplar, retirada, entrega) values (68, 11001, '2018-12-06', '2018-12-13');
insert into locacao (usuario, exemplar, retirada, entrega) values (50, 11001, '2019-02-17', '2019-02-21');
insert into locacao (usuario, exemplar, retirada, entrega) values (30, 12001, '2018-03-17', '2018-03-20');
insert into locacao (usuario, exemplar, retirada, entrega) values (76, 12001, '2018-04-28', '2018-05-01');
insert into locacao (usuario, exemplar, retirada, entrega) values (2, 12001, '2018-07-02', '2018-07-04');
insert into locacao (usuario, exemplar, retirada, entrega) values (46, 12001, '2018-07-23', '2018-08-19');
insert into locacao (usuario, exemplar, retirada, entrega) values (73, 12001, '2018-08-10', '2018-08-14');
insert into locacao (usuario, exemplar, retirada, entrega) values (43, 12001, '2018-11-13', '2018-11-19');
insert into locacao (usuario, exemplar, retirada, entrega) values (32, 12001, '2019-01-21', '2019-01-25');
insert into locacao (usuario, exemplar, retirada, entrega) values (99, 12001, '2019-02-18', '2019-02-25');
insert into locacao (usuario, exemplar, retirada, entrega) values (13, 13001, '2018-03-01', '2018-03-21');
insert into locacao (usuario, exemplar, retirada, entrega) values (24, 13001, '2018-03-24', '2018-04-09');
insert into locacao (usuario, exemplar, retirada, entrega) values (28, 13001, '2018-05-03', '2018-05-09');
insert into locacao (usuario, exemplar, retirada, entrega) values (48, 13001, '2018-08-03', '2018-08-07');
insert into locacao (usuario, exemplar, retirada, entrega) values (22, 13001, '2018-09-06', '2018-09-13');
insert into locacao (usuario, exemplar, retirada, entrega) values (41, 13001, '2018-10-15', '2018-11-05');
insert into locacao (usuario, exemplar, retirada, entrega) values (50, 13001, '2018-10-29', '2018-11-08');
insert into locacao (usuario, exemplar, retirada, entrega) values (15, 13001, '2018-11-24', '2018-11-26');
insert into locacao (usuario, exemplar, retirada, entrega) values (48, 13001, '2018-11-30', '2018-12-07');
insert into locacao (usuario, exemplar, retirada, entrega) values (53, 13001, '2018-12-27', '2019-01-14');
insert into locacao (usuario, exemplar, retirada, entrega) values (64, 13001, '2019-02-10', '2019-02-13');
insert into locacao (usuario, exemplar, retirada, entrega) values (24, 13001, '2019-04-27', '2019-05-04');
insert into locacao (usuario, exemplar, retirada, entrega) values (67, 13002, '2018-01-11', '2018-01-17');
insert into locacao (usuario, exemplar, retirada, entrega) values (89, 13002, '2018-03-30', '2018-04-01');
insert into locacao (usuario, exemplar, retirada, entrega) values (54, 13002, '2018-06-19', '2018-06-25');
insert into locacao (usuario, exemplar, retirada, entrega) values (85, 13002, '2018-09-17', '2018-10-06');
insert into locacao (usuario, exemplar, retirada, entrega) values (88, 13002, '2018-11-02', '2018-11-09');
insert into locacao (usuario, exemplar, retirada, entrega) values (100, 13002, '2018-12-17', '2018-12-29');
insert into locacao (usuario, exemplar, retirada, entrega) values (72, 13002, '2019-02-05', '2019-02-15');
insert into locacao (usuario, exemplar, retirada, entrega) values (19, 13002, '2019-04-14', '2019-05-05');
insert into locacao (usuario, exemplar, retirada, entrega) values (61, 13003, '2018-01-23', '2018-01-26');
insert into locacao (usuario, exemplar, retirada, entrega) values (80, 13003, '2018-02-26', '2018-03-12');
insert into locacao (usuario, exemplar, retirada, entrega) values (94, 13003, '2018-05-02', '2018-05-11');
insert into locacao (usuario, exemplar, retirada, entrega) values (36, 13003, '2018-06-04', '2018-06-11');
insert into locacao (usuario, exemplar, retirada, entrega) values (89, 13003, '2018-08-14', '2018-08-31');
insert into locacao (usuario, exemplar, retirada, entrega) values (27, 13003, '2018-09-21', '2018-10-07');
insert into locacao (usuario, exemplar, retirada, entrega) values (38, 13003, '2018-11-19', '2018-12-16');
insert into locacao (usuario, exemplar, retirada, entrega) values (39, 13003, '2019-02-24', '2019-03-08');
insert into locacao (usuario, exemplar, retirada, entrega) values (91, 13003, '2019-03-14', '2019-04-03');
insert into locacao (usuario, exemplar, retirada, entrega) values (74, 14001, '2018-04-10', '2018-04-17');
insert into locacao (usuario, exemplar, retirada, entrega) values (16, 14001, '2018-07-18', '2018-08-04');
insert into locacao (usuario, exemplar, retirada, entrega) values (16, 14001, '2018-08-12', '2018-08-24');
insert into locacao (usuario, exemplar, retirada, entrega) values (100, 14001, '2018-10-10', '2018-10-26');
insert into locacao (usuario, exemplar, retirada, entrega) values (8, 14001, '2019-01-10', '2019-01-12');
insert into locacao (usuario, exemplar, retirada, entrega) values (81, 14001, '2019-02-21', '2019-03-11');
insert into locacao (usuario, exemplar, retirada, entrega) values (6, 14002, '2018-01-21', '2018-02-01');
insert into locacao (usuario, exemplar, retirada, entrega) values (99, 14002, '2018-01-25', '2018-02-01');
insert into locacao (usuario, exemplar, retirada, entrega) values (34, 14002, '2018-04-28', '2018-05-02');
insert into locacao (usuario, exemplar, retirada, entrega) values (68, 14002, '2018-06-01', '2018-06-15');
insert into locacao (usuario, exemplar, retirada, entrega) values (96, 14002, '2018-08-11', '2018-08-14');
insert into locacao (usuario, exemplar, retirada, entrega) values (19, 14002, '2018-08-30', '2018-09-02');
insert into locacao (usuario, exemplar, retirada, entrega) values (71, 14002, '2018-10-03', '2018-10-07');
insert into locacao (usuario, exemplar, retirada, entrega) values (88, 14002, '2018-12-12', '2018-12-22');
insert into locacao (usuario, exemplar, retirada, entrega) values (50, 14002, '2019-02-02', '2019-02-06');
insert into locacao (usuario, exemplar, retirada, entrega) values (22, 14002, '2019-03-23', '2019-04-03');
insert into locacao (usuario, exemplar, retirada, entrega) values (80, 15001, '2018-02-17', '2018-02-19');
insert into locacao (usuario, exemplar, retirada, entrega) values (50, 15001, '2018-03-13', '2018-03-26');
insert into locacao (usuario, exemplar, retirada, entrega) values (31, 15001, '2018-05-18', '2018-06-06');
insert into locacao (usuario, exemplar, retirada, entrega) values (44, 15001, '2018-08-07', '2018-08-19');
insert into locacao (usuario, exemplar, retirada, entrega) values (49, 15001, '2018-09-11', '2018-09-29');
insert into locacao (usuario, exemplar, retirada, entrega) values (1, 15001, '2018-10-05', '2018-10-11');
insert into locacao (usuario, exemplar, retirada, entrega) values (48, 15001, '2018-12-27', '2018-12-29');
insert into locacao (usuario, exemplar, retirada, entrega) values (76, 15001, '2019-03-03', '2019-03-06');
insert into locacao (usuario, exemplar, retirada, entrega) values (79, 15001, '2019-04-15', '2019-04-19');
insert into locacao (usuario, exemplar, retirada, entrega) values (23, 15002, '2018-01-28', '2018-02-04');
insert into locacao (usuario, exemplar, retirada, entrega) values (45, 15002, '2018-05-02', '2018-05-06');
insert into locacao (usuario, exemplar, retirada, entrega) values (53, 15002, '2018-06-11', '2018-06-18');
insert into locacao (usuario, exemplar, retirada, entrega) values (12, 15002, '2018-06-19', '2018-06-21');
insert into locacao (usuario, exemplar, retirada, entrega) values (88, 15002, '2018-08-31', '2018-09-04');
insert into locacao (usuario, exemplar, retirada, entrega) values (87, 15002, '2018-09-03', '2018-09-09');
insert into locacao (usuario, exemplar, retirada, entrega) values (25, 15002, '2018-12-02', '2018-12-04');
insert into locacao (usuario, exemplar, retirada, entrega) values (21, 15002, '2018-12-25', '2018-12-31');
insert into locacao (usuario, exemplar, retirada, entrega) values (47, 15002, '2019-03-19', '2019-03-26');
insert into locacao (usuario, exemplar, retirada, entrega) values (42, 16001, '2018-02-28', '2018-03-02');
insert into locacao (usuario, exemplar, retirada, entrega) values (3, 16001, '2018-04-01', '2018-04-03');
insert into locacao (usuario, exemplar, retirada, entrega) values (89, 16001, '2018-04-14', '2018-04-20');
insert into locacao (usuario, exemplar, retirada, entrega) values (70, 16001, '2018-05-11', '2018-05-13');
insert into locacao (usuario, exemplar, retirada, entrega) values (90, 16001, '2018-07-29', '2018-08-01');
insert into locacao (usuario, exemplar, retirada, entrega) values (39, 16001, '2018-09-14', '2018-09-21');
insert into locacao (usuario, exemplar, retirada, entrega) values (90, 16001, '2018-11-15', '2018-11-18');
insert into locacao (usuario, exemplar, retirada, entrega) values (19, 16001, '2018-12-16', '2018-12-21');
insert into locacao (usuario, exemplar, retirada, entrega) values (92, 16001, '2019-03-23', '2019-03-29');
insert into locacao (usuario, exemplar, retirada, entrega) values (35, 16001, '2019-03-25', '2019-04-22');
insert into locacao (usuario, exemplar, retirada, entrega) values (56, 16002, '2018-01-09', '2018-01-12');
insert into locacao (usuario, exemplar, retirada, entrega) values (89, 16002, '2018-01-26', '2018-02-01');
insert into locacao (usuario, exemplar, retirada, entrega) values (100, 16002, '2018-03-25', '2018-03-29');
insert into locacao (usuario, exemplar, retirada, entrega) values (23, 16002, '2018-03-31', '2018-04-09');
insert into locacao (usuario, exemplar, retirada, entrega) values (43, 16002, '2018-07-03', '2018-07-10');
insert into locacao (usuario, exemplar, retirada, entrega) values (9, 16002, '2018-08-27', '2018-09-17');
insert into locacao (usuario, exemplar, retirada, entrega) values (67, 16002, '2018-11-17', '2018-11-19');
insert into locacao (usuario, exemplar, retirada, entrega) values (63, 16002, '2019-02-13', '2019-02-20');
insert into locacao (usuario, exemplar, retirada, entrega) values (64, 16002, '2019-03-06', '2019-03-12');
insert into locacao (usuario, exemplar, retirada, entrega) values (96, 16003, '2018-04-04', '2018-04-18');
insert into locacao (usuario, exemplar, retirada, entrega) values (53, 16003, '2018-06-06', '2018-06-15');
insert into locacao (usuario, exemplar, retirada, entrega) values (50, 16003, '2018-07-14', '2018-07-21');
insert into locacao (usuario, exemplar, retirada, entrega) values (81, 16003, '2018-08-30', '2018-09-05');
insert into locacao (usuario, exemplar, retirada, entrega) values (7, 16003, '2018-10-14', '2018-10-16');
insert into locacao (usuario, exemplar, retirada, entrega) values (20, 16003, '2018-11-10', '2018-11-22');
insert into locacao (usuario, exemplar, retirada, entrega) values (92, 16003, '2018-11-16', '2018-11-20');
insert into locacao (usuario, exemplar, retirada, entrega) values (98, 16003, '2019-01-18', '2019-02-01');
insert into locacao (usuario, exemplar, retirada, entrega) values (78, 16003, '2019-04-21', '2019-05-12');
insert into locacao (usuario, exemplar, retirada, entrega) values (72, 16004, '2018-02-17', '2018-03-06');
insert into locacao (usuario, exemplar, retirada, entrega) values (74, 16004, '2018-05-13', '2018-05-25');
insert into locacao (usuario, exemplar, retirada, entrega) values (69, 16004, '2018-08-14', '2018-08-21');
insert into locacao (usuario, exemplar, retirada, entrega) values (94, 16004, '2018-10-24', '2018-11-05');
insert into locacao (usuario, exemplar, retirada, entrega) values (91, 16004, '2019-01-03', '2019-01-08');
insert into locacao (usuario, exemplar, retirada, entrega) values (64, 16004, '2019-04-12', '2019-04-25');
insert into locacao (usuario, exemplar, retirada, entrega) values (21, 17001, '2018-01-23', '2018-01-26');
insert into locacao (usuario, exemplar, retirada, entrega) values (24, 17001, '2018-02-08', '2018-02-12');
insert into locacao (usuario, exemplar, retirada, entrega) values (29, 17001, '2018-04-16', '2018-04-18');
insert into locacao (usuario, exemplar, retirada, entrega) values (98, 17001, '2018-07-02', '2018-07-07');
insert into locacao (usuario, exemplar, retirada, entrega) values (50, 17001, '2018-09-24', '2018-10-10');
insert into locacao (usuario, exemplar, retirada, entrega) values (19, 17001, '2018-10-17', '2018-10-22');
insert into locacao (usuario, exemplar, retirada, entrega) values (46, 17001, '2018-12-07', '2018-12-27');
insert into locacao (usuario, exemplar, retirada, entrega) values (46, 17001, '2018-12-20', '2018-12-22');
insert into locacao (usuario, exemplar, retirada, entrega) values (66, 17001, '2019-01-29', '2019-02-19');
insert into locacao (usuario, exemplar, retirada, entrega) values (47, 17001, '2019-02-20', '2019-03-15');
insert into locacao (usuario, exemplar, retirada, entrega) values (82, 17001, '2019-04-06', '2019-04-10');
insert into locacao (usuario, exemplar, retirada, entrega) values (60, 17002, '2018-02-19', '2018-03-01');
insert into locacao (usuario, exemplar, retirada, entrega) values (80, 17002, '2018-04-13', '2018-04-19');
insert into locacao (usuario, exemplar, retirada, entrega) values (93, 17002, '2018-07-13', '2018-08-08');
insert into locacao (usuario, exemplar, retirada, entrega) values (61, 17002, '2018-08-02', '2018-08-06');
insert into locacao (usuario, exemplar, retirada, entrega) values (29, 17002, '2018-10-24', '2018-10-31');
insert into locacao (usuario, exemplar, retirada, entrega) values (7, 17002, '2018-12-14', '2018-12-21');
insert into locacao (usuario, exemplar, retirada, entrega) values (50, 17002, '2019-02-25', '2019-03-01');
insert into locacao (usuario, exemplar, retirada, entrega) values (6, 17002, '2019-04-26', '2019-05-13');
insert into locacao (usuario, exemplar, retirada, entrega) values (26, 17002, '2019-04-27', '2019-05-22');
insert into locacao (usuario, exemplar, retirada, entrega) values (63, 17003, '2018-03-18', '2018-03-21');
insert into locacao (usuario, exemplar, retirada, entrega) values (95, 17003, '2018-04-29', '2018-05-01');
insert into locacao (usuario, exemplar, retirada, entrega) values (36, 17003, '2018-05-15', '2018-05-29');
insert into locacao (usuario, exemplar, retirada, entrega) values (51, 17003, '2018-07-05', '2018-07-15');
insert into locacao (usuario, exemplar, retirada, entrega) values (61, 17003, '2018-07-21', '2018-07-23');
insert into locacao (usuario, exemplar, retirada, entrega) values (86, 17003, '2018-10-02', '2018-10-12');
insert into locacao (usuario, exemplar, retirada, entrega) values (96, 17003, '2018-11-05', '2018-11-16');
insert into locacao (usuario, exemplar, retirada, entrega) values (99, 17003, '2019-01-19', '2019-02-04');
insert into locacao (usuario, exemplar, retirada, entrega) values (29, 17003, '2019-03-24', '2019-03-26');
insert into locacao (usuario, exemplar, retirada, entrega) values (48, 18001, '2018-01-13', '2018-02-08');
insert into locacao (usuario, exemplar, retirada, entrega) values (35, 18001, '2018-01-14', '2018-01-30');
insert into locacao (usuario, exemplar, retirada, entrega) values (62, 18001, '2018-02-06', '2018-02-16');
insert into locacao (usuario, exemplar, retirada, entrega) values (61, 18001, '2018-04-21', '2018-04-24');
insert into locacao (usuario, exemplar, retirada, entrega) values (30, 18001, '2018-05-01', '2018-05-06');
insert into locacao (usuario, exemplar, retirada, entrega) values (55, 18001, '2018-06-25', '2018-07-07');
insert into locacao (usuario, exemplar, retirada, entrega) values (68, 18001, '2018-08-11', '2018-08-13');
insert into locacao (usuario, exemplar, retirada, entrega) values (92, 18001, '2018-10-13', '2018-10-20');
insert into locacao (usuario, exemplar, retirada, entrega) values (37, 18001, '2019-01-15', '2019-01-19');
insert into locacao (usuario, exemplar, retirada, entrega) values (57, 18001, '2019-03-05', '2019-03-16');
insert into locacao (usuario, exemplar, retirada, entrega) values (54, 19001, '2018-03-30', '2018-04-03');
insert into locacao (usuario, exemplar, retirada, entrega) values (66, 19001, '2018-06-08', '2018-06-12');
insert into locacao (usuario, exemplar, retirada, entrega) values (29, 19001, '2018-06-10', '2018-06-16');
insert into locacao (usuario, exemplar, retirada, entrega) values (51, 19001, '2018-09-08', '2018-09-13');
insert into locacao (usuario, exemplar, retirada, entrega) values (38, 19001, '2018-10-08', '2018-10-10');
insert into locacao (usuario, exemplar, retirada, entrega) values (48, 19001, '2018-11-15', '2018-11-19');
insert into locacao (usuario, exemplar, retirada, entrega) values (22, 19001, '2019-01-18', '2019-01-24');
insert into locacao (usuario, exemplar, retirada, entrega) values (73, 19001, '2019-01-25', '2019-01-30');
insert into locacao (usuario, exemplar, retirada, entrega) values (18, 19001, '2019-02-15', '2019-02-20');
insert into locacao (usuario, exemplar, retirada, entrega) values (70, 19001, '2019-02-27', '2019-03-15');
insert into locacao (usuario, exemplar, retirada, entrega) values (83, 19001, '2019-02-27', '2019-03-01');
insert into locacao (usuario, exemplar, retirada, entrega) values (23, 19002, '2018-02-17', '2018-02-20');
insert into locacao (usuario, exemplar, retirada, entrega) values (53, 19002, '2018-05-01', '2018-05-15');
insert into locacao (usuario, exemplar, retirada, entrega) values (37, 19002, '2018-07-27', '2018-07-29');
insert into locacao (usuario, exemplar, retirada, entrega) values (95, 19002, '2018-10-05', '2018-10-07');
insert into locacao (usuario, exemplar, retirada, entrega) values (95, 19002, '2019-01-11', '2019-01-16');
insert into locacao (usuario, exemplar, retirada, entrega) values (73, 19002, '2019-04-18', '2019-04-25');
insert into locacao (usuario, exemplar, retirada, entrega) values (17, 19003, '2018-01-17', '2018-02-07');
insert into locacao (usuario, exemplar, retirada, entrega) values (59, 19003, '2018-04-13', '2018-04-15');
insert into locacao (usuario, exemplar, retirada, entrega) values (66, 19003, '2018-04-13', '2018-04-15');
insert into locacao (usuario, exemplar, retirada, entrega) values (77, 19003, '2018-06-05', '2018-06-21');
insert into locacao (usuario, exemplar, retirada, entrega) values (2, 19003, '2018-09-12', '2018-09-24');
insert into locacao (usuario, exemplar, retirada, entrega) values (81, 19003, '2018-09-22', '2018-09-25');
insert into locacao (usuario, exemplar, retirada, entrega) values (13, 19003, '2018-11-20', '2018-11-26');
insert into locacao (usuario, exemplar, retirada, entrega) values (73, 19003, '2019-02-13', '2019-03-04');
insert into locacao (usuario, exemplar, retirada, entrega) values (77, 19003, '2019-04-04', '2019-04-23');
insert into locacao (usuario, exemplar, retirada, entrega) values (24, 20001, '2018-02-03', '2018-02-09');
insert into locacao (usuario, exemplar, retirada, entrega) values (30, 20001, '2018-03-02', '2018-03-05');
insert into locacao (usuario, exemplar, retirada, entrega) values (9, 20001, '2018-04-06', '2018-04-08');
insert into locacao (usuario, exemplar, retirada, entrega) values (92, 20001, '2018-07-04', '2018-07-09');
insert into locacao (usuario, exemplar, retirada, entrega) values (3, 20001, '2018-07-30', '2018-08-05');
insert into locacao (usuario, exemplar, retirada, entrega) values (98, 20001, '2018-10-13', '2018-10-20');
insert into locacao (usuario, exemplar, retirada, entrega) values (58, 20001, '2018-12-12', '2018-12-14');
insert into locacao (usuario, exemplar, retirada, entrega) values (57, 20001, '2019-02-19', '2019-03-08');
insert into locacao (usuario, exemplar, retirada, entrega) values (8, 20001, '2019-04-09', '2019-04-11');
insert into locacao (usuario, exemplar, retirada, entrega) values (43, 20002, '2018-02-27', '2018-03-05');
insert into locacao (usuario, exemplar, retirada, entrega) values (80, 20002, '2018-05-02', '2018-05-09');
insert into locacao (usuario, exemplar, retirada, entrega) values (65, 20002, '2018-07-13', '2018-07-17');
insert into locacao (usuario, exemplar, retirada, entrega) values (100, 20002, '2018-10-03', '2018-10-15');
insert into locacao (usuario, exemplar, retirada, entrega) values (4, 20002, '2018-10-20', '2018-10-26');
insert into locacao (usuario, exemplar, retirada, entrega) values (60, 20002, '2018-11-22', '2018-11-28');
insert into locacao (usuario, exemplar, retirada, entrega) values (66, 20002, '2018-12-29', '2019-01-14');
insert into locacao (usuario, exemplar, retirada, entrega) values (62, 20002, '2019-02-08', '2019-02-11');
insert into locacao (usuario, exemplar, retirada, entrega) values (91, 20002, '2019-02-19', '2019-02-22');
insert into locacao (usuario, exemplar, retirada, entrega) values (75, 20003, '2018-01-07', '2018-01-12');
insert into locacao (usuario, exemplar, retirada, entrega) values (100, 20003, '2018-04-13', '2018-04-26');
insert into locacao (usuario, exemplar, retirada, entrega) values (35, 20003, '2018-06-03', '2018-06-16');
insert into locacao (usuario, exemplar, retirada, entrega) values (2, 20003, '2018-08-03', '2018-08-13');
insert into locacao (usuario, exemplar, retirada, entrega) values (60, 20003, '2018-09-03', '2018-09-07');
insert into locacao (usuario, exemplar, retirada, entrega) values (96, 20003, '2018-11-01', '2018-11-05');
insert into locacao (usuario, exemplar, retirada, entrega) values (12, 20003, '2019-01-25', '2019-01-29');
insert into locacao (usuario, exemplar, retirada, entrega) values (60, 20003, '2019-03-06', '2019-03-16');
insert into locacao (usuario, exemplar, retirada, entrega) values (26, 20003, '2019-03-29', '2019-03-31');
insert into locacao (usuario, exemplar, retirada, entrega) values (65, 20004, '2018-03-17', '2018-04-11');
insert into locacao (usuario, exemplar, retirada, entrega) values (16, 20004, '2018-03-27', '2018-03-29');
insert into locacao (usuario, exemplar, retirada, entrega) values (58, 20004, '2018-05-02', '2018-05-21');
insert into locacao (usuario, exemplar, retirada, entrega) values (63, 20004, '2018-06-01', '2018-06-11');
insert into locacao (usuario, exemplar, retirada, entrega) values (25, 20004, '2018-07-25', '2018-08-03');
insert into locacao (usuario, exemplar, retirada, entrega) values (5, 20004, '2018-08-27', '2018-09-15');
insert into locacao (usuario, exemplar, retirada, entrega) values (67, 20004, '2018-11-07', '2018-11-09');
insert into locacao (usuario, exemplar, retirada, entrega) values (99, 20004, '2018-12-05', '2018-12-14');
insert into locacao (usuario, exemplar, retirada, entrega) values (53, 20004, '2018-12-28', '2019-01-07');
insert into locacao (usuario, exemplar, retirada, entrega) values (26, 20004, '2019-02-14', '2019-02-24');
insert into locacao (usuario, exemplar, retirada, entrega) values (89, 20004, '2019-03-06', '2019-03-11');
insert into locacao (usuario, exemplar, retirada, entrega) values (88, 20004, '2019-04-29', '2019-05-15');
insert into locacao (usuario, exemplar, retirada, entrega) values (75, 21001, '2018-03-23', '2018-03-30');
insert into locacao (usuario, exemplar, retirada, entrega) values (23, 21001, '2018-05-21', '2018-05-27');
insert into locacao (usuario, exemplar, retirada, entrega) values (56, 21001, '2018-05-30', '2018-06-02');
insert into locacao (usuario, exemplar, retirada, entrega) values (100, 21001, '2018-07-17', '2018-07-20');
insert into locacao (usuario, exemplar, retirada, entrega) values (19, 21001, '2018-09-19', '2018-09-21');
insert into locacao (usuario, exemplar, retirada, entrega) values (40, 21001, '2018-12-03', '2018-12-21');
insert into locacao (usuario, exemplar, retirada, entrega) values (27, 21001, '2019-02-05', '2019-02-11');
insert into locacao (usuario, exemplar, retirada, entrega) values (18, 21001, '2019-03-19', '2019-03-26');
insert into locacao (usuario, exemplar, retirada, entrega) values (8, 21001, '2019-03-29', '2019-04-24');
insert into locacao (usuario, exemplar, retirada, entrega) values (33, 21001, '2019-04-17', '2019-04-19');
insert into locacao (usuario, exemplar, retirada, entrega) values (57, 21001, '2019-04-19', '2019-05-01');
insert into locacao (usuario, exemplar, retirada, entrega) values (47, 22001, '2018-03-20', '2018-03-25');
insert into locacao (usuario, exemplar, retirada, entrega) values (47, 22001, '2018-06-25', '2018-06-27');
insert into locacao (usuario, exemplar, retirada, entrega) values (61, 22001, '2018-08-20', '2018-08-29');
insert into locacao (usuario, exemplar, retirada, entrega) values (28, 22001, '2018-09-26', '2018-10-03');
insert into locacao (usuario, exemplar, retirada, entrega) values (61, 22001, '2018-12-07', '2018-12-12');
insert into locacao (usuario, exemplar, retirada, entrega) values (64, 22001, '2019-03-01', '2019-03-08');
insert into locacao (usuario, exemplar, retirada, entrega) values (35, 22002, '2018-01-27', '2018-02-09');
insert into locacao (usuario, exemplar, retirada, entrega) values (97, 22002, '2018-04-26', '2018-05-05');
insert into locacao (usuario, exemplar, retirada, entrega) values (61, 22002, '2018-06-09', '2018-06-14');
insert into locacao (usuario, exemplar, retirada, entrega) values (79, 22002, '2018-07-06', '2018-07-18');
insert into locacao (usuario, exemplar, retirada, entrega) values (44, 22002, '2018-07-10', '2018-07-13');
insert into locacao (usuario, exemplar, retirada, entrega) values (64, 22002, '2018-08-13', '2018-08-31');
insert into locacao (usuario, exemplar, retirada, entrega) values (70, 22002, '2018-10-04', '2018-10-31');
insert into locacao (usuario, exemplar, retirada, entrega) values (13, 22002, '2019-01-06', '2019-01-13');
insert into locacao (usuario, exemplar, retirada, entrega) values (98, 22002, '2019-01-26', '2019-01-29');
insert into locacao (usuario, exemplar, retirada, entrega) values (40, 22002, '2019-03-13', '2019-04-03');
insert into locacao (usuario, exemplar, retirada, entrega) values (14, 22003, '2018-02-17', '2018-02-21');
insert into locacao (usuario, exemplar, retirada, entrega) values (16, 22003, '2018-04-28', '2018-05-03');
insert into locacao (usuario, exemplar, retirada, entrega) values (18, 22003, '2018-05-26', '2018-05-28');
insert into locacao (usuario, exemplar, retirada, entrega) values (77, 22003, '2018-07-10', '2018-07-13');
insert into locacao (usuario, exemplar, retirada, entrega) values (49, 22003, '2018-07-10', '2018-07-17');
insert into locacao (usuario, exemplar, retirada, entrega) values (14, 22003, '2018-10-01', '2018-10-08');
insert into locacao (usuario, exemplar, retirada, entrega) values (22, 22003, '2018-10-10', '2018-10-12');
insert into locacao (usuario, exemplar, retirada, entrega) values (22, 22003, '2018-12-28', '2018-12-30');
insert into locacao (usuario, exemplar, retirada, entrega) values (100, 22003, '2019-03-03', '2019-03-20');
insert into locacao (usuario, exemplar, retirada, entrega) values (40, 22004, '2018-03-01', '2018-03-03');
insert into locacao (usuario, exemplar, retirada, entrega) values (81, 22004, '2018-03-08', '2018-03-22');
insert into locacao (usuario, exemplar, retirada, entrega) values (13, 22004, '2018-05-19', '2018-05-23');
insert into locacao (usuario, exemplar, retirada, entrega) values (59, 22004, '2018-08-02', '2018-08-05');
insert into locacao (usuario, exemplar, retirada, entrega) values (72, 22004, '2018-09-08', '2018-09-20');
insert into locacao (usuario, exemplar, retirada, entrega) values (86, 22004, '2018-11-12', '2018-11-15');
insert into locacao (usuario, exemplar, retirada, entrega) values (87, 22004, '2018-12-10', '2018-12-15');
insert into locacao (usuario, exemplar, retirada, entrega) values (45, 22004, '2019-02-10', '2019-02-21');
insert into locacao (usuario, exemplar, retirada, entrega) values (68, 22004, '2019-03-18', '2019-03-20');
insert into locacao (usuario, exemplar, retirada, entrega) values (68, 23001, '2018-04-03', '2018-04-06');
insert into locacao (usuario, exemplar, retirada, entrega) values (1, 23001, '2018-04-18', '2018-05-14');
insert into locacao (usuario, exemplar, retirada, entrega) values (96, 23001, '2018-06-18', '2018-06-20');
insert into locacao (usuario, exemplar, retirada, entrega) values (76, 23001, '2018-09-13', '2018-09-19');
insert into locacao (usuario, exemplar, retirada, entrega) values (75, 23001, '2018-10-24', '2018-11-06');
insert into locacao (usuario, exemplar, retirada, entrega) values (29, 23001, '2018-12-07', '2018-12-10');
insert into locacao (usuario, exemplar, retirada, entrega) values (10, 23001, '2019-02-14', '2019-02-21');
insert into locacao (usuario, exemplar, retirada, entrega) values (70, 23001, '2019-03-01', '2019-03-25');
insert into locacao (usuario, exemplar, retirada, entrega) values (44, 23001, '2019-03-06', '2019-03-09');
insert into locacao (usuario, exemplar, retirada, entrega) values (23, 23002, '2018-02-04', '2018-02-10');
insert into locacao (usuario, exemplar, retirada, entrega) values (10, 23002, '2018-04-27', '2018-05-06');
insert into locacao (usuario, exemplar, retirada, entrega) values (86, 23002, '2018-06-25', '2018-07-08');
insert into locacao (usuario, exemplar, retirada, entrega) values (63, 23002, '2018-09-28', '2018-10-09');
insert into locacao (usuario, exemplar, retirada, entrega) values (100, 23002, '2018-12-25', '2018-12-29');
insert into locacao (usuario, exemplar, retirada, entrega) values (15, 23002, '2019-01-18', '2019-01-23');
insert into locacao (usuario, exemplar, retirada, entrega) values (9, 23002, '2019-02-12', '2019-02-14');
insert into locacao (usuario, exemplar, retirada, entrega) values (1, 24001, '2018-03-06', '2018-03-08');
insert into locacao (usuario, exemplar, retirada, entrega) values (33, 24001, '2018-04-03', '2018-04-10');
insert into locacao (usuario, exemplar, retirada, entrega) values (49, 24001, '2018-07-03', '2018-07-10');
insert into locacao (usuario, exemplar, retirada, entrega) values (11, 24001, '2018-09-24', '2018-09-29');
insert into locacao (usuario, exemplar, retirada, entrega) values (38, 24001, '2018-12-09', '2018-12-15');
insert into locacao (usuario, exemplar, retirada, entrega) values (88, 24001, '2019-01-23', '2019-02-12');
insert into locacao (usuario, exemplar, retirada, entrega) values (92, 24001, '2019-04-27', '2019-05-14');
insert into locacao (usuario, exemplar, retirada, entrega) values (65, 25001, '2018-01-07', '2018-01-12');
insert into locacao (usuario, exemplar, retirada, entrega) values (1, 25001, '2018-03-12', '2018-03-16');
insert into locacao (usuario, exemplar, retirada, entrega) values (7, 25001, '2018-05-18', '2018-05-29');
insert into locacao (usuario, exemplar, retirada, entrega) values (7, 25001, '2018-07-18', '2018-07-23');
insert into locacao (usuario, exemplar, retirada, entrega) values (71, 25001, '2018-07-31', '2018-08-06');
insert into locacao (usuario, exemplar, retirada, entrega) values (89, 25001, '2018-10-05', '2018-11-01');
insert into locacao (usuario, exemplar, retirada, entrega) values (40, 25001, '2018-12-09', '2018-12-12');
insert into locacao (usuario, exemplar, retirada, entrega) values (50, 25001, '2018-12-26', '2018-12-29');
insert into locacao (usuario, exemplar, retirada, entrega) values (39, 25001, '2019-01-27', '2019-02-05');
insert into locacao (usuario, exemplar, retirada, entrega) values (4, 25001, '2019-02-09', '2019-02-25');
insert into locacao (usuario, exemplar, retirada, entrega) values (56, 25001, '2019-02-20', '2019-03-19');
insert into locacao (usuario, exemplar, retirada, entrega) values (31, 25001, '2019-02-23', '2019-02-28');
insert into locacao (usuario, exemplar, retirada, entrega) values (83, 25002, '2018-03-12', '2018-03-24');
insert into locacao (usuario, exemplar, retirada, entrega) values (4, 25002, '2018-05-24', '2018-06-13');
insert into locacao (usuario, exemplar, retirada, entrega) values (40, 25002, '2018-07-04', '2018-07-17');
insert into locacao (usuario, exemplar, retirada, entrega) values (63, 25002, '2018-10-08', '2018-10-15');
insert into locacao (usuario, exemplar, retirada, entrega) values (39, 25002, '2018-12-13', '2018-12-20');
insert into locacao (usuario, exemplar, retirada, entrega) values (41, 25002, '2019-01-31', '2019-02-02');
insert into locacao (usuario, exemplar, retirada, entrega) values (50, 25002, '2019-02-18', '2019-02-21');
insert into locacao (usuario, exemplar, retirada, entrega) values (5, 25002, '2019-03-25', '2019-04-01');
insert into locacao (usuario, exemplar, retirada, entrega) values (92, 25003, '2018-04-01', '2018-04-04');
insert into locacao (usuario, exemplar, retirada, entrega) values (88, 25003, '2018-04-25', '2018-05-07');
insert into locacao (usuario, exemplar, retirada, entrega) values (57, 25003, '2018-07-16', '2018-08-06');
insert into locacao (usuario, exemplar, retirada, entrega) values (48, 25003, '2018-10-05', '2018-10-09');
insert into locacao (usuario, exemplar, retirada, entrega) values (71, 25003, '2018-10-16', '2018-10-18');
insert into locacao (usuario, exemplar, retirada, entrega) values (28, 25003, '2018-12-16', '2018-12-29');
insert into locacao (usuario, exemplar, retirada, entrega) values (77, 25003, '2019-03-18', '2019-03-27');
insert into locacao (usuario, exemplar, retirada, entrega) values (45, 25003, '2019-03-19', '2019-04-05');
insert into locacao (usuario, exemplar, retirada, entrega) values (94, 26001, '2018-02-26', '2018-03-15');
insert into locacao (usuario, exemplar, retirada, entrega) values (58, 26001, '2018-03-21', '2018-03-26');
insert into locacao (usuario, exemplar, retirada, entrega) values (9, 26001, '2018-04-29', '2018-05-13');
insert into locacao (usuario, exemplar, retirada, entrega) values (81, 26001, '2018-05-28', '2018-06-01');
insert into locacao (usuario, exemplar, retirada, entrega) values (61, 26001, '2018-08-31', '2018-09-04');
insert into locacao (usuario, exemplar, retirada, entrega) values (11, 26001, '2018-10-25', '2018-10-30');
insert into locacao (usuario, exemplar, retirada, entrega) values (76, 26001, '2018-11-08', '2018-11-10');
insert into locacao (usuario, exemplar, retirada, entrega) values (73, 26001, '2018-11-28', '2018-12-07');
insert into locacao (usuario, exemplar, retirada, entrega) values (68, 26001, '2019-03-06', '2019-03-10');
insert into locacao (usuario, exemplar, retirada, entrega) values (1, 26001, '2019-03-11', '2019-03-24');
insert into locacao (usuario, exemplar, retirada, entrega) values (41, 26002, '2018-02-23', '2018-02-26');
insert into locacao (usuario, exemplar, retirada, entrega) values (14, 26002, '2018-02-25', '2018-03-16');
insert into locacao (usuario, exemplar, retirada, entrega) values (40, 26002, '2018-04-07', '2018-04-12');
insert into locacao (usuario, exemplar, retirada, entrega) values (45, 26002, '2018-07-04', '2018-07-24');
insert into locacao (usuario, exemplar, retirada, entrega) values (20, 26002, '2018-09-10', '2018-09-13');
insert into locacao (usuario, exemplar, retirada, entrega) values (26, 26002, '2018-10-20', '2018-10-23');
insert into locacao (usuario, exemplar, retirada, entrega) values (52, 26002, '2018-12-08', '2018-12-10');
insert into locacao (usuario, exemplar, retirada, entrega) values (62, 26002, '2019-02-04', '2019-02-27');
insert into locacao (usuario, exemplar, retirada, entrega) values (9, 26002, '2019-02-07', '2019-02-16');
insert into locacao (usuario, exemplar, retirada, entrega) values (12, 26002, '2019-03-05', '2019-03-18');
insert into locacao (usuario, exemplar, retirada, entrega) values (6, 26002, '2019-04-18', '2019-05-01');
insert into locacao (usuario, exemplar, retirada, entrega) values (44, 26003, '2018-01-12', '2018-02-01');
insert into locacao (usuario, exemplar, retirada, entrega) values (24, 26003, '2018-02-20', '2018-03-08');
insert into locacao (usuario, exemplar, retirada, entrega) values (37, 26003, '2018-04-29', '2018-05-01');
insert into locacao (usuario, exemplar, retirada, entrega) values (6, 26003, '2018-05-21', '2018-05-31');
insert into locacao (usuario, exemplar, retirada, entrega) values (1, 26003, '2018-07-06', '2018-07-19');
insert into locacao (usuario, exemplar, retirada, entrega) values (2, 26003, '2018-08-24', '2018-09-10');
insert into locacao (usuario, exemplar, retirada, entrega) values (9, 26003, '2018-10-17', '2018-11-02');
insert into locacao (usuario, exemplar, retirada, entrega) values (54, 26003, '2018-11-27', '2018-12-06');
insert into locacao (usuario, exemplar, retirada, entrega) values (3, 26003, '2019-01-04', '2019-01-07');
insert into locacao (usuario, exemplar, retirada, entrega) values (8, 26003, '2019-03-26', '2019-04-12');
insert into locacao (usuario, exemplar, retirada, entrega) values (15, 27001, '2018-02-21', '2018-02-23');
insert into locacao (usuario, exemplar, retirada, entrega) values (100, 27001, '2018-05-10', '2018-05-13');
insert into locacao (usuario, exemplar, retirada, entrega) values (9, 27001, '2018-07-17', '2018-07-28');
insert into locacao (usuario, exemplar, retirada, entrega) values (54, 27001, '2018-08-10', '2018-08-13');
insert into locacao (usuario, exemplar, retirada, entrega) values (19, 27001, '2018-08-20', '2018-08-22');
insert into locacao (usuario, exemplar, retirada, entrega) values (59, 27001, '2018-10-26', '2018-11-08');
insert into locacao (usuario, exemplar, retirada, entrega) values (43, 27001, '2018-10-31', '2018-11-20');
insert into locacao (usuario, exemplar, retirada, entrega) values (44, 27001, '2019-01-20', '2019-02-06');
insert into locacao (usuario, exemplar, retirada, entrega) values (25, 27001, '2019-02-13', '2019-02-19');
insert into locacao (usuario, exemplar, retirada, entrega) values (100, 27001, '2019-04-14', '2019-04-18');
insert into locacao (usuario, exemplar, retirada, entrega) values (67, 27002, '2018-03-27', '2018-03-29');
insert into locacao (usuario, exemplar, retirada, entrega) values (65, 27002, '2018-06-19', '2018-06-26');
insert into locacao (usuario, exemplar, retirada, entrega) values (21, 27002, '2018-06-23', '2018-06-27');
insert into locacao (usuario, exemplar, retirada, entrega) values (41, 27002, '2018-06-23', '2018-06-25');
insert into locacao (usuario, exemplar, retirada, entrega) values (66, 27002, '2018-06-27', '2018-07-15');
insert into locacao (usuario, exemplar, retirada, entrega) values (17, 27002, '2018-07-23', '2018-07-30');
insert into locacao (usuario, exemplar, retirada, entrega) values (58, 27002, '2018-07-25', '2018-08-05');
insert into locacao (usuario, exemplar, retirada, entrega) values (2, 27002, '2018-09-02', '2018-09-20');
insert into locacao (usuario, exemplar, retirada, entrega) values (8, 27002, '2018-11-09', '2018-11-23');
insert into locacao (usuario, exemplar, retirada, entrega) values (64, 27002, '2019-01-23', '2019-02-10');
insert into locacao (usuario, exemplar, retirada, entrega) values (21, 27002, '2019-04-10', '2019-04-29');
insert into locacao (usuario, exemplar, retirada, entrega) values (36, 27002, '2019-04-12', '2019-04-16');
insert into locacao (usuario, exemplar, retirada, entrega) values (91, 27003, '2018-02-08', '2018-02-11');
insert into locacao (usuario, exemplar, retirada, entrega) values (96, 27003, '2018-03-16', '2018-03-21');
insert into locacao (usuario, exemplar, retirada, entrega) values (37, 27003, '2018-03-28', '2018-04-03');
insert into locacao (usuario, exemplar, retirada, entrega) values (4, 27003, '2018-06-18', '2018-06-23');
insert into locacao (usuario, exemplar, retirada, entrega) values (98, 27003, '2018-08-12', '2018-09-01');
insert into locacao (usuario, exemplar, retirada, entrega) values (97, 27003, '2018-08-23', '2018-09-08');
insert into locacao (usuario, exemplar, retirada, entrega) values (78, 27003, '2018-11-27', '2018-12-08');
insert into locacao (usuario, exemplar, retirada, entrega) values (77, 27003, '2019-01-11', '2019-01-22');
insert into locacao (usuario, exemplar, retirada, entrega) values (64, 27003, '2019-03-02', '2019-03-14');
insert into locacao (usuario, exemplar, retirada, entrega) values (44, 28001, '2018-02-13', '2018-02-17');
insert into locacao (usuario, exemplar, retirada, entrega) values (76, 28001, '2018-03-25', '2018-03-30');
insert into locacao (usuario, exemplar, retirada, entrega) values (62, 28001, '2018-04-03', '2018-04-08');
insert into locacao (usuario, exemplar, retirada, entrega) values (83, 28001, '2018-04-24', '2018-05-20');
insert into locacao (usuario, exemplar, retirada, entrega) values (44, 28001, '2018-06-02', '2018-06-18');
insert into locacao (usuario, exemplar, retirada, entrega) values (11, 28001, '2018-07-22', '2018-07-26');
insert into locacao (usuario, exemplar, retirada, entrega) values (7, 28001, '2018-09-29', '2018-10-11');
insert into locacao (usuario, exemplar, retirada, entrega) values (15, 28001, '2018-10-01', '2018-10-03');
insert into locacao (usuario, exemplar, retirada, entrega) values (38, 28001, '2018-10-17', '2018-10-21');
insert into locacao (usuario, exemplar, retirada, entrega) values (59, 28001, '2018-11-27', '2018-12-18');
insert into locacao (usuario, exemplar, retirada, entrega) values (27, 28001, '2018-12-03', '2018-12-12');
insert into locacao (usuario, exemplar, retirada, entrega) values (17, 28001, '2018-12-07', '2018-12-12');
insert into locacao (usuario, exemplar, retirada, entrega) values (18, 28001, '2019-03-02', '2019-03-05');
insert into locacao (usuario, exemplar, retirada, entrega) values (64, 28001, '2019-04-18', '2019-04-23');
insert into locacao (usuario, exemplar, retirada, entrega) values (26, 28001, '2019-04-23', '2019-05-13');
insert into locacao (usuario, exemplar, retirada, entrega) values (58, 28002, '2018-04-05', '2018-04-07');
insert into locacao (usuario, exemplar, retirada, entrega) values (36, 28002, '2018-06-02', '2018-06-11');
insert into locacao (usuario, exemplar, retirada, entrega) values (29, 28002, '2018-08-08', '2018-08-22');
insert into locacao (usuario, exemplar, retirada, entrega) values (38, 28002, '2018-10-04', '2018-10-06');
insert into locacao (usuario, exemplar, retirada, entrega) values (9, 28002, '2018-12-25', '2018-12-31');
insert into locacao (usuario, exemplar, retirada, entrega) values (100, 28002, '2019-01-27', '2019-02-09');
insert into locacao (usuario, exemplar, retirada, entrega) values (47, 28002, '2019-01-31', '2019-02-13');
insert into locacao (usuario, exemplar, retirada, entrega) values (97, 28002, '2019-03-14', '2019-03-19');
insert into locacao (usuario, exemplar, retirada, entrega) values (75, 28002, '2019-04-29', '2019-05-04');
insert into locacao (usuario, exemplar, retirada, entrega) values (68, 28003, '2018-02-16', '2018-03-11');
insert into locacao (usuario, exemplar, retirada, entrega) values (64, 28003, '2018-03-22', '2018-03-31');
insert into locacao (usuario, exemplar, retirada, entrega) values (72, 28003, '2018-05-29', '2018-06-10');
insert into locacao (usuario, exemplar, retirada, entrega) values (66, 28003, '2018-08-05', '2018-08-09');
insert into locacao (usuario, exemplar, retirada, entrega) values (44, 28003, '2018-11-09', '2018-12-06');
insert into locacao (usuario, exemplar, retirada, entrega) values (37, 28003, '2019-01-08', '2019-01-18');
insert into locacao (usuario, exemplar, retirada, entrega) values (78, 28003, '2019-03-09', '2019-03-12');
insert into locacao (usuario, exemplar, retirada, entrega) values (14, 28003, '2019-04-23', '2019-04-28');
insert into locacao (usuario, exemplar, retirada, entrega) values (91, 28004, '2018-03-15', '2018-03-20');
insert into locacao (usuario, exemplar, retirada, entrega) values (44, 28004, '2018-05-20', '2018-05-23');
insert into locacao (usuario, exemplar, retirada, entrega) values (47, 28004, '2018-06-23', '2018-06-25');
insert into locacao (usuario, exemplar, retirada, entrega) values (60, 28004, '2018-08-21', '2018-08-30');
insert into locacao (usuario, exemplar, retirada, entrega) values (82, 28004, '2018-09-05', '2018-09-12');
insert into locacao (usuario, exemplar, retirada, entrega) values (59, 28004, '2018-10-18', '2018-10-25');
insert into locacao (usuario, exemplar, retirada, entrega) values (85, 28004, '2019-01-17', '2019-01-29');
insert into locacao (usuario, exemplar, retirada, entrega) values (78, 28004, '2019-02-25', '2019-02-28');
insert into locacao (usuario, exemplar, retirada, entrega) values (98, 29001, '2018-01-02', '2018-01-09');
insert into locacao (usuario, exemplar, retirada, entrega) values (62, 29001, '2018-01-03', '2018-01-17');
insert into locacao (usuario, exemplar, retirada, entrega) values (48, 29001, '2018-02-22', '2018-03-06');
insert into locacao (usuario, exemplar, retirada, entrega) values (67, 29001, '2018-06-01', '2018-06-15');
insert into locacao (usuario, exemplar, retirada, entrega) values (54, 29001, '2018-07-28', '2018-07-31');
insert into locacao (usuario, exemplar, retirada, entrega) values (46, 29001, '2018-10-05', '2018-10-11');
insert into locacao (usuario, exemplar, retirada, entrega) values (69, 29001, '2018-11-30', '2018-12-19');
insert into locacao (usuario, exemplar, retirada, entrega) values (53, 29001, '2019-01-14', '2019-01-18');
insert into locacao (usuario, exemplar, retirada, entrega) values (86, 29001, '2019-02-13', '2019-02-18');
insert into locacao (usuario, exemplar, retirada, entrega) values (23, 29001, '2019-03-23', '2019-04-13');
insert into locacao (usuario, exemplar, retirada, entrega) values (49, 29001, '2019-03-31', '2019-04-18');
insert into locacao (usuario, exemplar, retirada, entrega) values (54, 30001, '2018-01-11', '2018-02-01');
insert into locacao (usuario, exemplar, retirada, entrega) values (10, 30001, '2018-01-29', '2018-02-19');
insert into locacao (usuario, exemplar, retirada, entrega) values (63, 30001, '2018-04-04', '2018-04-11');
insert into locacao (usuario, exemplar, retirada, entrega) values (71, 30001, '2018-06-21', '2018-07-10');
insert into locacao (usuario, exemplar, retirada, entrega) values (36, 30001, '2018-08-04', '2018-08-09');
insert into locacao (usuario, exemplar, retirada, entrega) values (57, 30001, '2018-10-14', '2018-10-16');
insert into locacao (usuario, exemplar, retirada, entrega) values (87, 30001, '2018-11-05', '2018-11-11');
insert into locacao (usuario, exemplar, retirada, entrega) values (83, 30001, '2018-11-22', '2018-11-24');
insert into locacao (usuario, exemplar, retirada, entrega) values (22, 30001, '2019-02-08', '2019-02-13');
insert into locacao (usuario, exemplar, retirada, entrega) values (68, 30001, '2019-02-20', '2019-02-26');
insert into locacao (usuario, exemplar, retirada, entrega) values (73, 30002, '2018-03-19', '2018-03-24');
insert into locacao (usuario, exemplar, retirada, entrega) values (73, 30002, '2018-03-28', '2018-04-24');
insert into locacao (usuario, exemplar, retirada, entrega) values (1, 30002, '2018-06-30', '2018-07-06');
insert into locacao (usuario, exemplar, retirada, entrega) values (66, 30002, '2018-07-06', '2018-07-20');
insert into locacao (usuario, exemplar, retirada, entrega) values (36, 30002, '2018-09-22', '2018-10-10');
insert into locacao (usuario, exemplar, retirada, entrega) values (82, 30002, '2018-12-06', '2018-12-09');
insert into locacao (usuario, exemplar, retirada, entrega) values (50, 30002, '2019-02-26', '2019-03-26');
insert into locacao (usuario, exemplar, retirada, entrega) values (85, 30002, '2019-04-26', '2019-05-03');
insert into locacao (usuario, exemplar, retirada, entrega) values (11, 30003, '2018-03-07', '2018-03-11');
insert into locacao (usuario, exemplar, retirada, entrega) values (2, 30003, '2018-03-21', '2018-04-11');
insert into locacao (usuario, exemplar, retirada, entrega) values (61, 30003, '2018-04-26', '2018-05-09');
insert into locacao (usuario, exemplar, retirada, entrega) values (68, 30003, '2018-07-22', '2018-08-01');
insert into locacao (usuario, exemplar, retirada, entrega) values (84, 30003, '2018-08-14', '2018-09-04');
insert into locacao (usuario, exemplar, retirada, entrega) values (98, 30003, '2018-08-30', '2018-09-03');
insert into locacao (usuario, exemplar, retirada, entrega) values (80, 30003, '2018-11-08', '2018-12-03');
insert into locacao (usuario, exemplar, retirada, entrega) values (61, 30003, '2018-12-13', '2018-12-16');
insert into locacao (usuario, exemplar, retirada, entrega) values (89, 30003, '2018-12-19', '2018-12-26');
insert into locacao (usuario, exemplar, retirada, entrega) values (11, 30003, '2019-03-12', '2019-04-05');
insert into locacao (usuario, exemplar, retirada, entrega) values (54, 30004, '2018-04-04', '2018-04-13');
insert into locacao (usuario, exemplar, retirada, entrega) values (2, 30004, '2018-05-14', '2018-05-17');
insert into locacao (usuario, exemplar, retirada, entrega) values (58, 30004, '2018-07-22', '2018-07-26');
insert into locacao (usuario, exemplar, retirada, entrega) values (62, 30004, '2018-08-07', '2018-08-23');
insert into locacao (usuario, exemplar, retirada, entrega) values (82, 30004, '2018-10-18', '2018-10-20');
insert into locacao (usuario, exemplar, retirada, entrega) values (36, 30004, '2019-01-06', '2019-01-10');
insert into locacao (usuario, exemplar, retirada, entrega) values (59, 30004, '2019-01-23', '2019-01-30');
insert into locacao (usuario, exemplar, retirada, entrega) values (68, 30004, '2019-01-27', '2019-02-07');
insert into locacao (usuario, exemplar, retirada, entrega) values (12, 30004, '2019-02-01', '2019-02-03');
insert into locacao (usuario, exemplar, retirada, entrega) values (14, 30004, '2019-04-25', '2019-05-02');
insert into locacao (usuario, exemplar, retirada, entrega) values (25, 30005, '2018-02-04', '2018-02-09');
insert into locacao (usuario, exemplar, retirada, entrega) values (45, 30005, '2018-03-06', '2018-03-08');
insert into locacao (usuario, exemplar, retirada, entrega) values (37, 30005, '2018-03-11', '2018-03-18');
insert into locacao (usuario, exemplar, retirada, entrega) values (53, 30005, '2018-03-18', '2018-03-25');
insert into locacao (usuario, exemplar, retirada, entrega) values (30, 30005, '2018-03-30', '2018-04-03');
insert into locacao (usuario, exemplar, retirada, entrega) values (90, 30005, '2018-05-26', '2018-06-02');
insert into locacao (usuario, exemplar, retirada, entrega) values (81, 30005, '2018-07-06', '2018-07-13');
insert into locacao (usuario, exemplar, retirada, entrega) values (60, 30005, '2018-08-19', '2018-09-02');
insert into locacao (usuario, exemplar, retirada, entrega) values (49, 30005, '2018-10-23', '2018-10-29');
insert into locacao (usuario, exemplar, retirada, entrega) values (88, 30005, '2018-11-11', '2018-11-14');
insert into locacao (usuario, exemplar, retirada, entrega) values (78, 30005, '2018-11-16', '2018-11-20');
insert into locacao (usuario, exemplar, retirada, entrega) values (50, 30005, '2018-11-23', '2018-11-29');
insert into locacao (usuario, exemplar, retirada, entrega) values (31, 30005, '2018-12-13', '2018-12-23');
insert into locacao (usuario, exemplar, retirada, entrega) values (62, 30005, '2019-02-05', '2019-02-25');
insert into locacao (usuario, exemplar, retirada, entrega) values (41, 30005, '2019-03-26', '2019-04-02');
insert into locacao (usuario, exemplar, retirada) values (34, 1002, '2019-05-14');
insert into locacao (usuario, exemplar, retirada) values (37, 5003, '2019-05-13');
insert into locacao (usuario, exemplar, retirada) values (6, 8002, '2019-05-04');
insert into locacao (usuario, exemplar, retirada) values (96, 9001, '2019-05-06');
insert into locacao (usuario, exemplar, retirada) values (36, 10002, '2019-05-15');
insert into locacao (usuario, exemplar, retirada) values (90, 10003, '2019-05-07');
insert into locacao (usuario, exemplar, retirada) values (65, 12001, '2019-05-18');
insert into locacao (usuario, exemplar, retirada) values (34, 13001, '2019-05-17');
insert into locacao (usuario, exemplar, retirada) values (34, 14001, '2019-05-07');
insert into locacao (usuario, exemplar, retirada) values (43, 16003, '2019-05-16');
insert into locacao (usuario, exemplar, retirada) values (90, 16004, '2019-05-17');
insert into locacao (usuario, exemplar, retirada) values (92, 17002, '2019-05-19');
insert into locacao (usuario, exemplar, retirada) values (80, 19001, '2019-05-05');
insert into locacao (usuario, exemplar, retirada) values (22, 19002, '2019-05-15');
insert into locacao (usuario, exemplar, retirada) values (85, 20003, '2019-05-18');
insert into locacao (usuario, exemplar, retirada) values (90, 22004, '2019-05-10');
insert into locacao (usuario, exemplar, retirada) values (25, 24001, '2019-05-02');
insert into locacao (usuario, exemplar, retirada) values (91, 25003, '2019-05-09');
insert into locacao (usuario, exemplar, retirada) values (72, 26003, '2019-05-16');
insert into locacao (usuario, exemplar, retirada) values (96, 27001, '2019-05-14');
insert into locacao (usuario, exemplar, retirada) values (95, 27002, '2019-05-05');
insert into locacao (usuario, exemplar, retirada) values (37, 28004, '2019-05-15');
insert into locacao (usuario, exemplar, retirada) values (2, 30004, '2019-05-10');
----------------------------------------------------------------------------------------------------
-- Sabendo que o prazo de locao  de 21 dias para professores, 14 dias para funcionrios e 7 dias para alunos:
--1) Mostrar a quantidade de alunos por curso que no atrasaram entrega de livros nos ltimos 3 meses.
--2) Mostrar, de duas formas diferentes, o nome dos usurios que atrasaram entrega de livros nos ltimos 3 meses.
--3) Mostrar o nome dos alunos com a 1a, 2a e 3a maior quantidade de locaes de livros sobre PostgreSQL nos ltimos 9 meses.

