\c postgres
drop database biblioteca;
create database biblioteca;
\c biblioteca
create table usuario (codigo integer not null, nome varchar(100) not null, tipo char(1) not null check ((tipo = 'A') or (tipo = 'P') or (tipo = 'F')), curso varchar(100), primary key (codigo));
create table livro (codigo integer not null, titulo varchar(200) not null, primary key (codigo));
create table exemplar (codigo integer not null, livro integer not null references livro(codigo), primary key (codigo));
create table locacao (usuario integer not null references usuario(codigo), exemplar integer not null references exemplar(codigo), retirada date not null default now(), entrega date, primary key (usuario, exemplar, retirada));
insert into usuario (codigo, nome, tipo) values (1, 'professor 1', 'P');
insert into usuario (codigo, nome, tipo, curso) values (2, 'aluno 2', 'A', 'curso tecnico integrado em refrigeracao e ar condicionado');
insert into usuario (codigo, nome, tipo) values (3, 'professor 3', 'P');
insert into usuario (codigo, nome, tipo) values (4, 'funcionario 4', 'F');
insert into usuario (codigo, nome, tipo, curso) values (5, 'aluno 5', 'A', 'curso tecnico integrado em refrigeracao e ar condicionado');
insert into usuario (codigo, nome, tipo, curso) values (6, 'aluno 6', 'A', 'curso superior de bacharelado em engenharia mecanica');
insert into usuario (codigo, nome, tipo) values (7, 'funcionario 7', 'F');
insert into usuario (codigo, nome, tipo, curso) values (8, 'aluno 8', 'A', 'curso tecnico integrado em eletrotecnica');
insert into usuario (codigo, nome, tipo) values (9, 'professor 9', 'P');
insert into usuario (codigo, nome, tipo) values (10, 'professor 10', 'P');
insert into usuario (codigo, nome, tipo) values (11, 'funcionario 11', 'F');
insert into usuario (codigo, nome, tipo, curso) values (12, 'aluno 12', 'A', 'curso superior de bacharelado em engenharia mecanica');
insert into usuario (codigo, nome, tipo, curso) values (13, 'aluno 13', 'A', 'curso superior de tecnologia em analise e desenvolvimento de sistemas');
insert into usuario (codigo, nome, tipo) values (14, 'professor 14', 'P');
insert into usuario (codigo, nome, tipo) values (15, 'funcionario 15', 'F');
insert into usuario (codigo, nome, tipo) values (16, 'professor 16', 'P');
insert into usuario (codigo, nome, tipo) values (17, 'professor 17', 'P');
insert into usuario (codigo, nome, tipo, curso) values (18, 'aluno 18', 'A', 'curso superior de bacharelado em engenharia mecanica');
insert into usuario (codigo, nome, tipo, curso) values (19, 'aluno 19', 'A', 'curso tecnico integrado em refrigeracao e ar condicionado');
insert into usuario (codigo, nome, tipo) values (20, 'funcionario 20', 'F');
insert into usuario (codigo, nome, tipo) values (21, 'professor 21', 'P');
insert into usuario (codigo, nome, tipo, curso) values (22, 'aluno 22', 'A', 'curso superior de bacharelado em engenharia mecanica');
insert into usuario (codigo, nome, tipo, curso) values (23, 'aluno 23', 'A', 'curso superior de bacharelado em engenharia mecanica');
insert into usuario (codigo, nome, tipo) values (24, 'professor 24', 'P');
insert into usuario (codigo, nome, tipo, curso) values (25, 'aluno 25', 'A', 'curso tecnico integrado em refrigeracao e ar condicionado');
insert into usuario (codigo, nome, tipo, curso) values (26, 'aluno 26', 'A', 'curso tecnico integrado em refrigeracao e ar condicionado');
insert into usuario (codigo, nome, tipo) values (27, 'professor 27', 'P');
insert into usuario (codigo, nome, tipo, curso) values (28, 'aluno 28', 'A', 'curso superior de tecnologia em analise e desenvolvimento de sistemas');
insert into usuario (codigo, nome, tipo) values (29, 'funcionario 29', 'F');
insert into usuario (codigo, nome, tipo, curso) values (30, 'aluno 30', 'A', 'curso tecnico integrado em refrigeracao e ar condicionado');
insert into usuario (codigo, nome, tipo, curso) values (31, 'aluno 31', 'A', 'curso tecnico integrado em eletrotecnica');
insert into usuario (codigo, nome, tipo) values (32, 'professor 32', 'P');
insert into usuario (codigo, nome, tipo) values (33, 'professor 33', 'P');
insert into usuario (codigo, nome, tipo) values (34, 'funcionario 34', 'F');
insert into usuario (codigo, nome, tipo) values (35, 'professor 35', 'P');
insert into usuario (codigo, nome, tipo, curso) values (36, 'aluno 36', 'A', 'curso superior de tecnologia em analise e desenvolvimento de sistemas');
insert into usuario (codigo, nome, tipo, curso) values (37, 'aluno 37', 'A', 'curso superior de tecnologia em analise e desenvolvimento de sistemas');
insert into usuario (codigo, nome, tipo, curso) values (38, 'aluno 38', 'A', 'curso superior de bacharelado em engenharia mecanica');
insert into usuario (codigo, nome, tipo) values (39, 'professor 39', 'P');
insert into usuario (codigo, nome, tipo, curso) values (40, 'aluno 40', 'A', 'curso tecnico integrado em refrigeracao e ar condicionado');
insert into usuario (codigo, nome, tipo, curso) values (41, 'aluno 41', 'A', 'curso tecnico integrado em informatica para internet');
insert into usuario (codigo, nome, tipo, curso) values (42, 'aluno 42', 'A', 'curso tecnico integrado em informatica para internet');
insert into usuario (codigo, nome, tipo, curso) values (43, 'aluno 43', 'A', 'curso tecnico integrado em eletrotecnica');
insert into usuario (codigo, nome, tipo) values (44, 'funcionario 44', 'F');
insert into usuario (codigo, nome, tipo, curso) values (45, 'aluno 45', 'A', 'curso superior de bacharelado em engenharia mecanica');
insert into usuario (codigo, nome, tipo, curso) values (46, 'aluno 46', 'A', 'curso tecnico integrado em eletrotecnica');
insert into usuario (codigo, nome, tipo) values (47, 'professor 47', 'P');
insert into usuario (codigo, nome, tipo) values (48, 'funcionario 48', 'F');
insert into usuario (codigo, nome, tipo) values (49, 'funcionario 49', 'F');
insert into usuario (codigo, nome, tipo, curso) values (50, 'aluno 50', 'A', 'curso superior de tecnologia em analise e desenvolvimento de sistemas');
insert into usuario (codigo, nome, tipo) values (51, 'funcionario 51', 'F');
insert into usuario (codigo, nome, tipo, curso) values (52, 'aluno 52', 'A', 'curso tecnico integrado em refrigeracao e ar condicionado');
insert into usuario (codigo, nome, tipo) values (53, 'funcionario 53', 'F');
insert into usuario (codigo, nome, tipo, curso) values (54, 'aluno 54', 'A', 'curso tecnico integrado em refrigeracao e ar condicionado');
insert into usuario (codigo, nome, tipo) values (55, 'professor 55', 'P');
insert into usuario (codigo, nome, tipo) values (56, 'funcionario 56', 'F');
insert into usuario (codigo, nome, tipo, curso) values (57, 'aluno 57', 'A', 'curso tecnico integrado em refrigeracao e ar condicionado');
insert into usuario (codigo, nome, tipo, curso) values (58, 'aluno 58', 'A', 'curso tecnico integrado em refrigeracao e ar condicionado');
insert into usuario (codigo, nome, tipo, curso) values (59, 'aluno 59', 'A', 'curso tecnico integrado em eletrotecnica');
insert into usuario (codigo, nome, tipo, curso) values (60, 'aluno 60', 'A', 'curso tecnico integrado em informatica para internet');
insert into usuario (codigo, nome, tipo, curso) values (61, 'aluno 61', 'A', 'curso superior de tecnologia em analise e desenvolvimento de sistemas');
insert into usuario (codigo, nome, tipo) values (62, 'professor 62', 'P');
insert into usuario (codigo, nome, tipo) values (63, 'professor 63', 'P');
insert into usuario (codigo, nome, tipo) values (64, 'professor 64', 'P');
insert into usuario (codigo, nome, tipo) values (65, 'professor 65', 'P');
insert into usuario (codigo, nome, tipo, curso) values (66, 'aluno 66', 'A', 'curso tecnico integrado em refrigeracao e ar condicionado');
insert into usuario (codigo, nome, tipo, curso) values (67, 'aluno 67', 'A', 'curso superior de tecnologia em analise e desenvolvimento de sistemas');
insert into usuario (codigo, nome, tipo, curso) values (68, 'aluno 68', 'A', 'curso tecnico integrado em eletrotecnica');
insert into usuario (codigo, nome, tipo) values (69, 'professor 69', 'P');
insert into usuario (codigo, nome, tipo, curso) values (70, 'aluno 70', 'A', 'curso superior de tecnologia em analise e desenvolvimento de sistemas');
insert into usuario (codigo, nome, tipo, curso) values (71, 'aluno 71', 'A', 'curso tecnico integrado em eletrotecnica');
insert into usuario (codigo, nome, tipo) values (72, 'professor 72', 'P');
insert into usuario (codigo, nome, tipo) values (73, 'funcionario 73', 'F');
insert into usuario (codigo, nome, tipo, curso) values (74, 'aluno 74', 'A', 'curso superior de bacharelado em engenharia mecanica');
insert into usuario (codigo, nome, tipo, curso) values (75, 'aluno 75', 'A', 'curso tecnico integrado em informatica para internet');
insert into usuario (codigo, nome, tipo) values (76, 'funcionario 76', 'F');
insert into usuario (codigo, nome, tipo, curso) values (77, 'aluno 77', 'A', 'curso tecnico integrado em informatica para internet');
insert into usuario (codigo, nome, tipo, curso) values (78, 'aluno 78', 'A', 'curso tecnico integrado em informatica para internet');
insert into usuario (codigo, nome, tipo, curso) values (79, 'aluno 79', 'A', 'curso tecnico integrado em eletrotecnica');
insert into usuario (codigo, nome, tipo, curso) values (80, 'aluno 80', 'A', 'curso tecnico integrado em informatica para internet');
insert into usuario (codigo, nome, tipo) values (81, 'professor 81', 'P');
insert into usuario (codigo, nome, tipo) values (82, 'professor 82', 'P');
insert into usuario (codigo, nome, tipo) values (83, 'professor 83', 'P');
insert into usuario (codigo, nome, tipo, curso) values (84, 'aluno 84', 'A', 'curso superior de bacharelado em engenharia mecanica');
insert into usuario (codigo, nome, tipo, curso) values (85, 'aluno 85', 'A', 'curso superior de bacharelado em engenharia mecanica');
insert into usuario (codigo, nome, tipo) values (86, 'professor 86', 'P');
insert into usuario (codigo, nome, tipo) values (87, 'professor 87', 'P');
insert into usuario (codigo, nome, tipo) values (88, 'professor 88', 'P');
insert into usuario (codigo, nome, tipo, curso) values (89, 'aluno 89', 'A', 'curso superior de bacharelado em engenharia mecanica');
insert into usuario (codigo, nome, tipo, curso) values (90, 'aluno 90', 'A', 'curso superior de tecnologia em analise e desenvolvimento de sistemas');
insert into usuario (codigo, nome, tipo, curso) values (91, 'aluno 91', 'A', 'curso tecnico integrado em eletrotecnica');
insert into usuario (codigo, nome, tipo) values (92, 'professor 92', 'P');
insert into usuario (codigo, nome, tipo, curso) values (93, 'aluno 93', 'A', 'curso tecnico integrado em refrigeracao e ar condicionado');
insert into usuario (codigo, nome, tipo, curso) values (94, 'aluno 94', 'A', 'curso tecnico integrado em informatica para internet');
insert into usuario (codigo, nome, tipo) values (95, 'professor 95', 'P');
insert into usuario (codigo, nome, tipo, curso) values (96, 'aluno 96', 'A', 'curso superior de bacharelado em engenharia mecanica');
insert into usuario (codigo, nome, tipo) values (97, 'funcionario 97', 'F');
insert into usuario (codigo, nome, tipo, curso) values (98, 'aluno 98', 'A', 'curso tecnico integrado em informatica para internet');
insert into usuario (codigo, nome, tipo, curso) values (99, 'aluno 99', 'A', 'curso superior de bacharelado em engenharia mecanica');
insert into usuario (codigo, nome, tipo, curso) values (100, 'aluno 100', 'A', 'curso superior de bacharelado em engenharia mecanica');
insert into livro (codigo, titulo) values (1, 'xxx postgresql 1');
insert into livro (codigo, titulo) values (2, 'xxx postgresql 2');
insert into livro (codigo, titulo) values (3, 'livro 3');
insert into livro (codigo, titulo) values (4, 'livro 4');
insert into livro (codigo, titulo) values (5, 'livro 5');
insert into livro (codigo, titulo) values (6, 'xxx postgresql xxx 6');
insert into livro (codigo, titulo) values (7, 'livro 7');
insert into livro (codigo, titulo) values (8, 'livro 8');
insert into livro (codigo, titulo) values (9, 'postgresql xxx 9');
insert into livro (codigo, titulo) values (10, 'livro 10');
insert into livro (codigo, titulo) values (11, 'livro 11');
insert into livro (codigo, titulo) values (12, 'livro 12');
insert into livro (codigo, titulo) values (13, 'postgresql xxx 13');
insert into livro (codigo, titulo) values (14, 'postgresql xxx 14');
insert into livro (codigo, titulo) values (15, 'livro 15');
insert into livro (codigo, titulo) values (16, 'livro 16');
insert into livro (codigo, titulo) values (17, 'livro 17');
insert into livro (codigo, titulo) values (18, 'livro 18');
insert into livro (codigo, titulo) values (19, 'livro 19');
insert into livro (codigo, titulo) values (20, 'xxx postgresql xxx 20');
insert into livro (codigo, titulo) values (21, 'livro 21');
insert into livro (codigo, titulo) values (22, 'livro 22');
insert into livro (codigo, titulo) values (23, 'livro 23');
insert into livro (codigo, titulo) values (24, 'xxx postgresql xxx 24');
insert into livro (codigo, titulo) values (25, 'livro 25');
insert into livro (codigo, titulo) values (26, 'livro 26');
insert into livro (codigo, titulo) values (27, 'livro 27');
insert into livro (codigo, titulo) values (28, 'livro 28');
insert into livro (codigo, titulo) values (29, 'livro 29');
insert into livro (codigo, titulo) values (30, 'livro 30');
insert into exemplar (codigo, livro) values (1001, 1);
insert into exemplar (codigo, livro) values (1002, 1);
insert into exemplar (codigo, livro) values (2001, 2);
insert into exemplar (codigo, livro) values (2002, 2);
insert into exemplar (codigo, livro) values (3001, 3);
insert into exemplar (codigo, livro) values (3002, 3);
insert into exemplar (codigo, livro) values (3003, 3);
insert into exemplar (codigo, livro) values (3004, 3);
insert into exemplar (codigo, livro) values (4001, 4);
insert into exemplar (codigo, livro) values (4002, 4);
insert into exemplar (codigo, livro) values (5001, 5);
insert into exemplar (codigo, livro) values (5002, 5);
insert into exemplar (codigo, livro) values (5003, 5);
insert into exemplar (codigo, livro) values (6001, 6);
insert into exemplar (codigo, livro) values (6002, 6);
insert into exemplar (codigo, livro) values (7001, 7);
insert into exemplar (codigo, livro) values (7002, 7);
insert into exemplar (codigo, livro) values (7003, 7);
insert into exemplar (codigo, livro) values (7004, 7);
insert into exemplar (codigo, livro) values (7005, 7);
insert into exemplar (codigo, livro) values (8001, 8);
insert into exemplar (codigo, livro) values (8002, 8);
insert into exemplar (codigo, livro) values (8003, 8);
insert into exemplar (codigo, livro) values (8004, 8);
insert into exemplar (codigo, livro) values (8005, 8);
insert into exemplar (codigo, livro) values (9001, 9);
insert into exemplar (codigo, livro) values (9002, 9);
insert into exemplar (codigo, livro) values (10001, 10);
insert into exemplar (codigo, livro) values (11001, 11);
insert into exemplar (codigo, livro) values (11002, 11);
insert into exemplar (codigo, livro) values (11003, 11);
insert into exemplar (codigo, livro) values (11004, 11);
insert into exemplar (codigo, livro) values (12001, 12);
insert into exemplar (codigo, livro) values (12002, 12);
insert into exemplar (codigo, livro) values (12003, 12);
insert into exemplar (codigo, livro) values (13001, 13);
insert into exemplar (codigo, livro) values (14001, 14);
insert into exemplar (codigo, livro) values (15001, 15);
insert into exemplar (codigo, livro) values (15002, 15);
insert into exemplar (codigo, livro) values (16001, 16);
insert into exemplar (codigo, livro) values (16002, 16);
insert into exemplar (codigo, livro) values (16003, 16);
insert into exemplar (codigo, livro) values (16004, 16);
insert into exemplar (codigo, livro) values (17001, 17);
insert into exemplar (codigo, livro) values (17002, 17);
insert into exemplar (codigo, livro) values (18001, 18);
insert into exemplar (codigo, livro) values (19001, 19);
insert into exemplar (codigo, livro) values (19002, 19);
insert into exemplar (codigo, livro) values (19003, 19);
insert into exemplar (codigo, livro) values (20001, 20);
insert into exemplar (codigo, livro) values (21001, 21);
insert into exemplar (codigo, livro) values (21002, 21);
insert into exemplar (codigo, livro) values (22001, 22);
insert into exemplar (codigo, livro) values (22002, 22);
insert into exemplar (codigo, livro) values (22003, 22);
insert into exemplar (codigo, livro) values (22004, 22);
insert into exemplar (codigo, livro) values (22005, 22);
insert into exemplar (codigo, livro) values (23001, 23);
insert into exemplar (codigo, livro) values (23002, 23);
insert into exemplar (codigo, livro) values (23003, 23);
insert into exemplar (codigo, livro) values (24001, 24);
insert into exemplar (codigo, livro) values (24002, 24);
insert into exemplar (codigo, livro) values (24003, 24);
insert into exemplar (codigo, livro) values (24004, 24);
insert into exemplar (codigo, livro) values (25001, 25);
insert into exemplar (codigo, livro) values (25002, 25);
insert into exemplar (codigo, livro) values (25003, 25);
insert into exemplar (codigo, livro) values (26001, 26);
insert into exemplar (codigo, livro) values (26002, 26);
insert into exemplar (codigo, livro) values (26003, 26);
insert into exemplar (codigo, livro) values (26004, 26);
insert into exemplar (codigo, livro) values (26005, 26);
insert into exemplar (codigo, livro) values (27001, 27);
insert into exemplar (codigo, livro) values (27002, 27);
insert into exemplar (codigo, livro) values (27003, 27);
insert into exemplar (codigo, livro) values (27004, 27);
insert into exemplar (codigo, livro) values (27005, 27);
insert into exemplar (codigo, livro) values (28001, 28);
insert into exemplar (codigo, livro) values (28002, 28);
insert into exemplar (codigo, livro) values (28003, 28);
insert into exemplar (codigo, livro) values (28004, 28);
insert into exemplar (codigo, livro) values (28005, 28);
insert into exemplar (codigo, livro) values (29001, 29);
insert into exemplar (codigo, livro) values (29002, 29);
insert into exemplar (codigo, livro) values (29003, 29);
insert into exemplar (codigo, livro) values (29004, 29);
insert into exemplar (codigo, livro) values (29005, 29);
insert into exemplar (codigo, livro) values (30001, 30);
insert into exemplar (codigo, livro) values (30002, 30);
insert into exemplar (codigo, livro) values (30003, 30);
insert into locacao (usuario, exemplar, retirada, entrega) values (68, 1001, '2018-01-08', '2018-01-24');
insert into locacao (usuario, exemplar, retirada, entrega) values (31, 1001, '2018-03-09', '2018-03-20');
insert into locacao (usuario, exemplar, retirada, entrega) values (3, 1001, '2018-05-06', '2018-05-16');
insert into locacao (usuario, exemplar, retirada, entrega) values (65, 1001, '2018-05-14', '2018-05-30');
insert into locacao (usuario, exemplar, retirada, entrega) values (84, 1001, '2018-05-16', '2018-06-06');
insert into locacao (usuario, exemplar, retirada, entrega) values (15, 1001, '2018-05-24', '2018-05-28');
insert into locacao (usuario, exemplar, retirada, entrega) values (36, 1001, '2018-06-30', '2018-07-19');
insert into locacao (usuario, exemplar, retirada, entrega) values (87, 1001, '2018-10-05', '2018-10-07');
insert into locacao (usuario, exemplar, retirada, entrega) values (16, 1001, '2018-12-29', '2019-01-01');
insert into locacao (usuario, exemplar, retirada, entrega) values (43, 1001, '2019-01-23', '2019-02-12');
insert into locacao (usuario, exemplar, retirada, entrega) values (16, 1001, '2019-02-15', '2019-02-22');
insert into locacao (usuario, exemplar, retirada, entrega) values (13, 1001, '2019-03-23', '2019-03-27');
insert into locacao (usuario, exemplar, retirada, entrega) values (19, 1002, '2018-01-13', '2018-01-18');
insert into locacao (usuario, exemplar, retirada, entrega) values (50, 1002, '2018-04-15', '2018-04-22');
insert into locacao (usuario, exemplar, retirada, entrega) values (78, 1002, '2018-06-02', '2018-06-30');
insert into locacao (usuario, exemplar, retirada, entrega) values (83, 1002, '2018-09-06', '2018-09-15');
insert into locacao (usuario, exemplar, retirada, entrega) values (64, 1002, '2018-11-17', '2018-11-20');
insert into locacao (usuario, exemplar, retirada, entrega) values (62, 1002, '2019-01-06', '2019-01-08');
insert into locacao (usuario, exemplar, retirada, entrega) values (21, 1002, '2019-02-27', '2019-03-17');
insert into locacao (usuario, exemplar, retirada, entrega) values (28, 1002, '2019-03-03', '2019-03-06');
insert into locacao (usuario, exemplar, retirada, entrega) values (43, 1002, '2019-03-29', '2019-04-01');
insert into locacao (usuario, exemplar, retirada, entrega) values (16, 1002, '2019-04-18', '2019-05-04');
insert into locacao (usuario, exemplar, retirada, entrega) values (100, 2001, '2018-01-07', '2018-01-14');
insert into locacao (usuario, exemplar, retirada, entrega) values (60, 2001, '2018-02-26', '2018-03-23');
insert into locacao (usuario, exemplar, retirada, entrega) values (46, 2001, '2018-04-06', '2018-04-24');
insert into locacao (usuario, exemplar, retirada, entrega) values (47, 2001, '2018-07-01', '2018-07-06');
insert into locacao (usuario, exemplar, retirada, entrega) values (100, 2001, '2018-07-14', '2018-07-17');
insert into locacao (usuario, exemplar, retirada, entrega) values (26, 2001, '2018-09-11', '2018-09-17');
insert into locacao (usuario, exemplar, retirada, entrega) values (81, 2001, '2018-11-15', '2018-11-21');
insert into locacao (usuario, exemplar, retirada, entrega) values (47, 2001, '2018-12-19', '2018-12-26');
insert into locacao (usuario, exemplar, retirada, entrega) values (7, 2001, '2019-01-28', '2019-02-02');
insert into locacao (usuario, exemplar, retirada, entrega) values (33, 2001, '2019-02-26', '2019-02-28');
insert into locacao (usuario, exemplar, retirada, entrega) values (27, 2001, '2019-04-06', '2019-04-13');
insert into locacao (usuario, exemplar, retirada, entrega) values (17, 2002, '2018-03-31', '2018-04-04');
insert into locacao (usuario, exemplar, retirada, entrega) values (71, 2002, '2018-05-06', '2018-05-13');
insert into locacao (usuario, exemplar, retirada, entrega) values (5, 2002, '2018-08-08', '2018-08-13');
insert into locacao (usuario, exemplar, retirada, entrega) values (38, 2002, '2018-10-26', '2018-10-28');
insert into locacao (usuario, exemplar, retirada, entrega) values (69, 2002, '2019-01-24', '2019-01-30');
insert into locacao (usuario, exemplar, retirada, entrega) values (80, 2002, '2019-03-01', '2019-03-08');
insert into locacao (usuario, exemplar, retirada, entrega) values (20, 3001, '2018-01-06', '2018-02-02');
insert into locacao (usuario, exemplar, retirada, entrega) values (59, 3001, '2018-04-06', '2018-04-30');
insert into locacao (usuario, exemplar, retirada, entrega) values (98, 3001, '2018-07-11', '2018-07-17');
insert into locacao (usuario, exemplar, retirada, entrega) values (8, 3001, '2018-07-17', '2018-07-22');
insert into locacao (usuario, exemplar, retirada, entrega) values (36, 3001, '2018-10-13', '2018-11-01');
insert into locacao (usuario, exemplar, retirada, entrega) values (26, 3001, '2018-12-06', '2018-12-11');
insert into locacao (usuario, exemplar, retirada, entrega) values (53, 3001, '2018-12-29', '2019-01-16');
insert into locacao (usuario, exemplar, retirada, entrega) values (68, 3001, '2018-12-31', '2019-01-04');
insert into locacao (usuario, exemplar, retirada, entrega) values (14, 3001, '2019-02-01', '2019-02-05');
insert into locacao (usuario, exemplar, retirada, entrega) values (70, 3001, '2019-04-14', '2019-04-19');
insert into locacao (usuario, exemplar, retirada, entrega) values (100, 3002, '2018-02-05', '2018-02-09');
insert into locacao (usuario, exemplar, retirada, entrega) values (48, 3002, '2018-03-15', '2018-03-25');
insert into locacao (usuario, exemplar, retirada, entrega) values (93, 3002, '2018-06-17', '2018-07-01');
insert into locacao (usuario, exemplar, retirada, entrega) values (25, 3002, '2018-09-13', '2018-09-20');
insert into locacao (usuario, exemplar, retirada, entrega) values (70, 3002, '2018-10-13', '2018-10-16');
insert into locacao (usuario, exemplar, retirada, entrega) values (38, 3002, '2019-01-15', '2019-02-07');
insert into locacao (usuario, exemplar, retirada, entrega) values (77, 3002, '2019-02-06', '2019-03-03');
insert into locacao (usuario, exemplar, retirada, entrega) values (27, 3003, '2018-03-13', '2018-03-30');
insert into locacao (usuario, exemplar, retirada, entrega) values (8, 3003, '2018-06-11', '2018-06-14');
insert into locacao (usuario, exemplar, retirada, entrega) values (59, 3003, '2018-07-16', '2018-08-06');
insert into locacao (usuario, exemplar, retirada, entrega) values (4, 3003, '2018-07-26', '2018-07-30');
insert into locacao (usuario, exemplar, retirada, entrega) values (40, 3003, '2018-10-22', '2018-10-28');
insert into locacao (usuario, exemplar, retirada, entrega) values (10, 3003, '2018-12-06', '2018-12-12');
insert into locacao (usuario, exemplar, retirada, entrega) values (27, 3003, '2018-12-25', '2018-12-31');
insert into locacao (usuario, exemplar, retirada, entrega) values (48, 3003, '2019-01-13', '2019-01-18');
insert into locacao (usuario, exemplar, retirada, entrega) values (36, 3003, '2019-04-05', '2019-04-09');
insert into locacao (usuario, exemplar, retirada, entrega) values (29, 3004, '2018-03-07', '2018-03-11');
insert into locacao (usuario, exemplar, retirada, entrega) values (7, 3004, '2018-06-08', '2018-06-20');
insert into locacao (usuario, exemplar, retirada, entrega) values (97, 3004, '2018-06-21', '2018-07-14');
insert into locacao (usuario, exemplar, retirada, entrega) values (49, 3004, '2018-09-06', '2018-09-09');
insert into locacao (usuario, exemplar, retirada, entrega) values (43, 3004, '2018-10-14', '2018-11-04');
insert into locacao (usuario, exemplar, retirada, entrega) values (79, 3004, '2019-01-10', '2019-01-14');
insert into locacao (usuario, exemplar, retirada, entrega) values (6, 3004, '2019-04-08', '2019-04-29');
insert into locacao (usuario, exemplar, retirada, entrega) values (31, 4001, '2018-03-11', '2018-04-08');
insert into locacao (usuario, exemplar, retirada, entrega) values (56, 4001, '2018-05-09', '2018-05-14');
insert into locacao (usuario, exemplar, retirada, entrega) values (16, 4001, '2018-07-02', '2018-07-09');
insert into locacao (usuario, exemplar, retirada, entrega) values (71, 4001, '2018-07-15', '2018-07-21');
insert into locacao (usuario, exemplar, retirada, entrega) values (34, 4001, '2018-08-06', '2018-08-13');
insert into locacao (usuario, exemplar, retirada, entrega) values (2, 4001, '2018-11-05', '2018-11-07');
insert into locacao (usuario, exemplar, retirada, entrega) values (76, 4001, '2018-11-30', '2018-12-28');
insert into locacao (usuario, exemplar, retirada, entrega) values (71, 4001, '2018-12-10', '2018-12-19');
insert into locacao (usuario, exemplar, retirada, entrega) values (23, 4001, '2019-02-01', '2019-02-05');
insert into locacao (usuario, exemplar, retirada, entrega) values (27, 4001, '2019-03-20', '2019-03-24');
insert into locacao (usuario, exemplar, retirada, entrega) values (50, 4001, '2019-04-12', '2019-04-23');
insert into locacao (usuario, exemplar, retirada, entrega) values (56, 4002, '2018-02-14', '2018-02-18');
insert into locacao (usuario, exemplar, retirada, entrega) values (30, 4002, '2018-04-30', '2018-05-10');
insert into locacao (usuario, exemplar, retirada, entrega) values (50, 4002, '2018-06-24', '2018-06-26');
insert into locacao (usuario, exemplar, retirada, entrega) values (53, 4002, '2018-07-10', '2018-07-13');
insert into locacao (usuario, exemplar, retirada, entrega) values (43, 4002, '2018-07-24', '2018-07-30');
insert into locacao (usuario, exemplar, retirada, entrega) values (30, 4002, '2018-08-13', '2018-08-15');
insert into locacao (usuario, exemplar, retirada, entrega) values (99, 4002, '2018-11-10', '2018-11-16');
insert into locacao (usuario, exemplar, retirada, entrega) values (41, 4002, '2018-12-16', '2018-12-26');
insert into locacao (usuario, exemplar, retirada, entrega) values (3, 4002, '2018-12-29', '2019-01-08');
insert into locacao (usuario, exemplar, retirada, entrega) values (71, 4002, '2019-03-27', '2019-04-14');
insert into locacao (usuario, exemplar, retirada, entrega) values (44, 4002, '2019-03-30', '2019-04-20');
insert into locacao (usuario, exemplar, retirada, entrega) values (12, 4002, '2019-04-03', '2019-04-10');
insert into locacao (usuario, exemplar, retirada, entrega) values (46, 5001, '2018-01-06', '2018-01-16');
insert into locacao (usuario, exemplar, retirada, entrega) values (69, 5001, '2018-03-17', '2018-03-22');
insert into locacao (usuario, exemplar, retirada, entrega) values (26, 5001, '2018-05-04', '2018-05-08');
insert into locacao (usuario, exemplar, retirada, entrega) values (39, 5001, '2018-06-26', '2018-06-30');
insert into locacao (usuario, exemplar, retirada, entrega) values (48, 5001, '2018-07-21', '2018-08-16');
insert into locacao (usuario, exemplar, retirada, entrega) values (58, 5001, '2018-08-28', '2018-08-31');
insert into locacao (usuario, exemplar, retirada, entrega) values (78, 5001, '2018-11-17', '2018-11-20');
insert into locacao (usuario, exemplar, retirada, entrega) values (13, 5001, '2019-01-16', '2019-01-22');
insert into locacao (usuario, exemplar, retirada, entrega) values (40, 5001, '2019-02-22', '2019-03-20');
insert into locacao (usuario, exemplar, retirada, entrega) values (19, 5001, '2019-02-27', '2019-03-02');
insert into locacao (usuario, exemplar, retirada, entrega) values (12, 5001, '2019-04-03', '2019-04-05');
insert into locacao (usuario, exemplar, retirada, entrega) values (22, 5001, '2019-04-16', '2019-04-20');
insert into locacao (usuario, exemplar, retirada, entrega) values (51, 5002, '2018-01-28', '2018-02-02');
insert into locacao (usuario, exemplar, retirada, entrega) values (28, 5002, '2018-02-01', '2018-02-10');
insert into locacao (usuario, exemplar, retirada, entrega) values (92, 5002, '2018-02-14', '2018-02-24');
insert into locacao (usuario, exemplar, retirada, entrega) values (91, 5002, '2018-03-29', '2018-04-02');
insert into locacao (usuario, exemplar, retirada, entrega) values (57, 5002, '2018-06-11', '2018-06-14');
insert into locacao (usuario, exemplar, retirada, entrega) values (36, 5002, '2018-06-26', '2018-07-03');
insert into locacao (usuario, exemplar, retirada, entrega) values (89, 5002, '2018-07-08', '2018-07-29');
insert into locacao (usuario, exemplar, retirada, entrega) values (72, 5002, '2018-07-26', '2018-08-01');
insert into locacao (usuario, exemplar, retirada, entrega) values (68, 5002, '2018-09-19', '2018-10-07');
insert into locacao (usuario, exemplar, retirada, entrega) values (99, 5002, '2018-10-28', '2018-11-04');
insert into locacao (usuario, exemplar, retirada, entrega) values (13, 5002, '2019-02-01', '2019-02-08');
insert into locacao (usuario, exemplar, retirada, entrega) values (36, 5002, '2019-03-14', '2019-04-01');
insert into locacao (usuario, exemplar, retirada, entrega) values (79, 5003, '2018-03-17', '2018-03-23');
insert into locacao (usuario, exemplar, retirada, entrega) values (24, 5003, '2018-04-09', '2018-04-19');
insert into locacao (usuario, exemplar, retirada, entrega) values (8, 5003, '2018-05-27', '2018-05-30');
insert into locacao (usuario, exemplar, retirada, entrega) values (38, 5003, '2018-08-20', '2018-08-24');
insert into locacao (usuario, exemplar, retirada, entrega) values (59, 5003, '2018-11-16', '2018-11-23');
insert into locacao (usuario, exemplar, retirada, entrega) values (47, 5003, '2019-02-15', '2019-02-22');
insert into locacao (usuario, exemplar, retirada, entrega) values (30, 5003, '2019-03-27', '2019-03-31');
insert into locacao (usuario, exemplar, retirada, entrega) values (66, 5003, '2019-04-20', '2019-04-23');
insert into locacao (usuario, exemplar, retirada, entrega) values (90, 6001, '2018-02-16', '2018-02-20');
insert into locacao (usuario, exemplar, retirada, entrega) values (38, 6001, '2018-03-08', '2018-03-12');
insert into locacao (usuario, exemplar, retirada, entrega) values (53, 6001, '2018-05-19', '2018-05-24');
insert into locacao (usuario, exemplar, retirada, entrega) values (38, 6001, '2018-07-01', '2018-07-08');
insert into locacao (usuario, exemplar, retirada, entrega) values (25, 6001, '2018-07-23', '2018-07-25');
insert into locacao (usuario, exemplar, retirada, entrega) values (43, 6001, '2018-10-22', '2018-10-25');
insert into locacao (usuario, exemplar, retirada, entrega) values (22, 6001, '2019-01-02', '2019-01-27');
insert into locacao (usuario, exemplar, retirada, entrega) values (95, 6001, '2019-03-10', '2019-03-14');
insert into locacao (usuario, exemplar, retirada, entrega) values (47, 6002, '2018-02-24', '2018-02-27');
insert into locacao (usuario, exemplar, retirada, entrega) values (88, 6002, '2018-05-20', '2018-05-23');
insert into locacao (usuario, exemplar, retirada, entrega) values (1, 6002, '2018-06-08', '2018-06-26');
insert into locacao (usuario, exemplar, retirada, entrega) values (35, 6002, '2018-08-09', '2018-08-29');
insert into locacao (usuario, exemplar, retirada, entrega) values (46, 6002, '2018-11-08', '2018-11-14');
insert into locacao (usuario, exemplar, retirada, entrega) values (89, 6002, '2019-01-08', '2019-01-10');
insert into locacao (usuario, exemplar, retirada, entrega) values (13, 6002, '2019-03-25', '2019-03-30');
insert into locacao (usuario, exemplar, retirada, entrega) values (32, 7001, '2018-03-19', '2018-03-31');
insert into locacao (usuario, exemplar, retirada, entrega) values (5, 7001, '2018-04-03', '2018-04-06');
insert into locacao (usuario, exemplar, retirada, entrega) values (90, 7001, '2018-05-21', '2018-06-11');
insert into locacao (usuario, exemplar, retirada, entrega) values (94, 7001, '2018-06-14', '2018-06-18');
insert into locacao (usuario, exemplar, retirada, entrega) values (37, 7001, '2018-08-25', '2018-09-06');
insert into locacao (usuario, exemplar, retirada, entrega) values (100, 7001, '2018-09-11', '2018-09-15');
insert into locacao (usuario, exemplar, retirada, entrega) values (40, 7001, '2018-09-20', '2018-10-09');
insert into locacao (usuario, exemplar, retirada, entrega) values (59, 7001, '2018-11-09', '2018-11-22');
insert into locacao (usuario, exemplar, retirada, entrega) values (6, 7001, '2018-12-28', '2019-01-07');
insert into locacao (usuario, exemplar, retirada, entrega) values (73, 7001, '2019-01-16', '2019-01-28');
insert into locacao (usuario, exemplar, retirada, entrega) values (74, 7001, '2019-03-27', '2019-04-16');
insert into locacao (usuario, exemplar, retirada, entrega) values (2, 7001, '2019-04-07', '2019-04-26');
insert into locacao (usuario, exemplar, retirada, entrega) values (97, 7002, '2018-03-18', '2018-04-15');
insert into locacao (usuario, exemplar, retirada, entrega) values (93, 7002, '2018-03-29', '2018-04-12');
insert into locacao (usuario, exemplar, retirada, entrega) values (35, 7002, '2018-05-16', '2018-05-18');
insert into locacao (usuario, exemplar, retirada, entrega) values (6, 7002, '2018-05-21', '2018-06-02');
insert into locacao (usuario, exemplar, retirada, entrega) values (3, 7002, '2018-05-30', '2018-06-03');
insert into locacao (usuario, exemplar, retirada, entrega) values (74, 7002, '2018-08-24', '2018-08-31');
insert into locacao (usuario, exemplar, retirada, entrega) values (98, 7002, '2018-09-25', '2018-10-08');
insert into locacao (usuario, exemplar, retirada, entrega) values (27, 7002, '2018-11-08', '2018-11-26');
insert into locacao (usuario, exemplar, retirada, entrega) values (69, 7002, '2019-01-12', '2019-02-09');
insert into locacao (usuario, exemplar, retirada, entrega) values (47, 7002, '2019-03-03', '2019-03-24');
insert into locacao (usuario, exemplar, retirada, entrega) values (53, 7002, '2019-04-28', '2019-05-04');
insert into locacao (usuario, exemplar, retirada, entrega) values (48, 7002, '2019-04-29', '2019-05-03');
insert into locacao (usuario, exemplar, retirada, entrega) values (70, 7003, '2018-02-27', '2018-03-06');
insert into locacao (usuario, exemplar, retirada, entrega) values (65, 7003, '2018-04-16', '2018-04-20');
insert into locacao (usuario, exemplar, retirada, entrega) values (16, 7003, '2018-07-13', '2018-07-26');
insert into locacao (usuario, exemplar, retirada, entrega) values (77, 7003, '2018-08-08', '2018-08-28');
insert into locacao (usuario, exemplar, retirada, entrega) values (73, 7003, '2018-08-19', '2018-08-24');
insert into locacao (usuario, exemplar, retirada, entrega) values (68, 7003, '2018-10-29', '2018-11-04');
insert into locacao (usuario, exemplar, retirada, entrega) values (10, 7003, '2018-12-09', '2018-12-15');
insert into locacao (usuario, exemplar, retirada, entrega) values (78, 7003, '2018-12-13', '2018-12-25');
insert into locacao (usuario, exemplar, retirada, entrega) values (61, 7003, '2018-12-28', '2019-01-03');
insert into locacao (usuario, exemplar, retirada, entrega) values (88, 7003, '2019-03-25', '2019-03-29');
insert into locacao (usuario, exemplar, retirada, entrega) values (13, 7003, '2019-04-10', '2019-04-15');
insert into locacao (usuario, exemplar, retirada, entrega) values (47, 7004, '2018-01-12', '2018-01-15');
insert into locacao (usuario, exemplar, retirada, entrega) values (95, 7004, '2018-02-04', '2018-03-04');
insert into locacao (usuario, exemplar, retirada, entrega) values (85, 7004, '2018-05-06', '2018-05-11');
insert into locacao (usuario, exemplar, retirada, entrega) values (59, 7004, '2018-05-07', '2018-05-14');
insert into locacao (usuario, exemplar, retirada, entrega) values (35, 7004, '2018-07-04', '2018-07-28');
insert into locacao (usuario, exemplar, retirada, entrega) values (73, 7004, '2018-08-17', '2018-08-20');
insert into locacao (usuario, exemplar, retirada, entrega) values (58, 7004, '2018-09-09', '2018-09-18');
insert into locacao (usuario, exemplar, retirada, entrega) values (63, 7004, '2018-11-14', '2018-11-19');
insert into locacao (usuario, exemplar, retirada, entrega) values (15, 7004, '2018-12-14', '2018-12-19');
insert into locacao (usuario, exemplar, retirada, entrega) values (52, 7004, '2019-02-26', '2019-03-16');
insert into locacao (usuario, exemplar, retirada, entrega) values (58, 7004, '2019-04-15', '2019-04-17');
insert into locacao (usuario, exemplar, retirada, entrega) values (13, 7004, '2019-04-15', '2019-05-10');
insert into locacao (usuario, exemplar, retirada, entrega) values (100, 7005, '2018-03-18', '2018-03-30');
insert into locacao (usuario, exemplar, retirada, entrega) values (60, 7005, '2018-05-19', '2018-05-25');
insert into locacao (usuario, exemplar, retirada, entrega) values (85, 7005, '2018-06-03', '2018-06-07');
insert into locacao (usuario, exemplar, retirada, entrega) values (14, 7005, '2018-08-26', '2018-08-28');
insert into locacao (usuario, exemplar, retirada, entrega) values (39, 7005, '2018-11-12', '2018-11-15');
insert into locacao (usuario, exemplar, retirada, entrega) values (12, 7005, '2018-12-24', '2018-12-28');
insert into locacao (usuario, exemplar, retirada, entrega) values (28, 7005, '2018-12-26', '2019-01-13');
insert into locacao (usuario, exemplar, retirada, entrega) values (19, 7005, '2018-12-28', '2019-01-23');
insert into locacao (usuario, exemplar, retirada, entrega) values (30, 7005, '2019-01-13', '2019-01-30');
insert into locacao (usuario, exemplar, retirada, entrega) values (30, 7005, '2019-02-27', '2019-03-05');
insert into locacao (usuario, exemplar, retirada, entrega) values (48, 7005, '2019-04-10', '2019-04-16');
insert into locacao (usuario, exemplar, retirada, entrega) values (99, 7005, '2019-04-10', '2019-04-16');
insert into locacao (usuario, exemplar, retirada, entrega) values (28, 7005, '2019-04-25', '2019-04-29');
insert into locacao (usuario, exemplar, retirada, entrega) values (98, 7005, '2019-04-29', '2019-05-20');
insert into locacao (usuario, exemplar, retirada, entrega) values (7, 8001, '2018-03-10', '2018-03-31');
insert into locacao (usuario, exemplar, retirada, entrega) values (30, 8001, '2018-05-24', '2018-05-31');
insert into locacao (usuario, exemplar, retirada, entrega) values (25, 8001, '2018-05-31', '2018-06-03');
insert into locacao (usuario, exemplar, retirada, entrega) values (63, 8001, '2018-06-18', '2018-06-21');
insert into locacao (usuario, exemplar, retirada, entrega) values (65, 8001, '2018-09-14', '2018-09-26');
insert into locacao (usuario, exemplar, retirada, entrega) values (19, 8001, '2018-12-18', '2019-01-05');
insert into locacao (usuario, exemplar, retirada, entrega) values (32, 8001, '2019-03-05', '2019-03-15');
insert into locacao (usuario, exemplar, retirada, entrega) values (49, 8002, '2018-01-16', '2018-01-25');
insert into locacao (usuario, exemplar, retirada, entrega) values (90, 8002, '2018-02-09', '2018-02-15');
insert into locacao (usuario, exemplar, retirada, entrega) values (45, 8002, '2018-04-02', '2018-04-13');
insert into locacao (usuario, exemplar, retirada, entrega) values (78, 8002, '2018-05-24', '2018-05-29');
insert into locacao (usuario, exemplar, retirada, entrega) values (11, 8002, '2018-06-04', '2018-06-10');
insert into locacao (usuario, exemplar, retirada, entrega) values (52, 8002, '2018-07-12', '2018-07-28');
insert into locacao (usuario, exemplar, retirada, entrega) values (9, 8002, '2018-08-08', '2018-08-12');
insert into locacao (usuario, exemplar, retirada, entrega) values (24, 8002, '2018-11-07', '2018-11-12');
insert into locacao (usuario, exemplar, retirada, entrega) values (5, 8002, '2019-02-08', '2019-02-22');
insert into locacao (usuario, exemplar, retirada, entrega) values (8, 8002, '2019-03-02', '2019-03-09');
insert into locacao (usuario, exemplar, retirada, entrega) values (76, 8002, '2019-04-05', '2019-04-12');
insert into locacao (usuario, exemplar, retirada, entrega) values (86, 8002, '2019-04-26', '2019-05-24');
insert into locacao (usuario, exemplar, retirada, entrega) values (5, 8003, '2018-03-04', '2018-03-11');
insert into locacao (usuario, exemplar, retirada, entrega) values (76, 8003, '2018-05-16', '2018-05-22');
insert into locacao (usuario, exemplar, retirada, entrega) values (10, 8003, '2018-06-08', '2018-06-10');
insert into locacao (usuario, exemplar, retirada, entrega) values (68, 8003, '2018-07-02', '2018-07-19');
insert into locacao (usuario, exemplar, retirada, entrega) values (5, 8003, '2018-07-27', '2018-08-07');
insert into locacao (usuario, exemplar, retirada, entrega) values (55, 8003, '2018-09-09', '2018-09-23');
insert into locacao (usuario, exemplar, retirada, entrega) values (25, 8003, '2018-11-25', '2018-11-30');
insert into locacao (usuario, exemplar, retirada, entrega) values (77, 8003, '2018-12-23', '2019-01-05');
insert into locacao (usuario, exemplar, retirada, entrega) values (2, 8003, '2018-12-25', '2018-12-29');
insert into locacao (usuario, exemplar, retirada, entrega) values (47, 8003, '2019-02-16', '2019-02-21');
insert into locacao (usuario, exemplar, retirada, entrega) values (49, 8003, '2019-03-23', '2019-04-09');
insert into locacao (usuario, exemplar, retirada, entrega) values (25, 8003, '2019-04-20', '2019-05-06');
insert into locacao (usuario, exemplar, retirada, entrega) values (30, 8004, '2018-01-30', '2018-02-02');
insert into locacao (usuario, exemplar, retirada, entrega) values (8, 8004, '2018-02-02', '2018-02-19');
insert into locacao (usuario, exemplar, retirada, entrega) values (32, 8004, '2018-03-13', '2018-03-31');
insert into locacao (usuario, exemplar, retirada, entrega) values (39, 8004, '2018-06-08', '2018-06-14');
insert into locacao (usuario, exemplar, retirada, entrega) values (71, 8004, '2018-07-05', '2018-07-16');
insert into locacao (usuario, exemplar, retirada, entrega) values (3, 8004, '2018-08-28', '2018-09-02');
insert into locacao (usuario, exemplar, retirada, entrega) values (63, 8004, '2018-10-06', '2018-10-08');
insert into locacao (usuario, exemplar, retirada, entrega) values (71, 8004, '2018-11-29', '2018-12-05');
insert into locacao (usuario, exemplar, retirada, entrega) values (47, 8004, '2019-01-27', '2019-02-15');
insert into locacao (usuario, exemplar, retirada, entrega) values (1, 8004, '2019-03-29', '2019-04-16');
insert into locacao (usuario, exemplar, retirada, entrega) values (64, 8005, '2018-02-13', '2018-03-02');
insert into locacao (usuario, exemplar, retirada, entrega) values (33, 8005, '2018-03-17', '2018-04-05');
insert into locacao (usuario, exemplar, retirada, entrega) values (4, 8005, '2018-05-02', '2018-05-07');
insert into locacao (usuario, exemplar, retirada, entrega) values (62, 8005, '2018-05-06', '2018-05-11');
insert into locacao (usuario, exemplar, retirada, entrega) values (55, 8005, '2018-08-06', '2018-08-19');
insert into locacao (usuario, exemplar, retirada, entrega) values (32, 8005, '2018-10-10', '2018-10-15');
insert into locacao (usuario, exemplar, retirada, entrega) values (60, 8005, '2018-11-01', '2018-11-03');
insert into locacao (usuario, exemplar, retirada, entrega) values (27, 8005, '2018-12-02', '2018-12-16');
insert into locacao (usuario, exemplar, retirada, entrega) values (79, 8005, '2019-02-01', '2019-02-03');
insert into locacao (usuario, exemplar, retirada, entrega) values (2, 8005, '2019-04-02', '2019-04-05');
insert into locacao (usuario, exemplar, retirada, entrega) values (68, 9001, '2018-02-24', '2018-02-26');
insert into locacao (usuario, exemplar, retirada, entrega) values (94, 9001, '2018-03-14', '2018-03-26');
insert into locacao (usuario, exemplar, retirada, entrega) values (25, 9001, '2018-06-14', '2018-06-19');
insert into locacao (usuario, exemplar, retirada, entrega) values (74, 9001, '2018-07-10', '2018-07-26');
insert into locacao (usuario, exemplar, retirada, entrega) values (50, 9001, '2018-07-29', '2018-08-09');
insert into locacao (usuario, exemplar, retirada, entrega) values (77, 9001, '2018-08-19', '2018-08-21');
insert into locacao (usuario, exemplar, retirada, entrega) values (99, 9001, '2018-11-16', '2018-11-19');
insert into locacao (usuario, exemplar, retirada, entrega) values (75, 9001, '2019-01-07', '2019-01-09');
insert into locacao (usuario, exemplar, retirada, entrega) values (88, 9001, '2019-02-13', '2019-02-17');
insert into locacao (usuario, exemplar, retirada, entrega) values (78, 9001, '2019-03-21', '2019-04-01');
insert into locacao (usuario, exemplar, retirada, entrega) values (45, 9001, '2019-04-27', '2019-05-04');
insert into locacao (usuario, exemplar, retirada, entrega) values (35, 9002, '2018-01-31', '2018-02-09');
insert into locacao (usuario, exemplar, retirada, entrega) values (68, 9002, '2018-04-17', '2018-04-20');
insert into locacao (usuario, exemplar, retirada, entrega) values (36, 9002, '2018-06-03', '2018-06-17');
insert into locacao (usuario, exemplar, retirada, entrega) values (72, 9002, '2018-06-14', '2018-06-19');
insert into locacao (usuario, exemplar, retirada, entrega) values (25, 9002, '2018-08-05', '2018-08-11');
insert into locacao (usuario, exemplar, retirada, entrega) values (41, 9002, '2018-09-28', '2018-10-03');
insert into locacao (usuario, exemplar, retirada, entrega) values (79, 9002, '2018-10-18', '2018-10-25');
insert into locacao (usuario, exemplar, retirada, entrega) values (30, 9002, '2018-10-30', '2018-11-03');
insert into locacao (usuario, exemplar, retirada, entrega) values (86, 9002, '2018-11-01', '2018-11-08');
insert into locacao (usuario, exemplar, retirada, entrega) values (3, 9002, '2018-11-08', '2018-11-25');
insert into locacao (usuario, exemplar, retirada, entrega) values (31, 9002, '2019-01-29', '2019-02-14');
insert into locacao (usuario, exemplar, retirada, entrega) values (31, 9002, '2019-03-16', '2019-03-19');
insert into locacao (usuario, exemplar, retirada, entrega) values (3, 10001, '2018-03-22', '2018-03-28');
insert into locacao (usuario, exemplar, retirada, entrega) values (72, 10001, '2018-05-23', '2018-06-20');
insert into locacao (usuario, exemplar, retirada, entrega) values (79, 10001, '2018-06-15', '2018-06-18');
insert into locacao (usuario, exemplar, retirada, entrega) values (32, 10001, '2018-09-10', '2018-09-26');
insert into locacao (usuario, exemplar, retirada, entrega) values (71, 10001, '2018-11-17', '2018-11-24');
insert into locacao (usuario, exemplar, retirada, entrega) values (42, 10001, '2018-12-22', '2019-01-10');
insert into locacao (usuario, exemplar, retirada, entrega) values (12, 10001, '2018-12-24', '2019-01-04');
insert into locacao (usuario, exemplar, retirada, entrega) values (4, 10001, '2019-01-15', '2019-01-22');
insert into locacao (usuario, exemplar, retirada, entrega) values (65, 10001, '2019-01-17', '2019-01-21');
insert into locacao (usuario, exemplar, retirada, entrega) values (14, 10001, '2019-02-19', '2019-02-21');
insert into locacao (usuario, exemplar, retirada, entrega) values (61, 10001, '2019-03-13', '2019-03-18');
insert into locacao (usuario, exemplar, retirada, entrega) values (40, 11001, '2018-03-14', '2018-03-19');
insert into locacao (usuario, exemplar, retirada, entrega) values (32, 11001, '2018-04-12', '2018-04-18');
insert into locacao (usuario, exemplar, retirada, entrega) values (70, 11001, '2018-06-16', '2018-06-22');
insert into locacao (usuario, exemplar, retirada, entrega) values (92, 11001, '2018-07-25', '2018-07-27');
insert into locacao (usuario, exemplar, retirada, entrega) values (92, 11001, '2018-08-10', '2018-08-12');
insert into locacao (usuario, exemplar, retirada, entrega) values (46, 11001, '2018-08-13', '2018-08-19');
insert into locacao (usuario, exemplar, retirada, entrega) values (98, 11001, '2018-09-26', '2018-10-13');
insert into locacao (usuario, exemplar, retirada, entrega) values (1, 11001, '2018-12-22', '2019-01-01');
insert into locacao (usuario, exemplar, retirada, entrega) values (94, 11001, '2019-01-29', '2019-02-05');
insert into locacao (usuario, exemplar, retirada, entrega) values (98, 11001, '2019-04-18', '2019-04-23');
insert into locacao (usuario, exemplar, retirada, entrega) values (42, 11002, '2018-03-05', '2018-03-11');
insert into locacao (usuario, exemplar, retirada, entrega) values (76, 11002, '2018-05-22', '2018-05-27');
insert into locacao (usuario, exemplar, retirada, entrega) values (27, 11002, '2018-07-19', '2018-07-25');
insert into locacao (usuario, exemplar, retirada, entrega) values (46, 11002, '2018-07-24', '2018-08-02');
insert into locacao (usuario, exemplar, retirada, entrega) values (85, 11002, '2018-07-27', '2018-08-16');
insert into locacao (usuario, exemplar, retirada, entrega) values (58, 11002, '2018-07-28', '2018-08-03');
insert into locacao (usuario, exemplar, retirada, entrega) values (47, 11002, '2018-09-02', '2018-09-05');
insert into locacao (usuario, exemplar, retirada, entrega) values (60, 11002, '2018-11-24', '2018-12-01');
insert into locacao (usuario, exemplar, retirada, entrega) values (60, 11002, '2018-12-18', '2018-12-24');
insert into locacao (usuario, exemplar, retirada, entrega) values (79, 11002, '2019-03-17', '2019-03-30');
insert into locacao (usuario, exemplar, retirada, entrega) values (96, 11002, '2019-04-18', '2019-04-21');
insert into locacao (usuario, exemplar, retirada, entrega) values (63, 11003, '2018-02-04', '2018-02-06');
insert into locacao (usuario, exemplar, retirada, entrega) values (62, 11003, '2018-02-16', '2018-02-19');
insert into locacao (usuario, exemplar, retirada, entrega) values (24, 11003, '2018-03-01', '2018-03-08');
insert into locacao (usuario, exemplar, retirada, entrega) values (70, 11003, '2018-04-07', '2018-04-23');
insert into locacao (usuario, exemplar, retirada, entrega) values (82, 11003, '2018-06-13', '2018-06-24');
insert into locacao (usuario, exemplar, retirada, entrega) values (45, 11003, '2018-08-28', '2018-09-01');
insert into locacao (usuario, exemplar, retirada, entrega) values (7, 11003, '2018-11-01', '2018-11-14');
insert into locacao (usuario, exemplar, retirada, entrega) values (65, 11003, '2018-12-30', '2019-01-11');
insert into locacao (usuario, exemplar, retirada, entrega) values (6, 11003, '2019-02-06', '2019-02-12');
insert into locacao (usuario, exemplar, retirada, entrega) values (91, 11003, '2019-04-07', '2019-04-12');
insert into locacao (usuario, exemplar, retirada, entrega) values (50, 11004, '2018-02-25', '2018-03-02');
insert into locacao (usuario, exemplar, retirada, entrega) values (1, 11004, '2018-05-24', '2018-05-31');
insert into locacao (usuario, exemplar, retirada, entrega) values (74, 11004, '2018-08-28', '2018-09-22');
insert into locacao (usuario, exemplar, retirada, entrega) values (88, 11004, '2018-09-30', '2018-10-11');
insert into locacao (usuario, exemplar, retirada, entrega) values (37, 11004, '2018-12-30', '2019-01-06');
insert into locacao (usuario, exemplar, retirada, entrega) values (89, 11004, '2019-03-25', '2019-03-31');
insert into locacao (usuario, exemplar, retirada, entrega) values (36, 12001, '2018-01-11', '2018-01-18');
insert into locacao (usuario, exemplar, retirada, entrega) values (20, 12001, '2018-02-28', '2018-03-10');
insert into locacao (usuario, exemplar, retirada, entrega) values (9, 12001, '2018-06-02', '2018-06-07');
insert into locacao (usuario, exemplar, retirada, entrega) values (69, 12001, '2018-09-06', '2018-09-10');
insert into locacao (usuario, exemplar, retirada, entrega) values (80, 12001, '2018-10-16', '2018-10-18');
insert into locacao (usuario, exemplar, retirada, entrega) values (8, 12001, '2018-12-08', '2018-12-11');
insert into locacao (usuario, exemplar, retirada, entrega) values (66, 12001, '2019-02-27', '2019-03-05');
insert into locacao (usuario, exemplar, retirada, entrega) values (66, 12001, '2019-04-24', '2019-04-26');
insert into locacao (usuario, exemplar, retirada, entrega) values (52, 12002, '2018-02-15', '2018-03-11');
insert into locacao (usuario, exemplar, retirada, entrega) values (59, 12002, '2018-02-20', '2018-02-24');
insert into locacao (usuario, exemplar, retirada, entrega) values (18, 12002, '2018-04-30', '2018-05-05');
insert into locacao (usuario, exemplar, retirada, entrega) values (67, 12002, '2018-05-17', '2018-05-23');
insert into locacao (usuario, exemplar, retirada, entrega) values (18, 12002, '2018-07-17', '2018-07-21');
insert into locacao (usuario, exemplar, retirada, entrega) values (16, 12002, '2018-10-12', '2018-10-22');
insert into locacao (usuario, exemplar, retirada, entrega) values (80, 12002, '2018-12-27', '2019-01-21');
insert into locacao (usuario, exemplar, retirada, entrega) values (94, 12002, '2019-03-29', '2019-04-05');
insert into locacao (usuario, exemplar, retirada, entrega) values (11, 12003, '2018-03-10', '2018-03-15');
insert into locacao (usuario, exemplar, retirada, entrega) values (75, 12003, '2018-05-27', '2018-06-06');
insert into locacao (usuario, exemplar, retirada, entrega) values (98, 12003, '2018-08-31', '2018-09-06');
insert into locacao (usuario, exemplar, retirada, entrega) values (99, 12003, '2018-11-22', '2018-11-28');
insert into locacao (usuario, exemplar, retirada, entrega) values (66, 12003, '2019-01-14', '2019-01-21');
insert into locacao (usuario, exemplar, retirada, entrega) values (100, 12003, '2019-03-15', '2019-03-21');
insert into locacao (usuario, exemplar, retirada, entrega) values (19, 12003, '2019-04-10', '2019-05-01');
insert into locacao (usuario, exemplar, retirada, entrega) values (22, 13001, '2018-04-08', '2018-04-14');
insert into locacao (usuario, exemplar, retirada, entrega) values (75, 13001, '2018-04-09', '2018-05-07');
insert into locacao (usuario, exemplar, retirada, entrega) values (86, 13001, '2018-05-29', '2018-06-03');
insert into locacao (usuario, exemplar, retirada, entrega) values (7, 13001, '2018-07-25', '2018-08-21');
insert into locacao (usuario, exemplar, retirada, entrega) values (14, 13001, '2018-09-10', '2018-09-17');
insert into locacao (usuario, exemplar, retirada, entrega) values (24, 13001, '2018-11-04', '2018-11-16');
insert into locacao (usuario, exemplar, retirada, entrega) values (93, 13001, '2019-01-28', '2019-02-08');
insert into locacao (usuario, exemplar, retirada, entrega) values (48, 13001, '2019-02-27', '2019-03-11');
insert into locacao (usuario, exemplar, retirada, entrega) values (55, 14001, '2018-02-12', '2018-02-16');
insert into locacao (usuario, exemplar, retirada, entrega) values (87, 14001, '2018-03-28', '2018-03-31');
insert into locacao (usuario, exemplar, retirada, entrega) values (72, 14001, '2018-05-25', '2018-05-27');
insert into locacao (usuario, exemplar, retirada, entrega) values (20, 14001, '2018-07-01', '2018-07-18');
insert into locacao (usuario, exemplar, retirada, entrega) values (93, 14001, '2018-10-07', '2018-10-13');
insert into locacao (usuario, exemplar, retirada, entrega) values (78, 14001, '2019-01-13', '2019-01-22');
insert into locacao (usuario, exemplar, retirada, entrega) values (75, 14001, '2019-01-21', '2019-01-28');
insert into locacao (usuario, exemplar, retirada, entrega) values (28, 14001, '2019-04-16', '2019-04-20');
insert into locacao (usuario, exemplar, retirada, entrega) values (19, 15001, '2018-02-01', '2018-02-19');
insert into locacao (usuario, exemplar, retirada, entrega) values (7, 15001, '2018-04-20', '2018-05-03');
insert into locacao (usuario, exemplar, retirada, entrega) values (96, 15001, '2018-05-09', '2018-05-13');
insert into locacao (usuario, exemplar, retirada, entrega) values (58, 15001, '2018-06-22', '2018-07-03');
insert into locacao (usuario, exemplar, retirada, entrega) values (67, 15001, '2018-09-12', '2018-09-15');
insert into locacao (usuario, exemplar, retirada, entrega) values (43, 15001, '2018-12-12', '2018-12-15');
insert into locacao (usuario, exemplar, retirada, entrega) values (8, 15001, '2019-02-12', '2019-02-28');
insert into locacao (usuario, exemplar, retirada, entrega) values (64, 15002, '2018-03-19', '2018-03-21');
insert into locacao (usuario, exemplar, retirada, entrega) values (14, 15002, '2018-06-11', '2018-06-24');
insert into locacao (usuario, exemplar, retirada, entrega) values (43, 15002, '2018-08-05', '2018-08-11');
insert into locacao (usuario, exemplar, retirada, entrega) values (95, 15002, '2018-11-12', '2018-11-19');
insert into locacao (usuario, exemplar, retirada, entrega) values (48, 15002, '2019-01-01', '2019-01-06');
insert into locacao (usuario, exemplar, retirada, entrega) values (49, 15002, '2019-01-08', '2019-01-10');
insert into locacao (usuario, exemplar, retirada, entrega) values (61, 15002, '2019-02-23', '2019-02-25');
insert into locacao (usuario, exemplar, retirada, entrega) values (20, 15002, '2019-03-15', '2019-03-20');
insert into locacao (usuario, exemplar, retirada, entrega) values (44, 16001, '2018-03-06', '2018-03-13');
insert into locacao (usuario, exemplar, retirada, entrega) values (75, 16001, '2018-04-05', '2018-04-24');
insert into locacao (usuario, exemplar, retirada, entrega) values (5, 16001, '2018-05-30', '2018-06-02');
insert into locacao (usuario, exemplar, retirada, entrega) values (20, 16001, '2018-08-30', '2018-09-06');
insert into locacao (usuario, exemplar, retirada, entrega) values (40, 16001, '2018-09-07', '2018-09-17');
insert into locacao (usuario, exemplar, retirada, entrega) values (12, 16001, '2018-09-09', '2018-09-26');
insert into locacao (usuario, exemplar, retirada, entrega) values (34, 16001, '2018-11-10', '2018-11-19');
insert into locacao (usuario, exemplar, retirada, entrega) values (24, 16001, '2018-11-15', '2018-12-05');
insert into locacao (usuario, exemplar, retirada, entrega) values (5, 16001, '2018-11-20', '2018-12-06');
insert into locacao (usuario, exemplar, retirada, entrega) values (36, 16001, '2019-01-06', '2019-01-13');
insert into locacao (usuario, exemplar, retirada, entrega) values (29, 16001, '2019-01-10', '2019-01-19');
insert into locacao (usuario, exemplar, retirada, entrega) values (31, 16001, '2019-04-17', '2019-04-20');
insert into locacao (usuario, exemplar, retirada, entrega) values (82, 16002, '2018-03-29', '2018-04-02');
insert into locacao (usuario, exemplar, retirada, entrega) values (33, 16002, '2018-05-07', '2018-05-18');
insert into locacao (usuario, exemplar, retirada, entrega) values (76, 16002, '2018-07-06', '2018-07-12');
insert into locacao (usuario, exemplar, retirada, entrega) values (53, 16002, '2018-08-07', '2018-08-09');
insert into locacao (usuario, exemplar, retirada, entrega) values (17, 16002, '2018-09-30', '2018-10-10');
insert into locacao (usuario, exemplar, retirada, entrega) values (86, 16002, '2018-11-13', '2018-11-23');
insert into locacao (usuario, exemplar, retirada, entrega) values (35, 16002, '2018-11-23', '2018-11-30');
insert into locacao (usuario, exemplar, retirada, entrega) values (2, 16002, '2019-02-11', '2019-02-22');
insert into locacao (usuario, exemplar, retirada, entrega) values (32, 16003, '2018-02-22', '2018-02-25');
insert into locacao (usuario, exemplar, retirada, entrega) values (87, 16003, '2018-05-01', '2018-05-04');
insert into locacao (usuario, exemplar, retirada, entrega) values (59, 16003, '2018-06-11', '2018-06-25');
insert into locacao (usuario, exemplar, retirada, entrega) values (12, 16003, '2018-06-22', '2018-06-25');
insert into locacao (usuario, exemplar, retirada, entrega) values (21, 16003, '2018-08-04', '2018-08-06');
insert into locacao (usuario, exemplar, retirada, entrega) values (70, 16003, '2018-10-28', '2018-11-11');
insert into locacao (usuario, exemplar, retirada, entrega) values (13, 16003, '2019-01-31', '2019-02-05');
insert into locacao (usuario, exemplar, retirada, entrega) values (67, 16004, '2018-01-23', '2018-01-27');
insert into locacao (usuario, exemplar, retirada, entrega) values (22, 16004, '2018-03-23', '2018-03-25');
insert into locacao (usuario, exemplar, retirada, entrega) values (26, 16004, '2018-06-20', '2018-07-10');
insert into locacao (usuario, exemplar, retirada, entrega) values (5, 16004, '2018-09-01', '2018-09-05');
insert into locacao (usuario, exemplar, retirada, entrega) values (53, 16004, '2018-10-27', '2018-11-09');
insert into locacao (usuario, exemplar, retirada, entrega) values (47, 16004, '2018-11-19', '2018-11-21');
insert into locacao (usuario, exemplar, retirada, entrega) values (75, 16004, '2019-01-26', '2019-02-14');
insert into locacao (usuario, exemplar, retirada, entrega) values (22, 16004, '2019-01-29', '2019-02-09');
insert into locacao (usuario, exemplar, retirada, entrega) values (84, 16004, '2019-04-16', '2019-04-20');
insert into locacao (usuario, exemplar, retirada, entrega) values (41, 17001, '2018-02-05', '2018-02-10');
insert into locacao (usuario, exemplar, retirada, entrega) values (100, 17001, '2018-05-06', '2018-05-17');
insert into locacao (usuario, exemplar, retirada, entrega) values (92, 17001, '2018-05-18', '2018-05-24');
insert into locacao (usuario, exemplar, retirada, entrega) values (72, 17001, '2018-06-03', '2018-06-19');
insert into locacao (usuario, exemplar, retirada, entrega) values (25, 17001, '2018-08-14', '2018-08-26');
insert into locacao (usuario, exemplar, retirada, entrega) values (76, 17001, '2018-11-05', '2018-11-11');
insert into locacao (usuario, exemplar, retirada, entrega) values (99, 17001, '2018-12-19', '2019-01-05');
insert into locacao (usuario, exemplar, retirada, entrega) values (45, 17001, '2019-02-21', '2019-02-23');
insert into locacao (usuario, exemplar, retirada, entrega) values (100, 17001, '2019-02-27', '2019-03-11');
insert into locacao (usuario, exemplar, retirada, entrega) values (40, 17001, '2019-03-24', '2019-04-04');
insert into locacao (usuario, exemplar, retirada, entrega) values (64, 17002, '2018-02-03', '2018-02-06');
insert into locacao (usuario, exemplar, retirada, entrega) values (64, 17002, '2018-03-16', '2018-04-13');
insert into locacao (usuario, exemplar, retirada, entrega) values (66, 17002, '2018-04-12', '2018-04-23');
insert into locacao (usuario, exemplar, retirada, entrega) values (68, 17002, '2018-06-03', '2018-06-07');
insert into locacao (usuario, exemplar, retirada, entrega) values (12, 17002, '2018-07-19', '2018-07-25');
insert into locacao (usuario, exemplar, retirada, entrega) values (78, 17002, '2018-08-04', '2018-08-18');
insert into locacao (usuario, exemplar, retirada, entrega) values (69, 17002, '2018-11-10', '2018-11-23');
insert into locacao (usuario, exemplar, retirada, entrega) values (38, 17002, '2018-11-16', '2018-11-22');
insert into locacao (usuario, exemplar, retirada, entrega) values (70, 17002, '2018-12-03', '2018-12-16');
insert into locacao (usuario, exemplar, retirada, entrega) values (4, 17002, '2019-01-14', '2019-01-30');
insert into locacao (usuario, exemplar, retirada, entrega) values (60, 17002, '2019-03-10', '2019-03-12');
insert into locacao (usuario, exemplar, retirada, entrega) values (95, 17002, '2019-04-11', '2019-04-21');
insert into locacao (usuario, exemplar, retirada, entrega) values (68, 17002, '2019-04-17', '2019-04-24');
insert into locacao (usuario, exemplar, retirada, entrega) values (83, 17002, '2019-04-30', '2019-05-18');
insert into locacao (usuario, exemplar, retirada, entrega) values (81, 18001, '2018-04-05', '2018-04-19');
insert into locacao (usuario, exemplar, retirada, entrega) values (30, 18001, '2018-05-17', '2018-05-23');
insert into locacao (usuario, exemplar, retirada, entrega) values (97, 18001, '2018-07-04', '2018-07-11');
insert into locacao (usuario, exemplar, retirada, entrega) values (36, 18001, '2018-07-24', '2018-08-04');
insert into locacao (usuario, exemplar, retirada, entrega) values (34, 18001, '2018-09-17', '2018-09-24');
insert into locacao (usuario, exemplar, retirada, entrega) values (98, 18001, '2018-09-29', '2018-10-03');
insert into locacao (usuario, exemplar, retirada, entrega) values (18, 18001, '2018-11-29', '2018-12-01');
insert into locacao (usuario, exemplar, retirada, entrega) values (69, 18001, '2019-03-01', '2019-03-05');
insert into locacao (usuario, exemplar, retirada, entrega) values (32, 18001, '2019-03-23', '2019-03-25');
insert into locacao (usuario, exemplar, retirada, entrega) values (72, 19001, '2018-02-27', '2018-03-08');
insert into locacao (usuario, exemplar, retirada, entrega) values (31, 19001, '2018-04-13', '2018-05-03');
insert into locacao (usuario, exemplar, retirada, entrega) values (35, 19001, '2018-06-17', '2018-06-26');
insert into locacao (usuario, exemplar, retirada, entrega) values (75, 19001, '2018-09-17', '2018-09-28');
insert into locacao (usuario, exemplar, retirada, entrega) values (89, 19001, '2018-12-13', '2018-12-15');
insert into locacao (usuario, exemplar, retirada, entrega) values (91, 19001, '2018-12-24', '2018-12-28');
insert into locacao (usuario, exemplar, retirada, entrega) values (61, 19001, '2019-01-06', '2019-01-08');
insert into locacao (usuario, exemplar, retirada, entrega) values (68, 19001, '2019-01-10', '2019-01-30');
insert into locacao (usuario, exemplar, retirada, entrega) values (95, 19001, '2019-03-10', '2019-03-16');
insert into locacao (usuario, exemplar, retirada, entrega) values (99, 19001, '2019-03-13', '2019-03-17');
insert into locacao (usuario, exemplar, retirada, entrega) values (20, 19001, '2019-03-26', '2019-04-02');
insert into locacao (usuario, exemplar, retirada, entrega) values (72, 19002, '2018-03-15', '2018-03-18');
insert into locacao (usuario, exemplar, retirada, entrega) values (80, 19002, '2018-06-02', '2018-06-06');
insert into locacao (usuario, exemplar, retirada, entrega) values (47, 19002, '2018-06-19', '2018-07-02');
insert into locacao (usuario, exemplar, retirada, entrega) values (15, 19002, '2018-09-04', '2018-09-06');
insert into locacao (usuario, exemplar, retirada, entrega) values (51, 19002, '2018-11-04', '2018-11-27');
insert into locacao (usuario, exemplar, retirada, entrega) values (32, 19002, '2018-11-20', '2018-12-04');
insert into locacao (usuario, exemplar, retirada, entrega) values (52, 19002, '2019-01-12', '2019-01-22');
insert into locacao (usuario, exemplar, retirada, entrega) values (27, 19002, '2019-01-24', '2019-01-27');
insert into locacao (usuario, exemplar, retirada, entrega) values (42, 19002, '2019-04-06', '2019-04-12');
insert into locacao (usuario, exemplar, retirada, entrega) values (17, 19003, '2018-03-13', '2018-03-19');
insert into locacao (usuario, exemplar, retirada, entrega) values (39, 19003, '2018-06-17', '2018-06-23');
insert into locacao (usuario, exemplar, retirada, entrega) values (77, 19003, '2018-09-01', '2018-09-06');
insert into locacao (usuario, exemplar, retirada, entrega) values (92, 19003, '2018-09-13', '2018-10-03');
insert into locacao (usuario, exemplar, retirada, entrega) values (35, 19003, '2018-10-22', '2018-10-31');
insert into locacao (usuario, exemplar, retirada, entrega) values (6, 19003, '2018-12-03', '2018-12-09');
insert into locacao (usuario, exemplar, retirada, entrega) values (99, 19003, '2019-02-12', '2019-02-14');
insert into locacao (usuario, exemplar, retirada, entrega) values (34, 19003, '2019-04-06', '2019-04-08');
insert into locacao (usuario, exemplar, retirada, entrega) values (60, 19003, '2019-04-11', '2019-04-15');
insert into locacao (usuario, exemplar, retirada, entrega) values (61, 20001, '2018-03-11', '2018-03-25');
insert into locacao (usuario, exemplar, retirada, entrega) values (9, 20001, '2018-05-10', '2018-05-12');
insert into locacao (usuario, exemplar, retirada, entrega) values (80, 20001, '2018-07-05', '2018-07-08');
insert into locacao (usuario, exemplar, retirada, entrega) values (66, 20001, '2018-10-12', '2018-10-30');
insert into locacao (usuario, exemplar, retirada, entrega) values (10, 20001, '2019-01-13', '2019-01-31');
insert into locacao (usuario, exemplar, retirada, entrega) values (32, 20001, '2019-03-11', '2019-03-13');
insert into locacao (usuario, exemplar, retirada, entrega) values (50, 20001, '2019-03-17', '2019-03-29');
insert into locacao (usuario, exemplar, retirada, entrega) values (9, 20001, '2019-04-02', '2019-04-05');
insert into locacao (usuario, exemplar, retirada, entrega) values (50, 21001, '2018-01-22', '2018-02-01');
insert into locacao (usuario, exemplar, retirada, entrega) values (58, 21001, '2018-03-10', '2018-03-19');
insert into locacao (usuario, exemplar, retirada, entrega) values (52, 21001, '2018-03-20', '2018-03-23');
insert into locacao (usuario, exemplar, retirada, entrega) values (44, 21001, '2018-04-16', '2018-04-28');
insert into locacao (usuario, exemplar, retirada, entrega) values (71, 21001, '2018-05-07', '2018-05-23');
insert into locacao (usuario, exemplar, retirada, entrega) values (12, 21001, '2018-05-14', '2018-05-20');
insert into locacao (usuario, exemplar, retirada, entrega) values (1, 21001, '2018-06-07', '2018-06-17');
insert into locacao (usuario, exemplar, retirada, entrega) values (7, 21001, '2018-07-25', '2018-07-31');
insert into locacao (usuario, exemplar, retirada, entrega) values (88, 21001, '2018-10-24', '2018-10-27');
insert into locacao (usuario, exemplar, retirada, entrega) values (43, 21001, '2018-11-20', '2018-11-27');
insert into locacao (usuario, exemplar, retirada, entrega) values (60, 21001, '2019-02-24', '2019-03-09');
insert into locacao (usuario, exemplar, retirada, entrega) values (75, 21002, '2018-02-13', '2018-02-25');
insert into locacao (usuario, exemplar, retirada, entrega) values (68, 21002, '2018-02-16', '2018-02-25');
insert into locacao (usuario, exemplar, retirada, entrega) values (19, 21002, '2018-03-19', '2018-03-23');
insert into locacao (usuario, exemplar, retirada, entrega) values (94, 21002, '2018-03-22', '2018-03-27');
insert into locacao (usuario, exemplar, retirada, entrega) values (67, 21002, '2018-06-19', '2018-06-21');
insert into locacao (usuario, exemplar, retirada, entrega) values (15, 21002, '2018-06-30', '2018-07-02');
insert into locacao (usuario, exemplar, retirada, entrega) values (63, 21002, '2018-09-12', '2018-09-16');
insert into locacao (usuario, exemplar, retirada, entrega) values (31, 21002, '2018-12-06', '2018-12-24');
insert into locacao (usuario, exemplar, retirada, entrega) values (37, 21002, '2019-03-06', '2019-03-15');
insert into locacao (usuario, exemplar, retirada, entrega) values (67, 21002, '2019-04-03', '2019-04-06');
insert into locacao (usuario, exemplar, retirada, entrega) values (27, 22001, '2018-02-13', '2018-02-18');
insert into locacao (usuario, exemplar, retirada, entrega) values (11, 22001, '2018-05-06', '2018-05-11');
insert into locacao (usuario, exemplar, retirada, entrega) values (12, 22001, '2018-07-07', '2018-07-12');
insert into locacao (usuario, exemplar, retirada, entrega) values (64, 22001, '2018-10-14', '2018-10-23');
insert into locacao (usuario, exemplar, retirada, entrega) values (3, 22001, '2018-11-11', '2018-11-21');
insert into locacao (usuario, exemplar, retirada, entrega) values (84, 22001, '2018-12-17', '2018-12-24');
insert into locacao (usuario, exemplar, retirada, entrega) values (28, 22001, '2019-02-16', '2019-02-21');
insert into locacao (usuario, exemplar, retirada, entrega) values (85, 22002, '2018-02-24', '2018-02-27');
insert into locacao (usuario, exemplar, retirada, entrega) values (88, 22002, '2018-04-29', '2018-05-10');
insert into locacao (usuario, exemplar, retirada, entrega) values (73, 22002, '2018-05-23', '2018-05-26');
insert into locacao (usuario, exemplar, retirada, entrega) values (37, 22002, '2018-06-19', '2018-06-21');
insert into locacao (usuario, exemplar, retirada, entrega) values (38, 22002, '2018-07-17', '2018-07-24');
insert into locacao (usuario, exemplar, retirada, entrega) values (19, 22002, '2018-08-28', '2018-09-04');
insert into locacao (usuario, exemplar, retirada, entrega) values (44, 22002, '2018-09-15', '2018-09-21');
insert into locacao (usuario, exemplar, retirada, entrega) values (77, 22002, '2018-09-29', '2018-10-04');
insert into locacao (usuario, exemplar, retirada, entrega) values (70, 22002, '2018-11-19', '2018-11-25');
insert into locacao (usuario, exemplar, retirada, entrega) values (69, 22002, '2019-02-19', '2019-02-25');
insert into locacao (usuario, exemplar, retirada, entrega) values (34, 22002, '2019-04-29', '2019-05-02');
insert into locacao (usuario, exemplar, retirada, entrega) values (27, 22003, '2018-02-12', '2018-02-15');
insert into locacao (usuario, exemplar, retirada, entrega) values (39, 22003, '2018-02-21', '2018-03-07');
insert into locacao (usuario, exemplar, retirada, entrega) values (47, 22003, '2018-03-12', '2018-03-14');
insert into locacao (usuario, exemplar, retirada, entrega) values (54, 22003, '2018-05-30', '2018-06-17');
insert into locacao (usuario, exemplar, retirada, entrega) values (15, 22003, '2018-06-04', '2018-06-07');
insert into locacao (usuario, exemplar, retirada, entrega) values (82, 22003, '2018-07-31', '2018-08-07');
insert into locacao (usuario, exemplar, retirada, entrega) values (5, 22003, '2018-08-02', '2018-08-06');
insert into locacao (usuario, exemplar, retirada, entrega) values (31, 22003, '2018-09-21', '2018-10-01');
insert into locacao (usuario, exemplar, retirada, entrega) values (53, 22003, '2018-12-18', '2018-12-25');
insert into locacao (usuario, exemplar, retirada, entrega) values (36, 22003, '2019-02-13', '2019-02-22');
insert into locacao (usuario, exemplar, retirada, entrega) values (94, 22003, '2019-04-30', '2019-05-04');
insert into locacao (usuario, exemplar, retirada, entrega) values (37, 22004, '2018-02-14', '2018-02-16');
insert into locacao (usuario, exemplar, retirada, entrega) values (71, 22004, '2018-04-29', '2018-05-02');
insert into locacao (usuario, exemplar, retirada, entrega) values (4, 22004, '2018-07-12', '2018-07-26');
insert into locacao (usuario, exemplar, retirada, entrega) values (41, 22004, '2018-07-26', '2018-08-06');
insert into locacao (usuario, exemplar, retirada, entrega) values (99, 22004, '2018-10-28', '2018-11-02');
insert into locacao (usuario, exemplar, retirada, entrega) values (71, 22004, '2018-11-07', '2018-11-24');
insert into locacao (usuario, exemplar, retirada, entrega) values (66, 22004, '2019-01-14', '2019-01-21');
insert into locacao (usuario, exemplar, retirada, entrega) values (18, 22004, '2019-04-13', '2019-04-25');
insert into locacao (usuario, exemplar, retirada, entrega) values (94, 22005, '2018-01-01', '2018-01-06');
insert into locacao (usuario, exemplar, retirada, entrega) values (35, 22005, '2018-03-22', '2018-04-10');
insert into locacao (usuario, exemplar, retirada, entrega) values (40, 22005, '2018-03-26', '2018-04-06');
insert into locacao (usuario, exemplar, retirada, entrega) values (46, 22005, '2018-06-06', '2018-06-24');
insert into locacao (usuario, exemplar, retirada, entrega) values (23, 22005, '2018-06-25', '2018-07-15');
insert into locacao (usuario, exemplar, retirada, entrega) values (38, 22005, '2018-08-28', '2018-09-21');
insert into locacao (usuario, exemplar, retirada, entrega) values (54, 22005, '2018-10-02', '2018-10-05');
insert into locacao (usuario, exemplar, retirada, entrega) values (77, 22005, '2018-10-18', '2018-10-20');
insert into locacao (usuario, exemplar, retirada, entrega) values (8, 22005, '2018-12-09', '2018-12-14');
insert into locacao (usuario, exemplar, retirada, entrega) values (63, 22005, '2019-03-03', '2019-03-08');
insert into locacao (usuario, exemplar, retirada, entrega) values (35, 22005, '2019-03-05', '2019-03-08');
insert into locacao (usuario, exemplar, retirada, entrega) values (22, 23001, '2018-01-21', '2018-01-31');
insert into locacao (usuario, exemplar, retirada, entrega) values (27, 23001, '2018-01-26', '2018-02-05');
insert into locacao (usuario, exemplar, retirada, entrega) values (74, 23001, '2018-03-30', '2018-04-03');
insert into locacao (usuario, exemplar, retirada, entrega) values (8, 23001, '2018-04-28', '2018-05-02');
insert into locacao (usuario, exemplar, retirada, entrega) values (69, 23001, '2018-06-11', '2018-07-01');
insert into locacao (usuario, exemplar, retirada, entrega) values (70, 23001, '2018-08-26', '2018-09-01');
insert into locacao (usuario, exemplar, retirada, entrega) values (94, 23001, '2018-11-03', '2018-11-17');
insert into locacao (usuario, exemplar, retirada, entrega) values (6, 23001, '2018-11-28', '2018-12-02');
insert into locacao (usuario, exemplar, retirada, entrega) values (24, 23001, '2018-12-08', '2018-12-17');
insert into locacao (usuario, exemplar, retirada, entrega) values (84, 23001, '2018-12-19', '2018-12-26');
insert into locacao (usuario, exemplar, retirada, entrega) values (21, 23001, '2019-03-25', '2019-04-21');
insert into locacao (usuario, exemplar, retirada, entrega) values (34, 23002, '2018-01-04', '2018-01-21');
insert into locacao (usuario, exemplar, retirada, entrega) values (76, 23002, '2018-04-08', '2018-04-11');
insert into locacao (usuario, exemplar, retirada, entrega) values (25, 23002, '2018-05-16', '2018-05-29');
insert into locacao (usuario, exemplar, retirada, entrega) values (91, 23002, '2018-05-22', '2018-05-25');
insert into locacao (usuario, exemplar, retirada, entrega) values (74, 23002, '2018-07-03', '2018-07-22');
insert into locacao (usuario, exemplar, retirada, entrega) values (100, 23002, '2018-07-27', '2018-08-15');
insert into locacao (usuario, exemplar, retirada, entrega) values (7, 23002, '2018-09-11', '2018-09-21');
insert into locacao (usuario, exemplar, retirada, entrega) values (79, 23002, '2018-12-06', '2018-12-10');
insert into locacao (usuario, exemplar, retirada, entrega) values (99, 23002, '2019-02-12', '2019-02-19');
insert into locacao (usuario, exemplar, retirada, entrega) values (35, 23002, '2019-03-02', '2019-03-12');
insert into locacao (usuario, exemplar, retirada, entrega) values (9, 23002, '2019-04-23', '2019-05-06');
insert into locacao (usuario, exemplar, retirada, entrega) values (37, 23003, '2018-02-20', '2018-03-13');
insert into locacao (usuario, exemplar, retirada, entrega) values (78, 23003, '2018-05-02', '2018-05-09');
insert into locacao (usuario, exemplar, retirada, entrega) values (9, 23003, '2018-07-07', '2018-07-09');
insert into locacao (usuario, exemplar, retirada, entrega) values (43, 23003, '2018-08-10', '2018-08-16');
insert into locacao (usuario, exemplar, retirada, entrega) values (56, 23003, '2018-10-11', '2018-10-20');
insert into locacao (usuario, exemplar, retirada, entrega) values (78, 23003, '2018-10-13', '2018-10-16');
insert into locacao (usuario, exemplar, retirada, entrega) values (77, 23003, '2018-10-23', '2018-10-30');
insert into locacao (usuario, exemplar, retirada, entrega) values (52, 23003, '2019-01-05', '2019-01-08');
insert into locacao (usuario, exemplar, retirada, entrega) values (79, 23003, '2019-02-18', '2019-03-11');
insert into locacao (usuario, exemplar, retirada, entrega) values (96, 23003, '2019-03-27', '2019-04-14');
insert into locacao (usuario, exemplar, retirada, entrega) values (98, 24001, '2018-04-08', '2018-04-15');
insert into locacao (usuario, exemplar, retirada, entrega) values (59, 24001, '2018-06-21', '2018-07-11');
insert into locacao (usuario, exemplar, retirada, entrega) values (71, 24001, '2018-07-25', '2018-07-29');
insert into locacao (usuario, exemplar, retirada, entrega) values (16, 24001, '2018-10-19', '2018-11-01');
insert into locacao (usuario, exemplar, retirada, entrega) values (62, 24001, '2018-11-30', '2018-12-06');
insert into locacao (usuario, exemplar, retirada, entrega) values (56, 24001, '2018-12-27', '2019-01-22');
insert into locacao (usuario, exemplar, retirada, entrega) values (23, 24001, '2019-02-26', '2019-03-16');
insert into locacao (usuario, exemplar, retirada, entrega) values (65, 24001, '2019-04-11', '2019-04-15');
insert into locacao (usuario, exemplar, retirada, entrega) values (24, 24002, '2018-03-07', '2018-03-28');
insert into locacao (usuario, exemplar, retirada, entrega) values (49, 24002, '2018-06-02', '2018-06-07');
insert into locacao (usuario, exemplar, retirada, entrega) values (45, 24002, '2018-06-28', '2018-07-09');
insert into locacao (usuario, exemplar, retirada, entrega) values (52, 24002, '2018-09-16', '2018-09-27');
insert into locacao (usuario, exemplar, retirada, entrega) values (65, 24002, '2018-11-07', '2018-11-12');
insert into locacao (usuario, exemplar, retirada, entrega) values (6, 24002, '2018-12-07', '2018-12-17');
insert into locacao (usuario, exemplar, retirada, entrega) values (57, 24002, '2018-12-30', '2019-01-05');
insert into locacao (usuario, exemplar, retirada, entrega) values (6, 24002, '2019-01-28', '2019-01-31');
insert into locacao (usuario, exemplar, retirada, entrega) values (72, 24002, '2019-03-16', '2019-03-28');
insert into locacao (usuario, exemplar, retirada, entrega) values (61, 24003, '2018-01-31', '2018-02-05');
insert into locacao (usuario, exemplar, retirada, entrega) values (93, 24003, '2018-02-16', '2018-02-22');
insert into locacao (usuario, exemplar, retirada, entrega) values (100, 24003, '2018-05-15', '2018-05-24');
insert into locacao (usuario, exemplar, retirada, entrega) values (47, 24003, '2018-06-12', '2018-06-15');
insert into locacao (usuario, exemplar, retirada, entrega) values (41, 24003, '2018-09-08', '2018-09-13');
insert into locacao (usuario, exemplar, retirada, entrega) values (76, 24003, '2018-11-21', '2018-11-26');
insert into locacao (usuario, exemplar, retirada, entrega) values (29, 24003, '2019-01-18', '2019-01-24');
insert into locacao (usuario, exemplar, retirada, entrega) values (72, 24003, '2019-02-20', '2019-03-06');
insert into locacao (usuario, exemplar, retirada, entrega) values (62, 24003, '2019-04-17', '2019-04-20');
insert into locacao (usuario, exemplar, retirada, entrega) values (40, 24004, '2018-01-14', '2018-01-17');
insert into locacao (usuario, exemplar, retirada, entrega) values (19, 24004, '2018-01-26', '2018-02-14');
insert into locacao (usuario, exemplar, retirada, entrega) values (35, 24004, '2018-03-20', '2018-03-26');
insert into locacao (usuario, exemplar, retirada, entrega) values (75, 24004, '2018-05-21', '2018-05-24');
insert into locacao (usuario, exemplar, retirada, entrega) values (63, 24004, '2018-06-11', '2018-06-25');
insert into locacao (usuario, exemplar, retirada, entrega) values (76, 24004, '2018-08-24', '2018-08-26');
insert into locacao (usuario, exemplar, retirada, entrega) values (27, 24004, '2018-11-06', '2018-11-12');
insert into locacao (usuario, exemplar, retirada, entrega) values (77, 24004, '2018-11-09', '2018-11-27');
insert into locacao (usuario, exemplar, retirada, entrega) values (91, 24004, '2018-11-09', '2018-11-11');
insert into locacao (usuario, exemplar, retirada, entrega) values (71, 24004, '2019-01-29', '2019-02-03');
insert into locacao (usuario, exemplar, retirada, entrega) values (73, 24004, '2019-03-12', '2019-03-18');
insert into locacao (usuario, exemplar, retirada, entrega) values (61, 25001, '2018-02-28', '2018-03-05');
insert into locacao (usuario, exemplar, retirada, entrega) values (62, 25001, '2018-05-03', '2018-05-10');
insert into locacao (usuario, exemplar, retirada, entrega) values (3, 25001, '2018-08-03', '2018-08-05');
insert into locacao (usuario, exemplar, retirada, entrega) values (74, 25001, '2018-08-22', '2018-09-07');
insert into locacao (usuario, exemplar, retirada, entrega) values (86, 25001, '2018-10-12', '2018-10-16');
insert into locacao (usuario, exemplar, retirada, entrega) values (49, 25001, '2018-11-09', '2018-11-15');
insert into locacao (usuario, exemplar, retirada, entrega) values (81, 25001, '2018-11-28', '2018-11-30');
insert into locacao (usuario, exemplar, retirada, entrega) values (69, 25001, '2018-12-11', '2018-12-17');
insert into locacao (usuario, exemplar, retirada, entrega) values (60, 25001, '2019-03-01', '2019-03-05');
insert into locacao (usuario, exemplar, retirada, entrega) values (7, 25001, '2019-03-04', '2019-03-10');
insert into locacao (usuario, exemplar, retirada, entrega) values (84, 25001, '2019-04-10', '2019-04-16');
insert into locacao (usuario, exemplar, retirada, entrega) values (94, 25002, '2018-02-21', '2018-02-24');
insert into locacao (usuario, exemplar, retirada, entrega) values (25, 25002, '2018-02-21', '2018-03-11');
insert into locacao (usuario, exemplar, retirada, entrega) values (20, 25002, '2018-03-11', '2018-04-08');
insert into locacao (usuario, exemplar, retirada, entrega) values (42, 25002, '2018-05-27', '2018-06-14');
insert into locacao (usuario, exemplar, retirada, entrega) values (82, 25002, '2018-06-17', '2018-06-23');
insert into locacao (usuario, exemplar, retirada, entrega) values (49, 25002, '2018-07-17', '2018-08-06');
insert into locacao (usuario, exemplar, retirada, entrega) values (10, 25002, '2018-07-18', '2018-07-25');
insert into locacao (usuario, exemplar, retirada, entrega) values (9, 25002, '2018-08-14', '2018-08-16');
insert into locacao (usuario, exemplar, retirada, entrega) values (38, 25002, '2018-10-01', '2018-10-21');
insert into locacao (usuario, exemplar, retirada, entrega) values (1, 25002, '2018-11-10', '2018-11-21');
insert into locacao (usuario, exemplar, retirada, entrega) values (26, 25002, '2019-02-10', '2019-02-15');
insert into locacao (usuario, exemplar, retirada, entrega) values (48, 25002, '2019-04-06', '2019-04-09');
insert into locacao (usuario, exemplar, retirada, entrega) values (33, 25003, '2018-02-06', '2018-02-10');
insert into locacao (usuario, exemplar, retirada, entrega) values (8, 25003, '2018-04-23', '2018-04-30');
insert into locacao (usuario, exemplar, retirada, entrega) values (93, 25003, '2018-05-01', '2018-05-10');
insert into locacao (usuario, exemplar, retirada, entrega) values (76, 25003, '2018-06-19', '2018-06-25');
insert into locacao (usuario, exemplar, retirada, entrega) values (74, 25003, '2018-08-05', '2018-08-22');
insert into locacao (usuario, exemplar, retirada, entrega) values (23, 25003, '2018-09-03', '2018-09-24');
insert into locacao (usuario, exemplar, retirada, entrega) values (79, 25003, '2018-11-14', '2018-11-23');
insert into locacao (usuario, exemplar, retirada, entrega) values (54, 25003, '2019-01-11', '2019-01-18');
insert into locacao (usuario, exemplar, retirada, entrega) values (53, 25003, '2019-02-19', '2019-02-28');
insert into locacao (usuario, exemplar, retirada, entrega) values (99, 26001, '2018-03-06', '2018-03-20');
insert into locacao (usuario, exemplar, retirada, entrega) values (8, 26001, '2018-03-12', '2018-03-21');
insert into locacao (usuario, exemplar, retirada, entrega) values (35, 26001, '2018-06-01', '2018-06-06');
insert into locacao (usuario, exemplar, retirada, entrega) values (25, 26001, '2018-06-08', '2018-06-14');
insert into locacao (usuario, exemplar, retirada, entrega) values (49, 26001, '2018-09-04', '2018-09-23');
insert into locacao (usuario, exemplar, retirada, entrega) values (7, 26001, '2018-10-24', '2018-11-03');
insert into locacao (usuario, exemplar, retirada, entrega) values (22, 26001, '2018-12-14', '2018-12-16');
insert into locacao (usuario, exemplar, retirada, entrega) values (74, 26001, '2019-01-06', '2019-01-22');
insert into locacao (usuario, exemplar, retirada, entrega) values (69, 26001, '2019-04-14', '2019-04-17');
insert into locacao (usuario, exemplar, retirada, entrega) values (81, 26002, '2018-03-29', '2018-04-01');
insert into locacao (usuario, exemplar, retirada, entrega) values (64, 26002, '2018-04-13', '2018-04-20');
insert into locacao (usuario, exemplar, retirada, entrega) values (84, 26002, '2018-06-15', '2018-06-21');
insert into locacao (usuario, exemplar, retirada, entrega) values (33, 26002, '2018-06-30', '2018-07-17');
insert into locacao (usuario, exemplar, retirada, entrega) values (75, 26002, '2018-08-19', '2018-08-21');
insert into locacao (usuario, exemplar, retirada, entrega) values (32, 26002, '2018-10-23', '2018-10-29');
insert into locacao (usuario, exemplar, retirada, entrega) values (95, 26002, '2019-01-13', '2019-01-18');
insert into locacao (usuario, exemplar, retirada, entrega) values (26, 26002, '2019-02-10', '2019-02-15');
insert into locacao (usuario, exemplar, retirada, entrega) values (81, 26002, '2019-02-11', '2019-03-04');
insert into locacao (usuario, exemplar, retirada, entrega) values (14, 26003, '2018-02-18', '2018-02-28');
insert into locacao (usuario, exemplar, retirada, entrega) values (98, 26003, '2018-03-02', '2018-03-08');
insert into locacao (usuario, exemplar, retirada, entrega) values (71, 26003, '2018-05-10', '2018-05-27');
insert into locacao (usuario, exemplar, retirada, entrega) values (29, 26003, '2018-05-22', '2018-05-31');
insert into locacao (usuario, exemplar, retirada, entrega) values (66, 26003, '2018-08-15', '2018-08-21');
insert into locacao (usuario, exemplar, retirada, entrega) values (32, 26003, '2018-10-01', '2018-10-21');
insert into locacao (usuario, exemplar, retirada, entrega) values (96, 26003, '2018-12-13', '2018-12-22');
insert into locacao (usuario, exemplar, retirada, entrega) values (79, 26003, '2019-02-16', '2019-02-23');
insert into locacao (usuario, exemplar, retirada, entrega) values (88, 26003, '2019-03-25', '2019-04-03');
insert into locacao (usuario, exemplar, retirada, entrega) values (2, 26004, '2018-03-20', '2018-04-16');
insert into locacao (usuario, exemplar, retirada, entrega) values (100, 26004, '2018-06-14', '2018-06-16');
insert into locacao (usuario, exemplar, retirada, entrega) values (29, 26004, '2018-08-23', '2018-08-27');
insert into locacao (usuario, exemplar, retirada, entrega) values (2, 26004, '2018-10-28', '2018-11-04');
insert into locacao (usuario, exemplar, retirada, entrega) values (23, 26004, '2018-11-30', '2018-12-19');
insert into locacao (usuario, exemplar, retirada, entrega) values (65, 26004, '2019-02-16', '2019-02-27');
insert into locacao (usuario, exemplar, retirada, entrega) values (77, 26004, '2019-02-21', '2019-02-24');
insert into locacao (usuario, exemplar, retirada, entrega) values (29, 26004, '2019-03-30', '2019-04-20');
insert into locacao (usuario, exemplar, retirada, entrega) values (88, 26005, '2018-03-23', '2018-03-28');
insert into locacao (usuario, exemplar, retirada, entrega) values (75, 26005, '2018-06-10', '2018-06-13');
insert into locacao (usuario, exemplar, retirada, entrega) values (83, 26005, '2018-07-10', '2018-07-12');
insert into locacao (usuario, exemplar, retirada, entrega) values (39, 26005, '2018-10-01', '2018-10-27');
insert into locacao (usuario, exemplar, retirada, entrega) values (87, 26005, '2018-12-02', '2018-12-08');
insert into locacao (usuario, exemplar, retirada, entrega) values (17, 26005, '2018-12-08', '2018-12-14');
insert into locacao (usuario, exemplar, retirada, entrega) values (52, 26005, '2019-01-18', '2019-01-25');
insert into locacao (usuario, exemplar, retirada, entrega) values (79, 26005, '2019-01-22', '2019-01-24');
insert into locacao (usuario, exemplar, retirada, entrega) values (71, 26005, '2019-01-31', '2019-02-04');
insert into locacao (usuario, exemplar, retirada, entrega) values (29, 26005, '2019-04-27', '2019-05-10');
insert into locacao (usuario, exemplar, retirada, entrega) values (44, 27001, '2018-03-04', '2018-03-07');
insert into locacao (usuario, exemplar, retirada, entrega) values (67, 27001, '2018-06-08', '2018-06-25');
insert into locacao (usuario, exemplar, retirada, entrega) values (73, 27001, '2018-08-30', '2018-09-26');
insert into locacao (usuario, exemplar, retirada, entrega) values (8, 27001, '2018-10-22', '2018-10-24');
insert into locacao (usuario, exemplar, retirada, entrega) values (24, 27001, '2018-12-03', '2018-12-08');
insert into locacao (usuario, exemplar, retirada, entrega) values (80, 27001, '2019-01-18', '2019-01-22');
insert into locacao (usuario, exemplar, retirada, entrega) values (81, 27001, '2019-03-12', '2019-03-28');
insert into locacao (usuario, exemplar, retirada, entrega) values (18, 27002, '2018-01-01', '2018-01-07');
insert into locacao (usuario, exemplar, retirada, entrega) values (22, 27002, '2018-01-30', '2018-02-06');
insert into locacao (usuario, exemplar, retirada, entrega) values (8, 27002, '2018-03-05', '2018-03-07');
insert into locacao (usuario, exemplar, retirada, entrega) values (76, 27002, '2018-05-16', '2018-05-25');
insert into locacao (usuario, exemplar, retirada, entrega) values (49, 27002, '2018-06-03', '2018-06-13');
insert into locacao (usuario, exemplar, retirada, entrega) values (100, 27002, '2018-07-14', '2018-07-24');
insert into locacao (usuario, exemplar, retirada, entrega) values (21, 27002, '2018-07-20', '2018-07-25');
insert into locacao (usuario, exemplar, retirada, entrega) values (78, 27002, '2018-09-26', '2018-09-30');
insert into locacao (usuario, exemplar, retirada, entrega) values (39, 27002, '2018-11-20', '2018-11-24');
insert into locacao (usuario, exemplar, retirada, entrega) values (56, 27002, '2018-12-12', '2019-01-04');
insert into locacao (usuario, exemplar, retirada, entrega) values (78, 27002, '2018-12-18', '2018-12-30');
insert into locacao (usuario, exemplar, retirada, entrega) values (56, 27002, '2019-02-11', '2019-02-18');
insert into locacao (usuario, exemplar, retirada, entrega) values (94, 27002, '2019-03-05', '2019-03-24');
insert into locacao (usuario, exemplar, retirada, entrega) values (91, 27002, '2019-03-30', '2019-04-19');
insert into locacao (usuario, exemplar, retirada, entrega) values (13, 27003, '2018-01-31', '2018-02-02');
insert into locacao (usuario, exemplar, retirada, entrega) values (15, 27003, '2018-02-20', '2018-03-16');
insert into locacao (usuario, exemplar, retirada, entrega) values (88, 27003, '2018-03-21', '2018-03-26');
insert into locacao (usuario, exemplar, retirada, entrega) values (99, 27003, '2018-05-03', '2018-05-07');
insert into locacao (usuario, exemplar, retirada, entrega) values (27, 27003, '2018-05-27', '2018-06-22');
insert into locacao (usuario, exemplar, retirada, entrega) values (19, 27003, '2018-07-28', '2018-08-07');
insert into locacao (usuario, exemplar, retirada, entrega) values (48, 27003, '2018-10-20', '2018-10-25');
insert into locacao (usuario, exemplar, retirada, entrega) values (40, 27003, '2018-11-21', '2018-11-26');
insert into locacao (usuario, exemplar, retirada, entrega) values (20, 27003, '2018-12-13', '2018-12-15');
insert into locacao (usuario, exemplar, retirada, entrega) values (5, 27003, '2019-02-19', '2019-02-24');
insert into locacao (usuario, exemplar, retirada, entrega) values (23, 27003, '2019-04-23', '2019-04-29');
insert into locacao (usuario, exemplar, retirada, entrega) values (63, 27004, '2018-02-24', '2018-02-26');
insert into locacao (usuario, exemplar, retirada, entrega) values (14, 27004, '2018-04-20', '2018-04-24');
insert into locacao (usuario, exemplar, retirada, entrega) values (85, 27004, '2018-05-05', '2018-05-10');
insert into locacao (usuario, exemplar, retirada, entrega) values (60, 27004, '2018-05-23', '2018-05-29');
insert into locacao (usuario, exemplar, retirada, entrega) values (50, 27004, '2018-08-27', '2018-08-29');
insert into locacao (usuario, exemplar, retirada, entrega) values (10, 27004, '2018-09-18', '2018-09-20');
insert into locacao (usuario, exemplar, retirada, entrega) values (5, 27004, '2018-11-26', '2018-11-28');
insert into locacao (usuario, exemplar, retirada, entrega) values (72, 27004, '2018-12-13', '2018-12-17');
insert into locacao (usuario, exemplar, retirada, entrega) values (30, 27004, '2019-03-09', '2019-03-13');
insert into locacao (usuario, exemplar, retirada, entrega) values (87, 27005, '2018-02-16', '2018-02-19');
insert into locacao (usuario, exemplar, retirada, entrega) values (33, 27005, '2018-03-20', '2018-03-29');
insert into locacao (usuario, exemplar, retirada, entrega) values (93, 27005, '2018-05-09', '2018-05-14');
insert into locacao (usuario, exemplar, retirada, entrega) values (59, 27005, '2018-06-04', '2018-06-23');
insert into locacao (usuario, exemplar, retirada, entrega) values (71, 27005, '2018-07-20', '2018-08-03');
insert into locacao (usuario, exemplar, retirada, entrega) values (49, 27005, '2018-07-23', '2018-07-26');
insert into locacao (usuario, exemplar, retirada, entrega) values (56, 27005, '2018-07-24', '2018-08-16');
insert into locacao (usuario, exemplar, retirada, entrega) values (100, 27005, '2018-10-28', '2018-11-11');
insert into locacao (usuario, exemplar, retirada, entrega) values (100, 27005, '2018-11-24', '2018-12-01');
insert into locacao (usuario, exemplar, retirada, entrega) values (29, 27005, '2018-12-13', '2019-01-09');
insert into locacao (usuario, exemplar, retirada, entrega) values (65, 27005, '2019-01-05', '2019-01-21');
insert into locacao (usuario, exemplar, retirada, entrega) values (63, 27005, '2019-02-03', '2019-02-10');
insert into locacao (usuario, exemplar, retirada, entrega) values (94, 27005, '2019-02-14', '2019-02-23');
insert into locacao (usuario, exemplar, retirada, entrega) values (43, 28001, '2018-01-14', '2018-01-20');
insert into locacao (usuario, exemplar, retirada, entrega) values (87, 28001, '2018-04-02', '2018-04-07');
insert into locacao (usuario, exemplar, retirada, entrega) values (39, 28001, '2018-06-08', '2018-06-18');
insert into locacao (usuario, exemplar, retirada, entrega) values (26, 28001, '2018-06-30', '2018-07-02');
insert into locacao (usuario, exemplar, retirada, entrega) values (85, 28001, '2018-09-06', '2018-09-12');
insert into locacao (usuario, exemplar, retirada, entrega) values (76, 28001, '2018-11-04', '2018-11-09');
insert into locacao (usuario, exemplar, retirada, entrega) values (97, 28001, '2018-11-05', '2018-11-12');
insert into locacao (usuario, exemplar, retirada, entrega) values (55, 28001, '2019-01-15', '2019-01-22');
insert into locacao (usuario, exemplar, retirada, entrega) values (43, 28001, '2019-04-15', '2019-04-27');
insert into locacao (usuario, exemplar, retirada, entrega) values (47, 28002, '2018-03-14', '2018-03-20');
insert into locacao (usuario, exemplar, retirada, entrega) values (38, 28002, '2018-05-25', '2018-05-30');
insert into locacao (usuario, exemplar, retirada, entrega) values (90, 28002, '2018-06-08', '2018-06-28');
insert into locacao (usuario, exemplar, retirada, entrega) values (59, 28002, '2018-06-17', '2018-06-23');
insert into locacao (usuario, exemplar, retirada, entrega) values (66, 28002, '2018-08-14', '2018-08-20');
insert into locacao (usuario, exemplar, retirada, entrega) values (21, 28002, '2018-08-14', '2018-09-01');
insert into locacao (usuario, exemplar, retirada, entrega) values (43, 28002, '2018-10-08', '2018-11-02');
insert into locacao (usuario, exemplar, retirada, entrega) values (47, 28002, '2018-11-29', '2018-12-06');
insert into locacao (usuario, exemplar, retirada, entrega) values (54, 28002, '2019-02-18', '2019-02-24');
insert into locacao (usuario, exemplar, retirada, entrega) values (25, 28002, '2019-04-18', '2019-04-25');
insert into locacao (usuario, exemplar, retirada, entrega) values (1, 28002, '2019-04-18', '2019-04-20');
insert into locacao (usuario, exemplar, retirada, entrega) values (83, 28003, '2018-03-28', '2018-04-03');
insert into locacao (usuario, exemplar, retirada, entrega) values (93, 28003, '2018-05-29', '2018-06-04');
insert into locacao (usuario, exemplar, retirada, entrega) values (22, 28003, '2018-07-20', '2018-07-22');
insert into locacao (usuario, exemplar, retirada, entrega) values (20, 28003, '2018-08-04', '2018-08-29');
insert into locacao (usuario, exemplar, retirada, entrega) values (27, 28003, '2018-10-25', '2018-10-31');
insert into locacao (usuario, exemplar, retirada, entrega) values (4, 28003, '2018-11-19', '2018-11-24');
insert into locacao (usuario, exemplar, retirada, entrega) values (5, 28003, '2019-02-25', '2019-03-04');
insert into locacao (usuario, exemplar, retirada, entrega) values (7, 28004, '2018-01-14', '2018-02-02');
insert into locacao (usuario, exemplar, retirada, entrega) values (10, 28004, '2018-02-28', '2018-03-03');
insert into locacao (usuario, exemplar, retirada, entrega) values (82, 28004, '2018-05-25', '2018-05-29');
insert into locacao (usuario, exemplar, retirada, entrega) values (97, 28004, '2018-08-07', '2018-08-09');
insert into locacao (usuario, exemplar, retirada, entrega) values (34, 28004, '2018-10-26', '2018-10-30');
insert into locacao (usuario, exemplar, retirada, entrega) values (15, 28004, '2018-12-19', '2019-01-16');
insert into locacao (usuario, exemplar, retirada, entrega) values (66, 28004, '2019-03-22', '2019-03-28');
insert into locacao (usuario, exemplar, retirada, entrega) values (7, 28005, '2018-02-22', '2018-02-27');
insert into locacao (usuario, exemplar, retirada, entrega) values (90, 28005, '2018-05-08', '2018-05-12');
insert into locacao (usuario, exemplar, retirada, entrega) values (2, 28005, '2018-05-13', '2018-05-16');
insert into locacao (usuario, exemplar, retirada, entrega) values (52, 28005, '2018-07-25', '2018-07-27');
insert into locacao (usuario, exemplar, retirada, entrega) values (2, 28005, '2018-08-03', '2018-08-06');
insert into locacao (usuario, exemplar, retirada, entrega) values (36, 28005, '2018-08-04', '2018-08-11');
insert into locacao (usuario, exemplar, retirada, entrega) values (13, 28005, '2018-11-08', '2018-11-14');
insert into locacao (usuario, exemplar, retirada, entrega) values (14, 28005, '2018-11-27', '2018-11-30');
insert into locacao (usuario, exemplar, retirada, entrega) values (31, 28005, '2019-01-05', '2019-01-29');
insert into locacao (usuario, exemplar, retirada, entrega) values (45, 28005, '2019-01-07', '2019-01-27');
insert into locacao (usuario, exemplar, retirada, entrega) values (42, 28005, '2019-04-06', '2019-04-10');
insert into locacao (usuario, exemplar, retirada, entrega) values (52, 29001, '2018-03-11', '2018-03-29');
insert into locacao (usuario, exemplar, retirada, entrega) values (13, 29001, '2018-06-12', '2018-06-17');
insert into locacao (usuario, exemplar, retirada, entrega) values (57, 29001, '2018-07-31', '2018-08-07');
insert into locacao (usuario, exemplar, retirada, entrega) values (40, 29001, '2018-11-01', '2018-11-03');
insert into locacao (usuario, exemplar, retirada, entrega) values (45, 29001, '2018-11-12', '2018-11-15');
insert into locacao (usuario, exemplar, retirada, entrega) values (54, 29001, '2019-01-24', '2019-01-31');
insert into locacao (usuario, exemplar, retirada, entrega) values (15, 29001, '2019-04-14', '2019-04-21');
insert into locacao (usuario, exemplar, retirada, entrega) values (99, 29002, '2018-03-20', '2018-03-22');
insert into locacao (usuario, exemplar, retirada, entrega) values (1, 29002, '2018-05-15', '2018-05-18');
insert into locacao (usuario, exemplar, retirada, entrega) values (21, 29002, '2018-05-29', '2018-06-03');
insert into locacao (usuario, exemplar, retirada, entrega) values (39, 29002, '2018-07-06', '2018-07-10');
insert into locacao (usuario, exemplar, retirada, entrega) values (67, 29002, '2018-08-09', '2018-08-12');
insert into locacao (usuario, exemplar, retirada, entrega) values (61, 29002, '2018-11-07', '2018-11-10');
insert into locacao (usuario, exemplar, retirada, entrega) values (90, 29002, '2019-01-13', '2019-02-08');
insert into locacao (usuario, exemplar, retirada, entrega) values (62, 29002, '2019-02-20', '2019-03-11');
insert into locacao (usuario, exemplar, retirada, entrega) values (32, 29002, '2019-03-10', '2019-03-16');
insert into locacao (usuario, exemplar, retirada, entrega) values (51, 29003, '2018-02-06', '2018-02-18');
insert into locacao (usuario, exemplar, retirada, entrega) values (80, 29003, '2018-05-15', '2018-05-21');
insert into locacao (usuario, exemplar, retirada, entrega) values (62, 29003, '2018-07-13', '2018-07-17');
insert into locacao (usuario, exemplar, retirada, entrega) values (58, 29003, '2018-07-16', '2018-07-20');
insert into locacao (usuario, exemplar, retirada, entrega) values (46, 29003, '2018-09-28', '2018-10-19');
insert into locacao (usuario, exemplar, retirada, entrega) values (11, 29003, '2018-12-24', '2019-01-02');
insert into locacao (usuario, exemplar, retirada, entrega) values (30, 29003, '2019-01-17', '2019-01-24');
insert into locacao (usuario, exemplar, retirada, entrega) values (100, 29003, '2019-04-23', '2019-05-04');
insert into locacao (usuario, exemplar, retirada, entrega) values (39, 29004, '2018-03-30', '2018-04-03');
insert into locacao (usuario, exemplar, retirada, entrega) values (19, 29004, '2018-04-07', '2018-04-12');
insert into locacao (usuario, exemplar, retirada, entrega) values (42, 29004, '2018-05-23', '2018-05-27');
insert into locacao (usuario, exemplar, retirada, entrega) values (47, 29004, '2018-07-02', '2018-07-15');
insert into locacao (usuario, exemplar, retirada, entrega) values (16, 29004, '2018-07-04', '2018-07-07');
insert into locacao (usuario, exemplar, retirada, entrega) values (45, 29004, '2018-10-10', '2018-10-16');
insert into locacao (usuario, exemplar, retirada, entrega) values (31, 29004, '2019-01-10', '2019-01-31');
insert into locacao (usuario, exemplar, retirada, entrega) values (68, 29004, '2019-04-10', '2019-04-13');
insert into locacao (usuario, exemplar, retirada, entrega) values (4, 29005, '2018-02-08', '2018-02-13');
insert into locacao (usuario, exemplar, retirada, entrega) values (2, 29005, '2018-02-12', '2018-03-05');
insert into locacao (usuario, exemplar, retirada, entrega) values (63, 29005, '2018-04-22', '2018-04-28');
insert into locacao (usuario, exemplar, retirada, entrega) values (19, 29005, '2018-06-22', '2018-07-18');
insert into locacao (usuario, exemplar, retirada, entrega) values (33, 29005, '2018-09-13', '2018-09-20');
insert into locacao (usuario, exemplar, retirada, entrega) values (57, 29005, '2018-12-16', '2018-12-29');
insert into locacao (usuario, exemplar, retirada, entrega) values (15, 29005, '2019-03-20', '2019-03-22');
insert into locacao (usuario, exemplar, retirada, entrega) values (34, 29005, '2019-04-23', '2019-04-30');
insert into locacao (usuario, exemplar, retirada, entrega) values (23, 30001, '2018-01-11', '2018-01-27');
insert into locacao (usuario, exemplar, retirada, entrega) values (86, 30001, '2018-02-15', '2018-03-11');
insert into locacao (usuario, exemplar, retirada, entrega) values (96, 30001, '2018-03-16', '2018-03-21');
insert into locacao (usuario, exemplar, retirada, entrega) values (35, 30001, '2018-04-06', '2018-04-10');
insert into locacao (usuario, exemplar, retirada, entrega) values (47, 30001, '2018-06-23', '2018-07-05');
insert into locacao (usuario, exemplar, retirada, entrega) values (44, 30001, '2018-09-08', '2018-09-22');
insert into locacao (usuario, exemplar, retirada, entrega) values (67, 30001, '2018-11-18', '2018-12-02');
insert into locacao (usuario, exemplar, retirada, entrega) values (20, 30001, '2019-01-11', '2019-01-27');
insert into locacao (usuario, exemplar, retirada, entrega) values (2, 30001, '2019-02-14', '2019-02-17');
insert into locacao (usuario, exemplar, retirada, entrega) values (97, 30002, '2018-01-30', '2018-02-04');
insert into locacao (usuario, exemplar, retirada, entrega) values (58, 30002, '2018-04-27', '2018-04-29');
insert into locacao (usuario, exemplar, retirada, entrega) values (37, 30002, '2018-07-02', '2018-07-06');
insert into locacao (usuario, exemplar, retirada, entrega) values (97, 30002, '2018-10-08', '2018-10-15');
insert into locacao (usuario, exemplar, retirada, entrega) values (62, 30002, '2019-01-09', '2019-01-12');
insert into locacao (usuario, exemplar, retirada, entrega) values (96, 30002, '2019-01-30', '2019-02-06');
insert into locacao (usuario, exemplar, retirada, entrega) values (26, 30002, '2019-04-17', '2019-04-20');
insert into locacao (usuario, exemplar, retirada, entrega) values (98, 30003, '2018-04-08', '2018-04-17');
insert into locacao (usuario, exemplar, retirada, entrega) values (60, 30003, '2018-06-15', '2018-06-17');
insert into locacao (usuario, exemplar, retirada, entrega) values (87, 30003, '2018-07-08', '2018-07-10');
insert into locacao (usuario, exemplar, retirada, entrega) values (3, 30003, '2018-09-06', '2018-09-09');
insert into locacao (usuario, exemplar, retirada, entrega) values (86, 30003, '2018-11-25', '2018-12-01');
insert into locacao (usuario, exemplar, retirada, entrega) values (11, 30003, '2019-02-10', '2019-02-17');
insert into locacao (usuario, exemplar, retirada, entrega) values (67, 30003, '2019-03-01', '2019-03-03');
insert into locacao (usuario, exemplar, retirada, entrega) values (89, 30003, '2019-03-24', '2019-03-27');
insert into locacao (usuario, exemplar, retirada, entrega) values (71, 30003, '2019-03-26', '2019-04-05');
insert into locacao (usuario, exemplar, retirada) values (5, 2001, '2019-05-16');
insert into locacao (usuario, exemplar, retirada) values (28, 3002, '2019-05-08');
insert into locacao (usuario, exemplar, retirada) values (54, 4001, '2019-05-14');
insert into locacao (usuario, exemplar, retirada) values (25, 6002, '2019-05-10');
insert into locacao (usuario, exemplar, retirada) values (69, 7001, '2019-05-06');
insert into locacao (usuario, exemplar, retirada) values (6, 7002, '2019-05-12');
insert into locacao (usuario, exemplar, retirada) values (59, 7004, '2019-05-03');
insert into locacao (usuario, exemplar, retirada) values (11, 8003, '2019-05-10');
insert into locacao (usuario, exemplar, retirada) values (84, 8005, '2019-05-04');
insert into locacao (usuario, exemplar, retirada) values (3, 9001, '2019-05-08');
insert into locacao (usuario, exemplar, retirada) values (50, 9002, '2019-05-07');
insert into locacao (usuario, exemplar, retirada) values (59, 16002, '2019-05-18');
insert into locacao (usuario, exemplar, retirada) values (76, 22001, '2019-05-18');
insert into locacao (usuario, exemplar, retirada) values (88, 22003, '2019-05-11');
insert into locacao (usuario, exemplar, retirada) values (91, 22005, '2019-05-17');
insert into locacao (usuario, exemplar, retirada) values (38, 23001, '2019-05-04');
insert into locacao (usuario, exemplar, retirada) values (92, 24001, '2019-05-12');
insert into locacao (usuario, exemplar, retirada) values (78, 24003, '2019-05-11');
insert into locacao (usuario, exemplar, retirada) values (50, 25002, '2019-05-19');
insert into locacao (usuario, exemplar, retirada) values (16, 25003, '2019-05-07');
insert into locacao (usuario, exemplar, retirada) values (64, 28002, '2019-05-09');
----------------------------------------------------------------------------------------------------
-- Sabendo que o prazo de locao  de 21 dias para professores, 14 dias para funcionrios e 7 dias para alunos:
--1) Mostrar a quantidade de alunos por curso que no atrasaram entrega de livros nos ltimos 3 meses.
--2) Mostrar, de duas formas diferentes, o nome dos usurios que atrasaram entrega de livros nos ltimos 3 meses.
--3) Mostrar o nome dos alunos com a 1a, 2a e 3a maior quantidade de locaes de livros sobre PostgreSQL nos ltimos 9 meses.

