\c postgres
drop database biblioteca;
create database biblioteca;
\c biblioteca
create table usuario (codigo integer not null, nome varchar(100) not null, tipo char(1) not null check ((tipo = 'A') or (tipo = 'P') or (tipo = 'F')), curso varchar(100), primary key (codigo));
create table livro (codigo integer not null, titulo varchar(200) not null, primary key (codigo));
create table exemplar (codigo integer not null, livro integer not null references livro(codigo), primary key (codigo));
create table locacao (usuario integer not null references usuario(codigo), exemplar integer not null references exemplar(codigo), retirada date not null default now(), entrega date, primary key (usuario, exemplar, retirada));
insert into usuario (codigo, nome, tipo) values (1, 'funcionario 1', 'F');
insert into usuario (codigo, nome, tipo) values (2, 'professor 2', 'P');
insert into usuario (codigo, nome, tipo) values (3, 'professor 3', 'P');
insert into usuario (codigo, nome, tipo, curso) values (4, 'aluno 4', 'A', 'curso tecnico integrado em refrigeracao e ar condicionado');
insert into usuario (codigo, nome, tipo) values (5, 'funcionario 5', 'F');
insert into usuario (codigo, nome, tipo) values (6, 'funcionario 6', 'F');
insert into usuario (codigo, nome, tipo, curso) values (7, 'aluno 7', 'A', 'curso tecnico integrado em refrigeracao e ar condicionado');
insert into usuario (codigo, nome, tipo, curso) values (8, 'aluno 8', 'A', 'curso superior de tecnologia em analise e desenvolvimento de sistemas');
insert into usuario (codigo, nome, tipo, curso) values (9, 'aluno 9', 'A', 'curso tecnico integrado em informatica para internet');
insert into usuario (codigo, nome, tipo) values (10, 'funcionario 10', 'F');
insert into usuario (codigo, nome, tipo, curso) values (11, 'aluno 11', 'A', 'curso superior de bacharelado em engenharia mecanica');
insert into usuario (codigo, nome, tipo) values (12, 'funcionario 12', 'F');
insert into usuario (codigo, nome, tipo) values (13, 'professor 13', 'P');
insert into usuario (codigo, nome, tipo, curso) values (14, 'aluno 14', 'A', 'curso superior de tecnologia em analise e desenvolvimento de sistemas');
insert into usuario (codigo, nome, tipo, curso) values (15, 'aluno 15', 'A', 'curso superior de tecnologia em analise e desenvolvimento de sistemas');
insert into usuario (codigo, nome, tipo) values (16, 'funcionario 16', 'F');
insert into usuario (codigo, nome, tipo, curso) values (17, 'aluno 17', 'A', 'curso tecnico integrado em refrigeracao e ar condicionado');
insert into usuario (codigo, nome, tipo) values (18, 'funcionario 18', 'F');
insert into usuario (codigo, nome, tipo, curso) values (19, 'aluno 19', 'A', 'curso superior de tecnologia em analise e desenvolvimento de sistemas');
insert into usuario (codigo, nome, tipo, curso) values (20, 'aluno 20', 'A', 'curso tecnico integrado em informatica para internet');
insert into usuario (codigo, nome, tipo, curso) values (21, 'aluno 21', 'A', 'curso superior de tecnologia em analise e desenvolvimento de sistemas');
insert into usuario (codigo, nome, tipo, curso) values (22, 'aluno 22', 'A', 'curso superior de bacharelado em engenharia mecanica');
insert into usuario (codigo, nome, tipo, curso) values (23, 'aluno 23', 'A', 'curso tecnico integrado em informatica para internet');
insert into usuario (codigo, nome, tipo, curso) values (24, 'aluno 24', 'A', 'curso superior de bacharelado em engenharia mecanica');
insert into usuario (codigo, nome, tipo) values (25, 'funcionario 25', 'F');
insert into usuario (codigo, nome, tipo, curso) values (26, 'aluno 26', 'A', 'curso tecnico integrado em refrigeracao e ar condicionado');
insert into usuario (codigo, nome, tipo, curso) values (27, 'aluno 27', 'A', 'curso tecnico integrado em eletrotecnica');
insert into usuario (codigo, nome, tipo, curso) values (28, 'aluno 28', 'A', 'curso tecnico integrado em refrigeracao e ar condicionado');
insert into usuario (codigo, nome, tipo, curso) values (29, 'aluno 29', 'A', 'curso tecnico integrado em eletrotecnica');
insert into usuario (codigo, nome, tipo, curso) values (30, 'aluno 30', 'A', 'curso superior de tecnologia em analise e desenvolvimento de sistemas');
insert into usuario (codigo, nome, tipo, curso) values (31, 'aluno 31', 'A', 'curso superior de bacharelado em engenharia mecanica');
insert into usuario (codigo, nome, tipo, curso) values (32, 'aluno 32', 'A', 'curso superior de tecnologia em analise e desenvolvimento de sistemas');
insert into usuario (codigo, nome, tipo, curso) values (33, 'aluno 33', 'A', 'curso tecnico integrado em refrigeracao e ar condicionado');
insert into usuario (codigo, nome, tipo, curso) values (34, 'aluno 34', 'A', 'curso tecnico integrado em eletrotecnica');
insert into usuario (codigo, nome, tipo) values (35, 'funcionario 35', 'F');
insert into usuario (codigo, nome, tipo, curso) values (36, 'aluno 36', 'A', 'curso superior de bacharelado em engenharia mecanica');
insert into usuario (codigo, nome, tipo, curso) values (37, 'aluno 37', 'A', 'curso superior de tecnologia em analise e desenvolvimento de sistemas');
insert into usuario (codigo, nome, tipo) values (38, 'professor 38', 'P');
insert into usuario (codigo, nome, tipo) values (39, 'professor 39', 'P');
insert into usuario (codigo, nome, tipo, curso) values (40, 'aluno 40', 'A', 'curso superior de tecnologia em analise e desenvolvimento de sistemas');
insert into usuario (codigo, nome, tipo) values (41, 'funcionario 41', 'F');
insert into usuario (codigo, nome, tipo, curso) values (42, 'aluno 42', 'A', 'curso tecnico integrado em refrigeracao e ar condicionado');
insert into usuario (codigo, nome, tipo) values (43, 'professor 43', 'P');
insert into usuario (codigo, nome, tipo) values (44, 'funcionario 44', 'F');
insert into usuario (codigo, nome, tipo, curso) values (45, 'aluno 45', 'A', 'curso superior de bacharelado em engenharia mecanica');
insert into usuario (codigo, nome, tipo) values (46, 'funcionario 46', 'F');
insert into usuario (codigo, nome, tipo, curso) values (47, 'aluno 47', 'A', 'curso tecnico integrado em eletrotecnica');
insert into usuario (codigo, nome, tipo, curso) values (48, 'aluno 48', 'A', 'curso superior de tecnologia em analise e desenvolvimento de sistemas');
insert into usuario (codigo, nome, tipo, curso) values (49, 'aluno 49', 'A', 'curso superior de bacharelado em engenharia mecanica');
insert into usuario (codigo, nome, tipo) values (50, 'professor 50', 'P');
insert into usuario (codigo, nome, tipo, curso) values (51, 'aluno 51', 'A', 'curso superior de bacharelado em engenharia mecanica');
insert into usuario (codigo, nome, tipo, curso) values (52, 'aluno 52', 'A', 'curso tecnico integrado em informatica para internet');
insert into usuario (codigo, nome, tipo) values (53, 'funcionario 53', 'F');
insert into usuario (codigo, nome, tipo, curso) values (54, 'aluno 54', 'A', 'curso tecnico integrado em eletrotecnica');
insert into usuario (codigo, nome, tipo, curso) values (55, 'aluno 55', 'A', 'curso superior de tecnologia em analise e desenvolvimento de sistemas');
insert into usuario (codigo, nome, tipo, curso) values (56, 'aluno 56', 'A', 'curso tecnico integrado em refrigeracao e ar condicionado');
insert into usuario (codigo, nome, tipo, curso) values (57, 'aluno 57', 'A', 'curso superior de tecnologia em analise e desenvolvimento de sistemas');
insert into usuario (codigo, nome, tipo, curso) values (58, 'aluno 58', 'A', 'curso tecnico integrado em eletrotecnica');
insert into usuario (codigo, nome, tipo, curso) values (59, 'aluno 59', 'A', 'curso superior de bacharelado em engenharia mecanica');
insert into usuario (codigo, nome, tipo) values (60, 'professor 60', 'P');
insert into usuario (codigo, nome, tipo) values (61, 'professor 61', 'P');
insert into usuario (codigo, nome, tipo, curso) values (62, 'aluno 62', 'A', 'curso superior de bacharelado em engenharia mecanica');
insert into usuario (codigo, nome, tipo, curso) values (63, 'aluno 63', 'A', 'curso superior de bacharelado em engenharia mecanica');
insert into usuario (codigo, nome, tipo, curso) values (64, 'aluno 64', 'A', 'curso tecnico integrado em refrigeracao e ar condicionado');
insert into usuario (codigo, nome, tipo, curso) values (65, 'aluno 65', 'A', 'curso tecnico integrado em refrigeracao e ar condicionado');
insert into usuario (codigo, nome, tipo, curso) values (66, 'aluno 66', 'A', 'curso tecnico integrado em eletrotecnica');
insert into usuario (codigo, nome, tipo, curso) values (67, 'aluno 67', 'A', 'curso tecnico integrado em refrigeracao e ar condicionado');
insert into usuario (codigo, nome, tipo) values (68, 'professor 68', 'P');
insert into usuario (codigo, nome, tipo, curso) values (69, 'aluno 69', 'A', 'curso tecnico integrado em informatica para internet');
insert into usuario (codigo, nome, tipo, curso) values (70, 'aluno 70', 'A', 'curso superior de tecnologia em analise e desenvolvimento de sistemas');
insert into usuario (codigo, nome, tipo) values (71, 'professor 71', 'P');
insert into usuario (codigo, nome, tipo, curso) values (72, 'aluno 72', 'A', 'curso tecnico integrado em refrigeracao e ar condicionado');
insert into usuario (codigo, nome, tipo, curso) values (73, 'aluno 73', 'A', 'curso tecnico integrado em informatica para internet');
insert into usuario (codigo, nome, tipo) values (74, 'funcionario 74', 'F');
insert into usuario (codigo, nome, tipo, curso) values (75, 'aluno 75', 'A', 'curso tecnico integrado em refrigeracao e ar condicionado');
insert into usuario (codigo, nome, tipo) values (76, 'funcionario 76', 'F');
insert into usuario (codigo, nome, tipo) values (77, 'professor 77', 'P');
insert into usuario (codigo, nome, tipo, curso) values (78, 'aluno 78', 'A', 'curso tecnico integrado em informatica para internet');
insert into usuario (codigo, nome, tipo, curso) values (79, 'aluno 79', 'A', 'curso tecnico integrado em eletrotecnica');
insert into usuario (codigo, nome, tipo) values (80, 'funcionario 80', 'F');
insert into usuario (codigo, nome, tipo, curso) values (81, 'aluno 81', 'A', 'curso superior de bacharelado em engenharia mecanica');
insert into usuario (codigo, nome, tipo) values (82, 'professor 82', 'P');
insert into usuario (codigo, nome, tipo, curso) values (83, 'aluno 83', 'A', 'curso tecnico integrado em refrigeracao e ar condicionado');
insert into usuario (codigo, nome, tipo) values (84, 'funcionario 84', 'F');
insert into usuario (codigo, nome, tipo) values (85, 'funcionario 85', 'F');
insert into usuario (codigo, nome, tipo, curso) values (86, 'aluno 86', 'A', 'curso tecnico integrado em eletrotecnica');
insert into usuario (codigo, nome, tipo, curso) values (87, 'aluno 87', 'A', 'curso superior de tecnologia em analise e desenvolvimento de sistemas');
insert into usuario (codigo, nome, tipo) values (88, 'professor 88', 'P');
insert into usuario (codigo, nome, tipo, curso) values (89, 'aluno 89', 'A', 'curso tecnico integrado em informatica para internet');
insert into usuario (codigo, nome, tipo) values (90, 'funcionario 90', 'F');
insert into usuario (codigo, nome, tipo, curso) values (91, 'aluno 91', 'A', 'curso tecnico integrado em informatica para internet');
insert into usuario (codigo, nome, tipo, curso) values (92, 'aluno 92', 'A', 'curso superior de tecnologia em analise e desenvolvimento de sistemas');
insert into usuario (codigo, nome, tipo) values (93, 'professor 93', 'P');
insert into usuario (codigo, nome, tipo, curso) values (94, 'aluno 94', 'A', 'curso superior de bacharelado em engenharia mecanica');
insert into usuario (codigo, nome, tipo, curso) values (95, 'aluno 95', 'A', 'curso tecnico integrado em informatica para internet');
insert into usuario (codigo, nome, tipo) values (96, 'professor 96', 'P');
insert into usuario (codigo, nome, tipo) values (97, 'funcionario 97', 'F');
insert into usuario (codigo, nome, tipo, curso) values (98, 'aluno 98', 'A', 'curso superior de tecnologia em analise e desenvolvimento de sistemas');
insert into usuario (codigo, nome, tipo, curso) values (99, 'aluno 99', 'A', 'curso superior de tecnologia em analise e desenvolvimento de sistemas');
insert into usuario (codigo, nome, tipo) values (100, 'professor 100', 'P');
insert into livro (codigo, titulo) values (1, 'livro 1');
insert into livro (codigo, titulo) values (2, 'postgresql xxx 2');
insert into livro (codigo, titulo) values (3, 'livro 3');
insert into livro (codigo, titulo) values (4, 'xxx postgresql 4');
insert into livro (codigo, titulo) values (5, 'livro 5');
insert into livro (codigo, titulo) values (6, 'xxx postgresql xxx 6');
insert into livro (codigo, titulo) values (7, 'livro 7');
insert into livro (codigo, titulo) values (8, 'livro 8');
insert into livro (codigo, titulo) values (9, 'livro 9');
insert into livro (codigo, titulo) values (10, 'livro 10');
insert into livro (codigo, titulo) values (11, 'livro 11');
insert into livro (codigo, titulo) values (12, 'xxx postgresql 12');
insert into livro (codigo, titulo) values (13, 'livro 13');
insert into livro (codigo, titulo) values (14, 'livro 14');
insert into livro (codigo, titulo) values (15, 'livro 15');
insert into livro (codigo, titulo) values (16, 'xxx postgresql xxx 16');
insert into livro (codigo, titulo) values (17, 'livro 17');
insert into livro (codigo, titulo) values (18, 'livro 18');
insert into livro (codigo, titulo) values (19, 'livro 19');
insert into livro (codigo, titulo) values (20, 'livro 20');
insert into livro (codigo, titulo) values (21, 'postgresql xxx 21');
insert into livro (codigo, titulo) values (22, 'livro 22');
insert into livro (codigo, titulo) values (23, 'livro 23');
insert into livro (codigo, titulo) values (24, 'livro 24');
insert into livro (codigo, titulo) values (25, 'postgresql xxx 25');
insert into livro (codigo, titulo) values (26, 'livro 26');
insert into livro (codigo, titulo) values (27, 'xxx postgresql xxx 27');
insert into livro (codigo, titulo) values (28, 'postgresql xxx 28');
insert into livro (codigo, titulo) values (29, 'livro 29');
insert into livro (codigo, titulo) values (30, 'livro 30');
insert into exemplar (codigo, livro) values (1001, 1);
insert into exemplar (codigo, livro) values (2001, 2);
insert into exemplar (codigo, livro) values (2002, 2);
insert into exemplar (codigo, livro) values (2003, 2);
insert into exemplar (codigo, livro) values (3001, 3);
insert into exemplar (codigo, livro) values (3002, 3);
insert into exemplar (codigo, livro) values (3003, 3);
insert into exemplar (codigo, livro) values (3004, 3);
insert into exemplar (codigo, livro) values (3005, 3);
insert into exemplar (codigo, livro) values (4001, 4);
insert into exemplar (codigo, livro) values (4002, 4);
insert into exemplar (codigo, livro) values (4003, 4);
insert into exemplar (codigo, livro) values (5001, 5);
insert into exemplar (codigo, livro) values (6001, 6);
insert into exemplar (codigo, livro) values (6002, 6);
insert into exemplar (codigo, livro) values (7001, 7);
insert into exemplar (codigo, livro) values (7002, 7);
insert into exemplar (codigo, livro) values (8001, 8);
insert into exemplar (codigo, livro) values (9001, 9);
insert into exemplar (codigo, livro) values (9002, 9);
insert into exemplar (codigo, livro) values (9003, 9);
insert into exemplar (codigo, livro) values (10001, 10);
insert into exemplar (codigo, livro) values (10002, 10);
insert into exemplar (codigo, livro) values (10003, 10);
insert into exemplar (codigo, livro) values (11001, 11);
insert into exemplar (codigo, livro) values (11002, 11);
insert into exemplar (codigo, livro) values (11003, 11);
insert into exemplar (codigo, livro) values (11004, 11);
insert into exemplar (codigo, livro) values (11005, 11);
insert into exemplar (codigo, livro) values (12001, 12);
insert into exemplar (codigo, livro) values (13001, 13);
insert into exemplar (codigo, livro) values (14001, 14);
insert into exemplar (codigo, livro) values (14002, 14);
insert into exemplar (codigo, livro) values (14003, 14);
insert into exemplar (codigo, livro) values (14004, 14);
insert into exemplar (codigo, livro) values (15001, 15);
insert into exemplar (codigo, livro) values (15002, 15);
insert into exemplar (codigo, livro) values (15003, 15);
insert into exemplar (codigo, livro) values (15004, 15);
insert into exemplar (codigo, livro) values (16001, 16);
insert into exemplar (codigo, livro) values (16002, 16);
insert into exemplar (codigo, livro) values (16003, 16);
insert into exemplar (codigo, livro) values (17001, 17);
insert into exemplar (codigo, livro) values (17002, 17);
insert into exemplar (codigo, livro) values (17003, 17);
insert into exemplar (codigo, livro) values (17004, 17);
insert into exemplar (codigo, livro) values (17005, 17);
insert into exemplar (codigo, livro) values (18001, 18);
insert into exemplar (codigo, livro) values (19001, 19);
insert into exemplar (codigo, livro) values (19002, 19);
insert into exemplar (codigo, livro) values (20001, 20);
insert into exemplar (codigo, livro) values (21001, 21);
insert into exemplar (codigo, livro) values (21002, 21);
insert into exemplar (codigo, livro) values (22001, 22);
insert into exemplar (codigo, livro) values (22002, 22);
insert into exemplar (codigo, livro) values (22003, 22);
insert into exemplar (codigo, livro) values (22004, 22);
insert into exemplar (codigo, livro) values (23001, 23);
insert into exemplar (codigo, livro) values (23002, 23);
insert into exemplar (codigo, livro) values (23003, 23);
insert into exemplar (codigo, livro) values (23004, 23);
insert into exemplar (codigo, livro) values (24001, 24);
insert into exemplar (codigo, livro) values (24002, 24);
insert into exemplar (codigo, livro) values (25001, 25);
insert into exemplar (codigo, livro) values (25002, 25);
insert into exemplar (codigo, livro) values (25003, 25);
insert into exemplar (codigo, livro) values (25004, 25);
insert into exemplar (codigo, livro) values (25005, 25);
insert into exemplar (codigo, livro) values (26001, 26);
insert into exemplar (codigo, livro) values (26002, 26);
insert into exemplar (codigo, livro) values (26003, 26);
insert into exemplar (codigo, livro) values (26004, 26);
insert into exemplar (codigo, livro) values (27001, 27);
insert into exemplar (codigo, livro) values (28001, 28);
insert into exemplar (codigo, livro) values (28002, 28);
insert into exemplar (codigo, livro) values (28003, 28);
insert into exemplar (codigo, livro) values (28004, 28);
insert into exemplar (codigo, livro) values (28005, 28);
insert into exemplar (codigo, livro) values (29001, 29);
insert into exemplar (codigo, livro) values (29002, 29);
insert into exemplar (codigo, livro) values (29003, 29);
insert into exemplar (codigo, livro) values (30001, 30);
insert into exemplar (codigo, livro) values (30002, 30);
insert into exemplar (codigo, livro) values (30003, 30);
insert into exemplar (codigo, livro) values (30004, 30);
insert into locacao (usuario, exemplar, retirada, entrega) values (8, 1001, '2018-03-13', '2018-03-15');
insert into locacao (usuario, exemplar, retirada, entrega) values (71, 1001, '2018-05-29', '2018-06-01');
insert into locacao (usuario, exemplar, retirada, entrega) values (67, 1001, '2018-06-29', '2018-07-03');
insert into locacao (usuario, exemplar, retirada, entrega) values (51, 1001, '2018-07-26', '2018-08-14');
insert into locacao (usuario, exemplar, retirada, entrega) values (66, 1001, '2018-10-03', '2018-10-05');
insert into locacao (usuario, exemplar, retirada, entrega) values (40, 1001, '2018-10-09', '2018-10-16');
insert into locacao (usuario, exemplar, retirada, entrega) values (92, 1001, '2018-11-11', '2018-11-18');
insert into locacao (usuario, exemplar, retirada, entrega) values (71, 1001, '2018-12-20', '2019-01-01');
insert into locacao (usuario, exemplar, retirada, entrega) values (45, 1001, '2019-02-26', '2019-03-03');
insert into locacao (usuario, exemplar, retirada, entrega) values (50, 1001, '2019-04-25', '2019-04-29');
insert into locacao (usuario, exemplar, retirada, entrega) values (81, 2001, '2018-02-04', '2018-02-15');
insert into locacao (usuario, exemplar, retirada, entrega) values (9, 2001, '2018-05-02', '2018-05-07');
insert into locacao (usuario, exemplar, retirada, entrega) values (13, 2001, '2018-05-27', '2018-05-31');
insert into locacao (usuario, exemplar, retirada, entrega) values (49, 2001, '2018-07-10', '2018-07-29');
insert into locacao (usuario, exemplar, retirada, entrega) values (97, 2001, '2018-10-06', '2018-10-09');
insert into locacao (usuario, exemplar, retirada, entrega) values (68, 2001, '2019-01-09', '2019-01-25');
insert into locacao (usuario, exemplar, retirada, entrega) values (23, 2001, '2019-04-01', '2019-04-22');
insert into locacao (usuario, exemplar, retirada, entrega) values (41, 2001, '2019-04-23', '2019-05-11');
insert into locacao (usuario, exemplar, retirada, entrega) values (42, 2002, '2018-02-16', '2018-02-18');
insert into locacao (usuario, exemplar, retirada, entrega) values (61, 2002, '2018-04-08', '2018-04-14');
insert into locacao (usuario, exemplar, retirada, entrega) values (71, 2002, '2018-04-15', '2018-05-09');
insert into locacao (usuario, exemplar, retirada, entrega) values (93, 2002, '2018-07-08', '2018-07-27');
insert into locacao (usuario, exemplar, retirada, entrega) values (44, 2002, '2018-08-11', '2018-08-17');
insert into locacao (usuario, exemplar, retirada, entrega) values (38, 2002, '2018-11-15', '2018-12-01');
insert into locacao (usuario, exemplar, retirada, entrega) values (2, 2002, '2018-11-15', '2018-11-21');
insert into locacao (usuario, exemplar, retirada, entrega) values (19, 2002, '2019-02-11', '2019-02-17');
insert into locacao (usuario, exemplar, retirada, entrega) values (23, 2003, '2018-02-06', '2018-02-13');
insert into locacao (usuario, exemplar, retirada, entrega) values (27, 2003, '2018-02-27', '2018-03-05');
insert into locacao (usuario, exemplar, retirada, entrega) values (57, 2003, '2018-03-28', '2018-04-06');
insert into locacao (usuario, exemplar, retirada, entrega) values (42, 2003, '2018-03-31', '2018-04-05');
insert into locacao (usuario, exemplar, retirada, entrega) values (85, 2003, '2018-05-11', '2018-06-08');
insert into locacao (usuario, exemplar, retirada, entrega) values (38, 2003, '2018-06-30', '2018-07-05');
insert into locacao (usuario, exemplar, retirada, entrega) values (8, 2003, '2018-09-10', '2018-09-24');
insert into locacao (usuario, exemplar, retirada, entrega) values (93, 2003, '2018-12-17', '2018-12-19');
insert into locacao (usuario, exemplar, retirada, entrega) values (12, 2003, '2019-03-20', '2019-03-23');
insert into locacao (usuario, exemplar, retirada, entrega) values (87, 3001, '2018-02-08', '2018-02-10');
insert into locacao (usuario, exemplar, retirada, entrega) values (34, 3001, '2018-04-10', '2018-04-12');
insert into locacao (usuario, exemplar, retirada, entrega) values (85, 3001, '2018-04-11', '2018-04-14');
insert into locacao (usuario, exemplar, retirada, entrega) values (48, 3001, '2018-06-08', '2018-06-18');
insert into locacao (usuario, exemplar, retirada, entrega) values (92, 3001, '2018-08-21', '2018-09-01');
insert into locacao (usuario, exemplar, retirada, entrega) values (78, 3001, '2018-09-23', '2018-09-30');
insert into locacao (usuario, exemplar, retirada, entrega) values (29, 3001, '2018-12-08', '2018-12-11');
insert into locacao (usuario, exemplar, retirada, entrega) values (34, 3001, '2018-12-30', '2019-01-03');
insert into locacao (usuario, exemplar, retirada, entrega) values (23, 3001, '2019-01-30', '2019-02-16');
insert into locacao (usuario, exemplar, retirada, entrega) values (36, 3001, '2019-04-15', '2019-04-19');
insert into locacao (usuario, exemplar, retirada, entrega) values (57, 3002, '2018-03-21', '2018-04-08');
insert into locacao (usuario, exemplar, retirada, entrega) values (16, 3002, '2018-05-24', '2018-06-09');
insert into locacao (usuario, exemplar, retirada, entrega) values (73, 3002, '2018-07-24', '2018-08-05');
insert into locacao (usuario, exemplar, retirada, entrega) values (14, 3002, '2018-08-01', '2018-08-17');
insert into locacao (usuario, exemplar, retirada, entrega) values (35, 3002, '2018-09-02', '2018-09-07');
insert into locacao (usuario, exemplar, retirada, entrega) values (24, 3002, '2018-10-17', '2018-10-31');
insert into locacao (usuario, exemplar, retirada, entrega) values (21, 3002, '2018-11-18', '2018-11-21');
insert into locacao (usuario, exemplar, retirada, entrega) values (100, 3002, '2019-01-28', '2019-01-31');
insert into locacao (usuario, exemplar, retirada, entrega) values (20, 3002, '2019-04-07', '2019-04-14');
insert into locacao (usuario, exemplar, retirada, entrega) values (60, 3003, '2018-02-27', '2018-03-02');
insert into locacao (usuario, exemplar, retirada, entrega) values (45, 3003, '2018-05-21', '2018-06-10');
insert into locacao (usuario, exemplar, retirada, entrega) values (29, 3003, '2018-07-13', '2018-08-02');
insert into locacao (usuario, exemplar, retirada, entrega) values (77, 3003, '2018-08-27', '2018-09-01');
insert into locacao (usuario, exemplar, retirada, entrega) values (71, 3003, '2018-11-16', '2018-11-22');
insert into locacao (usuario, exemplar, retirada, entrega) values (89, 3003, '2019-02-16', '2019-02-18');
insert into locacao (usuario, exemplar, retirada, entrega) values (58, 3003, '2019-04-10', '2019-04-15');
insert into locacao (usuario, exemplar, retirada, entrega) values (96, 3004, '2018-02-19', '2018-02-22');
insert into locacao (usuario, exemplar, retirada, entrega) values (66, 3004, '2018-02-26', '2018-03-04');
insert into locacao (usuario, exemplar, retirada, entrega) values (98, 3004, '2018-05-27', '2018-06-09');
insert into locacao (usuario, exemplar, retirada, entrega) values (69, 3004, '2018-08-15', '2018-08-21');
insert into locacao (usuario, exemplar, retirada, entrega) values (76, 3004, '2018-09-05', '2018-09-11');
insert into locacao (usuario, exemplar, retirada, entrega) values (40, 3004, '2018-11-11', '2018-11-13');
insert into locacao (usuario, exemplar, retirada, entrega) values (20, 3004, '2018-12-08', '2018-12-19');
insert into locacao (usuario, exemplar, retirada, entrega) values (95, 3004, '2019-02-19', '2019-02-22');
insert into locacao (usuario, exemplar, retirada, entrega) values (47, 3004, '2019-04-18', '2019-04-23');
insert into locacao (usuario, exemplar, retirada, entrega) values (54, 3005, '2018-01-24', '2018-01-31');
insert into locacao (usuario, exemplar, retirada, entrega) values (52, 3005, '2018-01-26', '2018-01-30');
insert into locacao (usuario, exemplar, retirada, entrega) values (49, 3005, '2018-04-02', '2018-04-13');
insert into locacao (usuario, exemplar, retirada, entrega) values (67, 3005, '2018-05-21', '2018-06-04');
insert into locacao (usuario, exemplar, retirada, entrega) values (15, 3005, '2018-07-03', '2018-07-09');
insert into locacao (usuario, exemplar, retirada, entrega) values (23, 3005, '2018-10-03', '2018-10-30');
insert into locacao (usuario, exemplar, retirada, entrega) values (66, 3005, '2018-11-11', '2018-11-28');
insert into locacao (usuario, exemplar, retirada, entrega) values (58, 3005, '2019-02-06', '2019-02-16');
insert into locacao (usuario, exemplar, retirada, entrega) values (60, 3005, '2019-04-25', '2019-05-14');
insert into locacao (usuario, exemplar, retirada, entrega) values (62, 4001, '2018-01-10', '2018-01-31');
insert into locacao (usuario, exemplar, retirada, entrega) values (63, 4001, '2018-03-03', '2018-03-07');
insert into locacao (usuario, exemplar, retirada, entrega) values (36, 4001, '2018-03-04', '2018-03-06');
insert into locacao (usuario, exemplar, retirada, entrega) values (86, 4001, '2018-04-21', '2018-05-07');
insert into locacao (usuario, exemplar, retirada, entrega) values (25, 4001, '2018-05-05', '2018-05-15');
insert into locacao (usuario, exemplar, retirada, entrega) values (8, 4001, '2018-07-19', '2018-07-21');
insert into locacao (usuario, exemplar, retirada, entrega) values (38, 4001, '2018-10-16', '2018-10-25');
insert into locacao (usuario, exemplar, retirada, entrega) values (68, 4001, '2018-10-27', '2018-11-07');
insert into locacao (usuario, exemplar, retirada, entrega) values (94, 4001, '2018-12-30', '2019-01-03');
insert into locacao (usuario, exemplar, retirada, entrega) values (26, 4001, '2019-02-19', '2019-02-21');
insert into locacao (usuario, exemplar, retirada, entrega) values (43, 4001, '2019-03-25', '2019-03-30');
insert into locacao (usuario, exemplar, retirada, entrega) values (41, 4001, '2019-03-31', '2019-04-05');
insert into locacao (usuario, exemplar, retirada, entrega) values (62, 4001, '2019-04-25', '2019-04-30');
insert into locacao (usuario, exemplar, retirada, entrega) values (3, 4002, '2018-01-17', '2018-02-03');
insert into locacao (usuario, exemplar, retirada, entrega) values (16, 4002, '2018-01-20', '2018-01-23');
insert into locacao (usuario, exemplar, retirada, entrega) values (49, 4002, '2018-03-16', '2018-03-23');
insert into locacao (usuario, exemplar, retirada, entrega) values (100, 4002, '2018-04-30', '2018-05-18');
insert into locacao (usuario, exemplar, retirada, entrega) values (53, 4002, '2018-07-03', '2018-07-06');
insert into locacao (usuario, exemplar, retirada, entrega) values (78, 4002, '2018-08-15', '2018-08-19');
insert into locacao (usuario, exemplar, retirada, entrega) values (7, 4002, '2018-11-08', '2018-11-10');
insert into locacao (usuario, exemplar, retirada, entrega) values (13, 4002, '2018-11-26', '2018-12-01');
insert into locacao (usuario, exemplar, retirada, entrega) values (23, 4002, '2019-02-18', '2019-02-25');
insert into locacao (usuario, exemplar, retirada, entrega) values (53, 4002, '2019-04-23', '2019-04-27');
insert into locacao (usuario, exemplar, retirada, entrega) values (89, 4002, '2019-04-25', '2019-04-27');
insert into locacao (usuario, exemplar, retirada, entrega) values (26, 4003, '2018-02-23', '2018-03-16');
insert into locacao (usuario, exemplar, retirada, entrega) values (73, 4003, '2018-04-14', '2018-04-24');
insert into locacao (usuario, exemplar, retirada, entrega) values (56, 4003, '2018-07-05', '2018-07-11');
insert into locacao (usuario, exemplar, retirada, entrega) values (26, 4003, '2018-08-08', '2018-08-12');
insert into locacao (usuario, exemplar, retirada, entrega) values (45, 4003, '2018-09-30', '2018-10-02');
insert into locacao (usuario, exemplar, retirada, entrega) values (99, 4003, '2019-01-07', '2019-01-23');
insert into locacao (usuario, exemplar, retirada, entrega) values (76, 4003, '2019-01-14', '2019-01-21');
insert into locacao (usuario, exemplar, retirada, entrega) values (14, 4003, '2019-02-06', '2019-02-24');
insert into locacao (usuario, exemplar, retirada, entrega) values (86, 4003, '2019-03-24', '2019-03-27');
insert into locacao (usuario, exemplar, retirada, entrega) values (87, 4003, '2019-04-30', '2019-05-18');
insert into locacao (usuario, exemplar, retirada, entrega) values (49, 5001, '2018-02-16', '2018-02-18');
insert into locacao (usuario, exemplar, retirada, entrega) values (96, 5001, '2018-02-19', '2018-03-15');
insert into locacao (usuario, exemplar, retirada, entrega) values (68, 5001, '2018-04-30', '2018-05-20');
insert into locacao (usuario, exemplar, retirada, entrega) values (98, 5001, '2018-07-01', '2018-07-18');
insert into locacao (usuario, exemplar, retirada, entrega) values (42, 5001, '2018-07-06', '2018-07-08');
insert into locacao (usuario, exemplar, retirada, entrega) values (91, 5001, '2018-07-25', '2018-07-29');
insert into locacao (usuario, exemplar, retirada, entrega) values (34, 5001, '2018-10-19', '2018-10-24');
insert into locacao (usuario, exemplar, retirada, entrega) values (94, 5001, '2019-01-14', '2019-01-20');
insert into locacao (usuario, exemplar, retirada, entrega) values (80, 5001, '2019-01-23', '2019-01-25');
insert into locacao (usuario, exemplar, retirada, entrega) values (98, 5001, '2019-01-27', '2019-01-30');
insert into locacao (usuario, exemplar, retirada, entrega) values (17, 5001, '2019-02-24', '2019-02-28');
insert into locacao (usuario, exemplar, retirada, entrega) values (92, 6001, '2018-03-15', '2018-03-22');
insert into locacao (usuario, exemplar, retirada, entrega) values (63, 6001, '2018-06-22', '2018-06-26');
insert into locacao (usuario, exemplar, retirada, entrega) values (46, 6001, '2018-08-09', '2018-08-16');
insert into locacao (usuario, exemplar, retirada, entrega) values (12, 6001, '2018-09-07', '2018-09-17');
insert into locacao (usuario, exemplar, retirada, entrega) values (97, 6001, '2018-12-01', '2018-12-08');
insert into locacao (usuario, exemplar, retirada, entrega) values (82, 6001, '2019-01-19', '2019-01-26');
insert into locacao (usuario, exemplar, retirada, entrega) values (35, 6001, '2019-02-21', '2019-02-23');
insert into locacao (usuario, exemplar, retirada, entrega) values (82, 6001, '2019-04-04', '2019-04-08');
insert into locacao (usuario, exemplar, retirada, entrega) values (85, 6002, '2018-04-06', '2018-04-27');
insert into locacao (usuario, exemplar, retirada, entrega) values (6, 6002, '2018-04-09', '2018-05-02');
insert into locacao (usuario, exemplar, retirada, entrega) values (18, 6002, '2018-05-21', '2018-05-30');
insert into locacao (usuario, exemplar, retirada, entrega) values (46, 6002, '2018-05-27', '2018-05-30');
insert into locacao (usuario, exemplar, retirada, entrega) values (6, 6002, '2018-07-06', '2018-07-12');
insert into locacao (usuario, exemplar, retirada, entrega) values (1, 6002, '2018-08-01', '2018-08-20');
insert into locacao (usuario, exemplar, retirada, entrega) values (3, 6002, '2018-08-31', '2018-09-06');
insert into locacao (usuario, exemplar, retirada, entrega) values (5, 6002, '2018-10-01', '2018-10-03');
insert into locacao (usuario, exemplar, retirada, entrega) values (6, 6002, '2018-11-05', '2018-11-22');
insert into locacao (usuario, exemplar, retirada, entrega) values (52, 6002, '2019-02-11', '2019-02-14');
insert into locacao (usuario, exemplar, retirada, entrega) values (87, 7001, '2018-02-25', '2018-02-28');
insert into locacao (usuario, exemplar, retirada, entrega) values (21, 7001, '2018-04-05', '2018-04-10');
insert into locacao (usuario, exemplar, retirada, entrega) values (5, 7001, '2018-06-04', '2018-06-15');
insert into locacao (usuario, exemplar, retirada, entrega) values (63, 7001, '2018-07-16', '2018-08-04');
insert into locacao (usuario, exemplar, retirada, entrega) values (1, 7001, '2018-09-07', '2018-09-17');
insert into locacao (usuario, exemplar, retirada, entrega) values (60, 7001, '2018-11-26', '2018-12-09');
insert into locacao (usuario, exemplar, retirada, entrega) values (82, 7001, '2018-11-28', '2018-12-16');
insert into locacao (usuario, exemplar, retirada, entrega) values (89, 7001, '2019-01-17', '2019-01-24');
insert into locacao (usuario, exemplar, retirada, entrega) values (100, 7001, '2019-04-14', '2019-04-17');
insert into locacao (usuario, exemplar, retirada, entrega) values (47, 7002, '2018-03-15', '2018-03-31');
insert into locacao (usuario, exemplar, retirada, entrega) values (49, 7002, '2018-05-07', '2018-05-14');
insert into locacao (usuario, exemplar, retirada, entrega) values (50, 7002, '2018-08-09', '2018-08-19');
insert into locacao (usuario, exemplar, retirada, entrega) values (18, 7002, '2018-10-06', '2018-10-09');
insert into locacao (usuario, exemplar, retirada, entrega) values (49, 7002, '2018-11-29', '2018-12-02');
insert into locacao (usuario, exemplar, retirada, entrega) values (6, 7002, '2019-02-01', '2019-02-05');
insert into locacao (usuario, exemplar, retirada, entrega) values (82, 7002, '2019-04-20', '2019-04-27');
insert into locacao (usuario, exemplar, retirada, entrega) values (98, 8001, '2018-01-10', '2018-01-21');
insert into locacao (usuario, exemplar, retirada, entrega) values (8, 8001, '2018-03-22', '2018-03-29');
insert into locacao (usuario, exemplar, retirada, entrega) values (78, 8001, '2018-05-14', '2018-05-20');
insert into locacao (usuario, exemplar, retirada, entrega) values (52, 8001, '2018-06-11', '2018-06-15');
insert into locacao (usuario, exemplar, retirada, entrega) values (88, 8001, '2018-08-01', '2018-08-08');
insert into locacao (usuario, exemplar, retirada, entrega) values (59, 8001, '2018-10-26', '2018-10-31');
insert into locacao (usuario, exemplar, retirada, entrega) values (36, 8001, '2018-10-26', '2018-10-28');
insert into locacao (usuario, exemplar, retirada, entrega) values (20, 8001, '2018-12-10', '2018-12-19');
insert into locacao (usuario, exemplar, retirada, entrega) values (20, 8001, '2018-12-15', '2018-12-21');
insert into locacao (usuario, exemplar, retirada, entrega) values (32, 8001, '2019-03-16', '2019-04-08');
insert into locacao (usuario, exemplar, retirada, entrega) values (48, 9001, '2018-01-13', '2018-01-30');
insert into locacao (usuario, exemplar, retirada, entrega) values (73, 9001, '2018-01-26', '2018-01-30');
insert into locacao (usuario, exemplar, retirada, entrega) values (44, 9001, '2018-03-19', '2018-03-21');
insert into locacao (usuario, exemplar, retirada, entrega) values (26, 9001, '2018-05-06', '2018-05-12');
insert into locacao (usuario, exemplar, retirada, entrega) values (50, 9001, '2018-05-31', '2018-06-05');
insert into locacao (usuario, exemplar, retirada, entrega) values (57, 9001, '2018-08-12', '2018-08-15');
insert into locacao (usuario, exemplar, retirada, entrega) values (17, 9001, '2018-09-27', '2018-10-13');
insert into locacao (usuario, exemplar, retirada, entrega) values (15, 9001, '2018-12-13', '2018-12-25');
insert into locacao (usuario, exemplar, retirada, entrega) values (33, 9001, '2019-02-12', '2019-02-15');
insert into locacao (usuario, exemplar, retirada, entrega) values (38, 9002, '2018-04-02', '2018-04-06');
insert into locacao (usuario, exemplar, retirada, entrega) values (34, 9002, '2018-05-13', '2018-05-20');
insert into locacao (usuario, exemplar, retirada, entrega) values (54, 9002, '2018-06-30', '2018-07-03');
insert into locacao (usuario, exemplar, retirada, entrega) values (93, 9002, '2018-09-06', '2018-09-10');
insert into locacao (usuario, exemplar, retirada, entrega) values (56, 9002, '2018-09-15', '2018-10-03');
insert into locacao (usuario, exemplar, retirada, entrega) values (47, 9002, '2018-09-17', '2018-09-23');
insert into locacao (usuario, exemplar, retirada, entrega) values (95, 9002, '2018-12-25', '2019-01-06');
insert into locacao (usuario, exemplar, retirada, entrega) values (72, 9002, '2019-02-02', '2019-02-08');
insert into locacao (usuario, exemplar, retirada, entrega) values (12, 9002, '2019-02-10', '2019-02-12');
insert into locacao (usuario, exemplar, retirada, entrega) values (92, 9002, '2019-03-24', '2019-03-26');
insert into locacao (usuario, exemplar, retirada, entrega) values (13, 9002, '2019-03-27', '2019-04-14');
insert into locacao (usuario, exemplar, retirada, entrega) values (26, 9002, '2019-04-06', '2019-04-11');
insert into locacao (usuario, exemplar, retirada, entrega) values (58, 9003, '2018-01-17', '2018-01-19');
insert into locacao (usuario, exemplar, retirada, entrega) values (95, 9003, '2018-04-26', '2018-05-01');
insert into locacao (usuario, exemplar, retirada, entrega) values (27, 9003, '2018-06-02', '2018-06-05');
insert into locacao (usuario, exemplar, retirada, entrega) values (73, 9003, '2018-06-08', '2018-06-11');
insert into locacao (usuario, exemplar, retirada, entrega) values (78, 9003, '2018-07-08', '2018-07-14');
insert into locacao (usuario, exemplar, retirada, entrega) values (20, 9003, '2018-09-11', '2018-09-17');
insert into locacao (usuario, exemplar, retirada, entrega) values (56, 9003, '2018-09-21', '2018-10-17');
insert into locacao (usuario, exemplar, retirada, entrega) values (79, 9003, '2018-12-17', '2019-01-06');
insert into locacao (usuario, exemplar, retirada, entrega) values (84, 9003, '2018-12-19', '2019-01-09');
insert into locacao (usuario, exemplar, retirada, entrega) values (39, 9003, '2019-03-25', '2019-04-19');
insert into locacao (usuario, exemplar, retirada, entrega) values (72, 10001, '2018-02-26', '2018-03-08');
insert into locacao (usuario, exemplar, retirada, entrega) values (80, 10001, '2018-05-19', '2018-05-22');
insert into locacao (usuario, exemplar, retirada, entrega) values (42, 10001, '2018-08-18', '2018-08-27');
insert into locacao (usuario, exemplar, retirada, entrega) values (12, 10001, '2018-09-11', '2018-09-28');
insert into locacao (usuario, exemplar, retirada, entrega) values (18, 10001, '2018-11-06', '2018-11-11');
insert into locacao (usuario, exemplar, retirada, entrega) values (42, 10001, '2019-01-06', '2019-01-17');
insert into locacao (usuario, exemplar, retirada, entrega) values (31, 10001, '2019-03-21', '2019-03-27');
insert into locacao (usuario, exemplar, retirada, entrega) values (15, 10002, '2018-02-21', '2018-03-14');
insert into locacao (usuario, exemplar, retirada, entrega) values (11, 10002, '2018-05-20', '2018-05-22');
insert into locacao (usuario, exemplar, retirada, entrega) values (41, 10002, '2018-08-24', '2018-09-11');
insert into locacao (usuario, exemplar, retirada, entrega) values (91, 10002, '2018-09-01', '2018-09-03');
insert into locacao (usuario, exemplar, retirada, entrega) values (11, 10002, '2018-11-15', '2018-11-19');
insert into locacao (usuario, exemplar, retirada, entrega) values (22, 10002, '2019-02-22', '2019-02-26');
insert into locacao (usuario, exemplar, retirada, entrega) values (74, 10002, '2019-04-29', '2019-05-16');
insert into locacao (usuario, exemplar, retirada, entrega) values (71, 10003, '2018-02-25', '2018-03-20');
insert into locacao (usuario, exemplar, retirada, entrega) values (95, 10003, '2018-04-18', '2018-04-23');
insert into locacao (usuario, exemplar, retirada, entrega) values (46, 10003, '2018-05-06', '2018-05-09');
insert into locacao (usuario, exemplar, retirada, entrega) values (49, 10003, '2018-05-24', '2018-06-05');
insert into locacao (usuario, exemplar, retirada, entrega) values (8, 10003, '2018-06-15', '2018-06-18');
insert into locacao (usuario, exemplar, retirada, entrega) values (35, 10003, '2018-08-02', '2018-08-20');
insert into locacao (usuario, exemplar, retirada, entrega) values (37, 10003, '2018-09-09', '2018-09-26');
insert into locacao (usuario, exemplar, retirada, entrega) values (93, 10003, '2018-10-31', '2018-11-03');
insert into locacao (usuario, exemplar, retirada, entrega) values (68, 10003, '2018-11-01', '2018-11-27');
insert into locacao (usuario, exemplar, retirada, entrega) values (87, 10003, '2018-12-18', '2018-12-24');
insert into locacao (usuario, exemplar, retirada, entrega) values (47, 10003, '2019-01-18', '2019-01-23');
insert into locacao (usuario, exemplar, retirada, entrega) values (34, 10003, '2019-01-29', '2019-02-24');
insert into locacao (usuario, exemplar, retirada, entrega) values (50, 10003, '2019-02-01', '2019-02-04');
insert into locacao (usuario, exemplar, retirada, entrega) values (38, 11001, '2018-01-26', '2018-02-02');
insert into locacao (usuario, exemplar, retirada, entrega) values (54, 11001, '2018-02-27', '2018-03-04');
insert into locacao (usuario, exemplar, retirada, entrega) values (90, 11001, '2018-06-06', '2018-06-09');
insert into locacao (usuario, exemplar, retirada, entrega) values (59, 11001, '2018-09-12', '2018-09-16');
insert into locacao (usuario, exemplar, retirada, entrega) values (24, 11001, '2018-10-06', '2018-10-13');
insert into locacao (usuario, exemplar, retirada, entrega) values (46, 11001, '2018-10-24', '2018-11-13');
insert into locacao (usuario, exemplar, retirada, entrega) values (49, 11001, '2018-11-24', '2018-11-26');
insert into locacao (usuario, exemplar, retirada, entrega) values (57, 11001, '2019-02-25', '2019-02-28');
insert into locacao (usuario, exemplar, retirada, entrega) values (45, 11001, '2019-04-18', '2019-05-04');
insert into locacao (usuario, exemplar, retirada, entrega) values (13, 11002, '2018-04-04', '2018-04-11');
insert into locacao (usuario, exemplar, retirada, entrega) values (99, 11002, '2018-07-11', '2018-08-01');
insert into locacao (usuario, exemplar, retirada, entrega) values (37, 11002, '2018-09-04', '2018-09-08');
insert into locacao (usuario, exemplar, retirada, entrega) values (34, 11002, '2018-11-14', '2018-12-02');
insert into locacao (usuario, exemplar, retirada, entrega) values (86, 11002, '2018-12-11', '2018-12-30');
insert into locacao (usuario, exemplar, retirada, entrega) values (49, 11002, '2018-12-18', '2018-12-31');
insert into locacao (usuario, exemplar, retirada, entrega) values (64, 11002, '2019-03-15', '2019-03-22');
insert into locacao (usuario, exemplar, retirada, entrega) values (68, 11002, '2019-04-04', '2019-04-08');
insert into locacao (usuario, exemplar, retirada, entrega) values (93, 11003, '2018-01-03', '2018-01-19');
insert into locacao (usuario, exemplar, retirada, entrega) values (61, 11003, '2018-01-11', '2018-01-15');
insert into locacao (usuario, exemplar, retirada, entrega) values (12, 11003, '2018-02-27', '2018-03-04');
insert into locacao (usuario, exemplar, retirada, entrega) values (89, 11003, '2018-03-28', '2018-04-23');
insert into locacao (usuario, exemplar, retirada, entrega) values (69, 11003, '2018-05-13', '2018-06-01');
insert into locacao (usuario, exemplar, retirada, entrega) values (100, 11003, '2018-06-28', '2018-07-01');
insert into locacao (usuario, exemplar, retirada, entrega) values (74, 11003, '2018-09-19', '2018-09-25');
insert into locacao (usuario, exemplar, retirada, entrega) values (69, 11003, '2018-11-06', '2018-11-12');
insert into locacao (usuario, exemplar, retirada, entrega) values (25, 11003, '2019-01-26', '2019-01-30');
insert into locacao (usuario, exemplar, retirada, entrega) values (57, 11003, '2019-03-14', '2019-03-17');
insert into locacao (usuario, exemplar, retirada, entrega) values (12, 11004, '2018-03-04', '2018-03-20');
insert into locacao (usuario, exemplar, retirada, entrega) values (98, 11004, '2018-04-06', '2018-04-11');
insert into locacao (usuario, exemplar, retirada, entrega) values (4, 11004, '2018-06-01', '2018-06-03');
insert into locacao (usuario, exemplar, retirada, entrega) values (3, 11004, '2018-08-21', '2018-09-06');
insert into locacao (usuario, exemplar, retirada, entrega) values (69, 11004, '2018-11-25', '2018-11-28');
insert into locacao (usuario, exemplar, retirada, entrega) values (82, 11004, '2018-12-30', '2019-01-01');
insert into locacao (usuario, exemplar, retirada, entrega) values (67, 11004, '2019-02-09', '2019-02-11');
insert into locacao (usuario, exemplar, retirada, entrega) values (17, 11004, '2019-03-20', '2019-04-06');
insert into locacao (usuario, exemplar, retirada, entrega) values (95, 11004, '2019-03-20', '2019-03-31');
insert into locacao (usuario, exemplar, retirada, entrega) values (64, 11005, '2018-02-07', '2018-02-09');
insert into locacao (usuario, exemplar, retirada, entrega) values (88, 11005, '2018-04-23', '2018-04-29');
insert into locacao (usuario, exemplar, retirada, entrega) values (48, 11005, '2018-07-18', '2018-07-24');
insert into locacao (usuario, exemplar, retirada, entrega) values (44, 11005, '2018-09-11', '2018-09-18');
insert into locacao (usuario, exemplar, retirada, entrega) values (22, 11005, '2018-11-19', '2018-11-25');
insert into locacao (usuario, exemplar, retirada, entrega) values (38, 11005, '2019-02-07', '2019-02-12');
insert into locacao (usuario, exemplar, retirada, entrega) values (46, 11005, '2019-03-31', '2019-04-09');
insert into locacao (usuario, exemplar, retirada, entrega) values (27, 12001, '2018-03-18', '2018-03-21');
insert into locacao (usuario, exemplar, retirada, entrega) values (75, 12001, '2018-04-08', '2018-04-20');
insert into locacao (usuario, exemplar, retirada, entrega) values (8, 12001, '2018-05-31', '2018-06-05');
insert into locacao (usuario, exemplar, retirada, entrega) values (83, 12001, '2018-09-05', '2018-09-10');
insert into locacao (usuario, exemplar, retirada, entrega) values (80, 12001, '2018-09-07', '2018-09-12');
insert into locacao (usuario, exemplar, retirada, entrega) values (41, 12001, '2018-11-04', '2018-11-27');
insert into locacao (usuario, exemplar, retirada, entrega) values (82, 12001, '2018-12-04', '2018-12-21');
insert into locacao (usuario, exemplar, retirada, entrega) values (22, 12001, '2019-03-13', '2019-03-31');
insert into locacao (usuario, exemplar, retirada, entrega) values (78, 13001, '2018-04-04', '2018-04-28');
insert into locacao (usuario, exemplar, retirada, entrega) values (76, 13001, '2018-05-23', '2018-05-27');
insert into locacao (usuario, exemplar, retirada, entrega) values (26, 13001, '2018-06-23', '2018-06-28');
insert into locacao (usuario, exemplar, retirada, entrega) values (57, 13001, '2018-07-29', '2018-08-03');
insert into locacao (usuario, exemplar, retirada, entrega) values (85, 13001, '2018-09-12', '2018-09-17');
insert into locacao (usuario, exemplar, retirada, entrega) values (6, 13001, '2018-10-29', '2018-11-02');
insert into locacao (usuario, exemplar, retirada, entrega) values (36, 13001, '2018-12-28', '2018-12-30');
insert into locacao (usuario, exemplar, retirada, entrega) values (93, 13001, '2019-03-28', '2019-04-04');
insert into locacao (usuario, exemplar, retirada, entrega) values (3, 14001, '2018-03-23', '2018-03-25');
insert into locacao (usuario, exemplar, retirada, entrega) values (74, 14001, '2018-04-23', '2018-05-17');
insert into locacao (usuario, exemplar, retirada, entrega) values (26, 14001, '2018-05-04', '2018-05-21');
insert into locacao (usuario, exemplar, retirada, entrega) values (3, 14001, '2018-05-31', '2018-06-21');
insert into locacao (usuario, exemplar, retirada, entrega) values (36, 14001, '2018-08-21', '2018-09-03');
insert into locacao (usuario, exemplar, retirada, entrega) values (25, 14001, '2018-11-08', '2018-11-11');
insert into locacao (usuario, exemplar, retirada, entrega) values (16, 14001, '2019-01-04', '2019-01-06');
insert into locacao (usuario, exemplar, retirada, entrega) values (86, 14001, '2019-03-06', '2019-03-26');
insert into locacao (usuario, exemplar, retirada, entrega) values (93, 14002, '2018-04-05', '2018-04-11');
insert into locacao (usuario, exemplar, retirada, entrega) values (78, 14002, '2018-05-28', '2018-06-04');
insert into locacao (usuario, exemplar, retirada, entrega) values (14, 14002, '2018-08-23', '2018-08-26');
insert into locacao (usuario, exemplar, retirada, entrega) values (80, 14002, '2018-11-23', '2018-12-11');
insert into locacao (usuario, exemplar, retirada, entrega) values (51, 14002, '2019-01-07', '2019-01-18');
insert into locacao (usuario, exemplar, retirada, entrega) values (9, 14002, '2019-02-01', '2019-02-04');
insert into locacao (usuario, exemplar, retirada, entrega) values (19, 14002, '2019-04-04', '2019-04-06');
insert into locacao (usuario, exemplar, retirada, entrega) values (8, 14003, '2018-03-28', '2018-04-06');
insert into locacao (usuario, exemplar, retirada, entrega) values (34, 14003, '2018-06-18', '2018-07-07');
insert into locacao (usuario, exemplar, retirada, entrega) values (40, 14003, '2018-07-29', '2018-08-04');
insert into locacao (usuario, exemplar, retirada, entrega) values (12, 14003, '2018-08-23', '2018-08-28');
insert into locacao (usuario, exemplar, retirada, entrega) values (98, 14003, '2018-08-23', '2018-09-04');
insert into locacao (usuario, exemplar, retirada, entrega) values (56, 14003, '2018-10-05', '2018-10-11');
insert into locacao (usuario, exemplar, retirada, entrega) values (58, 14003, '2018-10-12', '2018-10-17');
insert into locacao (usuario, exemplar, retirada, entrega) values (9, 14003, '2019-01-15', '2019-01-22');
insert into locacao (usuario, exemplar, retirada, entrega) values (27, 14003, '2019-03-27', '2019-04-13');
insert into locacao (usuario, exemplar, retirada, entrega) values (15, 14004, '2018-03-13', '2018-03-15');
insert into locacao (usuario, exemplar, retirada, entrega) values (22, 14004, '2018-04-27', '2018-05-03');
insert into locacao (usuario, exemplar, retirada, entrega) values (36, 14004, '2018-07-22', '2018-07-27');
insert into locacao (usuario, exemplar, retirada, entrega) values (54, 14004, '2018-07-27', '2018-08-20');
insert into locacao (usuario, exemplar, retirada, entrega) values (21, 14004, '2018-09-15', '2018-09-17');
insert into locacao (usuario, exemplar, retirada, entrega) values (3, 14004, '2018-11-04', '2018-11-07');
insert into locacao (usuario, exemplar, retirada, entrega) values (7, 14004, '2019-01-26', '2019-02-15');
insert into locacao (usuario, exemplar, retirada, entrega) values (34, 14004, '2019-04-04', '2019-04-18');
insert into locacao (usuario, exemplar, retirada, entrega) values (39, 15001, '2018-01-07', '2018-01-17');
insert into locacao (usuario, exemplar, retirada, entrega) values (2, 15001, '2018-04-12', '2018-04-17');
insert into locacao (usuario, exemplar, retirada, entrega) values (14, 15001, '2018-06-12', '2018-06-21');
insert into locacao (usuario, exemplar, retirada, entrega) values (88, 15001, '2018-08-11', '2018-08-16');
insert into locacao (usuario, exemplar, retirada, entrega) values (25, 15001, '2018-09-14', '2018-09-28');
insert into locacao (usuario, exemplar, retirada, entrega) values (70, 15001, '2018-11-11', '2018-12-08');
insert into locacao (usuario, exemplar, retirada, entrega) values (8, 15001, '2019-02-13', '2019-02-18');
insert into locacao (usuario, exemplar, retirada, entrega) values (58, 15001, '2019-02-14', '2019-02-21');
insert into locacao (usuario, exemplar, retirada, entrega) values (5, 15001, '2019-02-27', '2019-03-06');
insert into locacao (usuario, exemplar, retirada, entrega) values (75, 15001, '2019-04-21', '2019-04-23');
insert into locacao (usuario, exemplar, retirada, entrega) values (40, 15001, '2019-04-22', '2019-05-02');
insert into locacao (usuario, exemplar, retirada, entrega) values (92, 15002, '2018-03-23', '2018-03-25');
insert into locacao (usuario, exemplar, retirada, entrega) values (67, 15002, '2018-05-05', '2018-05-12');
insert into locacao (usuario, exemplar, retirada, entrega) values (52, 15002, '2018-05-27', '2018-05-31');
insert into locacao (usuario, exemplar, retirada, entrega) values (7, 15002, '2018-07-18', '2018-07-22');
insert into locacao (usuario, exemplar, retirada, entrega) values (79, 15002, '2018-09-06', '2018-09-11');
insert into locacao (usuario, exemplar, retirada, entrega) values (26, 15002, '2018-10-23', '2018-10-29');
insert into locacao (usuario, exemplar, retirada, entrega) values (89, 15002, '2019-01-19', '2019-01-21');
insert into locacao (usuario, exemplar, retirada, entrega) values (27, 15002, '2019-01-24', '2019-02-10');
insert into locacao (usuario, exemplar, retirada, entrega) values (19, 15002, '2019-04-20', '2019-05-17');
insert into locacao (usuario, exemplar, retirada, entrega) values (94, 15003, '2018-02-27', '2018-03-08');
insert into locacao (usuario, exemplar, retirada, entrega) values (63, 15003, '2018-03-16', '2018-03-20');
insert into locacao (usuario, exemplar, retirada, entrega) values (72, 15003, '2018-06-08', '2018-06-25');
insert into locacao (usuario, exemplar, retirada, entrega) values (22, 15003, '2018-09-11', '2018-09-30');
insert into locacao (usuario, exemplar, retirada, entrega) values (3, 15003, '2018-09-30', '2018-10-04');
insert into locacao (usuario, exemplar, retirada, entrega) values (74, 15003, '2018-11-03', '2018-11-13');
insert into locacao (usuario, exemplar, retirada, entrega) values (21, 15003, '2019-01-20', '2019-01-24');
insert into locacao (usuario, exemplar, retirada, entrega) values (4, 15003, '2019-01-22', '2019-02-04');
insert into locacao (usuario, exemplar, retirada, entrega) values (57, 15003, '2019-02-28', '2019-03-20');
insert into locacao (usuario, exemplar, retirada, entrega) values (10, 15003, '2019-03-29', '2019-04-05');
insert into locacao (usuario, exemplar, retirada, entrega) values (66, 15003, '2019-04-02', '2019-04-08');
insert into locacao (usuario, exemplar, retirada, entrega) values (26, 15004, '2018-01-19', '2018-02-02');
insert into locacao (usuario, exemplar, retirada, entrega) values (11, 15004, '2018-04-01', '2018-04-04');
insert into locacao (usuario, exemplar, retirada, entrega) values (89, 15004, '2018-06-14', '2018-06-18');
insert into locacao (usuario, exemplar, retirada, entrega) values (35, 15004, '2018-07-15', '2018-07-20');
insert into locacao (usuario, exemplar, retirada, entrega) values (17, 15004, '2018-07-25', '2018-07-27');
insert into locacao (usuario, exemplar, retirada, entrega) values (69, 15004, '2018-10-21', '2018-10-24');
insert into locacao (usuario, exemplar, retirada, entrega) values (66, 15004, '2018-11-23', '2018-11-30');
insert into locacao (usuario, exemplar, retirada, entrega) values (52, 15004, '2018-12-22', '2018-12-27');
insert into locacao (usuario, exemplar, retirada, entrega) values (20, 15004, '2019-03-02', '2019-03-04');
insert into locacao (usuario, exemplar, retirada, entrega) values (69, 15004, '2019-03-12', '2019-03-19');
insert into locacao (usuario, exemplar, retirada, entrega) values (9, 15004, '2019-04-07', '2019-04-09');
insert into locacao (usuario, exemplar, retirada, entrega) values (14, 16001, '2018-03-15', '2018-04-11');
insert into locacao (usuario, exemplar, retirada, entrega) values (51, 16001, '2018-04-12', '2018-04-25');
insert into locacao (usuario, exemplar, retirada, entrega) values (27, 16001, '2018-05-26', '2018-05-30');
insert into locacao (usuario, exemplar, retirada, entrega) values (32, 16001, '2018-07-06', '2018-07-20');
insert into locacao (usuario, exemplar, retirada, entrega) values (31, 16001, '2018-07-22', '2018-07-27');
insert into locacao (usuario, exemplar, retirada, entrega) values (76, 16001, '2018-08-03', '2018-08-10');
insert into locacao (usuario, exemplar, retirada, entrega) values (94, 16001, '2018-10-26', '2018-11-21');
insert into locacao (usuario, exemplar, retirada, entrega) values (87, 16001, '2019-01-26', '2019-01-28');
insert into locacao (usuario, exemplar, retirada, entrega) values (27, 16001, '2019-03-11', '2019-03-15');
insert into locacao (usuario, exemplar, retirada, entrega) values (28, 16002, '2018-01-12', '2018-01-17');
insert into locacao (usuario, exemplar, retirada, entrega) values (69, 16002, '2018-03-01', '2018-03-05');
insert into locacao (usuario, exemplar, retirada, entrega) values (72, 16002, '2018-05-30', '2018-06-15');
insert into locacao (usuario, exemplar, retirada, entrega) values (9, 16002, '2018-07-31', '2018-08-06');
insert into locacao (usuario, exemplar, retirada, entrega) values (8, 16002, '2018-08-10', '2018-08-13');
insert into locacao (usuario, exemplar, retirada, entrega) values (56, 16002, '2018-09-22', '2018-10-10');
insert into locacao (usuario, exemplar, retirada, entrega) values (82, 16002, '2018-11-16', '2018-11-18');
insert into locacao (usuario, exemplar, retirada, entrega) values (83, 16002, '2019-02-18', '2019-02-22');
insert into locacao (usuario, exemplar, retirada, entrega) values (88, 16003, '2018-02-19', '2018-02-22');
insert into locacao (usuario, exemplar, retirada, entrega) values (29, 16003, '2018-03-11', '2018-03-24');
insert into locacao (usuario, exemplar, retirada, entrega) values (96, 16003, '2018-05-02', '2018-05-06');
insert into locacao (usuario, exemplar, retirada, entrega) values (18, 16003, '2018-05-09', '2018-05-13');
insert into locacao (usuario, exemplar, retirada, entrega) values (27, 16003, '2018-05-29', '2018-06-10');
insert into locacao (usuario, exemplar, retirada, entrega) values (80, 16003, '2018-08-06', '2018-08-09');
insert into locacao (usuario, exemplar, retirada, entrega) values (49, 16003, '2018-11-01', '2018-11-08');
insert into locacao (usuario, exemplar, retirada, entrega) values (39, 16003, '2019-01-15', '2019-01-22');
insert into locacao (usuario, exemplar, retirada, entrega) values (47, 16003, '2019-03-11', '2019-03-17');
insert into locacao (usuario, exemplar, retirada, entrega) values (85, 16003, '2019-04-29', '2019-05-03');
insert into locacao (usuario, exemplar, retirada, entrega) values (34, 17001, '2018-01-18', '2018-01-20');
insert into locacao (usuario, exemplar, retirada, entrega) values (80, 17001, '2018-04-07', '2018-04-21');
insert into locacao (usuario, exemplar, retirada, entrega) values (36, 17001, '2018-07-10', '2018-07-28');
insert into locacao (usuario, exemplar, retirada, entrega) values (16, 17001, '2018-08-26', '2018-09-13');
insert into locacao (usuario, exemplar, retirada, entrega) values (75, 17001, '2018-08-26', '2018-09-02');
insert into locacao (usuario, exemplar, retirada, entrega) values (92, 17001, '2018-10-08', '2018-10-13');
insert into locacao (usuario, exemplar, retirada, entrega) values (73, 17001, '2018-12-16', '2019-01-04');
insert into locacao (usuario, exemplar, retirada, entrega) values (52, 17001, '2019-02-26', '2019-03-09');
insert into locacao (usuario, exemplar, retirada, entrega) values (36, 17001, '2019-03-01', '2019-03-03');
insert into locacao (usuario, exemplar, retirada, entrega) values (28, 17001, '2019-03-29', '2019-04-14');
insert into locacao (usuario, exemplar, retirada, entrega) values (3, 17002, '2018-02-25', '2018-02-27');
insert into locacao (usuario, exemplar, retirada, entrega) values (60, 17002, '2018-03-27', '2018-04-01');
insert into locacao (usuario, exemplar, retirada, entrega) values (39, 17002, '2018-06-15', '2018-06-19');
insert into locacao (usuario, exemplar, retirada, entrega) values (54, 17002, '2018-07-29', '2018-08-08');
insert into locacao (usuario, exemplar, retirada, entrega) values (8, 17002, '2018-10-03', '2018-10-09');
insert into locacao (usuario, exemplar, retirada, entrega) values (15, 17002, '2018-10-04', '2018-10-30');
insert into locacao (usuario, exemplar, retirada, entrega) values (94, 17002, '2018-10-15', '2018-10-26');
insert into locacao (usuario, exemplar, retirada, entrega) values (68, 17002, '2019-01-19', '2019-02-02');
insert into locacao (usuario, exemplar, retirada, entrega) values (2, 17002, '2019-02-07', '2019-02-13');
insert into locacao (usuario, exemplar, retirada, entrega) values (29, 17002, '2019-02-21', '2019-03-06');
insert into locacao (usuario, exemplar, retirada, entrega) values (9, 17002, '2019-04-03', '2019-04-24');
insert into locacao (usuario, exemplar, retirada, entrega) values (72, 17003, '2018-02-28', '2018-03-02');
insert into locacao (usuario, exemplar, retirada, entrega) values (54, 17003, '2018-03-31', '2018-04-04');
insert into locacao (usuario, exemplar, retirada, entrega) values (55, 17003, '2018-05-09', '2018-05-14');
insert into locacao (usuario, exemplar, retirada, entrega) values (7, 17003, '2018-06-30', '2018-07-11');
insert into locacao (usuario, exemplar, retirada, entrega) values (77, 17003, '2018-08-11', '2018-09-03');
insert into locacao (usuario, exemplar, retirada, entrega) values (80, 17003, '2018-10-29', '2018-10-31');
insert into locacao (usuario, exemplar, retirada, entrega) values (71, 17003, '2019-01-23', '2019-02-11');
insert into locacao (usuario, exemplar, retirada, entrega) values (63, 17003, '2019-02-05', '2019-02-10');
insert into locacao (usuario, exemplar, retirada, entrega) values (18, 17004, '2018-04-02', '2018-04-05');
insert into locacao (usuario, exemplar, retirada, entrega) values (38, 17004, '2018-06-04', '2018-06-09');
insert into locacao (usuario, exemplar, retirada, entrega) values (94, 17004, '2018-07-18', '2018-07-24');
insert into locacao (usuario, exemplar, retirada, entrega) values (94, 17004, '2018-09-02', '2018-09-07');
insert into locacao (usuario, exemplar, retirada, entrega) values (80, 17004, '2018-10-07', '2018-10-10');
insert into locacao (usuario, exemplar, retirada, entrega) values (19, 17004, '2018-11-29', '2018-12-04');
insert into locacao (usuario, exemplar, retirada, entrega) values (27, 17004, '2019-02-14', '2019-02-18');
insert into locacao (usuario, exemplar, retirada, entrega) values (3, 17004, '2019-03-19', '2019-04-09');
insert into locacao (usuario, exemplar, retirada, entrega) values (27, 17004, '2019-04-26', '2019-05-01');
insert into locacao (usuario, exemplar, retirada, entrega) values (54, 17005, '2018-02-15', '2018-02-17');
insert into locacao (usuario, exemplar, retirada, entrega) values (71, 17005, '2018-03-01', '2018-03-03');
insert into locacao (usuario, exemplar, retirada, entrega) values (20, 17005, '2018-05-18', '2018-05-27');
insert into locacao (usuario, exemplar, retirada, entrega) values (58, 17005, '2018-05-24', '2018-05-29');
insert into locacao (usuario, exemplar, retirada, entrega) values (53, 17005, '2018-07-04', '2018-07-10');
insert into locacao (usuario, exemplar, retirada, entrega) values (11, 17005, '2018-09-28', '2018-10-16');
insert into locacao (usuario, exemplar, retirada, entrega) values (94, 17005, '2018-10-20', '2018-10-25');
insert into locacao (usuario, exemplar, retirada, entrega) values (45, 17005, '2019-01-06', '2019-01-13');
insert into locacao (usuario, exemplar, retirada, entrega) values (38, 17005, '2019-02-16', '2019-02-19');
insert into locacao (usuario, exemplar, retirada, entrega) values (86, 18001, '2018-01-15', '2018-01-18');
insert into locacao (usuario, exemplar, retirada, entrega) values (49, 18001, '2018-02-24', '2018-03-16');
insert into locacao (usuario, exemplar, retirada, entrega) values (60, 18001, '2018-05-23', '2018-06-12');
insert into locacao (usuario, exemplar, retirada, entrega) values (77, 18001, '2018-06-09', '2018-06-19');
insert into locacao (usuario, exemplar, retirada, entrega) values (24, 18001, '2018-06-13', '2018-07-04');
insert into locacao (usuario, exemplar, retirada, entrega) values (6, 18001, '2018-06-29', '2018-07-06');
insert into locacao (usuario, exemplar, retirada, entrega) values (85, 18001, '2018-06-30', '2018-07-26');
insert into locacao (usuario, exemplar, retirada, entrega) values (51, 18001, '2018-08-11', '2018-08-22');
insert into locacao (usuario, exemplar, retirada, entrega) values (85, 18001, '2018-10-25', '2018-11-21');
insert into locacao (usuario, exemplar, retirada, entrega) values (68, 18001, '2018-11-05', '2018-11-10');
insert into locacao (usuario, exemplar, retirada, entrega) values (12, 18001, '2018-12-26', '2019-01-11');
insert into locacao (usuario, exemplar, retirada, entrega) values (18, 18001, '2019-03-24', '2019-03-30');
insert into locacao (usuario, exemplar, retirada, entrega) values (40, 19001, '2018-01-19', '2018-02-08');
insert into locacao (usuario, exemplar, retirada, entrega) values (51, 19001, '2018-03-26', '2018-04-01');
insert into locacao (usuario, exemplar, retirada, entrega) values (96, 19001, '2018-04-11', '2018-05-06');
insert into locacao (usuario, exemplar, retirada, entrega) values (74, 19001, '2018-06-23', '2018-06-25');
insert into locacao (usuario, exemplar, retirada, entrega) values (66, 19001, '2018-07-27', '2018-07-30');
insert into locacao (usuario, exemplar, retirada, entrega) values (99, 19001, '2018-09-15', '2018-09-18');
insert into locacao (usuario, exemplar, retirada, entrega) values (21, 19001, '2018-12-18', '2018-12-22');
insert into locacao (usuario, exemplar, retirada, entrega) values (45, 19001, '2019-02-17', '2019-02-21');
insert into locacao (usuario, exemplar, retirada, entrega) values (88, 19002, '2018-01-15', '2018-01-18');
insert into locacao (usuario, exemplar, retirada, entrega) values (87, 19002, '2018-01-18', '2018-02-08');
insert into locacao (usuario, exemplar, retirada, entrega) values (30, 19002, '2018-04-05', '2018-04-08');
insert into locacao (usuario, exemplar, retirada, entrega) values (81, 19002, '2018-04-24', '2018-04-26');
insert into locacao (usuario, exemplar, retirada, entrega) values (90, 19002, '2018-07-21', '2018-07-24');
insert into locacao (usuario, exemplar, retirada, entrega) values (34, 19002, '2018-08-25', '2018-08-27');
insert into locacao (usuario, exemplar, retirada, entrega) values (72, 19002, '2018-08-25', '2018-08-27');
insert into locacao (usuario, exemplar, retirada, entrega) values (7, 19002, '2018-11-22', '2018-11-26');
insert into locacao (usuario, exemplar, retirada, entrega) values (50, 19002, '2019-02-06', '2019-02-10');
insert into locacao (usuario, exemplar, retirada, entrega) values (84, 19002, '2019-03-13', '2019-03-24');
insert into locacao (usuario, exemplar, retirada, entrega) values (12, 20001, '2018-01-05', '2018-01-10');
insert into locacao (usuario, exemplar, retirada, entrega) values (73, 20001, '2018-02-10', '2018-02-17');
insert into locacao (usuario, exemplar, retirada, entrega) values (80, 20001, '2018-02-18', '2018-03-03');
insert into locacao (usuario, exemplar, retirada, entrega) values (17, 20001, '2018-02-19', '2018-03-01');
insert into locacao (usuario, exemplar, retirada, entrega) values (47, 20001, '2018-05-27', '2018-06-09');
insert into locacao (usuario, exemplar, retirada, entrega) values (12, 20001, '2018-07-16', '2018-07-18');
insert into locacao (usuario, exemplar, retirada, entrega) values (61, 20001, '2018-10-23', '2018-11-10');
insert into locacao (usuario, exemplar, retirada, entrega) values (30, 20001, '2018-11-11', '2018-11-13');
insert into locacao (usuario, exemplar, retirada, entrega) values (90, 20001, '2018-12-20', '2019-01-02');
insert into locacao (usuario, exemplar, retirada, entrega) values (25, 20001, '2019-02-08', '2019-02-10');
insert into locacao (usuario, exemplar, retirada, entrega) values (40, 20001, '2019-04-15', '2019-05-11');
insert into locacao (usuario, exemplar, retirada, entrega) values (68, 21001, '2018-02-03', '2018-02-09');
insert into locacao (usuario, exemplar, retirada, entrega) values (14, 21001, '2018-02-23', '2018-03-09');
insert into locacao (usuario, exemplar, retirada, entrega) values (57, 21001, '2018-02-23', '2018-03-06');
insert into locacao (usuario, exemplar, retirada, entrega) values (68, 21001, '2018-03-29', '2018-04-03');
insert into locacao (usuario, exemplar, retirada, entrega) values (39, 21001, '2018-05-22', '2018-05-25');
insert into locacao (usuario, exemplar, retirada, entrega) values (18, 21001, '2018-05-23', '2018-05-26');
insert into locacao (usuario, exemplar, retirada, entrega) values (42, 21001, '2018-07-10', '2018-08-07');
insert into locacao (usuario, exemplar, retirada, entrega) values (51, 21001, '2018-09-10', '2018-09-12');
insert into locacao (usuario, exemplar, retirada, entrega) values (14, 21001, '2018-11-22', '2018-11-26');
insert into locacao (usuario, exemplar, retirada, entrega) values (51, 21001, '2019-01-18', '2019-01-24');
insert into locacao (usuario, exemplar, retirada, entrega) values (6, 21001, '2019-04-22', '2019-05-05');
insert into locacao (usuario, exemplar, retirada, entrega) values (82, 21002, '2018-04-06', '2018-04-29');
insert into locacao (usuario, exemplar, retirada, entrega) values (88, 21002, '2018-05-23', '2018-05-28');
insert into locacao (usuario, exemplar, retirada, entrega) values (64, 21002, '2018-07-15', '2018-07-22');
insert into locacao (usuario, exemplar, retirada, entrega) values (74, 21002, '2018-10-20', '2018-10-25');
insert into locacao (usuario, exemplar, retirada, entrega) values (3, 21002, '2018-12-24', '2018-12-29');
insert into locacao (usuario, exemplar, retirada, entrega) values (9, 21002, '2019-03-26', '2019-03-28');
insert into locacao (usuario, exemplar, retirada, entrega) values (45, 21002, '2019-04-21', '2019-05-02');
insert into locacao (usuario, exemplar, retirada, entrega) values (36, 22001, '2018-02-10', '2018-02-19');
insert into locacao (usuario, exemplar, retirada, entrega) values (76, 22001, '2018-05-04', '2018-05-16');
insert into locacao (usuario, exemplar, retirada, entrega) values (58, 22001, '2018-05-11', '2018-05-13');
insert into locacao (usuario, exemplar, retirada, entrega) values (29, 22001, '2018-08-11', '2018-08-20');
insert into locacao (usuario, exemplar, retirada, entrega) values (5, 22001, '2018-11-16', '2018-11-21');
insert into locacao (usuario, exemplar, retirada, entrega) values (90, 22001, '2019-02-13', '2019-02-18');
insert into locacao (usuario, exemplar, retirada, entrega) values (69, 22001, '2019-04-11', '2019-04-15');
insert into locacao (usuario, exemplar, retirada, entrega) values (60, 22002, '2018-02-21', '2018-02-26');
insert into locacao (usuario, exemplar, retirada, entrega) values (92, 22002, '2018-04-28', '2018-05-04');
insert into locacao (usuario, exemplar, retirada, entrega) values (3, 22002, '2018-05-05', '2018-05-09');
insert into locacao (usuario, exemplar, retirada, entrega) values (18, 22002, '2018-07-01', '2018-07-06');
insert into locacao (usuario, exemplar, retirada, entrega) values (72, 22002, '2018-09-08', '2018-09-11');
insert into locacao (usuario, exemplar, retirada, entrega) values (34, 22002, '2018-10-26', '2018-10-31');
insert into locacao (usuario, exemplar, retirada, entrega) values (42, 22002, '2018-12-02', '2018-12-04');
insert into locacao (usuario, exemplar, retirada, entrega) values (40, 22002, '2019-02-04', '2019-02-20');
insert into locacao (usuario, exemplar, retirada, entrega) values (37, 22002, '2019-04-22', '2019-05-16');
insert into locacao (usuario, exemplar, retirada, entrega) values (32, 22002, '2019-04-29', '2019-05-23');
insert into locacao (usuario, exemplar, retirada, entrega) values (78, 22003, '2018-01-07', '2018-01-24');
insert into locacao (usuario, exemplar, retirada, entrega) values (85, 22003, '2018-01-08', '2018-01-15');
insert into locacao (usuario, exemplar, retirada, entrega) values (33, 22003, '2018-02-27', '2018-03-13');
insert into locacao (usuario, exemplar, retirada, entrega) values (25, 22003, '2018-06-06', '2018-06-11');
insert into locacao (usuario, exemplar, retirada, entrega) values (25, 22003, '2018-09-12', '2018-09-14');
insert into locacao (usuario, exemplar, retirada, entrega) values (25, 22003, '2018-12-02', '2018-12-07');
insert into locacao (usuario, exemplar, retirada, entrega) values (12, 22003, '2019-01-01', '2019-01-14');
insert into locacao (usuario, exemplar, retirada, entrega) values (12, 22003, '2019-02-26', '2019-03-16');
insert into locacao (usuario, exemplar, retirada, entrega) values (84, 22003, '2019-03-06', '2019-03-12');
insert into locacao (usuario, exemplar, retirada, entrega) values (75, 22004, '2018-03-26', '2018-04-22');
insert into locacao (usuario, exemplar, retirada, entrega) values (53, 22004, '2018-06-03', '2018-06-06');
insert into locacao (usuario, exemplar, retirada, entrega) values (82, 22004, '2018-06-10', '2018-06-16');
insert into locacao (usuario, exemplar, retirada, entrega) values (62, 22004, '2018-07-02', '2018-07-27');
insert into locacao (usuario, exemplar, retirada, entrega) values (7, 22004, '2018-09-17', '2018-09-21');
insert into locacao (usuario, exemplar, retirada, entrega) values (21, 22004, '2018-11-12', '2018-12-08');
insert into locacao (usuario, exemplar, retirada, entrega) values (24, 22004, '2019-02-08', '2019-02-15');
insert into locacao (usuario, exemplar, retirada, entrega) values (24, 23001, '2018-03-30', '2018-04-13');
insert into locacao (usuario, exemplar, retirada, entrega) values (25, 23001, '2018-06-23', '2018-06-27');
insert into locacao (usuario, exemplar, retirada, entrega) values (80, 23001, '2018-08-06', '2018-08-12');
insert into locacao (usuario, exemplar, retirada, entrega) values (65, 23001, '2018-09-04', '2018-09-13');
insert into locacao (usuario, exemplar, retirada, entrega) values (3, 23001, '2018-11-01', '2018-11-18');
insert into locacao (usuario, exemplar, retirada, entrega) values (9, 23001, '2018-11-16', '2018-12-07');
insert into locacao (usuario, exemplar, retirada, entrega) values (96, 23001, '2019-02-04', '2019-02-08');
insert into locacao (usuario, exemplar, retirada, entrega) values (66, 23001, '2019-04-07', '2019-04-23');
insert into locacao (usuario, exemplar, retirada, entrega) values (13, 23002, '2018-03-06', '2018-03-18');
insert into locacao (usuario, exemplar, retirada, entrega) values (33, 23002, '2018-03-24', '2018-04-03');
insert into locacao (usuario, exemplar, retirada, entrega) values (41, 23002, '2018-06-22', '2018-07-06');
insert into locacao (usuario, exemplar, retirada, entrega) values (44, 23002, '2018-09-27', '2018-10-02');
insert into locacao (usuario, exemplar, retirada, entrega) values (29, 23002, '2018-10-08', '2018-10-15');
insert into locacao (usuario, exemplar, retirada, entrega) values (27, 23002, '2019-01-11', '2019-01-22');
insert into locacao (usuario, exemplar, retirada, entrega) values (64, 23002, '2019-01-15', '2019-01-18');
insert into locacao (usuario, exemplar, retirada, entrega) values (46, 23002, '2019-03-05', '2019-03-21');
insert into locacao (usuario, exemplar, retirada, entrega) values (76, 23002, '2019-04-11', '2019-04-24');
insert into locacao (usuario, exemplar, retirada, entrega) values (8, 23003, '2018-02-04', '2018-02-06');
insert into locacao (usuario, exemplar, retirada, entrega) values (25, 23003, '2018-05-08', '2018-05-17');
insert into locacao (usuario, exemplar, retirada, entrega) values (63, 23003, '2018-05-24', '2018-05-30');
insert into locacao (usuario, exemplar, retirada, entrega) values (73, 23003, '2018-05-25', '2018-05-31');
insert into locacao (usuario, exemplar, retirada, entrega) values (26, 23003, '2018-08-19', '2018-09-04');
insert into locacao (usuario, exemplar, retirada, entrega) values (74, 23003, '2018-09-02', '2018-09-23');
insert into locacao (usuario, exemplar, retirada, entrega) values (66, 23003, '2018-09-17', '2018-09-28');
insert into locacao (usuario, exemplar, retirada, entrega) values (13, 23003, '2018-10-16', '2018-11-13');
insert into locacao (usuario, exemplar, retirada, entrega) values (12, 23003, '2018-10-21', '2018-10-28');
insert into locacao (usuario, exemplar, retirada, entrega) values (39, 23003, '2018-11-06', '2018-11-11');
insert into locacao (usuario, exemplar, retirada, entrega) values (16, 23003, '2018-12-16', '2018-12-22');
insert into locacao (usuario, exemplar, retirada, entrega) values (42, 23003, '2019-02-18', '2019-02-23');
insert into locacao (usuario, exemplar, retirada, entrega) values (92, 23003, '2019-03-27', '2019-04-02');
insert into locacao (usuario, exemplar, retirada, entrega) values (59, 23004, '2018-03-29', '2018-04-11');
insert into locacao (usuario, exemplar, retirada, entrega) values (40, 23004, '2018-06-04', '2018-06-06');
insert into locacao (usuario, exemplar, retirada, entrega) values (91, 23004, '2018-06-13', '2018-06-15');
insert into locacao (usuario, exemplar, retirada, entrega) values (4, 23004, '2018-08-16', '2018-08-19');
insert into locacao (usuario, exemplar, retirada, entrega) values (93, 23004, '2018-11-07', '2018-11-12');
insert into locacao (usuario, exemplar, retirada, entrega) values (18, 23004, '2019-01-05', '2019-01-09');
insert into locacao (usuario, exemplar, retirada, entrega) values (45, 23004, '2019-03-06', '2019-03-12');
insert into locacao (usuario, exemplar, retirada, entrega) values (77, 23004, '2019-04-21', '2019-04-27');
insert into locacao (usuario, exemplar, retirada, entrega) values (53, 24001, '2018-01-18', '2018-01-24');
insert into locacao (usuario, exemplar, retirada, entrega) values (69, 24001, '2018-03-17', '2018-03-20');
insert into locacao (usuario, exemplar, retirada, entrega) values (53, 24001, '2018-04-11', '2018-04-17');
insert into locacao (usuario, exemplar, retirada, entrega) values (21, 24001, '2018-05-09', '2018-05-15');
insert into locacao (usuario, exemplar, retirada, entrega) values (10, 24001, '2018-06-20', '2018-06-26');
insert into locacao (usuario, exemplar, retirada, entrega) values (95, 24001, '2018-08-13', '2018-08-27');
insert into locacao (usuario, exemplar, retirada, entrega) values (1, 24001, '2018-10-13', '2018-10-20');
insert into locacao (usuario, exemplar, retirada, entrega) values (51, 24001, '2018-10-19', '2018-10-26');
insert into locacao (usuario, exemplar, retirada, entrega) values (63, 24001, '2018-11-30', '2018-12-21');
insert into locacao (usuario, exemplar, retirada, entrega) values (6, 24001, '2019-01-09', '2019-01-13');
insert into locacao (usuario, exemplar, retirada, entrega) values (13, 24001, '2019-03-17', '2019-03-29');
insert into locacao (usuario, exemplar, retirada, entrega) values (59, 24002, '2018-02-26', '2018-03-02');
insert into locacao (usuario, exemplar, retirada, entrega) values (81, 24002, '2018-02-28', '2018-03-06');
insert into locacao (usuario, exemplar, retirada, entrega) values (84, 24002, '2018-03-11', '2018-03-13');
insert into locacao (usuario, exemplar, retirada, entrega) values (4, 24002, '2018-06-01', '2018-06-03');
insert into locacao (usuario, exemplar, retirada, entrega) values (62, 24002, '2018-07-21', '2018-07-23');
insert into locacao (usuario, exemplar, retirada, entrega) values (51, 24002, '2018-08-27', '2018-08-31');
insert into locacao (usuario, exemplar, retirada, entrega) values (77, 24002, '2018-11-25', '2018-12-01');
insert into locacao (usuario, exemplar, retirada, entrega) values (61, 24002, '2018-12-03', '2018-12-21');
insert into locacao (usuario, exemplar, retirada, entrega) values (20, 24002, '2019-02-06', '2019-02-19');
insert into locacao (usuario, exemplar, retirada, entrega) values (12, 24002, '2019-03-03', '2019-03-24');
insert into locacao (usuario, exemplar, retirada, entrega) values (43, 24002, '2019-04-01', '2019-04-12');
insert into locacao (usuario, exemplar, retirada, entrega) values (30, 25001, '2018-03-26', '2018-04-16');
insert into locacao (usuario, exemplar, retirada, entrega) values (97, 25001, '2018-04-20', '2018-04-26');
insert into locacao (usuario, exemplar, retirada, entrega) values (98, 25001, '2018-07-28', '2018-08-16');
insert into locacao (usuario, exemplar, retirada, entrega) values (62, 25001, '2018-09-16', '2018-09-18');
insert into locacao (usuario, exemplar, retirada, entrega) values (4, 25001, '2018-12-01', '2018-12-28');
insert into locacao (usuario, exemplar, retirada, entrega) values (63, 25001, '2019-02-11', '2019-02-16');
insert into locacao (usuario, exemplar, retirada, entrega) values (40, 25001, '2019-02-28', '2019-03-07');
insert into locacao (usuario, exemplar, retirada, entrega) values (92, 25001, '2019-03-12', '2019-04-02');
insert into locacao (usuario, exemplar, retirada, entrega) values (50, 25002, '2018-01-05', '2018-01-24');
insert into locacao (usuario, exemplar, retirada, entrega) values (38, 25002, '2018-02-28', '2018-03-05');
insert into locacao (usuario, exemplar, retirada, entrega) values (81, 25002, '2018-04-08', '2018-04-15');
insert into locacao (usuario, exemplar, retirada, entrega) values (96, 25002, '2018-07-03', '2018-07-30');
insert into locacao (usuario, exemplar, retirada, entrega) values (52, 25002, '2018-08-10', '2018-08-14');
insert into locacao (usuario, exemplar, retirada, entrega) values (25, 25002, '2018-10-23', '2018-10-28');
insert into locacao (usuario, exemplar, retirada, entrega) values (46, 25002, '2018-12-14', '2019-01-01');
insert into locacao (usuario, exemplar, retirada, entrega) values (64, 25002, '2019-03-08', '2019-03-13');
insert into locacao (usuario, exemplar, retirada, entrega) values (87, 25002, '2019-04-19', '2019-05-07');
insert into locacao (usuario, exemplar, retirada, entrega) values (27, 25003, '2018-03-21', '2018-03-28');
insert into locacao (usuario, exemplar, retirada, entrega) values (24, 25003, '2018-03-22', '2018-03-27');
insert into locacao (usuario, exemplar, retirada, entrega) values (50, 25003, '2018-05-25', '2018-06-01');
insert into locacao (usuario, exemplar, retirada, entrega) values (66, 25003, '2018-07-20', '2018-08-10');
insert into locacao (usuario, exemplar, retirada, entrega) values (75, 25003, '2018-07-25', '2018-07-30');
insert into locacao (usuario, exemplar, retirada, entrega) values (66, 25003, '2018-09-05', '2018-09-15');
insert into locacao (usuario, exemplar, retirada, entrega) values (34, 25003, '2018-10-19', '2018-10-29');
insert into locacao (usuario, exemplar, retirada, entrega) values (7, 25003, '2019-01-05', '2019-01-11');
insert into locacao (usuario, exemplar, retirada, entrega) values (94, 25003, '2019-04-06', '2019-04-08');
insert into locacao (usuario, exemplar, retirada, entrega) values (97, 25004, '2018-02-15', '2018-03-14');
insert into locacao (usuario, exemplar, retirada, entrega) values (6, 25004, '2018-05-04', '2018-05-08');
insert into locacao (usuario, exemplar, retirada, entrega) values (90, 25004, '2018-07-26', '2018-07-28');
insert into locacao (usuario, exemplar, retirada, entrega) values (94, 25004, '2018-08-28', '2018-09-07');
insert into locacao (usuario, exemplar, retirada, entrega) values (20, 25004, '2018-10-08', '2018-10-22');
insert into locacao (usuario, exemplar, retirada, entrega) values (50, 25004, '2018-10-11', '2018-10-13');
insert into locacao (usuario, exemplar, retirada, entrega) values (43, 25004, '2018-12-24', '2018-12-27');
insert into locacao (usuario, exemplar, retirada, entrega) values (41, 25004, '2019-03-22', '2019-03-25');
insert into locacao (usuario, exemplar, retirada, entrega) values (82, 25005, '2018-03-09', '2018-03-30');
insert into locacao (usuario, exemplar, retirada, entrega) values (55, 25005, '2018-05-24', '2018-05-27');
insert into locacao (usuario, exemplar, retirada, entrega) values (4, 25005, '2018-08-08', '2018-08-14');
insert into locacao (usuario, exemplar, retirada, entrega) values (25, 25005, '2018-09-25', '2018-09-29');
insert into locacao (usuario, exemplar, retirada, entrega) values (94, 25005, '2018-10-07', '2018-10-17');
insert into locacao (usuario, exemplar, retirada, entrega) values (52, 25005, '2018-11-24', '2018-12-01');
insert into locacao (usuario, exemplar, retirada, entrega) values (13, 25005, '2019-01-25', '2019-01-30');
insert into locacao (usuario, exemplar, retirada, entrega) values (33, 25005, '2019-02-23', '2019-03-09');
insert into locacao (usuario, exemplar, retirada, entrega) values (7, 25005, '2019-03-28', '2019-04-18');
insert into locacao (usuario, exemplar, retirada, entrega) values (5, 25005, '2019-04-13', '2019-04-22');
insert into locacao (usuario, exemplar, retirada, entrega) values (57, 26001, '2018-01-01', '2018-01-13');
insert into locacao (usuario, exemplar, retirada, entrega) values (11, 26001, '2018-03-14', '2018-03-31');
insert into locacao (usuario, exemplar, retirada, entrega) values (1, 26001, '2018-04-24', '2018-04-26');
insert into locacao (usuario, exemplar, retirada, entrega) values (95, 26001, '2018-06-28', '2018-07-02');
insert into locacao (usuario, exemplar, retirada, entrega) values (67, 26001, '2018-08-20', '2018-09-06');
insert into locacao (usuario, exemplar, retirada, entrega) values (78, 26001, '2018-08-22', '2018-08-27');
insert into locacao (usuario, exemplar, retirada, entrega) values (56, 26001, '2018-11-03', '2018-11-14');
insert into locacao (usuario, exemplar, retirada, entrega) values (99, 26001, '2018-11-16', '2018-11-21');
insert into locacao (usuario, exemplar, retirada, entrega) values (81, 26001, '2018-12-04', '2018-12-09');
insert into locacao (usuario, exemplar, retirada, entrega) values (26, 26001, '2019-01-05', '2019-01-12');
insert into locacao (usuario, exemplar, retirada, entrega) values (85, 26001, '2019-02-26', '2019-03-03');
insert into locacao (usuario, exemplar, retirada, entrega) values (14, 26001, '2019-03-21', '2019-03-28');
insert into locacao (usuario, exemplar, retirada, entrega) values (58, 26002, '2018-02-13', '2018-02-17');
insert into locacao (usuario, exemplar, retirada, entrega) values (33, 26002, '2018-05-13', '2018-05-20');
insert into locacao (usuario, exemplar, retirada, entrega) values (74, 26002, '2018-07-15', '2018-07-17');
insert into locacao (usuario, exemplar, retirada, entrega) values (88, 26002, '2018-08-01', '2018-08-11');
insert into locacao (usuario, exemplar, retirada, entrega) values (21, 26002, '2018-09-04', '2018-09-21');
insert into locacao (usuario, exemplar, retirada, entrega) values (85, 26002, '2018-11-19', '2018-11-26');
insert into locacao (usuario, exemplar, retirada, entrega) values (66, 26002, '2018-12-01', '2018-12-04');
insert into locacao (usuario, exemplar, retirada, entrega) values (32, 26002, '2019-03-07', '2019-03-23');
insert into locacao (usuario, exemplar, retirada, entrega) values (49, 26003, '2018-01-20', '2018-01-23');
insert into locacao (usuario, exemplar, retirada, entrega) values (86, 26003, '2018-03-31', '2018-04-11');
insert into locacao (usuario, exemplar, retirada, entrega) values (25, 26003, '2018-04-28', '2018-05-15');
insert into locacao (usuario, exemplar, retirada, entrega) values (47, 26003, '2018-06-14', '2018-06-18');
insert into locacao (usuario, exemplar, retirada, entrega) values (29, 26003, '2018-06-19', '2018-06-22');
insert into locacao (usuario, exemplar, retirada, entrega) values (69, 26003, '2018-09-03', '2018-09-15');
insert into locacao (usuario, exemplar, retirada, entrega) values (55, 26003, '2018-09-25', '2018-09-28');
insert into locacao (usuario, exemplar, retirada, entrega) values (57, 26003, '2018-11-21', '2018-11-28');
insert into locacao (usuario, exemplar, retirada, entrega) values (89, 26003, '2019-02-21', '2019-03-09');
insert into locacao (usuario, exemplar, retirada, entrega) values (60, 26004, '2018-01-09', '2018-01-16');
insert into locacao (usuario, exemplar, retirada, entrega) values (80, 26004, '2018-01-20', '2018-01-29');
insert into locacao (usuario, exemplar, retirada, entrega) values (68, 26004, '2018-03-15', '2018-03-20');
insert into locacao (usuario, exemplar, retirada, entrega) values (48, 26004, '2018-04-25', '2018-05-01');
insert into locacao (usuario, exemplar, retirada, entrega) values (42, 26004, '2018-07-27', '2018-08-03');
insert into locacao (usuario, exemplar, retirada, entrega) values (93, 26004, '2018-08-10', '2018-08-14');
insert into locacao (usuario, exemplar, retirada, entrega) values (4, 26004, '2018-11-05', '2018-11-14');
insert into locacao (usuario, exemplar, retirada, entrega) values (43, 26004, '2019-01-26', '2019-01-31');
insert into locacao (usuario, exemplar, retirada, entrega) values (49, 26004, '2019-02-27', '2019-03-17');
insert into locacao (usuario, exemplar, retirada, entrega) values (20, 27001, '2018-01-09', '2018-01-26');
insert into locacao (usuario, exemplar, retirada, entrega) values (84, 27001, '2018-02-26', '2018-03-23');
insert into locacao (usuario, exemplar, retirada, entrega) values (35, 27001, '2018-03-09', '2018-03-26');
insert into locacao (usuario, exemplar, retirada, entrega) values (83, 27001, '2018-05-08', '2018-05-15');
insert into locacao (usuario, exemplar, retirada, entrega) values (85, 27001, '2018-07-02', '2018-07-05');
insert into locacao (usuario, exemplar, retirada, entrega) values (53, 27001, '2018-08-27', '2018-08-29');
insert into locacao (usuario, exemplar, retirada, entrega) values (55, 27001, '2018-10-09', '2018-10-27');
insert into locacao (usuario, exemplar, retirada, entrega) values (17, 27001, '2018-10-12', '2018-11-02');
insert into locacao (usuario, exemplar, retirada, entrega) values (30, 27001, '2018-12-18', '2018-12-24');
insert into locacao (usuario, exemplar, retirada, entrega) values (40, 27001, '2019-03-18', '2019-03-25');
insert into locacao (usuario, exemplar, retirada, entrega) values (92, 28001, '2018-02-26', '2018-03-01');
insert into locacao (usuario, exemplar, retirada, entrega) values (85, 28001, '2018-03-03', '2018-03-09');
insert into locacao (usuario, exemplar, retirada, entrega) values (69, 28001, '2018-06-04', '2018-06-09');
insert into locacao (usuario, exemplar, retirada, entrega) values (98, 28001, '2018-08-17', '2018-08-24');
insert into locacao (usuario, exemplar, retirada, entrega) values (30, 28001, '2018-11-10', '2018-11-15');
insert into locacao (usuario, exemplar, retirada, entrega) values (43, 28001, '2018-12-31', '2019-01-16');
insert into locacao (usuario, exemplar, retirada, entrega) values (17, 28001, '2019-02-02', '2019-02-08');
insert into locacao (usuario, exemplar, retirada, entrega) values (65, 28001, '2019-03-10', '2019-03-16');
insert into locacao (usuario, exemplar, retirada, entrega) values (29, 28001, '2019-04-25', '2019-05-02');
insert into locacao (usuario, exemplar, retirada, entrega) values (62, 28002, '2018-01-30', '2018-02-27');
insert into locacao (usuario, exemplar, retirada, entrega) values (2, 28002, '2018-02-20', '2018-03-19');
insert into locacao (usuario, exemplar, retirada, entrega) values (78, 28002, '2018-05-03', '2018-05-08');
insert into locacao (usuario, exemplar, retirada, entrega) values (61, 28002, '2018-05-09', '2018-05-18');
insert into locacao (usuario, exemplar, retirada, entrega) values (17, 28002, '2018-08-09', '2018-08-20');
insert into locacao (usuario, exemplar, retirada, entrega) values (34, 28002, '2018-10-21', '2018-11-14');
insert into locacao (usuario, exemplar, retirada, entrega) values (64, 28002, '2018-11-21', '2018-12-15');
insert into locacao (usuario, exemplar, retirada, entrega) values (77, 28002, '2019-02-20', '2019-03-06');
insert into locacao (usuario, exemplar, retirada, entrega) values (49, 28002, '2019-02-25', '2019-03-07');
insert into locacao (usuario, exemplar, retirada, entrega) values (75, 28002, '2019-04-02', '2019-04-08');
insert into locacao (usuario, exemplar, retirada, entrega) values (9, 28003, '2018-04-10', '2018-04-17');
insert into locacao (usuario, exemplar, retirada, entrega) values (44, 28003, '2018-05-25', '2018-06-04');
insert into locacao (usuario, exemplar, retirada, entrega) values (26, 28003, '2018-07-06', '2018-07-12');
insert into locacao (usuario, exemplar, retirada, entrega) values (86, 28003, '2018-09-08', '2018-09-21');
insert into locacao (usuario, exemplar, retirada, entrega) values (45, 28003, '2018-11-30', '2018-12-06');
insert into locacao (usuario, exemplar, retirada, entrega) values (78, 28003, '2018-12-20', '2018-12-24');
insert into locacao (usuario, exemplar, retirada, entrega) values (20, 28003, '2019-01-17', '2019-01-20');
insert into locacao (usuario, exemplar, retirada, entrega) values (44, 28003, '2019-03-25', '2019-04-15');
insert into locacao (usuario, exemplar, retirada, entrega) values (30, 28003, '2019-04-16', '2019-05-05');
insert into locacao (usuario, exemplar, retirada, entrega) values (86, 28003, '2019-04-17', '2019-04-19');
insert into locacao (usuario, exemplar, retirada, entrega) values (84, 28004, '2018-04-03', '2018-04-17');
insert into locacao (usuario, exemplar, retirada, entrega) values (14, 28004, '2018-05-28', '2018-05-30');
insert into locacao (usuario, exemplar, retirada, entrega) values (9, 28004, '2018-07-21', '2018-07-30');
insert into locacao (usuario, exemplar, retirada, entrega) values (65, 28004, '2018-09-06', '2018-09-11');
insert into locacao (usuario, exemplar, retirada, entrega) values (13, 28004, '2018-10-24', '2018-10-26');
insert into locacao (usuario, exemplar, retirada, entrega) values (34, 28004, '2019-01-08', '2019-01-13');
insert into locacao (usuario, exemplar, retirada, entrega) values (92, 28004, '2019-02-26', '2019-03-17');
insert into locacao (usuario, exemplar, retirada, entrega) values (100, 28005, '2018-01-23', '2018-02-01');
insert into locacao (usuario, exemplar, retirada, entrega) values (48, 28005, '2018-01-29', '2018-02-17');
insert into locacao (usuario, exemplar, retirada, entrega) values (68, 28005, '2018-04-20', '2018-04-22');
insert into locacao (usuario, exemplar, retirada, entrega) values (44, 28005, '2018-07-16', '2018-07-21');
insert into locacao (usuario, exemplar, retirada, entrega) values (37, 28005, '2018-07-16', '2018-07-20');
insert into locacao (usuario, exemplar, retirada, entrega) values (28, 28005, '2018-09-06', '2018-09-23');
insert into locacao (usuario, exemplar, retirada, entrega) values (70, 28005, '2018-11-21', '2018-12-14');
insert into locacao (usuario, exemplar, retirada, entrega) values (38, 28005, '2018-12-26', '2019-01-11');
insert into locacao (usuario, exemplar, retirada, entrega) values (2, 28005, '2019-03-06', '2019-03-09');
insert into locacao (usuario, exemplar, retirada, entrega) values (56, 29001, '2018-02-01', '2018-02-27');
insert into locacao (usuario, exemplar, retirada, entrega) values (7, 29001, '2018-04-21', '2018-05-19');
insert into locacao (usuario, exemplar, retirada, entrega) values (35, 29001, '2018-04-21', '2018-05-07');
insert into locacao (usuario, exemplar, retirada, entrega) values (87, 29001, '2018-07-13', '2018-07-19');
insert into locacao (usuario, exemplar, retirada, entrega) values (97, 29001, '2018-09-24', '2018-09-26');
insert into locacao (usuario, exemplar, retirada, entrega) values (34, 29001, '2018-10-11', '2018-10-14');
insert into locacao (usuario, exemplar, retirada, entrega) values (48, 29001, '2018-10-29', '2018-11-25');
insert into locacao (usuario, exemplar, retirada, entrega) values (3, 29001, '2019-01-22', '2019-02-15');
insert into locacao (usuario, exemplar, retirada, entrega) values (4, 29001, '2019-03-23', '2019-03-29');
insert into locacao (usuario, exemplar, retirada, entrega) values (89, 29002, '2018-03-12', '2018-03-25');
insert into locacao (usuario, exemplar, retirada, entrega) values (28, 29002, '2018-04-19', '2018-05-09');
insert into locacao (usuario, exemplar, retirada, entrega) values (39, 29002, '2018-06-23', '2018-06-26');
insert into locacao (usuario, exemplar, retirada, entrega) values (83, 29002, '2018-07-24', '2018-08-03');
insert into locacao (usuario, exemplar, retirada, entrega) values (93, 29002, '2018-10-16', '2018-10-18');
insert into locacao (usuario, exemplar, retirada, entrega) values (71, 29002, '2018-10-28', '2018-10-30');
insert into locacao (usuario, exemplar, retirada, entrega) values (38, 29002, '2018-11-30', '2018-12-18');
insert into locacao (usuario, exemplar, retirada, entrega) values (96, 29002, '2019-02-06', '2019-02-26');
insert into locacao (usuario, exemplar, retirada, entrega) values (21, 29002, '2019-04-09', '2019-04-12');
insert into locacao (usuario, exemplar, retirada, entrega) values (90, 29003, '2018-02-03', '2018-02-10');
insert into locacao (usuario, exemplar, retirada, entrega) values (94, 29003, '2018-03-03', '2018-03-08');
insert into locacao (usuario, exemplar, retirada, entrega) values (69, 29003, '2018-06-08', '2018-06-13');
insert into locacao (usuario, exemplar, retirada, entrega) values (41, 29003, '2018-06-27', '2018-07-13');
insert into locacao (usuario, exemplar, retirada, entrega) values (14, 29003, '2018-08-12', '2018-08-19');
insert into locacao (usuario, exemplar, retirada, entrega) values (10, 29003, '2018-11-02', '2018-11-16');
insert into locacao (usuario, exemplar, retirada, entrega) values (80, 29003, '2019-02-01', '2019-02-05');
insert into locacao (usuario, exemplar, retirada, entrega) values (91, 29003, '2019-03-11', '2019-03-22');
insert into locacao (usuario, exemplar, retirada, entrega) values (58, 29003, '2019-03-20', '2019-03-27');
insert into locacao (usuario, exemplar, retirada, entrega) values (35, 29003, '2019-03-28', '2019-04-04');
insert into locacao (usuario, exemplar, retirada, entrega) values (94, 29003, '2019-04-04', '2019-04-18');
insert into locacao (usuario, exemplar, retirada, entrega) values (6, 29003, '2019-04-07', '2019-04-13');
insert into locacao (usuario, exemplar, retirada, entrega) values (93, 30001, '2018-02-21', '2018-02-26');
insert into locacao (usuario, exemplar, retirada, entrega) values (41, 30001, '2018-04-24', '2018-04-30');
insert into locacao (usuario, exemplar, retirada, entrega) values (38, 30001, '2018-07-28', '2018-08-25');
insert into locacao (usuario, exemplar, retirada, entrega) values (74, 30001, '2018-10-08', '2018-10-11');
insert into locacao (usuario, exemplar, retirada, entrega) values (38, 30001, '2018-12-30', '2019-01-05');
insert into locacao (usuario, exemplar, retirada, entrega) values (54, 30001, '2019-01-31', '2019-02-23');
insert into locacao (usuario, exemplar, retirada, entrega) values (51, 30001, '2019-04-10', '2019-04-17');
insert into locacao (usuario, exemplar, retirada, entrega) values (19, 30001, '2019-04-15', '2019-05-03');
insert into locacao (usuario, exemplar, retirada, entrega) values (10, 30001, '2019-04-18', '2019-04-29');
insert into locacao (usuario, exemplar, retirada, entrega) values (96, 30002, '2018-01-23', '2018-02-06');
insert into locacao (usuario, exemplar, retirada, entrega) values (50, 30002, '2018-02-13', '2018-02-18');
insert into locacao (usuario, exemplar, retirada, entrega) values (22, 30002, '2018-04-29', '2018-05-04');
insert into locacao (usuario, exemplar, retirada, entrega) values (59, 30002, '2018-05-18', '2018-05-20');
insert into locacao (usuario, exemplar, retirada, entrega) values (19, 30002, '2018-07-13', '2018-07-25');
insert into locacao (usuario, exemplar, retirada, entrega) values (99, 30002, '2018-08-12', '2018-08-28');
insert into locacao (usuario, exemplar, retirada, entrega) values (33, 30002, '2018-09-02', '2018-09-11');
insert into locacao (usuario, exemplar, retirada, entrega) values (30, 30002, '2018-09-18', '2018-10-07');
insert into locacao (usuario, exemplar, retirada, entrega) values (4, 30002, '2018-12-02', '2018-12-06');
insert into locacao (usuario, exemplar, retirada, entrega) values (25, 30002, '2019-01-20', '2019-02-05');
insert into locacao (usuario, exemplar, retirada, entrega) values (43, 30002, '2019-03-31', '2019-04-02');
insert into locacao (usuario, exemplar, retirada, entrega) values (58, 30003, '2018-02-11', '2018-02-16');
insert into locacao (usuario, exemplar, retirada, entrega) values (36, 30003, '2018-05-13', '2018-05-15');
insert into locacao (usuario, exemplar, retirada, entrega) values (83, 30003, '2018-07-24', '2018-08-09');
insert into locacao (usuario, exemplar, retirada, entrega) values (84, 30003, '2018-10-24', '2018-11-07');
insert into locacao (usuario, exemplar, retirada, entrega) values (40, 30003, '2019-01-08', '2019-01-15');
insert into locacao (usuario, exemplar, retirada, entrega) values (49, 30003, '2019-01-13', '2019-01-20');
insert into locacao (usuario, exemplar, retirada, entrega) values (8, 30003, '2019-03-24', '2019-03-30');
insert into locacao (usuario, exemplar, retirada, entrega) values (88, 30004, '2018-03-21', '2018-03-25');
insert into locacao (usuario, exemplar, retirada, entrega) values (31, 30004, '2018-05-10', '2018-05-14');
insert into locacao (usuario, exemplar, retirada, entrega) values (53, 30004, '2018-07-15', '2018-07-25');
insert into locacao (usuario, exemplar, retirada, entrega) values (7, 30004, '2018-08-20', '2018-08-23');
insert into locacao (usuario, exemplar, retirada, entrega) values (55, 30004, '2018-10-03', '2018-10-09');
insert into locacao (usuario, exemplar, retirada, entrega) values (73, 30004, '2018-10-19', '2018-11-06');
insert into locacao (usuario, exemplar, retirada, entrega) values (31, 30004, '2018-11-08', '2018-11-13');
insert into locacao (usuario, exemplar, retirada, entrega) values (48, 30004, '2018-11-22', '2018-12-09');
insert into locacao (usuario, exemplar, retirada, entrega) values (82, 30004, '2018-12-02', '2018-12-04');
insert into locacao (usuario, exemplar, retirada, entrega) values (90, 30004, '2019-02-16', '2019-02-27');
insert into locacao (usuario, exemplar, retirada, entrega) values (24, 30004, '2019-03-15', '2019-03-21');
insert into locacao (usuario, exemplar, retirada, entrega) values (30, 30004, '2019-03-28', '2019-04-03');
insert into locacao (usuario, exemplar, retirada) values (5, 3003, '2019-05-18');
insert into locacao (usuario, exemplar, retirada) values (59, 4001, '2019-05-04');
insert into locacao (usuario, exemplar, retirada) values (91, 8001, '2019-05-18');
insert into locacao (usuario, exemplar, retirada) values (96, 9002, '2019-05-06');
insert into locacao (usuario, exemplar, retirada) values (37, 11001, '2019-05-04');
insert into locacao (usuario, exemplar, retirada) values (100, 11005, '2019-05-16');
insert into locacao (usuario, exemplar, retirada) values (9, 14002, '2019-05-06');
insert into locacao (usuario, exemplar, retirada) values (84, 14003, '2019-05-10');
insert into locacao (usuario, exemplar, retirada) values (64, 15001, '2019-05-03');
insert into locacao (usuario, exemplar, retirada) values (87, 15002, '2019-05-08');
insert into locacao (usuario, exemplar, retirada) values (22, 16001, '2019-05-16');
insert into locacao (usuario, exemplar, retirada) values (52, 16003, '2019-05-06');
insert into locacao (usuario, exemplar, retirada) values (77, 17001, '2019-05-13');
insert into locacao (usuario, exemplar, retirada) values (89, 17002, '2019-05-19');
insert into locacao (usuario, exemplar, retirada) values (6, 17004, '2019-05-04');
insert into locacao (usuario, exemplar, retirada) values (21, 19001, '2019-05-11');
insert into locacao (usuario, exemplar, retirada) values (24, 21001, '2019-05-07');
insert into locacao (usuario, exemplar, retirada) values (11, 23002, '2019-05-02');
insert into locacao (usuario, exemplar, retirada) values (25, 23003, '2019-05-15');
insert into locacao (usuario, exemplar, retirada) values (81, 25003, '2019-05-11');
insert into locacao (usuario, exemplar, retirada) values (45, 26002, '2019-05-09');
insert into locacao (usuario, exemplar, retirada) values (92, 26003, '2019-05-02');
insert into locacao (usuario, exemplar, retirada) values (85, 26004, '2019-05-19');
insert into locacao (usuario, exemplar, retirada) values (71, 29001, '2019-05-11');
insert into locacao (usuario, exemplar, retirada) values (12, 29003, '2019-05-06');
----------------------------------------------------------------------------------------------------
-- Sabendo que o prazo de locao  de 21 dias para professores, 14 dias para funcionrios e 7 dias para alunos:
--1) Mostrar a quantidade de alunos por curso que no atrasaram entrega de livros nos ltimos 3 meses.
--2) Mostrar, de duas formas diferentes, o nome dos usurios que atrasaram entrega de livros nos ltimos 3 meses.
--3) Mostrar o nome dos alunos com a 1a, 2a e 3a maior quantidade de locaes de livros sobre PostgreSQL nos ltimos 9 meses.

