\c postgres
drop database biblioteca;
create database biblioteca;
\c biblioteca
create table usuario (codigo integer not null, nome varchar(100) not null, tipo char(1) not null check ((tipo = 'A') or (tipo = 'P') or (tipo = 'F')), curso varchar(100), primary key (codigo));
create table livro (codigo integer not null, titulo varchar(200) not null, primary key (codigo));
create table exemplar (codigo integer not null, livro integer not null references livro(codigo), primary key (codigo));
create table locacao (usuario integer not null references usuario(codigo), exemplar integer not null references exemplar(codigo), retirada date not null default now(), entrega date, primary key (usuario, exemplar, retirada));
insert into usuario (codigo, nome, tipo, curso) values (1, 'aluno 1', 'A', 'curso superior de bacharelado em engenharia mecanica');
insert into usuario (codigo, nome, tipo, curso) values (2, 'aluno 2', 'A', 'curso tecnico integrado em refrigeracao e ar condicionado');
insert into usuario (codigo, nome, tipo, curso) values (3, 'aluno 3', 'A', 'curso tecnico integrado em refrigeracao e ar condicionado');
insert into usuario (codigo, nome, tipo, curso) values (4, 'aluno 4', 'A', 'curso tecnico integrado em refrigeracao e ar condicionado');
insert into usuario (codigo, nome, tipo, curso) values (5, 'aluno 5', 'A', 'curso tecnico integrado em refrigeracao e ar condicionado');
insert into usuario (codigo, nome, tipo, curso) values (6, 'aluno 6', 'A', 'curso superior de bacharelado em engenharia mecanica');
insert into usuario (codigo, nome, tipo) values (7, 'professor 7', 'P');
insert into usuario (codigo, nome, tipo, curso) values (8, 'aluno 8', 'A', 'curso tecnico integrado em refrigeracao e ar condicionado');
insert into usuario (codigo, nome, tipo, curso) values (9, 'aluno 9', 'A', 'curso tecnico integrado em eletrotecnica');
insert into usuario (codigo, nome, tipo) values (10, 'professor 10', 'P');
insert into usuario (codigo, nome, tipo) values (11, 'funcionario 11', 'F');
insert into usuario (codigo, nome, tipo) values (12, 'professor 12', 'P');
insert into usuario (codigo, nome, tipo) values (13, 'funcionario 13', 'F');
insert into usuario (codigo, nome, tipo) values (14, 'funcionario 14', 'F');
insert into usuario (codigo, nome, tipo, curso) values (15, 'aluno 15', 'A', 'curso tecnico integrado em eletrotecnica');
insert into usuario (codigo, nome, tipo) values (16, 'funcionario 16', 'F');
insert into usuario (codigo, nome, tipo, curso) values (17, 'aluno 17', 'A', 'curso tecnico integrado em eletrotecnica');
insert into usuario (codigo, nome, tipo) values (18, 'funcionario 18', 'F');
insert into usuario (codigo, nome, tipo) values (19, 'funcionario 19', 'F');
insert into usuario (codigo, nome, tipo) values (20, 'funcionario 20', 'F');
insert into usuario (codigo, nome, tipo) values (21, 'funcionario 21', 'F');
insert into usuario (codigo, nome, tipo, curso) values (22, 'aluno 22', 'A', 'curso superior de bacharelado em engenharia mecanica');
insert into usuario (codigo, nome, tipo) values (23, 'professor 23', 'P');
insert into usuario (codigo, nome, tipo) values (24, 'professor 24', 'P');
insert into usuario (codigo, nome, tipo) values (25, 'professor 25', 'P');
insert into usuario (codigo, nome, tipo, curso) values (26, 'aluno 26', 'A', 'curso tecnico integrado em refrigeracao e ar condicionado');
insert into usuario (codigo, nome, tipo) values (27, 'professor 27', 'P');
insert into usuario (codigo, nome, tipo, curso) values (28, 'aluno 28', 'A', 'curso tecnico integrado em refrigeracao e ar condicionado');
insert into usuario (codigo, nome, tipo, curso) values (29, 'aluno 29', 'A', 'curso superior de tecnologia em analise e desenvolvimento de sistemas');
insert into usuario (codigo, nome, tipo) values (30, 'funcionario 30', 'F');
insert into usuario (codigo, nome, tipo, curso) values (31, 'aluno 31', 'A', 'curso tecnico integrado em eletrotecnica');
insert into usuario (codigo, nome, tipo) values (32, 'funcionario 32', 'F');
insert into usuario (codigo, nome, tipo) values (33, 'professor 33', 'P');
insert into usuario (codigo, nome, tipo, curso) values (34, 'aluno 34', 'A', 'curso tecnico integrado em eletrotecnica');
insert into usuario (codigo, nome, tipo, curso) values (35, 'aluno 35', 'A', 'curso tecnico integrado em informatica para internet');
insert into usuario (codigo, nome, tipo) values (36, 'professor 36', 'P');
insert into usuario (codigo, nome, tipo, curso) values (37, 'aluno 37', 'A', 'curso tecnico integrado em informatica para internet');
insert into usuario (codigo, nome, tipo) values (38, 'funcionario 38', 'F');
insert into usuario (codigo, nome, tipo) values (39, 'funcionario 39', 'F');
insert into usuario (codigo, nome, tipo, curso) values (40, 'aluno 40', 'A', 'curso superior de tecnologia em analise e desenvolvimento de sistemas');
insert into usuario (codigo, nome, tipo, curso) values (41, 'aluno 41', 'A', 'curso superior de bacharelado em engenharia mecanica');
insert into usuario (codigo, nome, tipo, curso) values (42, 'aluno 42', 'A', 'curso superior de bacharelado em engenharia mecanica');
insert into usuario (codigo, nome, tipo, curso) values (43, 'aluno 43', 'A', 'curso tecnico integrado em eletrotecnica');
insert into usuario (codigo, nome, tipo) values (44, 'professor 44', 'P');
insert into usuario (codigo, nome, tipo) values (45, 'funcionario 45', 'F');
insert into usuario (codigo, nome, tipo, curso) values (46, 'aluno 46', 'A', 'curso superior de bacharelado em engenharia mecanica');
insert into usuario (codigo, nome, tipo) values (47, 'funcionario 47', 'F');
insert into usuario (codigo, nome, tipo) values (48, 'professor 48', 'P');
insert into usuario (codigo, nome, tipo) values (49, 'professor 49', 'P');
insert into usuario (codigo, nome, tipo, curso) values (50, 'aluno 50', 'A', 'curso superior de tecnologia em analise e desenvolvimento de sistemas');
insert into usuario (codigo, nome, tipo) values (51, 'funcionario 51', 'F');
insert into usuario (codigo, nome, tipo) values (52, 'professor 52', 'P');
insert into usuario (codigo, nome, tipo) values (53, 'funcionario 53', 'F');
insert into usuario (codigo, nome, tipo, curso) values (54, 'aluno 54', 'A', 'curso tecnico integrado em eletrotecnica');
insert into usuario (codigo, nome, tipo, curso) values (55, 'aluno 55', 'A', 'curso superior de tecnologia em analise e desenvolvimento de sistemas');
insert into usuario (codigo, nome, tipo, curso) values (56, 'aluno 56', 'A', 'curso tecnico integrado em informatica para internet');
insert into usuario (codigo, nome, tipo, curso) values (57, 'aluno 57', 'A', 'curso tecnico integrado em refrigeracao e ar condicionado');
insert into usuario (codigo, nome, tipo, curso) values (58, 'aluno 58', 'A', 'curso tecnico integrado em eletrotecnica');
insert into usuario (codigo, nome, tipo, curso) values (59, 'aluno 59', 'A', 'curso superior de bacharelado em engenharia mecanica');
insert into usuario (codigo, nome, tipo, curso) values (60, 'aluno 60', 'A', 'curso tecnico integrado em refrigeracao e ar condicionado');
insert into usuario (codigo, nome, tipo, curso) values (61, 'aluno 61', 'A', 'curso tecnico integrado em informatica para internet');
insert into usuario (codigo, nome, tipo) values (62, 'funcionario 62', 'F');
insert into usuario (codigo, nome, tipo) values (63, 'funcionario 63', 'F');
insert into usuario (codigo, nome, tipo, curso) values (64, 'aluno 64', 'A', 'curso superior de tecnologia em analise e desenvolvimento de sistemas');
insert into usuario (codigo, nome, tipo, curso) values (65, 'aluno 65', 'A', 'curso tecnico integrado em informatica para internet');
insert into usuario (codigo, nome, tipo, curso) values (66, 'aluno 66', 'A', 'curso tecnico integrado em informatica para internet');
insert into usuario (codigo, nome, tipo) values (67, 'funcionario 67', 'F');
insert into usuario (codigo, nome, tipo) values (68, 'funcionario 68', 'F');
insert into usuario (codigo, nome, tipo, curso) values (69, 'aluno 69', 'A', 'curso tecnico integrado em informatica para internet');
insert into usuario (codigo, nome, tipo, curso) values (70, 'aluno 70', 'A', 'curso tecnico integrado em refrigeracao e ar condicionado');
insert into usuario (codigo, nome, tipo, curso) values (71, 'aluno 71', 'A', 'curso superior de bacharelado em engenharia mecanica');
insert into usuario (codigo, nome, tipo, curso) values (72, 'aluno 72', 'A', 'curso tecnico integrado em informatica para internet');
insert into usuario (codigo, nome, tipo) values (73, 'funcionario 73', 'F');
insert into usuario (codigo, nome, tipo, curso) values (74, 'aluno 74', 'A', 'curso tecnico integrado em informatica para internet');
insert into usuario (codigo, nome, tipo, curso) values (75, 'aluno 75', 'A', 'curso superior de bacharelado em engenharia mecanica');
insert into usuario (codigo, nome, tipo) values (76, 'funcionario 76', 'F');
insert into usuario (codigo, nome, tipo, curso) values (77, 'aluno 77', 'A', 'curso superior de tecnologia em analise e desenvolvimento de sistemas');
insert into usuario (codigo, nome, tipo, curso) values (78, 'aluno 78', 'A', 'curso tecnico integrado em refrigeracao e ar condicionado');
insert into usuario (codigo, nome, tipo, curso) values (79, 'aluno 79', 'A', 'curso superior de bacharelado em engenharia mecanica');
insert into usuario (codigo, nome, tipo, curso) values (80, 'aluno 80', 'A', 'curso superior de bacharelado em engenharia mecanica');
insert into usuario (codigo, nome, tipo, curso) values (81, 'aluno 81', 'A', 'curso tecnico integrado em refrigeracao e ar condicionado');
insert into usuario (codigo, nome, tipo) values (82, 'funcionario 82', 'F');
insert into usuario (codigo, nome, tipo, curso) values (83, 'aluno 83', 'A', 'curso superior de tecnologia em analise e desenvolvimento de sistemas');
insert into usuario (codigo, nome, tipo) values (84, 'funcionario 84', 'F');
insert into usuario (codigo, nome, tipo) values (85, 'funcionario 85', 'F');
insert into usuario (codigo, nome, tipo, curso) values (86, 'aluno 86', 'A', 'curso tecnico integrado em refrigeracao e ar condicionado');
insert into usuario (codigo, nome, tipo) values (87, 'funcionario 87', 'F');
insert into usuario (codigo, nome, tipo) values (88, 'professor 88', 'P');
insert into usuario (codigo, nome, tipo, curso) values (89, 'aluno 89', 'A', 'curso tecnico integrado em eletrotecnica');
insert into usuario (codigo, nome, tipo, curso) values (90, 'aluno 90', 'A', 'curso superior de bacharelado em engenharia mecanica');
insert into usuario (codigo, nome, tipo) values (91, 'funcionario 91', 'F');
insert into usuario (codigo, nome, tipo) values (92, 'professor 92', 'P');
insert into usuario (codigo, nome, tipo) values (93, 'funcionario 93', 'F');
insert into usuario (codigo, nome, tipo, curso) values (94, 'aluno 94', 'A', 'curso tecnico integrado em refrigeracao e ar condicionado');
insert into usuario (codigo, nome, tipo, curso) values (95, 'aluno 95', 'A', 'curso tecnico integrado em informatica para internet');
insert into usuario (codigo, nome, tipo, curso) values (96, 'aluno 96', 'A', 'curso tecnico integrado em eletrotecnica');
insert into usuario (codigo, nome, tipo, curso) values (97, 'aluno 97', 'A', 'curso tecnico integrado em refrigeracao e ar condicionado');
insert into usuario (codigo, nome, tipo, curso) values (98, 'aluno 98', 'A', 'curso tecnico integrado em eletrotecnica');
insert into usuario (codigo, nome, tipo) values (99, 'funcionario 99', 'F');
insert into usuario (codigo, nome, tipo) values (100, 'professor 100', 'P');
insert into livro (codigo, titulo) values (1, 'livro 1');
insert into livro (codigo, titulo) values (2, 'livro 2');
insert into livro (codigo, titulo) values (3, 'livro 3');
insert into livro (codigo, titulo) values (4, 'xxx postgresql xxx 4');
insert into livro (codigo, titulo) values (5, 'livro 5');
insert into livro (codigo, titulo) values (6, 'xxx postgresql 6');
insert into livro (codigo, titulo) values (7, 'livro 7');
insert into livro (codigo, titulo) values (8, 'livro 8');
insert into livro (codigo, titulo) values (9, 'postgresql xxx 9');
insert into livro (codigo, titulo) values (10, 'xxx postgresql xxx 10');
insert into livro (codigo, titulo) values (11, 'xxx postgresql 11');
insert into livro (codigo, titulo) values (12, 'postgresql xxx 12');
insert into livro (codigo, titulo) values (13, 'livro 13');
insert into livro (codigo, titulo) values (14, 'xxx postgresql xxx 14');
insert into livro (codigo, titulo) values (15, 'xxx postgresql 15');
insert into livro (codigo, titulo) values (16, 'xxx postgresql xxx 16');
insert into livro (codigo, titulo) values (17, 'livro 17');
insert into livro (codigo, titulo) values (18, 'postgresql xxx 18');
insert into livro (codigo, titulo) values (19, 'livro 19');
insert into livro (codigo, titulo) values (20, 'livro 20');
insert into livro (codigo, titulo) values (21, 'livro 21');
insert into livro (codigo, titulo) values (22, 'livro 22');
insert into livro (codigo, titulo) values (23, 'livro 23');
insert into livro (codigo, titulo) values (24, 'livro 24');
insert into livro (codigo, titulo) values (25, 'livro 25');
insert into livro (codigo, titulo) values (26, 'livro 26');
insert into livro (codigo, titulo) values (27, 'livro 27');
insert into livro (codigo, titulo) values (28, 'xxx postgresql 28');
insert into livro (codigo, titulo) values (29, 'livro 29');
insert into livro (codigo, titulo) values (30, 'postgresql xxx 30');
insert into exemplar (codigo, livro) values (1001, 1);
insert into exemplar (codigo, livro) values (1002, 1);
insert into exemplar (codigo, livro) values (2001, 2);
insert into exemplar (codigo, livro) values (2002, 2);
insert into exemplar (codigo, livro) values (2003, 2);
insert into exemplar (codigo, livro) values (2004, 2);
insert into exemplar (codigo, livro) values (3001, 3);
insert into exemplar (codigo, livro) values (4001, 4);
insert into exemplar (codigo, livro) values (4002, 4);
insert into exemplar (codigo, livro) values (4003, 4);
insert into exemplar (codigo, livro) values (4004, 4);
insert into exemplar (codigo, livro) values (4005, 4);
insert into exemplar (codigo, livro) values (5001, 5);
insert into exemplar (codigo, livro) values (5002, 5);
insert into exemplar (codigo, livro) values (5003, 5);
insert into exemplar (codigo, livro) values (5004, 5);
insert into exemplar (codigo, livro) values (5005, 5);
insert into exemplar (codigo, livro) values (6001, 6);
insert into exemplar (codigo, livro) values (6002, 6);
insert into exemplar (codigo, livro) values (7001, 7);
insert into exemplar (codigo, livro) values (7002, 7);
insert into exemplar (codigo, livro) values (7003, 7);
insert into exemplar (codigo, livro) values (8001, 8);
insert into exemplar (codigo, livro) values (8002, 8);
insert into exemplar (codigo, livro) values (8003, 8);
insert into exemplar (codigo, livro) values (9001, 9);
insert into exemplar (codigo, livro) values (9002, 9);
insert into exemplar (codigo, livro) values (9003, 9);
insert into exemplar (codigo, livro) values (10001, 10);
insert into exemplar (codigo, livro) values (11001, 11);
insert into exemplar (codigo, livro) values (11002, 11);
insert into exemplar (codigo, livro) values (12001, 12);
insert into exemplar (codigo, livro) values (13001, 13);
insert into exemplar (codigo, livro) values (13002, 13);
insert into exemplar (codigo, livro) values (13003, 13);
insert into exemplar (codigo, livro) values (13004, 13);
insert into exemplar (codigo, livro) values (14001, 14);
insert into exemplar (codigo, livro) values (15001, 15);
insert into exemplar (codigo, livro) values (15002, 15);
insert into exemplar (codigo, livro) values (15003, 15);
insert into exemplar (codigo, livro) values (15004, 15);
insert into exemplar (codigo, livro) values (16001, 16);
insert into exemplar (codigo, livro) values (16002, 16);
insert into exemplar (codigo, livro) values (17001, 17);
insert into exemplar (codigo, livro) values (17002, 17);
insert into exemplar (codigo, livro) values (17003, 17);
insert into exemplar (codigo, livro) values (17004, 17);
insert into exemplar (codigo, livro) values (17005, 17);
insert into exemplar (codigo, livro) values (18001, 18);
insert into exemplar (codigo, livro) values (19001, 19);
insert into exemplar (codigo, livro) values (19002, 19);
insert into exemplar (codigo, livro) values (19003, 19);
insert into exemplar (codigo, livro) values (20001, 20);
insert into exemplar (codigo, livro) values (20002, 20);
insert into exemplar (codigo, livro) values (20003, 20);
insert into exemplar (codigo, livro) values (21001, 21);
insert into exemplar (codigo, livro) values (22001, 22);
insert into exemplar (codigo, livro) values (23001, 23);
insert into exemplar (codigo, livro) values (23002, 23);
insert into exemplar (codigo, livro) values (23003, 23);
insert into exemplar (codigo, livro) values (24001, 24);
insert into exemplar (codigo, livro) values (25001, 25);
insert into exemplar (codigo, livro) values (25002, 25);
insert into exemplar (codigo, livro) values (25003, 25);
insert into exemplar (codigo, livro) values (25004, 25);
insert into exemplar (codigo, livro) values (25005, 25);
insert into exemplar (codigo, livro) values (26001, 26);
insert into exemplar (codigo, livro) values (27001, 27);
insert into exemplar (codigo, livro) values (27002, 27);
insert into exemplar (codigo, livro) values (27003, 27);
insert into exemplar (codigo, livro) values (28001, 28);
insert into exemplar (codigo, livro) values (28002, 28);
insert into exemplar (codigo, livro) values (28003, 28);
insert into exemplar (codigo, livro) values (29001, 29);
insert into exemplar (codigo, livro) values (29002, 29);
insert into exemplar (codigo, livro) values (29003, 29);
insert into exemplar (codigo, livro) values (30001, 30);
insert into exemplar (codigo, livro) values (30002, 30);
insert into exemplar (codigo, livro) values (30003, 30);
insert into exemplar (codigo, livro) values (30004, 30);
insert into exemplar (codigo, livro) values (30005, 30);
insert into locacao (usuario, exemplar, retirada, entrega) values (19, 1001, '2018-01-04', '2018-01-07');
insert into locacao (usuario, exemplar, retirada, entrega) values (75, 1001, '2018-01-20', '2018-01-23');
insert into locacao (usuario, exemplar, retirada, entrega) values (17, 1001, '2018-03-23', '2018-04-13');
insert into locacao (usuario, exemplar, retirada, entrega) values (21, 1001, '2018-04-07', '2018-04-24');
insert into locacao (usuario, exemplar, retirada, entrega) values (26, 1001, '2018-07-03', '2018-07-06');
insert into locacao (usuario, exemplar, retirada, entrega) values (1, 1001, '2018-07-14', '2018-07-21');
insert into locacao (usuario, exemplar, retirada, entrega) values (9, 1001, '2018-10-08', '2018-10-22');
insert into locacao (usuario, exemplar, retirada, entrega) values (93, 1001, '2019-01-10', '2019-01-13');
insert into locacao (usuario, exemplar, retirada, entrega) values (27, 1001, '2019-03-03', '2019-03-10');
insert into locacao (usuario, exemplar, retirada, entrega) values (55, 1002, '2018-03-30', '2018-04-05');
insert into locacao (usuario, exemplar, retirada, entrega) values (69, 1002, '2018-06-29', '2018-07-03');
insert into locacao (usuario, exemplar, retirada, entrega) values (75, 1002, '2018-08-01', '2018-08-07');
insert into locacao (usuario, exemplar, retirada, entrega) values (29, 1002, '2018-11-07', '2018-11-09');
insert into locacao (usuario, exemplar, retirada, entrega) values (16, 1002, '2018-12-12', '2018-12-17');
insert into locacao (usuario, exemplar, retirada, entrega) values (83, 1002, '2019-01-13', '2019-01-19');
insert into locacao (usuario, exemplar, retirada, entrega) values (26, 1002, '2019-03-27', '2019-03-29');
insert into locacao (usuario, exemplar, retirada, entrega) values (21, 2001, '2018-03-09', '2018-03-16');
insert into locacao (usuario, exemplar, retirada, entrega) values (70, 2001, '2018-05-27', '2018-06-09');
insert into locacao (usuario, exemplar, retirada, entrega) values (41, 2001, '2018-06-28', '2018-06-30');
insert into locacao (usuario, exemplar, retirada, entrega) values (24, 2001, '2018-08-07', '2018-08-20');
insert into locacao (usuario, exemplar, retirada, entrega) values (92, 2001, '2018-10-15', '2018-10-17');
insert into locacao (usuario, exemplar, retirada, entrega) values (90, 2001, '2018-11-17', '2018-12-03');
insert into locacao (usuario, exemplar, retirada, entrega) values (99, 2001, '2019-02-13', '2019-02-17');
insert into locacao (usuario, exemplar, retirada, entrega) values (38, 2001, '2019-04-14', '2019-04-20');
insert into locacao (usuario, exemplar, retirada, entrega) values (99, 2002, '2018-02-18', '2018-03-06');
insert into locacao (usuario, exemplar, retirada, entrega) values (32, 2002, '2018-04-26', '2018-05-01');
insert into locacao (usuario, exemplar, retirada, entrega) values (3, 2002, '2018-05-27', '2018-06-17');
insert into locacao (usuario, exemplar, retirada, entrega) values (60, 2002, '2018-08-25', '2018-08-27');
insert into locacao (usuario, exemplar, retirada, entrega) values (28, 2002, '2018-10-20', '2018-10-23');
insert into locacao (usuario, exemplar, retirada, entrega) values (8, 2002, '2019-01-19', '2019-01-26');
insert into locacao (usuario, exemplar, retirada, entrega) values (81, 2002, '2019-03-31', '2019-04-04');
insert into locacao (usuario, exemplar, retirada, entrega) values (20, 2003, '2018-04-10', '2018-04-15');
insert into locacao (usuario, exemplar, retirada, entrega) values (100, 2003, '2018-04-30', '2018-05-13');
insert into locacao (usuario, exemplar, retirada, entrega) values (40, 2003, '2018-05-19', '2018-06-06');
insert into locacao (usuario, exemplar, retirada, entrega) values (52, 2003, '2018-07-09', '2018-07-13');
insert into locacao (usuario, exemplar, retirada, entrega) values (45, 2003, '2018-07-31', '2018-08-05');
insert into locacao (usuario, exemplar, retirada, entrega) values (31, 2003, '2018-07-31', '2018-08-02');
insert into locacao (usuario, exemplar, retirada, entrega) values (5, 2003, '2018-09-29', '2018-10-04');
insert into locacao (usuario, exemplar, retirada, entrega) values (91, 2003, '2018-10-07', '2018-10-13');
insert into locacao (usuario, exemplar, retirada, entrega) values (68, 2003, '2018-11-26', '2018-12-07');
insert into locacao (usuario, exemplar, retirada, entrega) values (70, 2003, '2018-12-08', '2019-01-05');
insert into locacao (usuario, exemplar, retirada, entrega) values (19, 2003, '2019-03-03', '2019-03-20');
insert into locacao (usuario, exemplar, retirada, entrega) values (91, 2004, '2018-01-05', '2018-01-07');
insert into locacao (usuario, exemplar, retirada, entrega) values (41, 2004, '2018-01-09', '2018-02-06');
insert into locacao (usuario, exemplar, retirada, entrega) values (20, 2004, '2018-03-03', '2018-03-22');
insert into locacao (usuario, exemplar, retirada, entrega) values (10, 2004, '2018-04-20', '2018-04-26');
insert into locacao (usuario, exemplar, retirada, entrega) values (68, 2004, '2018-07-14', '2018-07-17');
insert into locacao (usuario, exemplar, retirada, entrega) values (49, 2004, '2018-08-09', '2018-08-12');
insert into locacao (usuario, exemplar, retirada, entrega) values (59, 2004, '2018-10-29', '2018-11-14');
insert into locacao (usuario, exemplar, retirada, entrega) values (59, 2004, '2018-11-21', '2018-11-25');
insert into locacao (usuario, exemplar, retirada, entrega) values (47, 2004, '2019-01-12', '2019-01-28');
insert into locacao (usuario, exemplar, retirada, entrega) values (7, 2004, '2019-01-25', '2019-02-08');
insert into locacao (usuario, exemplar, retirada, entrega) values (8, 2004, '2019-04-14', '2019-05-02');
insert into locacao (usuario, exemplar, retirada, entrega) values (8, 3001, '2018-04-03', '2018-04-07');
insert into locacao (usuario, exemplar, retirada, entrega) values (5, 3001, '2018-04-24', '2018-04-28');
insert into locacao (usuario, exemplar, retirada, entrega) values (99, 3001, '2018-07-05', '2018-07-07');
insert into locacao (usuario, exemplar, retirada, entrega) values (73, 3001, '2018-09-19', '2018-10-06');
insert into locacao (usuario, exemplar, retirada, entrega) values (12, 3001, '2018-10-23', '2018-10-29');
insert into locacao (usuario, exemplar, retirada, entrega) values (92, 3001, '2018-12-31', '2019-01-14');
insert into locacao (usuario, exemplar, retirada, entrega) values (91, 3001, '2019-01-20', '2019-01-26');
insert into locacao (usuario, exemplar, retirada, entrega) values (11, 3001, '2019-01-29', '2019-02-18');
insert into locacao (usuario, exemplar, retirada, entrega) values (51, 3001, '2019-02-16', '2019-03-07');
insert into locacao (usuario, exemplar, retirada, entrega) values (3, 4001, '2018-01-06', '2018-01-13');
insert into locacao (usuario, exemplar, retirada, entrega) values (7, 4001, '2018-01-11', '2018-01-15');
insert into locacao (usuario, exemplar, retirada, entrega) values (54, 4001, '2018-03-31', '2018-04-06');
insert into locacao (usuario, exemplar, retirada, entrega) values (17, 4001, '2018-05-20', '2018-05-22');
insert into locacao (usuario, exemplar, retirada, entrega) values (16, 4001, '2018-07-09', '2018-07-22');
insert into locacao (usuario, exemplar, retirada, entrega) values (79, 4001, '2018-09-30', '2018-10-09');
insert into locacao (usuario, exemplar, retirada, entrega) values (97, 4001, '2018-10-26', '2018-10-29');
insert into locacao (usuario, exemplar, retirada, entrega) values (81, 4001, '2018-11-13', '2018-11-15');
insert into locacao (usuario, exemplar, retirada, entrega) values (36, 4001, '2018-11-28', '2018-12-05');
insert into locacao (usuario, exemplar, retirada, entrega) values (13, 4001, '2018-12-07', '2018-12-13');
insert into locacao (usuario, exemplar, retirada, entrega) values (27, 4001, '2018-12-13', '2018-12-22');
insert into locacao (usuario, exemplar, retirada, entrega) values (8, 4001, '2019-03-03', '2019-03-10');
insert into locacao (usuario, exemplar, retirada, entrega) values (5, 4001, '2019-03-28', '2019-03-30');
insert into locacao (usuario, exemplar, retirada, entrega) values (79, 4001, '2019-04-24', '2019-04-26');
insert into locacao (usuario, exemplar, retirada, entrega) values (87, 4002, '2018-01-16', '2018-02-09');
insert into locacao (usuario, exemplar, retirada, entrega) values (28, 4002, '2018-04-23', '2018-04-27');
insert into locacao (usuario, exemplar, retirada, entrega) values (76, 4002, '2018-07-22', '2018-07-31');
insert into locacao (usuario, exemplar, retirada, entrega) values (12, 4002, '2018-08-13', '2018-08-31');
insert into locacao (usuario, exemplar, retirada, entrega) values (14, 4002, '2018-09-22', '2018-09-29');
insert into locacao (usuario, exemplar, retirada, entrega) values (45, 4002, '2018-11-19', '2018-11-21');
insert into locacao (usuario, exemplar, retirada, entrega) values (13, 4002, '2018-12-02', '2018-12-13');
insert into locacao (usuario, exemplar, retirada, entrega) values (35, 4002, '2019-02-16', '2019-02-20');
insert into locacao (usuario, exemplar, retirada, entrega) values (25, 4002, '2019-04-22', '2019-05-19');
insert into locacao (usuario, exemplar, retirada, entrega) values (83, 4003, '2018-02-11', '2018-02-18');
insert into locacao (usuario, exemplar, retirada, entrega) values (63, 4003, '2018-03-20', '2018-03-23');
insert into locacao (usuario, exemplar, retirada, entrega) values (88, 4003, '2018-05-08', '2018-05-12');
insert into locacao (usuario, exemplar, retirada, entrega) values (20, 4003, '2018-08-15', '2018-08-19');
insert into locacao (usuario, exemplar, retirada, entrega) values (24, 4003, '2018-10-27', '2018-10-29');
insert into locacao (usuario, exemplar, retirada, entrega) values (21, 4003, '2018-12-23', '2018-12-27');
insert into locacao (usuario, exemplar, retirada, entrega) values (38, 4003, '2018-12-24', '2018-12-28');
insert into locacao (usuario, exemplar, retirada, entrega) values (20, 4003, '2019-01-13', '2019-01-18');
insert into locacao (usuario, exemplar, retirada, entrega) values (6, 4003, '2019-02-09', '2019-02-15');
insert into locacao (usuario, exemplar, retirada, entrega) values (56, 4003, '2019-04-13', '2019-05-02');
insert into locacao (usuario, exemplar, retirada, entrega) values (18, 4003, '2019-04-28', '2019-05-12');
insert into locacao (usuario, exemplar, retirada, entrega) values (83, 4004, '2018-02-15', '2018-03-08');
insert into locacao (usuario, exemplar, retirada, entrega) values (32, 4004, '2018-05-07', '2018-05-13');
insert into locacao (usuario, exemplar, retirada, entrega) values (93, 4004, '2018-07-09', '2018-07-15');
insert into locacao (usuario, exemplar, retirada, entrega) values (85, 4004, '2018-09-24', '2018-10-07');
insert into locacao (usuario, exemplar, retirada, entrega) values (4, 4004, '2018-10-16', '2018-11-12');
insert into locacao (usuario, exemplar, retirada, entrega) values (75, 4004, '2018-12-02', '2018-12-09');
insert into locacao (usuario, exemplar, retirada, entrega) values (46, 4004, '2019-01-04', '2019-01-09');
insert into locacao (usuario, exemplar, retirada, entrega) values (51, 4004, '2019-01-25', '2019-01-27');
insert into locacao (usuario, exemplar, retirada, entrega) values (15, 4004, '2019-04-27', '2019-05-02');
insert into locacao (usuario, exemplar, retirada, entrega) values (6, 4005, '2018-03-09', '2018-03-13');
insert into locacao (usuario, exemplar, retirada, entrega) values (8, 4005, '2018-03-13', '2018-04-06');
insert into locacao (usuario, exemplar, retirada, entrega) values (54, 4005, '2018-03-31', '2018-04-02');
insert into locacao (usuario, exemplar, retirada, entrega) values (43, 4005, '2018-06-06', '2018-06-08');
insert into locacao (usuario, exemplar, retirada, entrega) values (14, 4005, '2018-06-26', '2018-07-19');
insert into locacao (usuario, exemplar, retirada, entrega) values (26, 4005, '2018-09-14', '2018-09-28');
insert into locacao (usuario, exemplar, retirada, entrega) values (96, 4005, '2018-11-02', '2018-11-07');
insert into locacao (usuario, exemplar, retirada, entrega) values (52, 4005, '2018-12-30', '2019-01-20');
insert into locacao (usuario, exemplar, retirada, entrega) values (74, 4005, '2018-12-30', '2019-01-18');
insert into locacao (usuario, exemplar, retirada, entrega) values (63, 4005, '2019-01-26', '2019-02-09');
insert into locacao (usuario, exemplar, retirada, entrega) values (18, 4005, '2019-03-18', '2019-03-20');
insert into locacao (usuario, exemplar, retirada, entrega) values (40, 5001, '2018-03-13', '2018-04-09');
insert into locacao (usuario, exemplar, retirada, entrega) values (60, 5001, '2018-04-23', '2018-04-26');
insert into locacao (usuario, exemplar, retirada, entrega) values (93, 5001, '2018-06-29', '2018-07-18');
insert into locacao (usuario, exemplar, retirada, entrega) values (61, 5001, '2018-08-12', '2018-08-17');
insert into locacao (usuario, exemplar, retirada, entrega) values (51, 5001, '2018-10-17', '2018-10-23');
insert into locacao (usuario, exemplar, retirada, entrega) values (8, 5001, '2018-11-20', '2018-11-24');
insert into locacao (usuario, exemplar, retirada, entrega) values (74, 5001, '2018-11-21', '2018-11-25');
insert into locacao (usuario, exemplar, retirada, entrega) values (63, 5001, '2019-02-20', '2019-03-01');
insert into locacao (usuario, exemplar, retirada, entrega) values (13, 5002, '2018-03-22', '2018-03-25');
insert into locacao (usuario, exemplar, retirada, entrega) values (57, 5002, '2018-03-29', '2018-04-15');
insert into locacao (usuario, exemplar, retirada, entrega) values (90, 5002, '2018-07-04', '2018-07-15');
insert into locacao (usuario, exemplar, retirada, entrega) values (76, 5002, '2018-09-09', '2018-09-13');
insert into locacao (usuario, exemplar, retirada, entrega) values (21, 5002, '2018-09-19', '2018-09-23');
insert into locacao (usuario, exemplar, retirada, entrega) values (14, 5002, '2018-11-19', '2018-11-26');
insert into locacao (usuario, exemplar, retirada, entrega) values (54, 5002, '2019-02-13', '2019-02-16');
insert into locacao (usuario, exemplar, retirada, entrega) values (23, 5002, '2019-03-15', '2019-03-19');
insert into locacao (usuario, exemplar, retirada, entrega) values (100, 5003, '2018-04-04', '2018-04-25');
insert into locacao (usuario, exemplar, retirada, entrega) values (33, 5003, '2018-06-20', '2018-07-06');
insert into locacao (usuario, exemplar, retirada, entrega) values (18, 5003, '2018-06-24', '2018-07-08');
insert into locacao (usuario, exemplar, retirada, entrega) values (12, 5003, '2018-09-23', '2018-09-29');
insert into locacao (usuario, exemplar, retirada, entrega) values (57, 5003, '2018-10-02', '2018-10-16');
insert into locacao (usuario, exemplar, retirada, entrega) values (92, 5003, '2018-10-31', '2018-11-27');
insert into locacao (usuario, exemplar, retirada, entrega) values (17, 5003, '2018-12-22', '2019-01-01');
insert into locacao (usuario, exemplar, retirada, entrega) values (3, 5003, '2019-02-22', '2019-03-14');
insert into locacao (usuario, exemplar, retirada, entrega) values (84, 5003, '2019-04-23', '2019-04-29');
insert into locacao (usuario, exemplar, retirada, entrega) values (47, 5004, '2018-02-03', '2018-02-05');
insert into locacao (usuario, exemplar, retirada, entrega) values (71, 5004, '2018-02-13', '2018-02-18');
insert into locacao (usuario, exemplar, retirada, entrega) values (13, 5004, '2018-03-11', '2018-04-01');
insert into locacao (usuario, exemplar, retirada, entrega) values (11, 5004, '2018-04-14', '2018-04-21');
insert into locacao (usuario, exemplar, retirada, entrega) values (44, 5004, '2018-05-12', '2018-05-21');
insert into locacao (usuario, exemplar, retirada, entrega) values (32, 5004, '2018-08-09', '2018-08-23');
insert into locacao (usuario, exemplar, retirada, entrega) values (83, 5004, '2018-09-17', '2018-09-24');
insert into locacao (usuario, exemplar, retirada, entrega) values (10, 5004, '2018-11-23', '2018-12-07');
insert into locacao (usuario, exemplar, retirada, entrega) values (62, 5004, '2019-01-07', '2019-01-21');
insert into locacao (usuario, exemplar, retirada, entrega) values (42, 5004, '2019-03-29', '2019-04-15');
insert into locacao (usuario, exemplar, retirada, entrega) values (99, 5005, '2018-04-08', '2018-04-21');
insert into locacao (usuario, exemplar, retirada, entrega) values (80, 5005, '2018-05-09', '2018-05-16');
insert into locacao (usuario, exemplar, retirada, entrega) values (79, 5005, '2018-05-30', '2018-06-02');
insert into locacao (usuario, exemplar, retirada, entrega) values (33, 5005, '2018-07-08', '2018-08-05');
insert into locacao (usuario, exemplar, retirada, entrega) values (53, 5005, '2018-08-10', '2018-08-27');
insert into locacao (usuario, exemplar, retirada, entrega) values (24, 5005, '2018-10-07', '2018-10-21');
insert into locacao (usuario, exemplar, retirada, entrega) values (83, 5005, '2018-11-28', '2018-12-02');
insert into locacao (usuario, exemplar, retirada, entrega) values (10, 5005, '2019-02-15', '2019-02-17');
insert into locacao (usuario, exemplar, retirada, entrega) values (27, 6001, '2018-01-30', '2018-02-01');
insert into locacao (usuario, exemplar, retirada, entrega) values (52, 6001, '2018-03-12', '2018-03-14');
insert into locacao (usuario, exemplar, retirada, entrega) values (62, 6001, '2018-06-03', '2018-06-22');
insert into locacao (usuario, exemplar, retirada, entrega) values (90, 6001, '2018-08-31', '2018-09-06');
insert into locacao (usuario, exemplar, retirada, entrega) values (40, 6001, '2018-11-08', '2018-11-11');
insert into locacao (usuario, exemplar, retirada, entrega) values (87, 6001, '2018-11-26', '2018-12-03');
insert into locacao (usuario, exemplar, retirada, entrega) values (52, 6001, '2019-01-18', '2019-01-27');
insert into locacao (usuario, exemplar, retirada, entrega) values (72, 6001, '2019-04-04', '2019-04-18');
insert into locacao (usuario, exemplar, retirada, entrega) values (5, 6002, '2018-03-05', '2018-03-07');
insert into locacao (usuario, exemplar, retirada, entrega) values (21, 6002, '2018-06-08', '2018-06-10');
insert into locacao (usuario, exemplar, retirada, entrega) values (9, 6002, '2018-08-12', '2018-09-09');
insert into locacao (usuario, exemplar, retirada, entrega) values (56, 6002, '2018-10-04', '2018-10-11');
insert into locacao (usuario, exemplar, retirada, entrega) values (18, 6002, '2018-11-14', '2018-11-16');
insert into locacao (usuario, exemplar, retirada, entrega) values (53, 6002, '2018-11-19', '2018-12-01');
insert into locacao (usuario, exemplar, retirada, entrega) values (38, 6002, '2019-01-28', '2019-02-20');
insert into locacao (usuario, exemplar, retirada, entrega) values (10, 6002, '2019-02-26', '2019-03-02');
insert into locacao (usuario, exemplar, retirada, entrega) values (80, 6002, '2019-04-03', '2019-04-09');
insert into locacao (usuario, exemplar, retirada, entrega) values (2, 7001, '2018-04-08', '2018-04-27');
insert into locacao (usuario, exemplar, retirada, entrega) values (8, 7001, '2018-06-12', '2018-06-18');
insert into locacao (usuario, exemplar, retirada, entrega) values (34, 7001, '2018-07-13', '2018-07-16');
insert into locacao (usuario, exemplar, retirada, entrega) values (78, 7001, '2018-09-01', '2018-09-13');
insert into locacao (usuario, exemplar, retirada, entrega) values (44, 7001, '2018-09-12', '2018-09-18');
insert into locacao (usuario, exemplar, retirada, entrega) values (86, 7001, '2018-10-15', '2018-10-21');
insert into locacao (usuario, exemplar, retirada, entrega) values (8, 7001, '2018-11-21', '2018-11-26');
insert into locacao (usuario, exemplar, retirada, entrega) values (69, 7001, '2019-01-21', '2019-02-09');
insert into locacao (usuario, exemplar, retirada, entrega) values (96, 7001, '2019-01-29', '2019-02-03');
insert into locacao (usuario, exemplar, retirada, entrega) values (18, 7001, '2019-04-28', '2019-05-01');
insert into locacao (usuario, exemplar, retirada, entrega) values (42, 7002, '2018-02-15', '2018-02-21');
insert into locacao (usuario, exemplar, retirada, entrega) values (65, 7002, '2018-03-14', '2018-03-19');
insert into locacao (usuario, exemplar, retirada, entrega) values (69, 7002, '2018-05-28', '2018-06-01');
insert into locacao (usuario, exemplar, retirada, entrega) values (25, 7002, '2018-07-06', '2018-07-10');
insert into locacao (usuario, exemplar, retirada, entrega) values (53, 7002, '2018-09-10', '2018-09-30');
insert into locacao (usuario, exemplar, retirada, entrega) values (55, 7002, '2018-10-06', '2018-10-09');
insert into locacao (usuario, exemplar, retirada, entrega) values (66, 7002, '2018-12-07', '2018-12-09');
insert into locacao (usuario, exemplar, retirada, entrega) values (44, 7002, '2019-03-15', '2019-03-31');
insert into locacao (usuario, exemplar, retirada, entrega) values (78, 7003, '2018-01-29', '2018-02-02');
insert into locacao (usuario, exemplar, retirada, entrega) values (39, 7003, '2018-02-19', '2018-02-26');
insert into locacao (usuario, exemplar, retirada, entrega) values (6, 7003, '2018-05-25', '2018-06-20');
insert into locacao (usuario, exemplar, retirada, entrega) values (93, 7003, '2018-08-16', '2018-08-23');
insert into locacao (usuario, exemplar, retirada, entrega) values (8, 7003, '2018-08-29', '2018-09-16');
insert into locacao (usuario, exemplar, retirada, entrega) values (58, 7003, '2018-10-16', '2018-10-19');
insert into locacao (usuario, exemplar, retirada, entrega) values (43, 7003, '2018-11-24', '2018-12-08');
insert into locacao (usuario, exemplar, retirada, entrega) values (89, 7003, '2019-01-05', '2019-01-08');
insert into locacao (usuario, exemplar, retirada, entrega) values (84, 7003, '2019-03-19', '2019-03-30');
insert into locacao (usuario, exemplar, retirada, entrega) values (11, 7003, '2019-04-04', '2019-04-10');
insert into locacao (usuario, exemplar, retirada, entrega) values (92, 8001, '2018-02-13', '2018-02-15');
insert into locacao (usuario, exemplar, retirada, entrega) values (27, 8001, '2018-04-19', '2018-04-25');
insert into locacao (usuario, exemplar, retirada, entrega) values (5, 8001, '2018-07-21', '2018-08-01');
insert into locacao (usuario, exemplar, retirada, entrega) values (63, 8001, '2018-09-28', '2018-10-16');
insert into locacao (usuario, exemplar, retirada, entrega) values (29, 8001, '2018-11-22', '2018-11-27');
insert into locacao (usuario, exemplar, retirada, entrega) values (33, 8001, '2019-02-09', '2019-02-15');
insert into locacao (usuario, exemplar, retirada, entrega) values (53, 8001, '2019-03-07', '2019-03-23');
insert into locacao (usuario, exemplar, retirada, entrega) values (92, 8001, '2019-03-23', '2019-04-04');
insert into locacao (usuario, exemplar, retirada, entrega) values (51, 8002, '2018-03-04', '2018-03-06');
insert into locacao (usuario, exemplar, retirada, entrega) values (72, 8002, '2018-04-26', '2018-05-02');
insert into locacao (usuario, exemplar, retirada, entrega) values (83, 8002, '2018-06-09', '2018-06-22');
insert into locacao (usuario, exemplar, retirada, entrega) values (59, 8002, '2018-06-23', '2018-06-25');
insert into locacao (usuario, exemplar, retirada, entrega) values (35, 8002, '2018-08-01', '2018-08-06');
insert into locacao (usuario, exemplar, retirada, entrega) values (38, 8002, '2018-11-02', '2018-11-09');
insert into locacao (usuario, exemplar, retirada, entrega) values (39, 8002, '2019-02-07', '2019-02-14');
insert into locacao (usuario, exemplar, retirada, entrega) values (48, 8002, '2019-02-28', '2019-03-10');
insert into locacao (usuario, exemplar, retirada, entrega) values (16, 8002, '2019-04-16', '2019-04-29');
insert into locacao (usuario, exemplar, retirada, entrega) values (34, 8003, '2018-01-17', '2018-02-06');
insert into locacao (usuario, exemplar, retirada, entrega) values (82, 8003, '2018-03-06', '2018-03-11');
insert into locacao (usuario, exemplar, retirada, entrega) values (14, 8003, '2018-03-25', '2018-04-19');
insert into locacao (usuario, exemplar, retirada, entrega) values (94, 8003, '2018-04-25', '2018-05-04');
insert into locacao (usuario, exemplar, retirada, entrega) values (39, 8003, '2018-06-05', '2018-06-08');
insert into locacao (usuario, exemplar, retirada, entrega) values (65, 8003, '2018-06-26', '2018-07-09');
insert into locacao (usuario, exemplar, retirada, entrega) values (60, 8003, '2018-09-19', '2018-09-22');
insert into locacao (usuario, exemplar, retirada, entrega) values (80, 8003, '2018-10-25', '2018-10-29');
insert into locacao (usuario, exemplar, retirada, entrega) values (21, 8003, '2018-11-28', '2018-12-14');
insert into locacao (usuario, exemplar, retirada, entrega) values (81, 8003, '2019-03-05', '2019-03-08');
insert into locacao (usuario, exemplar, retirada, entrega) values (58, 8003, '2019-04-01', '2019-04-14');
insert into locacao (usuario, exemplar, retirada, entrega) values (99, 8003, '2019-04-17', '2019-04-21');
insert into locacao (usuario, exemplar, retirada, entrega) values (63, 9001, '2018-03-01', '2018-03-12');
insert into locacao (usuario, exemplar, retirada, entrega) values (6, 9001, '2018-05-23', '2018-06-18');
insert into locacao (usuario, exemplar, retirada, entrega) values (11, 9001, '2018-08-03', '2018-08-07');
insert into locacao (usuario, exemplar, retirada, entrega) values (34, 9001, '2018-08-12', '2018-08-24');
insert into locacao (usuario, exemplar, retirada, entrega) values (10, 9001, '2018-08-20', '2018-08-22');
insert into locacao (usuario, exemplar, retirada, entrega) values (23, 9001, '2018-10-20', '2018-11-01');
insert into locacao (usuario, exemplar, retirada, entrega) values (90, 9001, '2019-01-17', '2019-01-24');
insert into locacao (usuario, exemplar, retirada, entrega) values (91, 9001, '2019-04-18', '2019-04-20');
insert into locacao (usuario, exemplar, retirada, entrega) values (54, 9002, '2018-03-10', '2018-03-20');
insert into locacao (usuario, exemplar, retirada, entrega) values (82, 9002, '2018-06-07', '2018-06-10');
insert into locacao (usuario, exemplar, retirada, entrega) values (53, 9002, '2018-07-30', '2018-08-09');
insert into locacao (usuario, exemplar, retirada, entrega) values (57, 9002, '2018-11-03', '2018-11-10');
insert into locacao (usuario, exemplar, retirada, entrega) values (19, 9002, '2018-12-30', '2019-01-06');
insert into locacao (usuario, exemplar, retirada, entrega) values (49, 9002, '2019-04-03', '2019-04-07');
insert into locacao (usuario, exemplar, retirada, entrega) values (21, 9003, '2018-02-05', '2018-02-15');
insert into locacao (usuario, exemplar, retirada, entrega) values (75, 9003, '2018-03-22', '2018-03-26');
insert into locacao (usuario, exemplar, retirada, entrega) values (28, 9003, '2018-06-20', '2018-06-24');
insert into locacao (usuario, exemplar, retirada, entrega) values (76, 9003, '2018-08-29', '2018-08-31');
insert into locacao (usuario, exemplar, retirada, entrega) values (23, 9003, '2018-09-07', '2018-09-11');
insert into locacao (usuario, exemplar, retirada, entrega) values (14, 9003, '2018-10-27', '2018-11-09');
insert into locacao (usuario, exemplar, retirada, entrega) values (5, 9003, '2019-01-15', '2019-02-04');
insert into locacao (usuario, exemplar, retirada, entrega) values (47, 9003, '2019-02-16', '2019-02-25');
insert into locacao (usuario, exemplar, retirada, entrega) values (17, 9003, '2019-03-09', '2019-03-11');
insert into locacao (usuario, exemplar, retirada, entrega) values (54, 9003, '2019-04-01', '2019-04-05');
insert into locacao (usuario, exemplar, retirada, entrega) values (5, 9003, '2019-04-27', '2019-04-30');
insert into locacao (usuario, exemplar, retirada, entrega) values (14, 10001, '2018-01-31', '2018-02-03');
insert into locacao (usuario, exemplar, retirada, entrega) values (46, 10001, '2018-02-13', '2018-02-16');
insert into locacao (usuario, exemplar, retirada, entrega) values (90, 10001, '2018-03-27', '2018-04-02');
insert into locacao (usuario, exemplar, retirada, entrega) values (74, 10001, '2018-04-11', '2018-04-25');
insert into locacao (usuario, exemplar, retirada, entrega) values (25, 10001, '2018-05-09', '2018-05-18');
insert into locacao (usuario, exemplar, retirada, entrega) values (82, 10001, '2018-05-25', '2018-05-31');
insert into locacao (usuario, exemplar, retirada, entrega) values (39, 10001, '2018-07-10', '2018-07-17');
insert into locacao (usuario, exemplar, retirada, entrega) values (58, 10001, '2018-07-21', '2018-07-27');
insert into locacao (usuario, exemplar, retirada, entrega) values (52, 10001, '2018-10-26', '2018-11-05');
insert into locacao (usuario, exemplar, retirada, entrega) values (90, 10001, '2018-11-06', '2018-11-13');
insert into locacao (usuario, exemplar, retirada, entrega) values (95, 10001, '2019-01-02', '2019-01-05');
insert into locacao (usuario, exemplar, retirada, entrega) values (18, 10001, '2019-03-31', '2019-04-04');
insert into locacao (usuario, exemplar, retirada, entrega) values (21, 11001, '2018-03-03', '2018-03-08');
insert into locacao (usuario, exemplar, retirada, entrega) values (67, 11001, '2018-05-23', '2018-05-29');
insert into locacao (usuario, exemplar, retirada, entrega) values (71, 11001, '2018-07-24', '2018-07-28');
insert into locacao (usuario, exemplar, retirada, entrega) values (12, 11001, '2018-10-10', '2018-10-13');
insert into locacao (usuario, exemplar, retirada, entrega) values (63, 11001, '2018-11-15', '2018-11-18');
insert into locacao (usuario, exemplar, retirada, entrega) values (84, 11001, '2018-12-09', '2018-12-30');
insert into locacao (usuario, exemplar, retirada, entrega) values (55, 11001, '2018-12-09', '2018-12-18');
insert into locacao (usuario, exemplar, retirada, entrega) values (43, 11001, '2019-03-08', '2019-03-11');
insert into locacao (usuario, exemplar, retirada, entrega) values (13, 11001, '2019-04-09', '2019-04-16');
insert into locacao (usuario, exemplar, retirada, entrega) values (74, 11002, '2018-03-15', '2018-03-21');
insert into locacao (usuario, exemplar, retirada, entrega) values (4, 11002, '2018-03-31', '2018-04-03');
insert into locacao (usuario, exemplar, retirada, entrega) values (55, 11002, '2018-07-06', '2018-07-12');
insert into locacao (usuario, exemplar, retirada, entrega) values (88, 11002, '2018-10-13', '2018-10-24');
insert into locacao (usuario, exemplar, retirada, entrega) values (49, 11002, '2018-12-24', '2018-12-26');
insert into locacao (usuario, exemplar, retirada, entrega) values (100, 11002, '2019-01-29', '2019-02-01');
insert into locacao (usuario, exemplar, retirada, entrega) values (99, 11002, '2019-04-09', '2019-04-21');
insert into locacao (usuario, exemplar, retirada, entrega) values (49, 12001, '2018-02-04', '2018-02-07');
insert into locacao (usuario, exemplar, retirada, entrega) values (44, 12001, '2018-04-16', '2018-05-06');
insert into locacao (usuario, exemplar, retirada, entrega) values (31, 12001, '2018-04-16', '2018-04-30');
insert into locacao (usuario, exemplar, retirada, entrega) values (60, 12001, '2018-05-18', '2018-06-12');
insert into locacao (usuario, exemplar, retirada, entrega) values (14, 12001, '2018-07-11', '2018-07-13');
insert into locacao (usuario, exemplar, retirada, entrega) values (80, 12001, '2018-09-11', '2018-09-15');
insert into locacao (usuario, exemplar, retirada, entrega) values (27, 12001, '2018-11-12', '2018-11-15');
insert into locacao (usuario, exemplar, retirada, entrega) values (1, 12001, '2018-11-28', '2018-12-04');
insert into locacao (usuario, exemplar, retirada, entrega) values (67, 12001, '2018-12-15', '2018-12-22');
insert into locacao (usuario, exemplar, retirada, entrega) values (22, 12001, '2018-12-28', '2019-01-04');
insert into locacao (usuario, exemplar, retirada, entrega) values (71, 12001, '2019-03-08', '2019-03-21');
insert into locacao (usuario, exemplar, retirada, entrega) values (50, 13001, '2018-03-29', '2018-03-31');
insert into locacao (usuario, exemplar, retirada, entrega) values (85, 13001, '2018-07-03', '2018-07-09');
insert into locacao (usuario, exemplar, retirada, entrega) values (44, 13001, '2018-07-17', '2018-07-23');
insert into locacao (usuario, exemplar, retirada, entrega) values (39, 13001, '2018-08-18', '2018-08-22');
insert into locacao (usuario, exemplar, retirada, entrega) values (41, 13001, '2018-11-14', '2018-11-30');
insert into locacao (usuario, exemplar, retirada, entrega) values (79, 13001, '2019-01-21', '2019-01-31');
insert into locacao (usuario, exemplar, retirada, entrega) values (46, 13001, '2019-02-19', '2019-02-26');
insert into locacao (usuario, exemplar, retirada, entrega) values (34, 13001, '2019-03-11', '2019-03-17');
insert into locacao (usuario, exemplar, retirada, entrega) values (89, 13001, '2019-04-02', '2019-04-04');
insert into locacao (usuario, exemplar, retirada, entrega) values (83, 13002, '2018-03-01', '2018-03-03');
insert into locacao (usuario, exemplar, retirada, entrega) values (19, 13002, '2018-04-30', '2018-05-14');
insert into locacao (usuario, exemplar, retirada, entrega) values (83, 13002, '2018-05-24', '2018-05-26');
insert into locacao (usuario, exemplar, retirada, entrega) values (86, 13002, '2018-07-11', '2018-07-17');
insert into locacao (usuario, exemplar, retirada, entrega) values (95, 13002, '2018-09-11', '2018-09-16');
insert into locacao (usuario, exemplar, retirada, entrega) values (24, 13002, '2018-10-22', '2018-10-31');
insert into locacao (usuario, exemplar, retirada, entrega) values (20, 13002, '2018-12-14', '2018-12-17');
insert into locacao (usuario, exemplar, retirada, entrega) values (15, 13002, '2019-01-15', '2019-01-17');
insert into locacao (usuario, exemplar, retirada, entrega) values (97, 13002, '2019-04-14', '2019-04-19');
insert into locacao (usuario, exemplar, retirada, entrega) values (31, 13003, '2018-02-21', '2018-03-02');
insert into locacao (usuario, exemplar, retirada, entrega) values (22, 13003, '2018-04-22', '2018-04-28');
insert into locacao (usuario, exemplar, retirada, entrega) values (47, 13003, '2018-07-25', '2018-08-07');
insert into locacao (usuario, exemplar, retirada, entrega) values (65, 13003, '2018-08-30', '2018-09-06');
insert into locacao (usuario, exemplar, retirada, entrega) values (69, 13003, '2018-11-22', '2018-12-06');
insert into locacao (usuario, exemplar, retirada, entrega) values (14, 13003, '2019-01-31', '2019-02-04');
insert into locacao (usuario, exemplar, retirada, entrega) values (90, 13003, '2019-02-23', '2019-03-12');
insert into locacao (usuario, exemplar, retirada, entrega) values (87, 13003, '2019-03-03', '2019-03-08');
insert into locacao (usuario, exemplar, retirada, entrega) values (3, 13003, '2019-04-30', '2019-05-04');
insert into locacao (usuario, exemplar, retirada, entrega) values (16, 13004, '2018-04-09', '2018-04-16');
insert into locacao (usuario, exemplar, retirada, entrega) values (93, 13004, '2018-05-27', '2018-06-05');
insert into locacao (usuario, exemplar, retirada, entrega) values (30, 13004, '2018-08-26', '2018-09-01');
insert into locacao (usuario, exemplar, retirada, entrega) values (54, 13004, '2018-09-20', '2018-09-23');
insert into locacao (usuario, exemplar, retirada, entrega) values (34, 13004, '2018-11-06', '2018-11-12');
insert into locacao (usuario, exemplar, retirada, entrega) values (12, 13004, '2018-12-13', '2019-01-07');
insert into locacao (usuario, exemplar, retirada, entrega) values (3, 13004, '2019-03-07', '2019-03-21');
insert into locacao (usuario, exemplar, retirada, entrega) values (67, 13004, '2019-03-15', '2019-03-21');
insert into locacao (usuario, exemplar, retirada, entrega) values (34, 14001, '2018-02-09', '2018-02-12');
insert into locacao (usuario, exemplar, retirada, entrega) values (100, 14001, '2018-03-02', '2018-03-18');
insert into locacao (usuario, exemplar, retirada, entrega) values (90, 14001, '2018-04-05', '2018-04-26');
insert into locacao (usuario, exemplar, retirada, entrega) values (42, 14001, '2018-04-13', '2018-04-20');
insert into locacao (usuario, exemplar, retirada, entrega) values (17, 14001, '2018-04-16', '2018-05-07');
insert into locacao (usuario, exemplar, retirada, entrega) values (88, 14001, '2018-07-12', '2018-07-16');
insert into locacao (usuario, exemplar, retirada, entrega) values (25, 14001, '2018-08-24', '2018-08-31');
insert into locacao (usuario, exemplar, retirada, entrega) values (50, 14001, '2018-11-19', '2018-11-24');
insert into locacao (usuario, exemplar, retirada, entrega) values (14, 14001, '2018-12-25', '2019-01-07');
insert into locacao (usuario, exemplar, retirada, entrega) values (69, 14001, '2018-12-29', '2019-01-03');
insert into locacao (usuario, exemplar, retirada, entrega) values (58, 14001, '2019-03-16', '2019-03-20');
insert into locacao (usuario, exemplar, retirada, entrega) values (46, 14001, '2019-03-29', '2019-04-02');
insert into locacao (usuario, exemplar, retirada, entrega) values (86, 14001, '2019-04-29', '2019-05-04');
insert into locacao (usuario, exemplar, retirada, entrega) values (73, 15001, '2018-01-07', '2018-01-18');
insert into locacao (usuario, exemplar, retirada, entrega) values (77, 15001, '2018-01-25', '2018-02-01');
insert into locacao (usuario, exemplar, retirada, entrega) values (71, 15001, '2018-02-16', '2018-02-18');
insert into locacao (usuario, exemplar, retirada, entrega) values (94, 15001, '2018-05-11', '2018-05-27');
insert into locacao (usuario, exemplar, retirada, entrega) values (94, 15001, '2018-06-23', '2018-07-19');
insert into locacao (usuario, exemplar, retirada, entrega) values (97, 15001, '2018-08-18', '2018-09-15');
insert into locacao (usuario, exemplar, retirada, entrega) values (95, 15001, '2018-09-18', '2018-09-20');
insert into locacao (usuario, exemplar, retirada, entrega) values (74, 15001, '2018-09-21', '2018-10-17');
insert into locacao (usuario, exemplar, retirada, entrega) values (39, 15001, '2018-12-01', '2018-12-08');
insert into locacao (usuario, exemplar, retirada, entrega) values (84, 15001, '2019-01-20', '2019-01-27');
insert into locacao (usuario, exemplar, retirada, entrega) values (45, 15001, '2019-04-22', '2019-04-28');
insert into locacao (usuario, exemplar, retirada, entrega) values (48, 15002, '2018-03-27', '2018-03-31');
insert into locacao (usuario, exemplar, retirada, entrega) values (56, 15002, '2018-05-18', '2018-06-01');
insert into locacao (usuario, exemplar, retirada, entrega) values (5, 15002, '2018-06-18', '2018-06-23');
insert into locacao (usuario, exemplar, retirada, entrega) values (70, 15002, '2018-08-21', '2018-08-27');
insert into locacao (usuario, exemplar, retirada, entrega) values (22, 15002, '2018-11-08', '2018-11-27');
insert into locacao (usuario, exemplar, retirada, entrega) values (32, 15002, '2019-01-12', '2019-01-15');
insert into locacao (usuario, exemplar, retirada, entrega) values (26, 15002, '2019-01-20', '2019-01-26');
insert into locacao (usuario, exemplar, retirada, entrega) values (41, 15002, '2019-03-11', '2019-03-24');
insert into locacao (usuario, exemplar, retirada, entrega) values (82, 15003, '2018-01-27', '2018-02-03');
insert into locacao (usuario, exemplar, retirada, entrega) values (93, 15003, '2018-04-18', '2018-04-20');
insert into locacao (usuario, exemplar, retirada, entrega) values (27, 15003, '2018-05-24', '2018-06-02');
insert into locacao (usuario, exemplar, retirada, entrega) values (87, 15003, '2018-08-14', '2018-08-18');
insert into locacao (usuario, exemplar, retirada, entrega) values (40, 15003, '2018-09-13', '2018-09-26');
insert into locacao (usuario, exemplar, retirada, entrega) values (46, 15003, '2018-11-05', '2018-11-08');
insert into locacao (usuario, exemplar, retirada, entrega) values (56, 15003, '2018-11-20', '2018-12-10');
insert into locacao (usuario, exemplar, retirada, entrega) values (99, 15003, '2019-01-11', '2019-01-15');
insert into locacao (usuario, exemplar, retirada, entrega) values (43, 15003, '2019-03-29', '2019-04-03');
insert into locacao (usuario, exemplar, retirada, entrega) values (7, 15004, '2018-02-19', '2018-03-03');
insert into locacao (usuario, exemplar, retirada, entrega) values (80, 15004, '2018-04-25', '2018-04-28');
insert into locacao (usuario, exemplar, retirada, entrega) values (54, 15004, '2018-06-19', '2018-06-24');
insert into locacao (usuario, exemplar, retirada, entrega) values (32, 15004, '2018-06-30', '2018-07-06');
insert into locacao (usuario, exemplar, retirada, entrega) values (68, 15004, '2018-08-20', '2018-09-10');
insert into locacao (usuario, exemplar, retirada, entrega) values (36, 15004, '2018-10-11', '2018-10-16');
insert into locacao (usuario, exemplar, retirada, entrega) values (13, 15004, '2019-01-02', '2019-01-23');
insert into locacao (usuario, exemplar, retirada, entrega) values (65, 15004, '2019-01-27', '2019-02-03');
insert into locacao (usuario, exemplar, retirada, entrega) values (28, 15004, '2019-04-19', '2019-04-21');
insert into locacao (usuario, exemplar, retirada, entrega) values (8, 16001, '2018-04-08', '2018-04-15');
insert into locacao (usuario, exemplar, retirada, entrega) values (53, 16001, '2018-05-02', '2018-05-09');
insert into locacao (usuario, exemplar, retirada, entrega) values (88, 16001, '2018-07-26', '2018-08-01');
insert into locacao (usuario, exemplar, retirada, entrega) values (42, 16001, '2018-08-20', '2018-09-07');
insert into locacao (usuario, exemplar, retirada, entrega) values (71, 16001, '2018-09-06', '2018-09-27');
insert into locacao (usuario, exemplar, retirada, entrega) values (79, 16001, '2018-10-23', '2018-10-26');
insert into locacao (usuario, exemplar, retirada, entrega) values (12, 16001, '2019-01-13', '2019-01-20');
insert into locacao (usuario, exemplar, retirada, entrega) values (50, 16001, '2019-03-02', '2019-03-15');
insert into locacao (usuario, exemplar, retirada, entrega) values (11, 16001, '2019-04-01', '2019-04-08');
insert into locacao (usuario, exemplar, retirada, entrega) values (88, 16002, '2018-02-05', '2018-02-12');
insert into locacao (usuario, exemplar, retirada, entrega) values (92, 16002, '2018-03-13', '2018-03-18');
insert into locacao (usuario, exemplar, retirada, entrega) values (85, 16002, '2018-04-29', '2018-05-08');
insert into locacao (usuario, exemplar, retirada, entrega) values (46, 16002, '2018-05-17', '2018-05-22');
insert into locacao (usuario, exemplar, retirada, entrega) values (90, 16002, '2018-07-01', '2018-07-25');
insert into locacao (usuario, exemplar, retirada, entrega) values (22, 16002, '2018-07-11', '2018-07-17');
insert into locacao (usuario, exemplar, retirada, entrega) values (12, 16002, '2018-10-15', '2018-10-17');
insert into locacao (usuario, exemplar, retirada, entrega) values (36, 16002, '2018-12-11', '2018-12-29');
insert into locacao (usuario, exemplar, retirada, entrega) values (8, 16002, '2018-12-24', '2019-01-14');
insert into locacao (usuario, exemplar, retirada, entrega) values (19, 16002, '2019-02-05', '2019-02-12');
insert into locacao (usuario, exemplar, retirada, entrega) values (66, 17001, '2018-03-10', '2018-03-30');
insert into locacao (usuario, exemplar, retirada, entrega) values (11, 17001, '2018-06-13', '2018-06-25');
insert into locacao (usuario, exemplar, retirada, entrega) values (36, 17001, '2018-08-02', '2018-08-05');
insert into locacao (usuario, exemplar, retirada, entrega) values (61, 17001, '2018-10-08', '2018-10-29');
insert into locacao (usuario, exemplar, retirada, entrega) values (74, 17001, '2018-11-27', '2018-12-03');
insert into locacao (usuario, exemplar, retirada, entrega) values (73, 17001, '2019-03-02', '2019-03-08');
insert into locacao (usuario, exemplar, retirada, entrega) values (1, 17001, '2019-04-28', '2019-05-02');
insert into locacao (usuario, exemplar, retirada, entrega) values (54, 17002, '2018-03-03', '2018-03-05');
insert into locacao (usuario, exemplar, retirada, entrega) values (85, 17002, '2018-06-05', '2018-06-12');
insert into locacao (usuario, exemplar, retirada, entrega) values (28, 17002, '2018-06-29', '2018-07-13');
insert into locacao (usuario, exemplar, retirada, entrega) values (18, 17002, '2018-08-20', '2018-08-31');
insert into locacao (usuario, exemplar, retirada, entrega) values (13, 17002, '2018-11-18', '2018-11-21');
insert into locacao (usuario, exemplar, retirada, entrega) values (49, 17002, '2018-11-29', '2018-12-03');
insert into locacao (usuario, exemplar, retirada, entrega) values (15, 17002, '2019-02-09', '2019-02-13');
insert into locacao (usuario, exemplar, retirada, entrega) values (17, 17002, '2019-04-30', '2019-05-04');
insert into locacao (usuario, exemplar, retirada, entrega) values (87, 17003, '2018-03-12', '2018-03-21');
insert into locacao (usuario, exemplar, retirada, entrega) values (32, 17003, '2018-03-25', '2018-04-12');
insert into locacao (usuario, exemplar, retirada, entrega) values (74, 17003, '2018-06-29', '2018-07-05');
insert into locacao (usuario, exemplar, retirada, entrega) values (44, 17003, '2018-10-05', '2018-10-10');
insert into locacao (usuario, exemplar, retirada, entrega) values (52, 17003, '2018-10-16', '2018-11-06');
insert into locacao (usuario, exemplar, retirada, entrega) values (75, 17003, '2019-01-14', '2019-01-23');
insert into locacao (usuario, exemplar, retirada, entrega) values (24, 17003, '2019-03-19', '2019-04-04');
insert into locacao (usuario, exemplar, retirada, entrega) values (76, 17004, '2018-02-01', '2018-02-24');
insert into locacao (usuario, exemplar, retirada, entrega) values (89, 17004, '2018-03-15', '2018-03-18');
insert into locacao (usuario, exemplar, retirada, entrega) values (38, 17004, '2018-04-10', '2018-04-15');
insert into locacao (usuario, exemplar, retirada, entrega) values (39, 17004, '2018-05-25', '2018-05-30');
insert into locacao (usuario, exemplar, retirada, entrega) values (66, 17004, '2018-07-09', '2018-07-16');
insert into locacao (usuario, exemplar, retirada, entrega) values (36, 17004, '2018-10-08', '2018-10-14');
insert into locacao (usuario, exemplar, retirada, entrega) values (73, 17004, '2018-11-08', '2018-11-11');
insert into locacao (usuario, exemplar, retirada, entrega) values (15, 17004, '2019-01-01', '2019-01-21');
insert into locacao (usuario, exemplar, retirada, entrega) values (7, 17004, '2019-02-26', '2019-02-28');
insert into locacao (usuario, exemplar, retirada, entrega) values (99, 17004, '2019-03-07', '2019-03-09');
insert into locacao (usuario, exemplar, retirada, entrega) values (80, 17005, '2018-03-24', '2018-04-07');
insert into locacao (usuario, exemplar, retirada, entrega) values (97, 17005, '2018-04-06', '2018-04-16');
insert into locacao (usuario, exemplar, retirada, entrega) values (85, 17005, '2018-06-14', '2018-06-20');
insert into locacao (usuario, exemplar, retirada, entrega) values (24, 17005, '2018-06-27', '2018-07-03');
insert into locacao (usuario, exemplar, retirada, entrega) values (67, 17005, '2018-09-08', '2018-09-11');
insert into locacao (usuario, exemplar, retirada, entrega) values (11, 17005, '2018-09-24', '2018-10-01');
insert into locacao (usuario, exemplar, retirada, entrega) values (69, 17005, '2018-10-28', '2018-10-30');
insert into locacao (usuario, exemplar, retirada, entrega) values (49, 17005, '2019-01-08', '2019-01-11');
insert into locacao (usuario, exemplar, retirada, entrega) values (33, 17005, '2019-03-07', '2019-03-19');
insert into locacao (usuario, exemplar, retirada, entrega) values (24, 18001, '2018-01-03', '2018-01-14');
insert into locacao (usuario, exemplar, retirada, entrega) values (4, 18001, '2018-03-17', '2018-03-23');
insert into locacao (usuario, exemplar, retirada, entrega) values (60, 18001, '2018-03-20', '2018-04-07');
insert into locacao (usuario, exemplar, retirada, entrega) values (27, 18001, '2018-05-13', '2018-05-19');
insert into locacao (usuario, exemplar, retirada, entrega) values (1, 18001, '2018-07-02', '2018-07-07');
insert into locacao (usuario, exemplar, retirada, entrega) values (96, 18001, '2018-09-30', '2018-10-16');
insert into locacao (usuario, exemplar, retirada, entrega) values (85, 18001, '2018-11-02', '2018-11-05');
insert into locacao (usuario, exemplar, retirada, entrega) values (72, 18001, '2018-12-31', '2019-01-06');
insert into locacao (usuario, exemplar, retirada, entrega) values (14, 18001, '2019-01-06', '2019-01-12');
insert into locacao (usuario, exemplar, retirada, entrega) values (26, 18001, '2019-01-20', '2019-01-23');
insert into locacao (usuario, exemplar, retirada, entrega) values (45, 18001, '2019-01-31', '2019-02-03');
insert into locacao (usuario, exemplar, retirada, entrega) values (61, 18001, '2019-03-07', '2019-03-11');
insert into locacao (usuario, exemplar, retirada, entrega) values (37, 18001, '2019-03-09', '2019-03-28');
insert into locacao (usuario, exemplar, retirada, entrega) values (31, 18001, '2019-04-08', '2019-05-03');
insert into locacao (usuario, exemplar, retirada, entrega) values (63, 18001, '2019-04-14', '2019-05-04');
insert into locacao (usuario, exemplar, retirada, entrega) values (24, 19001, '2018-02-20', '2018-02-22');
insert into locacao (usuario, exemplar, retirada, entrega) values (93, 19001, '2018-03-27', '2018-04-08');
insert into locacao (usuario, exemplar, retirada, entrega) values (22, 19001, '2018-06-19', '2018-06-26');
insert into locacao (usuario, exemplar, retirada, entrega) values (78, 19001, '2018-08-11', '2018-09-01');
insert into locacao (usuario, exemplar, retirada, entrega) values (64, 19001, '2018-10-24', '2018-11-09');
insert into locacao (usuario, exemplar, retirada, entrega) values (38, 19001, '2018-12-16', '2018-12-27');
insert into locacao (usuario, exemplar, retirada, entrega) values (62, 19001, '2019-02-16', '2019-02-20');
insert into locacao (usuario, exemplar, retirada, entrega) values (6, 19001, '2019-02-20', '2019-03-04');
insert into locacao (usuario, exemplar, retirada, entrega) values (69, 19001, '2019-04-09', '2019-04-14');
insert into locacao (usuario, exemplar, retirada, entrega) values (35, 19002, '2018-01-28', '2018-02-20');
insert into locacao (usuario, exemplar, retirada, entrega) values (60, 19002, '2018-01-30', '2018-02-03');
insert into locacao (usuario, exemplar, retirada, entrega) values (27, 19002, '2018-03-21', '2018-03-27');
insert into locacao (usuario, exemplar, retirada, entrega) values (95, 19002, '2018-06-17', '2018-06-23');
insert into locacao (usuario, exemplar, retirada, entrega) values (92, 19002, '2018-08-17', '2018-09-03');
insert into locacao (usuario, exemplar, retirada, entrega) values (82, 19002, '2018-09-30', '2018-10-20');
insert into locacao (usuario, exemplar, retirada, entrega) values (17, 19002, '2018-12-15', '2018-12-19');
insert into locacao (usuario, exemplar, retirada, entrega) values (68, 19002, '2019-02-26', '2019-03-05');
insert into locacao (usuario, exemplar, retirada, entrega) values (47, 19002, '2019-04-21', '2019-04-24');
insert into locacao (usuario, exemplar, retirada, entrega) values (9, 19002, '2019-04-21', '2019-04-23');
insert into locacao (usuario, exemplar, retirada, entrega) values (45, 19002, '2019-04-26', '2019-04-30');
insert into locacao (usuario, exemplar, retirada, entrega) values (77, 19003, '2018-02-13', '2018-02-15');
insert into locacao (usuario, exemplar, retirada, entrega) values (95, 19003, '2018-03-18', '2018-04-04');
insert into locacao (usuario, exemplar, retirada, entrega) values (89, 19003, '2018-05-16', '2018-06-04');
insert into locacao (usuario, exemplar, retirada, entrega) values (33, 19003, '2018-07-16', '2018-08-03');
insert into locacao (usuario, exemplar, retirada, entrega) values (5, 19003, '2018-07-17', '2018-08-06');
insert into locacao (usuario, exemplar, retirada, entrega) values (2, 19003, '2018-09-09', '2018-09-22');
insert into locacao (usuario, exemplar, retirada, entrega) values (24, 19003, '2018-12-03', '2018-12-08');
insert into locacao (usuario, exemplar, retirada, entrega) values (74, 19003, '2019-01-30', '2019-02-01');
insert into locacao (usuario, exemplar, retirada, entrega) values (77, 19003, '2019-02-25', '2019-03-04');
insert into locacao (usuario, exemplar, retirada, entrega) values (49, 19003, '2019-03-15', '2019-03-31');
insert into locacao (usuario, exemplar, retirada, entrega) values (99, 20001, '2018-03-22', '2018-03-24');
insert into locacao (usuario, exemplar, retirada, entrega) values (35, 20001, '2018-04-29', '2018-05-22');
insert into locacao (usuario, exemplar, retirada, entrega) values (52, 20001, '2018-07-28', '2018-07-30');
insert into locacao (usuario, exemplar, retirada, entrega) values (41, 20001, '2018-08-29', '2018-09-14');
insert into locacao (usuario, exemplar, retirada, entrega) values (87, 20001, '2018-09-27', '2018-10-10');
insert into locacao (usuario, exemplar, retirada, entrega) values (69, 20001, '2018-10-05', '2018-10-08');
insert into locacao (usuario, exemplar, retirada, entrega) values (60, 20001, '2018-12-14', '2018-12-19');
insert into locacao (usuario, exemplar, retirada, entrega) values (68, 20001, '2019-01-04', '2019-01-08');
insert into locacao (usuario, exemplar, retirada, entrega) values (66, 20001, '2019-03-06', '2019-03-10');
insert into locacao (usuario, exemplar, retirada, entrega) values (68, 20002, '2018-01-14', '2018-01-19');
insert into locacao (usuario, exemplar, retirada, entrega) values (20, 20002, '2018-03-15', '2018-03-20');
insert into locacao (usuario, exemplar, retirada, entrega) values (95, 20002, '2018-05-21', '2018-06-04');
insert into locacao (usuario, exemplar, retirada, entrega) values (14, 20002, '2018-08-07', '2018-08-28');
insert into locacao (usuario, exemplar, retirada, entrega) values (20, 20002, '2018-10-17', '2018-11-14');
insert into locacao (usuario, exemplar, retirada, entrega) values (95, 20002, '2018-11-18', '2018-11-25');
insert into locacao (usuario, exemplar, retirada, entrega) values (82, 20002, '2019-02-12', '2019-02-16');
insert into locacao (usuario, exemplar, retirada, entrega) values (81, 20003, '2018-02-03', '2018-02-06');
insert into locacao (usuario, exemplar, retirada, entrega) values (1, 20003, '2018-02-26', '2018-03-01');
insert into locacao (usuario, exemplar, retirada, entrega) values (23, 20003, '2018-03-03', '2018-03-09');
insert into locacao (usuario, exemplar, retirada, entrega) values (89, 20003, '2018-06-03', '2018-06-09');
insert into locacao (usuario, exemplar, retirada, entrega) values (97, 20003, '2018-08-13', '2018-08-18');
insert into locacao (usuario, exemplar, retirada, entrega) values (48, 20003, '2018-10-20', '2018-11-08');
insert into locacao (usuario, exemplar, retirada, entrega) values (8, 20003, '2018-11-05', '2018-11-30');
insert into locacao (usuario, exemplar, retirada, entrega) values (9, 20003, '2018-11-12', '2018-11-14');
insert into locacao (usuario, exemplar, retirada, entrega) values (95, 20003, '2018-11-25', '2018-11-28');
insert into locacao (usuario, exemplar, retirada, entrega) values (94, 20003, '2019-01-19', '2019-01-24');
insert into locacao (usuario, exemplar, retirada, entrega) values (39, 20003, '2019-04-26', '2019-05-10');
insert into locacao (usuario, exemplar, retirada, entrega) values (56, 21001, '2018-03-15', '2018-03-25');
insert into locacao (usuario, exemplar, retirada, entrega) values (89, 21001, '2018-05-25', '2018-05-29');
insert into locacao (usuario, exemplar, retirada, entrega) values (53, 21001, '2018-08-21', '2018-09-07');
insert into locacao (usuario, exemplar, retirada, entrega) values (32, 21001, '2018-10-26', '2018-11-06');
insert into locacao (usuario, exemplar, retirada, entrega) values (14, 21001, '2019-01-03', '2019-01-17');
insert into locacao (usuario, exemplar, retirada, entrega) values (64, 21001, '2019-01-26', '2019-02-09');
insert into locacao (usuario, exemplar, retirada, entrega) values (66, 21001, '2019-03-25', '2019-03-30');
insert into locacao (usuario, exemplar, retirada, entrega) values (70, 22001, '2018-01-25', '2018-01-31');
insert into locacao (usuario, exemplar, retirada, entrega) values (58, 22001, '2018-04-23', '2018-05-14');
insert into locacao (usuario, exemplar, retirada, entrega) values (2, 22001, '2018-06-20', '2018-06-24');
insert into locacao (usuario, exemplar, retirada, entrega) values (19, 22001, '2018-08-11', '2018-08-15');
insert into locacao (usuario, exemplar, retirada, entrega) values (63, 22001, '2018-09-01', '2018-09-04');
insert into locacao (usuario, exemplar, retirada, entrega) values (10, 22001, '2018-11-26', '2018-11-30');
insert into locacao (usuario, exemplar, retirada, entrega) values (17, 22001, '2018-12-06', '2018-12-25');
insert into locacao (usuario, exemplar, retirada, entrega) values (12, 22001, '2019-02-04', '2019-03-04');
insert into locacao (usuario, exemplar, retirada, entrega) values (72, 22001, '2019-03-20', '2019-03-25');
insert into locacao (usuario, exemplar, retirada, entrega) values (68, 23001, '2018-03-03', '2018-03-09');
insert into locacao (usuario, exemplar, retirada, entrega) values (2, 23001, '2018-05-31', '2018-06-06');
insert into locacao (usuario, exemplar, retirada, entrega) values (84, 23001, '2018-08-09', '2018-08-29');
insert into locacao (usuario, exemplar, retirada, entrega) values (6, 23001, '2018-09-02', '2018-09-08');
insert into locacao (usuario, exemplar, retirada, entrega) values (95, 23001, '2018-11-22', '2018-11-26');
insert into locacao (usuario, exemplar, retirada, entrega) values (35, 23001, '2018-12-02', '2018-12-04');
insert into locacao (usuario, exemplar, retirada, entrega) values (86, 23001, '2019-03-07', '2019-03-21');
insert into locacao (usuario, exemplar, retirada, entrega) values (97, 23002, '2018-03-26', '2018-04-01');
insert into locacao (usuario, exemplar, retirada, entrega) values (52, 23002, '2018-05-19', '2018-05-23');
insert into locacao (usuario, exemplar, retirada, entrega) values (55, 23002, '2018-06-10', '2018-06-20');
insert into locacao (usuario, exemplar, retirada, entrega) values (37, 23002, '2018-09-02', '2018-09-14');
insert into locacao (usuario, exemplar, retirada, entrega) values (90, 23002, '2018-10-18', '2018-10-21');
insert into locacao (usuario, exemplar, retirada, entrega) values (62, 23002, '2018-10-24', '2018-10-26');
insert into locacao (usuario, exemplar, retirada, entrega) values (39, 23002, '2018-12-03', '2018-12-17');
insert into locacao (usuario, exemplar, retirada, entrega) values (20, 23002, '2019-03-05', '2019-03-12');
insert into locacao (usuario, exemplar, retirada, entrega) values (15, 23002, '2019-03-09', '2019-03-29');
insert into locacao (usuario, exemplar, retirada, entrega) values (81, 23002, '2019-03-19', '2019-03-30');
insert into locacao (usuario, exemplar, retirada, entrega) values (27, 23003, '2018-01-11', '2018-01-27');
insert into locacao (usuario, exemplar, retirada, entrega) values (58, 23003, '2018-02-05', '2018-02-09');
insert into locacao (usuario, exemplar, retirada, entrega) values (53, 23003, '2018-02-13', '2018-02-15');
insert into locacao (usuario, exemplar, retirada, entrega) values (51, 23003, '2018-02-18', '2018-02-24');
insert into locacao (usuario, exemplar, retirada, entrega) values (15, 23003, '2018-05-22', '2018-05-28');
insert into locacao (usuario, exemplar, retirada, entrega) values (33, 23003, '2018-08-13', '2018-08-27');
insert into locacao (usuario, exemplar, retirada, entrega) values (93, 23003, '2018-11-09', '2018-11-11');
insert into locacao (usuario, exemplar, retirada, entrega) values (16, 23003, '2019-01-14', '2019-02-02');
insert into locacao (usuario, exemplar, retirada, entrega) values (51, 23003, '2019-04-12', '2019-04-14');
insert into locacao (usuario, exemplar, retirada, entrega) values (82, 24001, '2018-01-26', '2018-01-28');
insert into locacao (usuario, exemplar, retirada, entrega) values (69, 24001, '2018-04-28', '2018-05-01');
insert into locacao (usuario, exemplar, retirada, entrega) values (74, 24001, '2018-07-02', '2018-07-28');
insert into locacao (usuario, exemplar, retirada, entrega) values (11, 24001, '2018-07-26', '2018-07-31');
insert into locacao (usuario, exemplar, retirada, entrega) values (99, 24001, '2018-08-17', '2018-08-22');
insert into locacao (usuario, exemplar, retirada, entrega) values (90, 24001, '2018-11-06', '2018-11-11');
insert into locacao (usuario, exemplar, retirada, entrega) values (6, 24001, '2019-01-23', '2019-01-26');
insert into locacao (usuario, exemplar, retirada, entrega) values (43, 24001, '2019-03-09', '2019-03-26');
insert into locacao (usuario, exemplar, retirada, entrega) values (10, 25001, '2018-03-03', '2018-03-06');
insert into locacao (usuario, exemplar, retirada, entrega) values (57, 25001, '2018-03-31', '2018-04-02');
insert into locacao (usuario, exemplar, retirada, entrega) values (19, 25001, '2018-05-12', '2018-06-09');
insert into locacao (usuario, exemplar, retirada, entrega) values (44, 25001, '2018-07-22', '2018-07-31');
insert into locacao (usuario, exemplar, retirada, entrega) values (48, 25001, '2018-08-02', '2018-08-04');
insert into locacao (usuario, exemplar, retirada, entrega) values (44, 25001, '2018-11-03', '2018-11-06');
insert into locacao (usuario, exemplar, retirada, entrega) values (44, 25001, '2018-12-12', '2018-12-19');
insert into locacao (usuario, exemplar, retirada, entrega) values (30, 25001, '2019-01-10', '2019-01-16');
insert into locacao (usuario, exemplar, retirada, entrega) values (48, 25001, '2019-03-20', '2019-03-27');
insert into locacao (usuario, exemplar, retirada, entrega) values (99, 25001, '2019-04-26', '2019-05-03');
insert into locacao (usuario, exemplar, retirada, entrega) values (87, 25002, '2018-01-31', '2018-02-05');
insert into locacao (usuario, exemplar, retirada, entrega) values (100, 25002, '2018-03-22', '2018-04-07');
insert into locacao (usuario, exemplar, retirada, entrega) values (5, 25002, '2018-03-31', '2018-04-05');
insert into locacao (usuario, exemplar, retirada, entrega) values (79, 25002, '2018-05-10', '2018-05-17');
insert into locacao (usuario, exemplar, retirada, entrega) values (35, 25002, '2018-08-04', '2018-08-07');
insert into locacao (usuario, exemplar, retirada, entrega) values (49, 25002, '2018-09-30', '2018-10-06');
insert into locacao (usuario, exemplar, retirada, entrega) values (38, 25002, '2018-10-14', '2018-10-18');
insert into locacao (usuario, exemplar, retirada, entrega) values (25, 25002, '2018-12-12', '2018-12-28');
insert into locacao (usuario, exemplar, retirada, entrega) values (37, 25002, '2019-03-15', '2019-03-20');
insert into locacao (usuario, exemplar, retirada, entrega) values (62, 25003, '2018-03-30', '2018-04-06');
insert into locacao (usuario, exemplar, retirada, entrega) values (55, 25003, '2018-04-23', '2018-04-25');
insert into locacao (usuario, exemplar, retirada, entrega) values (72, 25003, '2018-04-25', '2018-04-27');
insert into locacao (usuario, exemplar, retirada, entrega) values (32, 25003, '2018-05-12', '2018-05-19');
insert into locacao (usuario, exemplar, retirada, entrega) values (7, 25003, '2018-05-28', '2018-06-23');
insert into locacao (usuario, exemplar, retirada, entrega) values (16, 25003, '2018-08-19', '2018-09-04');
insert into locacao (usuario, exemplar, retirada, entrega) values (98, 25003, '2018-10-03', '2018-10-13');
insert into locacao (usuario, exemplar, retirada, entrega) values (9, 25003, '2018-10-12', '2018-10-16');
insert into locacao (usuario, exemplar, retirada, entrega) values (39, 25003, '2018-10-12', '2018-10-19');
insert into locacao (usuario, exemplar, retirada, entrega) values (8, 25003, '2019-01-05', '2019-01-09');
insert into locacao (usuario, exemplar, retirada, entrega) values (20, 25003, '2019-02-22', '2019-03-03');
insert into locacao (usuario, exemplar, retirada, entrega) values (18, 25004, '2018-04-04', '2018-04-09');
insert into locacao (usuario, exemplar, retirada, entrega) values (88, 25004, '2018-05-09', '2018-05-14');
insert into locacao (usuario, exemplar, retirada, entrega) values (74, 25004, '2018-08-15', '2018-08-18');
insert into locacao (usuario, exemplar, retirada, entrega) values (19, 25004, '2018-10-29', '2018-11-02');
insert into locacao (usuario, exemplar, retirada, entrega) values (36, 25004, '2018-12-29', '2019-01-02');
insert into locacao (usuario, exemplar, retirada, entrega) values (71, 25004, '2019-01-22', '2019-01-27');
insert into locacao (usuario, exemplar, retirada, entrega) values (54, 25004, '2019-03-12', '2019-03-21');
insert into locacao (usuario, exemplar, retirada, entrega) values (45, 25004, '2019-04-30', '2019-05-11');
insert into locacao (usuario, exemplar, retirada, entrega) values (45, 25005, '2018-03-24', '2018-04-04');
insert into locacao (usuario, exemplar, retirada, entrega) values (34, 25005, '2018-06-26', '2018-07-02');
insert into locacao (usuario, exemplar, retirada, entrega) values (90, 25005, '2018-09-04', '2018-09-10');
insert into locacao (usuario, exemplar, retirada, entrega) values (6, 25005, '2018-11-10', '2018-11-27');
insert into locacao (usuario, exemplar, retirada, entrega) values (81, 25005, '2019-02-15', '2019-02-17');
insert into locacao (usuario, exemplar, retirada, entrega) values (78, 25005, '2019-04-30', '2019-05-13');
insert into locacao (usuario, exemplar, retirada, entrega) values (87, 26001, '2018-01-08', '2018-01-15');
insert into locacao (usuario, exemplar, retirada, entrega) values (59, 26001, '2018-02-07', '2018-02-24');
insert into locacao (usuario, exemplar, retirada, entrega) values (64, 26001, '2018-03-01', '2018-03-03');
insert into locacao (usuario, exemplar, retirada, entrega) values (69, 26001, '2018-05-13', '2018-05-15');
insert into locacao (usuario, exemplar, retirada, entrega) values (75, 26001, '2018-08-02', '2018-08-23');
insert into locacao (usuario, exemplar, retirada, entrega) values (82, 26001, '2018-08-08', '2018-08-17');
insert into locacao (usuario, exemplar, retirada, entrega) values (62, 26001, '2018-11-03', '2018-11-07');
insert into locacao (usuario, exemplar, retirada, entrega) values (82, 26001, '2019-01-30', '2019-02-06');
insert into locacao (usuario, exemplar, retirada, entrega) values (14, 27001, '2018-03-01', '2018-03-06');
insert into locacao (usuario, exemplar, retirada, entrega) values (94, 27001, '2018-04-23', '2018-05-14');
insert into locacao (usuario, exemplar, retirada, entrega) values (49, 27001, '2018-05-30', '2018-06-23');
insert into locacao (usuario, exemplar, retirada, entrega) values (17, 27001, '2018-08-14', '2018-09-08');
insert into locacao (usuario, exemplar, retirada, entrega) values (89, 27001, '2018-11-15', '2018-11-22');
insert into locacao (usuario, exemplar, retirada, entrega) values (90, 27001, '2018-12-29', '2019-01-02');
insert into locacao (usuario, exemplar, retirada, entrega) values (40, 27001, '2019-02-06', '2019-02-19');
insert into locacao (usuario, exemplar, retirada, entrega) values (90, 27001, '2019-02-06', '2019-02-11');
insert into locacao (usuario, exemplar, retirada, entrega) values (66, 27001, '2019-04-03', '2019-04-09');
insert into locacao (usuario, exemplar, retirada, entrega) values (73, 27001, '2019-04-23', '2019-05-09');
insert into locacao (usuario, exemplar, retirada, entrega) values (31, 27002, '2018-02-05', '2018-02-07');
insert into locacao (usuario, exemplar, retirada, entrega) values (25, 27002, '2018-04-10', '2018-04-12');
insert into locacao (usuario, exemplar, retirada, entrega) values (97, 27002, '2018-05-15', '2018-06-01');
insert into locacao (usuario, exemplar, retirada, entrega) values (96, 27002, '2018-08-19', '2018-08-26');
insert into locacao (usuario, exemplar, retirada, entrega) values (63, 27002, '2018-11-24', '2018-11-30');
insert into locacao (usuario, exemplar, retirada, entrega) values (38, 27002, '2019-02-05', '2019-02-24');
insert into locacao (usuario, exemplar, retirada, entrega) values (28, 27003, '2018-03-09', '2018-03-16');
insert into locacao (usuario, exemplar, retirada, entrega) values (45, 27003, '2018-03-21', '2018-03-24');
insert into locacao (usuario, exemplar, retirada, entrega) values (19, 27003, '2018-06-12', '2018-06-18');
insert into locacao (usuario, exemplar, retirada, entrega) values (6, 27003, '2018-09-10', '2018-09-19');
insert into locacao (usuario, exemplar, retirada, entrega) values (29, 27003, '2018-11-19', '2018-12-07');
insert into locacao (usuario, exemplar, retirada, entrega) values (97, 27003, '2019-02-21', '2019-03-04');
insert into locacao (usuario, exemplar, retirada, entrega) values (66, 28001, '2018-04-04', '2018-04-06');
insert into locacao (usuario, exemplar, retirada, entrega) values (9, 28001, '2018-05-02', '2018-05-04');
insert into locacao (usuario, exemplar, retirada, entrega) values (45, 28001, '2018-06-15', '2018-06-17');
insert into locacao (usuario, exemplar, retirada, entrega) values (86, 28001, '2018-06-16', '2018-06-19');
insert into locacao (usuario, exemplar, retirada, entrega) values (90, 28001, '2018-09-11', '2018-09-16');
insert into locacao (usuario, exemplar, retirada, entrega) values (44, 28001, '2018-09-19', '2018-09-25');
insert into locacao (usuario, exemplar, retirada, entrega) values (33, 28001, '2018-12-11', '2018-12-15');
insert into locacao (usuario, exemplar, retirada, entrega) values (95, 28001, '2019-02-26', '2019-03-02');
insert into locacao (usuario, exemplar, retirada, entrega) values (40, 28001, '2019-04-03', '2019-04-20');
insert into locacao (usuario, exemplar, retirada, entrega) values (70, 28001, '2019-04-14', '2019-05-03');
insert into locacao (usuario, exemplar, retirada, entrega) values (51, 28001, '2019-04-17', '2019-04-19');
insert into locacao (usuario, exemplar, retirada, entrega) values (99, 28002, '2018-03-04', '2018-03-08');
insert into locacao (usuario, exemplar, retirada, entrega) values (70, 28002, '2018-05-21', '2018-05-26');
insert into locacao (usuario, exemplar, retirada, entrega) values (57, 28002, '2018-05-23', '2018-06-08');
insert into locacao (usuario, exemplar, retirada, entrega) values (91, 28002, '2018-06-05', '2018-06-07');
insert into locacao (usuario, exemplar, retirada, entrega) values (23, 28002, '2018-06-25', '2018-06-29');
insert into locacao (usuario, exemplar, retirada, entrega) values (13, 28002, '2018-08-10', '2018-08-14');
insert into locacao (usuario, exemplar, retirada, entrega) values (78, 28002, '2018-10-29', '2018-11-18');
insert into locacao (usuario, exemplar, retirada, entrega) values (49, 28002, '2019-01-20', '2019-02-13');
insert into locacao (usuario, exemplar, retirada, entrega) values (97, 28002, '2019-03-09', '2019-03-15');
insert into locacao (usuario, exemplar, retirada, entrega) values (58, 28002, '2019-04-13', '2019-04-17');
insert into locacao (usuario, exemplar, retirada, entrega) values (25, 28003, '2018-01-11', '2018-01-18');
insert into locacao (usuario, exemplar, retirada, entrega) values (71, 28003, '2018-04-19', '2018-04-24');
insert into locacao (usuario, exemplar, retirada, entrega) values (21, 28003, '2018-07-13', '2018-07-18');
insert into locacao (usuario, exemplar, retirada, entrega) values (33, 28003, '2018-10-20', '2018-11-12');
insert into locacao (usuario, exemplar, retirada, entrega) values (56, 28003, '2019-01-18', '2019-01-20');
insert into locacao (usuario, exemplar, retirada, entrega) values (27, 28003, '2019-01-25', '2019-01-31');
insert into locacao (usuario, exemplar, retirada, entrega) values (89, 28003, '2019-03-08', '2019-03-25');
insert into locacao (usuario, exemplar, retirada, entrega) values (72, 29001, '2018-01-18', '2018-01-25');
insert into locacao (usuario, exemplar, retirada, entrega) values (7, 29001, '2018-01-22', '2018-01-26');
insert into locacao (usuario, exemplar, retirada, entrega) values (90, 29001, '2018-04-30', '2018-05-09');
insert into locacao (usuario, exemplar, retirada, entrega) values (35, 29001, '2018-07-28', '2018-08-03');
insert into locacao (usuario, exemplar, retirada, entrega) values (11, 29001, '2018-10-17', '2018-11-02');
insert into locacao (usuario, exemplar, retirada, entrega) values (4, 29001, '2018-12-22', '2019-01-08');
insert into locacao (usuario, exemplar, retirada, entrega) values (12, 29001, '2019-02-06', '2019-02-13');
insert into locacao (usuario, exemplar, retirada, entrega) values (81, 29001, '2019-02-10', '2019-02-23');
insert into locacao (usuario, exemplar, retirada, entrega) values (96, 29002, '2018-02-21', '2018-03-11');
insert into locacao (usuario, exemplar, retirada, entrega) values (31, 29002, '2018-04-16', '2018-04-23');
insert into locacao (usuario, exemplar, retirada, entrega) values (93, 29002, '2018-07-04', '2018-07-06');
insert into locacao (usuario, exemplar, retirada, entrega) values (81, 29002, '2018-07-10', '2018-07-13');
insert into locacao (usuario, exemplar, retirada, entrega) values (4, 29002, '2018-08-05', '2018-08-14');
insert into locacao (usuario, exemplar, retirada, entrega) values (70, 29002, '2018-10-21', '2018-10-26');
insert into locacao (usuario, exemplar, retirada, entrega) values (68, 29002, '2018-12-18', '2018-12-20');
insert into locacao (usuario, exemplar, retirada, entrega) values (56, 29002, '2019-02-19', '2019-03-03');
insert into locacao (usuario, exemplar, retirada, entrega) values (28, 29002, '2019-03-22', '2019-04-05');
insert into locacao (usuario, exemplar, retirada, entrega) values (33, 29003, '2018-01-22', '2018-01-25');
insert into locacao (usuario, exemplar, retirada, entrega) values (67, 29003, '2018-01-29', '2018-01-31');
insert into locacao (usuario, exemplar, retirada, entrega) values (71, 29003, '2018-03-22', '2018-03-26');
insert into locacao (usuario, exemplar, retirada, entrega) values (96, 29003, '2018-06-19', '2018-06-30');
insert into locacao (usuario, exemplar, retirada, entrega) values (57, 29003, '2018-08-21', '2018-08-25');
insert into locacao (usuario, exemplar, retirada, entrega) values (68, 29003, '2018-09-17', '2018-09-19');
insert into locacao (usuario, exemplar, retirada, entrega) values (80, 29003, '2018-11-14', '2018-11-21');
insert into locacao (usuario, exemplar, retirada, entrega) values (12, 29003, '2019-01-05', '2019-01-10');
insert into locacao (usuario, exemplar, retirada, entrega) values (3, 29003, '2019-01-12', '2019-01-17');
insert into locacao (usuario, exemplar, retirada, entrega) values (62, 29003, '2019-01-31', '2019-02-06');
insert into locacao (usuario, exemplar, retirada, entrega) values (18, 29003, '2019-02-13', '2019-02-19');
insert into locacao (usuario, exemplar, retirada, entrega) values (7, 30001, '2018-03-26', '2018-03-31');
insert into locacao (usuario, exemplar, retirada, entrega) values (49, 30001, '2018-04-05', '2018-04-19');
insert into locacao (usuario, exemplar, retirada, entrega) values (97, 30001, '2018-06-24', '2018-07-01');
insert into locacao (usuario, exemplar, retirada, entrega) values (97, 30001, '2018-09-29', '2018-10-04');
insert into locacao (usuario, exemplar, retirada, entrega) values (89, 30001, '2018-10-08', '2018-10-25');
insert into locacao (usuario, exemplar, retirada, entrega) values (92, 30001, '2018-11-12', '2018-11-15');
insert into locacao (usuario, exemplar, retirada, entrega) values (15, 30001, '2019-01-03', '2019-01-09');
insert into locacao (usuario, exemplar, retirada, entrega) values (81, 30001, '2019-02-10', '2019-03-05');
insert into locacao (usuario, exemplar, retirada, entrega) values (22, 30002, '2018-02-01', '2018-02-17');
insert into locacao (usuario, exemplar, retirada, entrega) values (37, 30002, '2018-04-22', '2018-04-29');
insert into locacao (usuario, exemplar, retirada, entrega) values (75, 30002, '2018-05-08', '2018-05-17');
insert into locacao (usuario, exemplar, retirada, entrega) values (67, 30002, '2018-07-28', '2018-08-11');
insert into locacao (usuario, exemplar, retirada, entrega) values (92, 30002, '2018-09-24', '2018-09-30');
insert into locacao (usuario, exemplar, retirada, entrega) values (18, 30002, '2018-11-14', '2018-12-02');
insert into locacao (usuario, exemplar, retirada, entrega) values (2, 30002, '2019-01-03', '2019-01-30');
insert into locacao (usuario, exemplar, retirada, entrega) values (72, 30002, '2019-02-19', '2019-03-15');
insert into locacao (usuario, exemplar, retirada, entrega) values (43, 30002, '2019-03-08', '2019-03-15');
insert into locacao (usuario, exemplar, retirada, entrega) values (74, 30003, '2018-01-17', '2018-02-10');
insert into locacao (usuario, exemplar, retirada, entrega) values (58, 30003, '2018-02-08', '2018-03-01');
insert into locacao (usuario, exemplar, retirada, entrega) values (41, 30003, '2018-04-20', '2018-05-17');
insert into locacao (usuario, exemplar, retirada, entrega) values (94, 30003, '2018-06-12', '2018-06-23');
insert into locacao (usuario, exemplar, retirada, entrega) values (58, 30003, '2018-09-17', '2018-09-29');
insert into locacao (usuario, exemplar, retirada, entrega) values (52, 30003, '2018-11-16', '2018-11-30');
insert into locacao (usuario, exemplar, retirada, entrega) values (85, 30003, '2018-12-12', '2018-12-18');
insert into locacao (usuario, exemplar, retirada, entrega) values (60, 30003, '2019-03-18', '2019-03-24');
insert into locacao (usuario, exemplar, retirada, entrega) values (98, 30003, '2019-04-20', '2019-05-01');
insert into locacao (usuario, exemplar, retirada, entrega) values (11, 30004, '2018-03-19', '2018-04-07');
insert into locacao (usuario, exemplar, retirada, entrega) values (89, 30004, '2018-04-16', '2018-04-25');
insert into locacao (usuario, exemplar, retirada, entrega) values (82, 30004, '2018-06-04', '2018-06-07');
insert into locacao (usuario, exemplar, retirada, entrega) values (37, 30004, '2018-06-10', '2018-06-12');
insert into locacao (usuario, exemplar, retirada, entrega) values (58, 30004, '2018-08-20', '2018-09-14');
insert into locacao (usuario, exemplar, retirada, entrega) values (4, 30004, '2018-09-23', '2018-09-29');
insert into locacao (usuario, exemplar, retirada, entrega) values (79, 30004, '2018-11-12', '2018-11-15');
insert into locacao (usuario, exemplar, retirada, entrega) values (80, 30004, '2018-12-30', '2019-01-18');
insert into locacao (usuario, exemplar, retirada, entrega) values (15, 30004, '2019-02-26', '2019-03-05');
insert into locacao (usuario, exemplar, retirada, entrega) values (9, 30004, '2019-04-12', '2019-05-03');
insert into locacao (usuario, exemplar, retirada, entrega) values (60, 30005, '2018-02-25', '2018-02-28');
insert into locacao (usuario, exemplar, retirada, entrega) values (46, 30005, '2018-03-18', '2018-03-25');
insert into locacao (usuario, exemplar, retirada, entrega) values (43, 30005, '2018-04-01', '2018-04-05');
insert into locacao (usuario, exemplar, retirada, entrega) values (92, 30005, '2018-05-26', '2018-05-28');
insert into locacao (usuario, exemplar, retirada, entrega) values (59, 30005, '2018-08-17', '2018-08-20');
insert into locacao (usuario, exemplar, retirada, entrega) values (42, 30005, '2018-10-14', '2018-10-25');
insert into locacao (usuario, exemplar, retirada, entrega) values (5, 30005, '2018-11-07', '2018-11-14');
insert into locacao (usuario, exemplar, retirada, entrega) values (93, 30005, '2018-12-25', '2019-01-08');
insert into locacao (usuario, exemplar, retirada, entrega) values (74, 30005, '2019-01-25', '2019-01-31');
insert into locacao (usuario, exemplar, retirada, entrega) values (68, 30005, '2019-02-13', '2019-02-24');
insert into locacao (usuario, exemplar, retirada, entrega) values (60, 30005, '2019-03-06', '2019-03-31');
insert into locacao (usuario, exemplar, retirada, entrega) values (95, 30005, '2019-04-30', '2019-05-14');
insert into locacao (usuario, exemplar, retirada) values (39, 1001, '2019-05-01');
insert into locacao (usuario, exemplar, retirada) values (58, 1002, '2019-05-02');
insert into locacao (usuario, exemplar, retirada) values (91, 5004, '2019-05-06');
insert into locacao (usuario, exemplar, retirada) values (28, 6002, '2019-05-08');
insert into locacao (usuario, exemplar, retirada) values (99, 7002, '2019-05-07');
insert into locacao (usuario, exemplar, retirada) values (63, 8003, '2019-05-01');
insert into locacao (usuario, exemplar, retirada) values (90, 9002, '2019-05-05');
insert into locacao (usuario, exemplar, retirada) values (54, 14001, '2019-05-12');
insert into locacao (usuario, exemplar, retirada) values (57, 15001, '2019-05-12');
insert into locacao (usuario, exemplar, retirada) values (71, 15004, '2019-05-04');
insert into locacao (usuario, exemplar, retirada) values (91, 16002, '2019-05-18');
insert into locacao (usuario, exemplar, retirada) values (57, 17003, '2019-05-17');
insert into locacao (usuario, exemplar, retirada) values (19, 18001, '2019-05-08');
insert into locacao (usuario, exemplar, retirada) values (46, 20001, '2019-05-06');
insert into locacao (usuario, exemplar, retirada) values (73, 23003, '2019-05-11');
insert into locacao (usuario, exemplar, retirada) values (60, 27001, '2019-05-16');
insert into locacao (usuario, exemplar, retirada) values (75, 27002, '2019-05-18');
insert into locacao (usuario, exemplar, retirada) values (15, 27003, '2019-05-13');
insert into locacao (usuario, exemplar, retirada) values (13, 28003, '2019-05-13');
insert into locacao (usuario, exemplar, retirada) values (96, 30003, '2019-05-10');
----------------------------------------------------------------------------------------------------
-- Sabendo que o prazo de locao  de 21 dias para professores, 14 dias para funcionrios e 7 dias para alunos:
--1) Mostrar a quantidade de alunos por curso que no atrasaram entrega de livros nos ltimos 3 meses.
--2) Mostrar, de duas formas diferentes, o nome dos usurios que atrasaram entrega de livros nos ltimos 3 meses.
--3) Mostrar o nome dos alunos com a 1a, 2a e 3a maior quantidade de locaes de livros sobre PostgreSQL nos ltimos 9 meses.

