\c postgres
drop database biblioteca;
create database biblioteca;
\c biblioteca
create table usuario (codigo integer not null, nome varchar(100) not null, tipo char(1) not null check ((tipo = 'A') or (tipo = 'P') or (tipo = 'F')), curso varchar(100), primary key (codigo));
create table livro (codigo integer not null, titulo varchar(200) not null, primary key (codigo));
create table exemplar (codigo integer not null, livro integer not null references livro(codigo), primary key (codigo));
create table locacao (usuario integer not null references usuario(codigo), exemplar integer not null references exemplar(codigo), retirada date not null default now(), entrega date, primary key (usuario, exemplar, retirada));

-- Sabendo que o prazo de locação é de 21 dias para professores, 14 dias para funcionários e 7 dias para alunos:
--1) Mostrar a quantidade de alunos por curso que não atrasaram entrega de livros nos últimos 3 meses.
       
--funcionando
	select usuario.curso, count(*) as quantidade
	from usuario
	where usuario.tipo = 'A' and
		usuario.codigo not in (select locacao.usuario
													from locacao 
														join usuario on locacao.usuario = usuario.codigo
													where usuario.tipo = 'A' and 
														locacao.retirada >= now()-'3 months'::interval and
														((locacao.entrega is not null and locacao.entrega-locacao.retirada > 7) or (locacao.entrega is null and now()::date-locacao.retirada > 7)))
	group by usuario.curso;
    
    
--2) Mostrar, de duas formas diferentes, o nome dos usuários que atrasaram entrega de livros nos últimos 3 meses.
    ((select usuario.nome
            from locacao 
                join usuario on locacao.usuario = usuario.codigo 
                where (usuario.tipo = 'A') and
                 locacao.retirada >= now()-'3 months'::interval and
                  ((locacao.entrega is not null and locacao.entrega-locacao.retirada > 7) or (locacao.entrega is null and now()::date-locacao.retirada > 7)))
union
    (select usuario.nome
            from locacao 
            join usuario on locacao.usuario = usuario.codigo 
            where (usuario.tipo = 'P') and
            locacao.retirada >= now()-'3 months'::interval and ((locacao.entrega is not null and locacao.entrega-locacao.retirada > 21) or (locacao.entrega is null and now()::date-locacao.retirada > 21)))
union
    (select usuario.nome 
             from locacao 
             join usuario on locacao.usuario = usuario.codigo 
             where (usuario.tipo = 'F') and locacao.retirada >= now()-'3 months'::interval and ((locacao.entrega is not null and locacao.entrega-locacao.retirada > 14) or (locacao.entrega is null and now()::date-locacao.retirada > 14)))) 
    order by 1;  
    
------------------------------------------------------------------------------------------------------------------------------------------------------------------------
--2° forma

    select usuario.nome 
    from locacao join usuario on locacao.usuario = usuario.codigo 
    where ((usuario.tipo = 'A') and locacao.retirada >= now()-'3 months'::interval and ((locacao.entrega is not null and locacao.entrega-locacao.retirada > 7) or (locacao.entrega is null and now()::date-locacao.retirada > 7)))
      or ((usuario.tipo = 'F') and locacao.retirada >= now()-'3 months'::interval and ((locacao.entrega is not null and locacao.entrega-locacao.retirada > 14) or (locacao.entrega is null and now()::date-locacao.retirada > 14)))
      or ((usuario.tipo = 'P') and locacao.retirada >= now()-'3 months'::interval and ((locacao.entrega is not null and locacao.entrega-locacao.retirada > 21) or (locacao.entrega is null and now()::date-locacao.retirada > 21))) 
      group by 1
     order by 1 asc;
---------------------------------------------------------------------------------------------------------------------------------------------------------------------------------------     
--3º forma     
		select distinct(usuario.nome)
		from locacao
					join usuario on usuario.codigo = locacao.usuario
		where locacao.retirada >= now()-'3 months'::interval and
					((locacao.entrega is not null) and locacao.entrega-locacao.retirada > case
					usario.tipo when 'A' then 7 when 'F' then 14 when 'P' then end) or 
					(locacao.entrega is null end now()::date-locacao.retirada > case
					usuario.tipo when 'A' then 7 when 'F' then 14 when 'P' then end));      


--3) Mostrar o nome dos alunos com a 1a, 2a e 3a maior quantidade de locações de livros sobre PostgreSQL nos últimos 9 meses.s
    
  select usuario.nome
  from locacao
  			join exemplar on exemplar.codigo = locacao.exemplar
  			join livro on livro.codigo = exemplar.livro
  			join usuario on usuario.codigo = locacao.usuario
  where usuario.tipo = 'A' and 
  			lower(livro.titulo) like '%postgresql%' and
  			locacao.retirada >= now()-'9 months'::interval
  group by usuario.codigo
  having count(*) in (select distinct(count(*)) as quantidade
  									  from locacao
  									  join exemplar on exemplar.codigo = locacao.exemplar
											join livro on livro.codigo = exemplar.livro
											join usuario on usuario.codigo = locacao.usuario
								where usuario.tipo = 'A' and 
											lower(livro.titulo) like '%postgresql%' and
											locacao.retirada >= now()-'9 months'::interval
								group by usuario.codigo 
								order by 1 desc
								limit 3);


insert into usuario (codigo, nome, tipo) values (1, 'funcionario 1', 'F');
insert into usuario (codigo, nome, tipo, curso) values (2, 'aluno 2', 'A', 'curso tecnico integrado em informatica para internet');
insert into usuario (codigo, nome, tipo, curso) values (3, 'aluno 3', 'A', 'curso tecnico integrado em informatica para internet');
insert into usuario (codigo, nome, tipo, curso) values (4, 'aluno 4', 'A', 'curso superior de bacharelado em engenharia mecanica');
insert into usuario (codigo, nome, tipo, curso) values (5, 'aluno 5', 'A', 'curso tecnico integrado em informatica para internet');
insert into usuario (codigo, nome, tipo) values (6, 'funcionario 6', 'F');
insert into usuario (codigo, nome, tipo, curso) values (7, 'aluno 7', 'A', 'curso tecnico integrado em refrigeracao e ar condicionado');
insert into usuario (codigo, nome, tipo) values (8, 'funcionario 8', 'F');
insert into usuario (codigo, nome, tipo, curso) values (9, 'aluno 9', 'A', 'curso tecnico integrado em refrigeracao e ar condicionado');
insert into usuario (codigo, nome, tipo) values (10, 'funcionario 10', 'F');
insert into usuario (codigo, nome, tipo, curso) values (11, 'aluno 11', 'A', 'curso tecnico integrado em eletrotecnica');
insert into usuario (codigo, nome, tipo, curso) values (12, 'aluno 12', 'A', 'curso tecnico integrado em eletrotecnica');
insert into usuario (codigo, nome, tipo) values (13, 'professor 13', 'P');
insert into usuario (codigo, nome, tipo) values (14, 'professor 14', 'P');
insert into usuario (codigo, nome, tipo, curso) values (15, 'aluno 15', 'A', 'curso superior de tecnologia em analise e desenvolvimento de sistemas');
insert into usuario (codigo, nome, tipo) values (16, 'professor 16', 'P');
insert into usuario (codigo, nome, tipo, curso) values (17, 'aluno 17', 'A', 'curso superior de tecnologia em analise e desenvolvimento de sistemas');
insert into usuario (codigo, nome, tipo) values (18, 'professor 18', 'P');
insert into usuario (codigo, nome, tipo, curso) values (19, 'aluno 19', 'A', 'curso superior de tecnologia em analise e desenvolvimento de sistemas');
insert into usuario (codigo, nome, tipo, curso) values (20, 'aluno 20', 'A', 'curso tecnico integrado em refrigeracao e ar condicionado');
insert into usuario (codigo, nome, tipo) values (21, 'professor 21', 'P');
insert into usuario (codigo, nome, tipo, curso) values (22, 'aluno 22', 'A', 'curso superior de bacharelado em engenharia mecanica');
insert into usuario (codigo, nome, tipo) values (23, 'funcionario 23', 'F');
insert into usuario (codigo, nome, tipo, curso) values (24, 'aluno 24', 'A', 'curso tecnico integrado em refrigeracao e ar condicionado');
insert into usuario (codigo, nome, tipo, curso) values (25, 'aluno 25', 'A', 'curso tecnico integrado em eletrotecnica');
insert into usuario (codigo, nome, tipo) values (26, 'funcionario 26', 'F');
insert into usuario (codigo, nome, tipo) values (27, 'professor 27', 'P');
insert into usuario (codigo, nome, tipo, curso) values (28, 'aluno 28', 'A', 'curso superior de tecnologia em analise e desenvolvimento de sistemas');
insert into usuario (codigo, nome, tipo) values (29, 'funcionario 29', 'F');
insert into usuario (codigo, nome, tipo) values (30, 'professor 30', 'P');
insert into usuario (codigo, nome, tipo, curso) values (31, 'aluno 31', 'A', 'curso tecnico integrado em eletrotecnica');
insert into usuario (codigo, nome, tipo) values (32, 'funcionario 32', 'F');
insert into usuario (codigo, nome, tipo, curso) values (33, 'aluno 33', 'A', 'curso tecnico integrado em informatica para internet');
insert into usuario (codigo, nome, tipo, curso) values (34, 'aluno 34', 'A', 'curso superior de bacharelado em engenharia mecanica');
insert into usuario (codigo, nome, tipo, curso) values (35, 'aluno 35', 'A', 'curso tecnico integrado em informatica para internet');
insert into usuario (codigo, nome, tipo, curso) values (36, 'aluno 36', 'A', 'curso tecnico integrado em refrigeracao e ar condicionado');
insert into usuario (codigo, nome, tipo, curso) values (37, 'aluno 37', 'A', 'curso tecnico integrado em refrigeracao e ar condicionado');
insert into usuario (codigo, nome, tipo, curso) values (38, 'aluno 38', 'A', 'curso superior de tecnologia em analise e desenvolvimento de sistemas');
insert into usuario (codigo, nome, tipo, curso) values (39, 'aluno 39', 'A', 'curso tecnico integrado em eletrotecnica');
insert into usuario (codigo, nome, tipo) values (40, 'funcionario 40', 'F');
insert into usuario (codigo, nome, tipo, curso) values (41, 'aluno 41', 'A', 'curso tecnico integrado em informatica para internet');
insert into usuario (codigo, nome, tipo, curso) values (42, 'aluno 42', 'A', 'curso superior de tecnologia em analise e desenvolvimento de sistemas');
insert into usuario (codigo, nome, tipo) values (43, 'funcionario 43', 'F');
insert into usuario (codigo, nome, tipo) values (44, 'funcionario 44', 'F');
insert into usuario (codigo, nome, tipo, curso) values (45, 'aluno 45', 'A', 'curso superior de bacharelado em engenharia mecanica');
insert into usuario (codigo, nome, tipo, curso) values (46, 'aluno 46', 'A', 'curso superior de bacharelado em engenharia mecanica');
insert into usuario (codigo, nome, tipo, curso) values (47, 'aluno 47', 'A', 'curso tecnico integrado em informatica para internet');
insert into usuario (codigo, nome, tipo) values (48, 'funcionario 48', 'F');
insert into usuario (codigo, nome, tipo, curso) values (49, 'aluno 49', 'A', 'curso superior de bacharelado em engenharia mecanica');
insert into usuario (codigo, nome, tipo) values (50, 'funcionario 50', 'F');
insert into usuario (codigo, nome, tipo) values (51, 'professor 51', 'P');
insert into usuario (codigo, nome, tipo, curso) values (52, 'aluno 52', 'A', 'curso tecnico integrado em informatica para internet');
insert into usuario (codigo, nome, tipo, curso) values (53, 'aluno 53', 'A', 'curso tecnico integrado em informatica para internet');
insert into usuario (codigo, nome, tipo) values (54, 'professor 54', 'P');
insert into usuario (codigo, nome, tipo) values (55, 'professor 55', 'P');
insert into usuario (codigo, nome, tipo, curso) values (56, 'aluno 56', 'A', 'curso tecnico integrado em eletrotecnica');
insert into usuario (codigo, nome, tipo, curso) values (57, 'aluno 57', 'A', 'curso tecnico integrado em refrigeracao e ar condicionado');
insert into usuario (codigo, nome, tipo, curso) values (58, 'aluno 58', 'A', 'curso tecnico integrado em eletrotecnica');
insert into usuario (codigo, nome, tipo, curso) values (59, 'aluno 59', 'A', 'curso tecnico integrado em informatica para internet');
insert into usuario (codigo, nome, tipo, curso) values (60, 'aluno 60', 'A', 'curso superior de tecnologia em analise e desenvolvimento de sistemas');
insert into usuario (codigo, nome, tipo, curso) values (61, 'aluno 61', 'A', 'curso tecnico integrado em refrigeracao e ar condicionado');
insert into usuario (codigo, nome, tipo, curso) values (62, 'aluno 62', 'A', 'curso superior de bacharelado em engenharia mecanica');
insert into usuario (codigo, nome, tipo) values (63, 'funcionario 63', 'F');
insert into usuario (codigo, nome, tipo, curso) values (64, 'aluno 64', 'A', 'curso tecnico integrado em informatica para internet');
insert into usuario (codigo, nome, tipo) values (65, 'professor 65', 'P');
insert into usuario (codigo, nome, tipo, curso) values (66, 'aluno 66', 'A', 'curso tecnico integrado em eletrotecnica');
insert into usuario (codigo, nome, tipo, curso) values (67, 'aluno 67', 'A', 'curso superior de tecnologia em analise e desenvolvimento de sistemas');
insert into usuario (codigo, nome, tipo, curso) values (68, 'aluno 68', 'A', 'curso tecnico integrado em refrigeracao e ar condicionado');
insert into usuario (codigo, nome, tipo, curso) values (69, 'aluno 69', 'A', 'curso tecnico integrado em refrigeracao e ar condicionado');
insert into usuario (codigo, nome, tipo) values (70, 'professor 70', 'P');
insert into usuario (codigo, nome, tipo) values (71, 'funcionario 71', 'F');
insert into usuario (codigo, nome, tipo) values (72, 'funcionario 72', 'F');
insert into usuario (codigo, nome, tipo, curso) values (73, 'aluno 73', 'A', 'curso superior de tecnologia em analise e desenvolvimento de sistemas');
insert into usuario (codigo, nome, tipo, curso) values (74, 'aluno 74', 'A', 'curso superior de bacharelado em engenharia mecanica');
insert into usuario (codigo, nome, tipo, curso) values (75, 'aluno 75', 'A', 'curso superior de bacharelado em engenharia mecanica');
insert into usuario (codigo, nome, tipo) values (76, 'professor 76', 'P');
insert into usuario (codigo, nome, tipo, curso) values (77, 'aluno 77', 'A', 'curso tecnico integrado em eletrotecnica');
insert into usuario (codigo, nome, tipo, curso) values (78, 'aluno 78', 'A', 'curso tecnico integrado em refrigeracao e ar condicionado');
insert into usuario (codigo, nome, tipo, curso) values (79, 'aluno 79', 'A', 'curso superior de bacharelado em engenharia mecanica');
insert into usuario (codigo, nome, tipo, curso) values (80, 'aluno 80', 'A', 'curso tecnico integrado em eletrotecnica');
insert into usuario (codigo, nome, tipo) values (81, 'funcionario 81', 'F');
insert into usuario (codigo, nome, tipo, curso) values (82, 'aluno 82', 'A', 'curso superior de tecnologia em analise e desenvolvimento de sistemas');
insert into usuario (codigo, nome, tipo) values (83, 'funcionario 83', 'F');
insert into usuario (codigo, nome, tipo) values (84, 'professor 84', 'P');
insert into usuario (codigo, nome, tipo, curso) values (85, 'aluno 85', 'A', 'curso tecnico integrado em refrigeracao e ar condicionado');
insert into usuario (codigo, nome, tipo) values (86, 'professor 86', 'P');
insert into usuario (codigo, nome, tipo) values (87, 'funcionario 87', 'F');
insert into usuario (codigo, nome, tipo, curso) values (88, 'aluno 88', 'A', 'curso tecnico integrado em refrigeracao e ar condicionado');
insert into usuario (codigo, nome, tipo, curso) values (89, 'aluno 89', 'A', 'curso tecnico integrado em refrigeracao e ar condicionado');
insert into usuario (codigo, nome, tipo) values (90, 'professor 90', 'P');
insert into usuario (codigo, nome, tipo, curso) values (91, 'aluno 91', 'A', 'curso superior de bacharelado em engenharia mecanica');
insert into usuario (codigo, nome, tipo, curso) values (92, 'aluno 92', 'A', 'curso tecnico integrado em informatica para internet');
insert into usuario (codigo, nome, tipo, curso) values (93, 'aluno 93', 'A', 'curso tecnico integrado em refrigeracao e ar condicionado');
insert into usuario (codigo, nome, tipo) values (94, 'professor 94', 'P');
insert into usuario (codigo, nome, tipo) values (95, 'funcionario 95', 'F');
insert into usuario (codigo, nome, tipo, curso) values (96, 'aluno 96', 'A', 'curso tecnico integrado em eletrotecnica');
insert into usuario (codigo, nome, tipo) values (97, 'funcionario 97', 'F');
insert into usuario (codigo, nome, tipo) values (98, 'funcionario 98', 'F');
insert into usuario (codigo, nome, tipo) values (99, 'professor 99', 'P');
insert into usuario (codigo, nome, tipo, curso) values (100, 'aluno 100', 'A', 'curso tecnico integrado em informatica para internet');
insert into livro (codigo, titulo) values (1, 'xxx postgresql 1');
insert into livro (codigo, titulo) values (2, 'livro 2');
insert into livro (codigo, titulo) values (3, 'livro 3');
insert into livro (codigo, titulo) values (4, 'xxx postgresql xxx 4');
insert into livro (codigo, titulo) values (5, 'postgresql xxx 5');
insert into livro (codigo, titulo) values (6, 'livro 6');
insert into livro (codigo, titulo) values (7, 'livro 7');
insert into livro (codigo, titulo) values (8, 'livro 8');
insert into livro (codigo, titulo) values (9, 'livro 9');
insert into livro (codigo, titulo) values (10, 'livro 10');
insert into livro (codigo, titulo) values (11, 'livro 11');
insert into livro (codigo, titulo) values (12, 'livro 12');
insert into livro (codigo, titulo) values (13, 'livro 13');
insert into livro (codigo, titulo) values (14, 'postgresql xxx 14');
insert into livro (codigo, titulo) values (15, 'livro 15');
insert into livro (codigo, titulo) values (16, 'livro 16');
insert into livro (codigo, titulo) values (17, 'livro 17');
insert into livro (codigo, titulo) values (18, 'xxx postgresql 18');
insert into livro (codigo, titulo) values (19, 'postgresql xxx 19');
insert into livro (codigo, titulo) values (20, 'postgresql xxx 20');
insert into livro (codigo, titulo) values (21, 'xxx postgresql 21');
insert into livro (codigo, titulo) values (22, 'xxx postgresql xxx 22');
insert into livro (codigo, titulo) values (23, 'livro 23');
insert into livro (codigo, titulo) values (24, 'livro 24');
insert into livro (codigo, titulo) values (25, 'livro 25');
insert into livro (codigo, titulo) values (26, 'livro 26');
insert into livro (codigo, titulo) values (27, 'xxx postgresql 27');
insert into livro (codigo, titulo) values (28, 'xxx postgresql xxx 28');
insert into livro (codigo, titulo) values (29, 'livro 29');
insert into livro (codigo, titulo) values (30, 'livro 30');
insert into exemplar (codigo, livro) values (1001, 1);
insert into exemplar (codigo, livro) values (1002, 1);
insert into exemplar (codigo, livro) values (1003, 1);
insert into exemplar (codigo, livro) values (2001, 2);
insert into exemplar (codigo, livro) values (2002, 2);
insert into exemplar (codigo, livro) values (3001, 3);
insert into exemplar (codigo, livro) values (3002, 3);
insert into exemplar (codigo, livro) values (3003, 3);
insert into exemplar (codigo, livro) values (3004, 3);
insert into exemplar (codigo, livro) values (4001, 4);
insert into exemplar (codigo, livro) values (4002, 4);
insert into exemplar (codigo, livro) values (4003, 4);
insert into exemplar (codigo, livro) values (4004, 4);
insert into exemplar (codigo, livro) values (4005, 4);
insert into exemplar (codigo, livro) values (5001, 5);
insert into exemplar (codigo, livro) values (5002, 5);
insert into exemplar (codigo, livro) values (5003, 5);
insert into exemplar (codigo, livro) values (5004, 5);
insert into exemplar (codigo, livro) values (6001, 6);
insert into exemplar (codigo, livro) values (7001, 7);
insert into exemplar (codigo, livro) values (8001, 8);
insert into exemplar (codigo, livro) values (8002, 8);
insert into exemplar (codigo, livro) values (8003, 8);
insert into exemplar (codigo, livro) values (8004, 8);
insert into exemplar (codigo, livro) values (8005, 8);
insert into exemplar (codigo, livro) values (9001, 9);
insert into exemplar (codigo, livro) values (10001, 10);
insert into exemplar (codigo, livro) values (10002, 10);
insert into exemplar (codigo, livro) values (10003, 10);
insert into exemplar (codigo, livro) values (10004, 10);
insert into exemplar (codigo, livro) values (10005, 10);
insert into exemplar (codigo, livro) values (11001, 11);
insert into exemplar (codigo, livro) values (11002, 11);
insert into exemplar (codigo, livro) values (11003, 11);
insert into exemplar (codigo, livro) values (11004, 11);
insert into exemplar (codigo, livro) values (12001, 12);
insert into exemplar (codigo, livro) values (12002, 12);
insert into exemplar (codigo, livro) values (12003, 12);
insert into exemplar (codigo, livro) values (12004, 12);
insert into exemplar (codigo, livro) values (13001, 13);
insert into exemplar (codigo, livro) values (13002, 13);
insert into exemplar (codigo, livro) values (13003, 13);
insert into exemplar (codigo, livro) values (13004, 13);
insert into exemplar (codigo, livro) values (13005, 13);
insert into exemplar (codigo, livro) values (14001, 14);
insert into exemplar (codigo, livro) values (14002, 14);
insert into exemplar (codigo, livro) values (15001, 15);
insert into exemplar (codigo, livro) values (15002, 15);
insert into exemplar (codigo, livro) values (15003, 15);
insert into exemplar (codigo, livro) values (15004, 15);
insert into exemplar (codigo, livro) values (16001, 16);
insert into exemplar (codigo, livro) values (16002, 16);
insert into exemplar (codigo, livro) values (16003, 16);
insert into exemplar (codigo, livro) values (17001, 17);
insert into exemplar (codigo, livro) values (17002, 17);
insert into exemplar (codigo, livro) values (18001, 18);
insert into exemplar (codigo, livro) values (18002, 18);
insert into exemplar (codigo, livro) values (18003, 18);
insert into exemplar (codigo, livro) values (18004, 18);
insert into exemplar (codigo, livro) values (18005, 18);
insert into exemplar (codigo, livro) values (19001, 19);
insert into exemplar (codigo, livro) values (19002, 19);
insert into exemplar (codigo, livro) values (19003, 19);
insert into exemplar (codigo, livro) values (20001, 20);
insert into exemplar (codigo, livro) values (20002, 20);
insert into exemplar (codigo, livro) values (20003, 20);
insert into exemplar (codigo, livro) values (20004, 20);
insert into exemplar (codigo, livro) values (21001, 21);
insert into exemplar (codigo, livro) values (21002, 21);
insert into exemplar (codigo, livro) values (21003, 21);
insert into exemplar (codigo, livro) values (21004, 21);
insert into exemplar (codigo, livro) values (21005, 21);
insert into exemplar (codigo, livro) values (22001, 22);
insert into exemplar (codigo, livro) values (22002, 22);
insert into exemplar (codigo, livro) values (22003, 22);
insert into exemplar (codigo, livro) values (22004, 22);
insert into exemplar (codigo, livro) values (23001, 23);
insert into exemplar (codigo, livro) values (23002, 23);
insert into exemplar (codigo, livro) values (24001, 24);
insert into exemplar (codigo, livro) values (24002, 24);
insert into exemplar (codigo, livro) values (24003, 24);
insert into exemplar (codigo, livro) values (24004, 24);
insert into exemplar (codigo, livro) values (25001, 25);
insert into exemplar (codigo, livro) values (25002, 25);
insert into exemplar (codigo, livro) values (26001, 26);
insert into exemplar (codigo, livro) values (26002, 26);
insert into exemplar (codigo, livro) values (27001, 27);
insert into exemplar (codigo, livro) values (27002, 27);
insert into exemplar (codigo, livro) values (27003, 27);
insert into exemplar (codigo, livro) values (28001, 28);
insert into exemplar (codigo, livro) values (28002, 28);
insert into exemplar (codigo, livro) values (28003, 28);
insert into exemplar (codigo, livro) values (29001, 29);
insert into exemplar (codigo, livro) values (29002, 29);
insert into exemplar (codigo, livro) values (29003, 29);
insert into exemplar (codigo, livro) values (29004, 29);
insert into exemplar (codigo, livro) values (30001, 30);
insert into locacao (usuario, exemplar, retirada, entrega) values (75, 1001, '2018-01-08', '2018-01-15');
insert into locacao (usuario, exemplar, retirada, entrega) values (77, 1001, '2018-02-06', '2018-02-15');
insert into locacao (usuario, exemplar, retirada, entrega) values (65, 1001, '2018-02-10', '2018-02-14');
insert into locacao (usuario, exemplar, retirada, entrega) values (96, 1001, '2018-02-20', '2018-03-03');
insert into locacao (usuario, exemplar, retirada, entrega) values (23, 1001, '2018-04-17', '2018-04-22');
insert into locacao (usuario, exemplar, retirada, entrega) values (43, 1001, '2018-04-23', '2018-05-05');
insert into locacao (usuario, exemplar, retirada, entrega) values (49, 1001, '2018-05-05', '2018-05-07');
insert into locacao (usuario, exemplar, retirada, entrega) values (39, 1001, '2018-07-28', '2018-08-22');
insert into locacao (usuario, exemplar, retirada, entrega) values (31, 1001, '2018-09-27', '2018-10-02');
insert into locacao (usuario, exemplar, retirada, entrega) values (81, 1001, '2018-11-01', '2018-11-12');
insert into locacao (usuario, exemplar, retirada, entrega) values (52, 1001, '2019-01-23', '2019-01-25');
insert into locacao (usuario, exemplar, retirada, entrega) values (58, 1002, '2018-02-10', '2018-02-17');
insert into locacao (usuario, exemplar, retirada, entrega) values (46, 1002, '2018-03-19', '2018-03-24');
insert into locacao (usuario, exemplar, retirada, entrega) values (86, 1002, '2018-06-15', '2018-06-22');
insert into locacao (usuario, exemplar, retirada, entrega) values (71, 1002, '2018-07-26', '2018-07-29');
insert into locacao (usuario, exemplar, retirada, entrega) values (12, 1002, '2018-08-16', '2018-08-23');
insert into locacao (usuario, exemplar, retirada, entrega) values (13, 1002, '2018-08-29', '2018-09-12');
insert into locacao (usuario, exemplar, retirada, entrega) values (21, 1002, '2018-11-02', '2018-11-04');
insert into locacao (usuario, exemplar, retirada, entrega) values (23, 1002, '2018-12-14', '2018-12-31');
insert into locacao (usuario, exemplar, retirada, entrega) values (92, 1002, '2019-03-10', '2019-03-16');
insert into locacao (usuario, exemplar, retirada, entrega) values (27, 1002, '2019-03-26', '2019-04-13');
insert into locacao (usuario, exemplar, retirada, entrega) values (85, 1002, '2019-04-02', '2019-04-29');
insert into locacao (usuario, exemplar, retirada, entrega) values (11, 1002, '2019-04-24', '2019-04-30');
insert into locacao (usuario, exemplar, retirada, entrega) values (18, 1003, '2018-03-19', '2018-04-08');
insert into locacao (usuario, exemplar, retirada, entrega) values (48, 1003, '2018-04-01', '2018-04-18');
insert into locacao (usuario, exemplar, retirada, entrega) values (59, 1003, '2018-06-24', '2018-06-26');
insert into locacao (usuario, exemplar, retirada, entrega) values (29, 1003, '2018-09-24', '2018-09-28');
insert into locacao (usuario, exemplar, retirada, entrega) values (3, 1003, '2018-11-29', '2018-12-01');
insert into locacao (usuario, exemplar, retirada, entrega) values (100, 1003, '2019-01-02', '2019-01-09');
insert into locacao (usuario, exemplar, retirada, entrega) values (73, 1003, '2019-04-04', '2019-04-08');
insert into locacao (usuario, exemplar, retirada, entrega) values (53, 2001, '2018-04-03', '2018-04-10');
insert into locacao (usuario, exemplar, retirada, entrega) values (20, 2001, '2018-04-25', '2018-04-29');
insert into locacao (usuario, exemplar, retirada, entrega) values (60, 2001, '2018-07-19', '2018-07-25');
insert into locacao (usuario, exemplar, retirada, entrega) values (29, 2001, '2018-08-23', '2018-08-27');
insert into locacao (usuario, exemplar, retirada, entrega) values (71, 2001, '2018-09-07', '2018-09-16');
insert into locacao (usuario, exemplar, retirada, entrega) values (13, 2001, '2018-11-17', '2018-12-10');
insert into locacao (usuario, exemplar, retirada, entrega) values (12, 2001, '2018-12-17', '2019-01-07');
insert into locacao (usuario, exemplar, retirada, entrega) values (78, 2001, '2019-02-23', '2019-02-28');
insert into locacao (usuario, exemplar, retirada, entrega) values (51, 2001, '2019-03-06', '2019-03-31');
insert into locacao (usuario, exemplar, retirada, entrega) values (6, 2002, '2018-02-09', '2018-02-11');
insert into locacao (usuario, exemplar, retirada, entrega) values (51, 2002, '2018-02-23', '2018-03-15');
insert into locacao (usuario, exemplar, retirada, entrega) values (14, 2002, '2018-03-14', '2018-03-18');
insert into locacao (usuario, exemplar, retirada, entrega) values (81, 2002, '2018-03-20', '2018-03-22');
insert into locacao (usuario, exemplar, retirada, entrega) values (87, 2002, '2018-06-21', '2018-07-18');
insert into locacao (usuario, exemplar, retirada, entrega) values (20, 2002, '2018-08-27', '2018-09-05');
insert into locacao (usuario, exemplar, retirada, entrega) values (15, 2002, '2018-11-04', '2018-11-22');
insert into locacao (usuario, exemplar, retirada, entrega) values (98, 2002, '2019-02-09', '2019-02-25');
insert into locacao (usuario, exemplar, retirada, entrega) values (44, 2002, '2019-03-06', '2019-03-08');
insert into locacao (usuario, exemplar, retirada, entrega) values (34, 3001, '2018-03-12', '2018-03-19');
insert into locacao (usuario, exemplar, retirada, entrega) values (73, 3001, '2018-05-13', '2018-05-29');
insert into locacao (usuario, exemplar, retirada, entrega) values (48, 3001, '2018-05-17', '2018-05-22');
insert into locacao (usuario, exemplar, retirada, entrega) values (15, 3001, '2018-06-15', '2018-06-21');
insert into locacao (usuario, exemplar, retirada, entrega) values (95, 3001, '2018-06-27', '2018-07-01');
insert into locacao (usuario, exemplar, retirada, entrega) values (96, 3001, '2018-08-01', '2018-08-17');
insert into locacao (usuario, exemplar, retirada, entrega) values (89, 3001, '2018-09-21', '2018-09-23');
insert into locacao (usuario, exemplar, retirada, entrega) values (9, 3001, '2018-10-26', '2018-11-14');
insert into locacao (usuario, exemplar, retirada, entrega) values (75, 3001, '2018-11-11', '2018-11-18');
insert into locacao (usuario, exemplar, retirada, entrega) values (44, 3001, '2019-01-11', '2019-01-16');
insert into locacao (usuario, exemplar, retirada, entrega) values (78, 3001, '2019-04-07', '2019-04-12');
insert into locacao (usuario, exemplar, retirada, entrega) values (61, 3002, '2018-04-10', '2018-05-01');
insert into locacao (usuario, exemplar, retirada, entrega) values (30, 3002, '2018-06-28', '2018-07-14');
insert into locacao (usuario, exemplar, retirada, entrega) values (13, 3002, '2018-09-11', '2018-09-13');
insert into locacao (usuario, exemplar, retirada, entrega) values (14, 3002, '2018-10-13', '2018-10-29');
insert into locacao (usuario, exemplar, retirada, entrega) values (55, 3002, '2018-11-27', '2018-12-06');
insert into locacao (usuario, exemplar, retirada, entrega) values (85, 3002, '2018-12-05', '2018-12-26');
insert into locacao (usuario, exemplar, retirada, entrega) values (22, 3002, '2019-01-07', '2019-01-12');
insert into locacao (usuario, exemplar, retirada, entrega) values (3, 3002, '2019-02-23', '2019-03-11');
insert into locacao (usuario, exemplar, retirada, entrega) values (55, 3002, '2019-03-04', '2019-03-09');
insert into locacao (usuario, exemplar, retirada, entrega) values (60, 3002, '2019-03-18', '2019-03-24');
insert into locacao (usuario, exemplar, retirada, entrega) values (81, 3003, '2018-02-16', '2018-02-23');
insert into locacao (usuario, exemplar, retirada, entrega) values (97, 3003, '2018-05-06', '2018-05-29');
insert into locacao (usuario, exemplar, retirada, entrega) values (15, 3003, '2018-07-28', '2018-08-07');
insert into locacao (usuario, exemplar, retirada, entrega) values (84, 3003, '2018-10-26', '2018-11-01');
insert into locacao (usuario, exemplar, retirada, entrega) values (79, 3003, '2019-01-13', '2019-01-19');
insert into locacao (usuario, exemplar, retirada, entrega) values (31, 3003, '2019-03-15', '2019-03-19');
insert into locacao (usuario, exemplar, retirada, entrega) values (81, 3004, '2018-02-26', '2018-03-18');
insert into locacao (usuario, exemplar, retirada, entrega) values (79, 3004, '2018-05-05', '2018-05-08');
insert into locacao (usuario, exemplar, retirada, entrega) values (19, 3004, '2018-05-31', '2018-06-17');
insert into locacao (usuario, exemplar, retirada, entrega) values (37, 3004, '2018-08-28', '2018-09-06');
insert into locacao (usuario, exemplar, retirada, entrega) values (65, 3004, '2018-11-06', '2018-12-03');
insert into locacao (usuario, exemplar, retirada, entrega) values (11, 3004, '2018-12-08', '2018-12-12');
insert into locacao (usuario, exemplar, retirada, entrega) values (55, 3004, '2019-02-09', '2019-02-16');
insert into locacao (usuario, exemplar, retirada, entrega) values (39, 4001, '2018-03-11', '2018-03-15');
insert into locacao (usuario, exemplar, retirada, entrega) values (23, 4001, '2018-04-29', '2018-05-03');
insert into locacao (usuario, exemplar, retirada, entrega) values (4, 4001, '2018-07-31', '2018-08-21');
insert into locacao (usuario, exemplar, retirada, entrega) values (50, 4001, '2018-10-15', '2018-10-21');
insert into locacao (usuario, exemplar, retirada, entrega) values (51, 4001, '2019-01-06', '2019-02-03');
insert into locacao (usuario, exemplar, retirada, entrega) values (11, 4001, '2019-02-22', '2019-03-06');
insert into locacao (usuario, exemplar, retirada, entrega) values (61, 4002, '2018-01-01', '2018-01-03');
insert into locacao (usuario, exemplar, retirada, entrega) values (12, 4002, '2018-03-13', '2018-03-16');
insert into locacao (usuario, exemplar, retirada, entrega) values (11, 4002, '2018-06-10', '2018-06-24');
insert into locacao (usuario, exemplar, retirada, entrega) values (23, 4002, '2018-08-27', '2018-08-31');
insert into locacao (usuario, exemplar, retirada, entrega) values (84, 4002, '2018-10-31', '2018-11-05');
insert into locacao (usuario, exemplar, retirada, entrega) values (21, 4002, '2019-01-30', '2019-02-05');
insert into locacao (usuario, exemplar, retirada, entrega) values (41, 4002, '2019-04-27', '2019-05-04');
insert into locacao (usuario, exemplar, retirada, entrega) values (1, 4003, '2018-01-05', '2018-01-07');
insert into locacao (usuario, exemplar, retirada, entrega) values (92, 4003, '2018-04-13', '2018-04-18');
insert into locacao (usuario, exemplar, retirada, entrega) values (17, 4003, '2018-05-26', '2018-05-28');
insert into locacao (usuario, exemplar, retirada, entrega) values (34, 4003, '2018-06-20', '2018-06-25');
insert into locacao (usuario, exemplar, retirada, entrega) values (91, 4003, '2018-08-30', '2018-09-11');
insert into locacao (usuario, exemplar, retirada, entrega) values (52, 4003, '2018-11-13', '2018-11-15');
insert into locacao (usuario, exemplar, retirada, entrega) values (88, 4003, '2019-02-03', '2019-02-05');
insert into locacao (usuario, exemplar, retirada, entrega) values (58, 4004, '2018-01-23', '2018-01-30');
insert into locacao (usuario, exemplar, retirada, entrega) values (66, 4004, '2018-04-15', '2018-04-22');
insert into locacao (usuario, exemplar, retirada, entrega) values (38, 4004, '2018-06-01', '2018-06-07');
insert into locacao (usuario, exemplar, retirada, entrega) values (24, 4004, '2018-08-05', '2018-08-07');
insert into locacao (usuario, exemplar, retirada, entrega) values (49, 4004, '2018-10-25', '2018-10-30');
insert into locacao (usuario, exemplar, retirada, entrega) values (41, 4004, '2018-12-28', '2018-12-31');
insert into locacao (usuario, exemplar, retirada, entrega) values (16, 4004, '2019-01-31', '2019-02-23');
insert into locacao (usuario, exemplar, retirada, entrega) values (32, 4004, '2019-02-03', '2019-03-02');
insert into locacao (usuario, exemplar, retirada, entrega) values (96, 4004, '2019-02-19', '2019-02-24');
insert into locacao (usuario, exemplar, retirada, entrega) values (42, 4004, '2019-04-10', '2019-04-30');
insert into locacao (usuario, exemplar, retirada, entrega) values (32, 4005, '2018-01-30', '2018-02-05');
insert into locacao (usuario, exemplar, retirada, entrega) values (45, 4005, '2018-04-23', '2018-05-20');
insert into locacao (usuario, exemplar, retirada, entrega) values (4, 4005, '2018-06-02', '2018-06-09');
insert into locacao (usuario, exemplar, retirada, entrega) values (66, 4005, '2018-09-03', '2018-09-15');
insert into locacao (usuario, exemplar, retirada, entrega) values (18, 4005, '2018-09-08', '2018-09-22');
insert into locacao (usuario, exemplar, retirada, entrega) values (8, 4005, '2018-09-18', '2018-10-13');
insert into locacao (usuario, exemplar, retirada, entrega) values (12, 4005, '2018-10-16', '2018-10-19');
insert into locacao (usuario, exemplar, retirada, entrega) values (82, 4005, '2018-11-21', '2018-11-25');
insert into locacao (usuario, exemplar, retirada, entrega) values (37, 4005, '2019-02-07', '2019-02-13');
insert into locacao (usuario, exemplar, retirada, entrega) values (9, 4005, '2019-03-05', '2019-03-08');
insert into locacao (usuario, exemplar, retirada, entrega) values (95, 4005, '2019-04-15', '2019-04-19');
insert into locacao (usuario, exemplar, retirada, entrega) values (6, 5001, '2018-03-14', '2018-03-17');
insert into locacao (usuario, exemplar, retirada, entrega) values (39, 5001, '2018-06-05', '2018-06-09');
insert into locacao (usuario, exemplar, retirada, entrega) values (58, 5001, '2018-07-01', '2018-07-04');
insert into locacao (usuario, exemplar, retirada, entrega) values (90, 5001, '2018-07-21', '2018-07-24');
insert into locacao (usuario, exemplar, retirada, entrega) values (76, 5001, '2018-10-23', '2018-11-08');
insert into locacao (usuario, exemplar, retirada, entrega) values (10, 5001, '2018-12-22', '2018-12-25');
insert into locacao (usuario, exemplar, retirada, entrega) values (86, 5001, '2019-01-07', '2019-01-25');
insert into locacao (usuario, exemplar, retirada, entrega) values (80, 5001, '2019-03-31', '2019-04-04');
insert into locacao (usuario, exemplar, retirada, entrega) values (7, 5002, '2018-02-06', '2018-02-10');
insert into locacao (usuario, exemplar, retirada, entrega) values (68, 5002, '2018-03-12', '2018-03-17');
insert into locacao (usuario, exemplar, retirada, entrega) values (7, 5002, '2018-04-12', '2018-04-19');
insert into locacao (usuario, exemplar, retirada, entrega) values (33, 5002, '2018-04-30', '2018-05-04');
insert into locacao (usuario, exemplar, retirada, entrega) values (18, 5002, '2018-04-30', '2018-05-02');
insert into locacao (usuario, exemplar, retirada, entrega) values (49, 5002, '2018-05-05', '2018-05-07');
insert into locacao (usuario, exemplar, retirada, entrega) values (94, 5002, '2018-07-14', '2018-07-20');
insert into locacao (usuario, exemplar, retirada, entrega) values (21, 5002, '2018-09-01', '2018-09-07');
insert into locacao (usuario, exemplar, retirada, entrega) values (94, 5002, '2018-10-27', '2018-11-01');
insert into locacao (usuario, exemplar, retirada, entrega) values (33, 5002, '2019-01-16', '2019-01-20');
insert into locacao (usuario, exemplar, retirada, entrega) values (82, 5002, '2019-02-05', '2019-02-09');
insert into locacao (usuario, exemplar, retirada, entrega) values (75, 5002, '2019-03-20', '2019-03-22');
insert into locacao (usuario, exemplar, retirada, entrega) values (36, 5003, '2018-01-31', '2018-02-14');
insert into locacao (usuario, exemplar, retirada, entrega) values (64, 5003, '2018-03-18', '2018-03-22');
insert into locacao (usuario, exemplar, retirada, entrega) values (78, 5003, '2018-06-04', '2018-06-14');
insert into locacao (usuario, exemplar, retirada, entrega) values (60, 5003, '2018-07-02', '2018-07-07');
insert into locacao (usuario, exemplar, retirada, entrega) values (61, 5003, '2018-07-03', '2018-07-10');
insert into locacao (usuario, exemplar, retirada, entrega) values (78, 5003, '2018-07-21', '2018-08-04');
insert into locacao (usuario, exemplar, retirada, entrega) values (24, 5003, '2018-09-08', '2018-09-11');
insert into locacao (usuario, exemplar, retirada, entrega) values (7, 5003, '2018-09-22', '2018-09-24');
insert into locacao (usuario, exemplar, retirada, entrega) values (69, 5003, '2018-11-27', '2018-12-10');
insert into locacao (usuario, exemplar, retirada, entrega) values (96, 5003, '2019-01-05', '2019-01-18');
insert into locacao (usuario, exemplar, retirada, entrega) values (37, 5003, '2019-01-19', '2019-01-30');
insert into locacao (usuario, exemplar, retirada, entrega) values (90, 5003, '2019-04-05', '2019-04-11');
insert into locacao (usuario, exemplar, retirada, entrega) values (62, 5004, '2018-03-24', '2018-03-31');
insert into locacao (usuario, exemplar, retirada, entrega) values (77, 5004, '2018-05-31', '2018-06-02');
insert into locacao (usuario, exemplar, retirada, entrega) values (80, 5004, '2018-07-30', '2018-08-03');
insert into locacao (usuario, exemplar, retirada, entrega) values (78, 5004, '2018-08-19', '2018-08-25');
insert into locacao (usuario, exemplar, retirada, entrega) values (54, 5004, '2018-11-12', '2018-11-17');
insert into locacao (usuario, exemplar, retirada, entrega) values (40, 5004, '2018-12-26', '2019-01-01');
insert into locacao (usuario, exemplar, retirada, entrega) values (53, 5004, '2019-01-17', '2019-01-19');
insert into locacao (usuario, exemplar, retirada, entrega) values (88, 5004, '2019-04-18', '2019-05-06');
insert into locacao (usuario, exemplar, retirada, entrega) values (66, 6001, '2018-03-08', '2018-03-17');
insert into locacao (usuario, exemplar, retirada, entrega) values (45, 6001, '2018-05-14', '2018-05-16');
insert into locacao (usuario, exemplar, retirada, entrega) values (87, 6001, '2018-08-20', '2018-09-17');
insert into locacao (usuario, exemplar, retirada, entrega) values (95, 6001, '2018-08-26', '2018-09-08');
insert into locacao (usuario, exemplar, retirada, entrega) values (65, 6001, '2018-09-11', '2018-09-23');
insert into locacao (usuario, exemplar, retirada, entrega) values (69, 6001, '2018-11-22', '2018-12-13');
insert into locacao (usuario, exemplar, retirada, entrega) values (9, 6001, '2019-02-24', '2019-03-03');
insert into locacao (usuario, exemplar, retirada, entrega) values (97, 6001, '2019-04-29', '2019-05-17');
insert into locacao (usuario, exemplar, retirada, entrega) values (58, 7001, '2018-01-13', '2018-01-18');
insert into locacao (usuario, exemplar, retirada, entrega) values (45, 7001, '2018-03-13', '2018-03-17');
insert into locacao (usuario, exemplar, retirada, entrega) values (72, 7001, '2018-05-11', '2018-05-15');
insert into locacao (usuario, exemplar, retirada, entrega) values (20, 7001, '2018-05-15', '2018-05-22');
insert into locacao (usuario, exemplar, retirada, entrega) values (62, 7001, '2018-06-20', '2018-07-11');
insert into locacao (usuario, exemplar, retirada, entrega) values (64, 7001, '2018-08-21', '2018-08-28');
insert into locacao (usuario, exemplar, retirada, entrega) values (3, 7001, '2018-11-25', '2018-12-04');
insert into locacao (usuario, exemplar, retirada, entrega) values (43, 7001, '2019-02-27', '2019-03-18');
insert into locacao (usuario, exemplar, retirada, entrega) values (81, 8001, '2018-03-14', '2018-04-07');
insert into locacao (usuario, exemplar, retirada, entrega) values (14, 8001, '2018-03-29', '2018-04-05');
insert into locacao (usuario, exemplar, retirada, entrega) values (11, 8001, '2018-05-18', '2018-06-13');
insert into locacao (usuario, exemplar, retirada, entrega) values (21, 8001, '2018-07-29', '2018-08-03');
insert into locacao (usuario, exemplar, retirada, entrega) values (42, 8001, '2018-08-11', '2018-08-14');
insert into locacao (usuario, exemplar, retirada, entrega) values (18, 8001, '2018-10-03', '2018-10-19');
insert into locacao (usuario, exemplar, retirada, entrega) values (71, 8001, '2018-11-20', '2018-11-22');
insert into locacao (usuario, exemplar, retirada, entrega) values (59, 8001, '2019-02-10', '2019-02-20');
insert into locacao (usuario, exemplar, retirada, entrega) values (35, 8002, '2018-02-27', '2018-03-02');
insert into locacao (usuario, exemplar, retirada, entrega) values (61, 8002, '2018-04-07', '2018-04-10');
insert into locacao (usuario, exemplar, retirada, entrega) values (5, 8002, '2018-05-09', '2018-05-30');
insert into locacao (usuario, exemplar, retirada, entrega) values (66, 8002, '2018-08-09', '2018-08-14');
insert into locacao (usuario, exemplar, retirada, entrega) values (73, 8002, '2018-11-12', '2018-11-17');
insert into locacao (usuario, exemplar, retirada, entrega) values (46, 8002, '2019-01-19', '2019-01-22');
insert into locacao (usuario, exemplar, retirada, entrega) values (40, 8002, '2019-02-11', '2019-03-04');
insert into locacao (usuario, exemplar, retirada, entrega) values (87, 8003, '2018-02-26', '2018-03-01');
insert into locacao (usuario, exemplar, retirada, entrega) values (67, 8003, '2018-05-13', '2018-05-30');
insert into locacao (usuario, exemplar, retirada, entrega) values (19, 8003, '2018-08-09', '2018-08-21');
insert into locacao (usuario, exemplar, retirada, entrega) values (22, 8003, '2018-09-12', '2018-09-19');
insert into locacao (usuario, exemplar, retirada, entrega) values (27, 8003, '2018-12-10', '2018-12-27');
insert into locacao (usuario, exemplar, retirada, entrega) values (71, 8003, '2019-01-22', '2019-01-28');
insert into locacao (usuario, exemplar, retirada, entrega) values (85, 8003, '2019-04-10', '2019-04-17');
insert into locacao (usuario, exemplar, retirada, entrega) values (94, 8003, '2019-04-25', '2019-05-06');
insert into locacao (usuario, exemplar, retirada, entrega) values (65, 8004, '2018-02-13', '2018-03-05');
insert into locacao (usuario, exemplar, retirada, entrega) values (10, 8004, '2018-03-01', '2018-03-10');
insert into locacao (usuario, exemplar, retirada, entrega) values (2, 8004, '2018-05-22', '2018-05-29');
insert into locacao (usuario, exemplar, retirada, entrega) values (29, 8004, '2018-05-29', '2018-05-31');
insert into locacao (usuario, exemplar, retirada, entrega) values (87, 8004, '2018-06-22', '2018-06-27');
insert into locacao (usuario, exemplar, retirada, entrega) values (45, 8004, '2018-09-14', '2018-09-16');
insert into locacao (usuario, exemplar, retirada, entrega) values (4, 8004, '2018-11-17', '2018-11-19');
insert into locacao (usuario, exemplar, retirada, entrega) values (84, 8004, '2019-01-31', '2019-02-07');
insert into locacao (usuario, exemplar, retirada, entrega) values (73, 8004, '2019-02-23', '2019-03-07');
insert into locacao (usuario, exemplar, retirada, entrega) values (12, 8004, '2019-04-29', '2019-05-17');
insert into locacao (usuario, exemplar, retirada, entrega) values (29, 8005, '2018-03-11', '2018-03-29');
insert into locacao (usuario, exemplar, retirada, entrega) values (33, 8005, '2018-04-13', '2018-04-15');
insert into locacao (usuario, exemplar, retirada, entrega) values (11, 8005, '2018-06-05', '2018-06-09');
insert into locacao (usuario, exemplar, retirada, entrega) values (76, 8005, '2018-07-28', '2018-07-31');
insert into locacao (usuario, exemplar, retirada, entrega) values (12, 8005, '2018-09-29', '2018-10-24');
insert into locacao (usuario, exemplar, retirada, entrega) values (45, 8005, '2018-11-18', '2018-11-29');
insert into locacao (usuario, exemplar, retirada, entrega) values (84, 8005, '2019-02-14', '2019-02-19');
insert into locacao (usuario, exemplar, retirada, entrega) values (3, 8005, '2019-03-19', '2019-04-12');
insert into locacao (usuario, exemplar, retirada, entrega) values (29, 9001, '2018-01-16', '2018-01-18');
insert into locacao (usuario, exemplar, retirada, entrega) values (50, 9001, '2018-03-24', '2018-03-28');
insert into locacao (usuario, exemplar, retirada, entrega) values (6, 9001, '2018-06-10', '2018-06-14');
insert into locacao (usuario, exemplar, retirada, entrega) values (82, 9001, '2018-08-01', '2018-08-18');
insert into locacao (usuario, exemplar, retirada, entrega) values (11, 9001, '2018-09-15', '2018-09-21');
insert into locacao (usuario, exemplar, retirada, entrega) values (66, 9001, '2018-11-15', '2018-12-09');
insert into locacao (usuario, exemplar, retirada, entrega) values (22, 9001, '2019-01-16', '2019-01-19');
insert into locacao (usuario, exemplar, retirada, entrega) values (67, 9001, '2019-02-02', '2019-02-05');
insert into locacao (usuario, exemplar, retirada, entrega) values (25, 9001, '2019-03-16', '2019-04-03');
insert into locacao (usuario, exemplar, retirada, entrega) values (59, 9001, '2019-04-09', '2019-04-25');
insert into locacao (usuario, exemplar, retirada, entrega) values (64, 10001, '2018-04-06', '2018-04-10');
insert into locacao (usuario, exemplar, retirada, entrega) values (2, 10001, '2018-05-10', '2018-05-26');
insert into locacao (usuario, exemplar, retirada, entrega) values (31, 10001, '2018-08-07', '2018-08-17');
insert into locacao (usuario, exemplar, retirada, entrega) values (31, 10001, '2018-11-01', '2018-11-10');
insert into locacao (usuario, exemplar, retirada, entrega) values (17, 10001, '2019-01-17', '2019-02-12');
insert into locacao (usuario, exemplar, retirada, entrega) values (39, 10001, '2019-03-27', '2019-04-09');
insert into locacao (usuario, exemplar, retirada, entrega) values (53, 10002, '2018-03-17', '2018-03-26');
insert into locacao (usuario, exemplar, retirada, entrega) values (51, 10002, '2018-06-13', '2018-06-24');
insert into locacao (usuario, exemplar, retirada, entrega) values (32, 10002, '2018-06-15', '2018-06-25');
insert into locacao (usuario, exemplar, retirada, entrega) values (40, 10002, '2018-08-09', '2018-08-14');
insert into locacao (usuario, exemplar, retirada, entrega) values (76, 10002, '2018-09-02', '2018-09-22');
insert into locacao (usuario, exemplar, retirada, entrega) values (74, 10002, '2018-12-07', '2018-12-28');
insert into locacao (usuario, exemplar, retirada, entrega) values (88, 10002, '2019-02-16', '2019-02-22');
insert into locacao (usuario, exemplar, retirada, entrega) values (6, 10002, '2019-03-24', '2019-03-26');
insert into locacao (usuario, exemplar, retirada, entrega) values (29, 10003, '2018-04-01', '2018-04-04');
insert into locacao (usuario, exemplar, retirada, entrega) values (37, 10003, '2018-04-25', '2018-05-04');
insert into locacao (usuario, exemplar, retirada, entrega) values (75, 10003, '2018-06-23', '2018-07-05');
insert into locacao (usuario, exemplar, retirada, entrega) values (1, 10003, '2018-07-13', '2018-07-26');
insert into locacao (usuario, exemplar, retirada, entrega) values (5, 10003, '2018-08-13', '2018-08-27');
insert into locacao (usuario, exemplar, retirada, entrega) values (65, 10003, '2018-09-01', '2018-09-18');
insert into locacao (usuario, exemplar, retirada, entrega) values (76, 10003, '2018-11-17', '2018-11-20');
insert into locacao (usuario, exemplar, retirada, entrega) values (43, 10003, '2019-01-29', '2019-02-03');
insert into locacao (usuario, exemplar, retirada, entrega) values (83, 10003, '2019-04-16', '2019-05-04');
insert into locacao (usuario, exemplar, retirada, entrega) values (14, 10004, '2018-03-31', '2018-04-16');
insert into locacao (usuario, exemplar, retirada, entrega) values (22, 10004, '2018-05-27', '2018-06-16');
insert into locacao (usuario, exemplar, retirada, entrega) values (81, 10004, '2018-07-28', '2018-07-30');
insert into locacao (usuario, exemplar, retirada, entrega) values (71, 10004, '2018-09-15', '2018-09-21');
insert into locacao (usuario, exemplar, retirada, entrega) values (90, 10004, '2018-10-28', '2018-11-02');
insert into locacao (usuario, exemplar, retirada, entrega) values (42, 10004, '2019-01-05', '2019-01-26');
insert into locacao (usuario, exemplar, retirada, entrega) values (80, 10004, '2019-03-23', '2019-04-06');
insert into locacao (usuario, exemplar, retirada, entrega) values (51, 10005, '2018-02-16', '2018-02-27');
insert into locacao (usuario, exemplar, retirada, entrega) values (90, 10005, '2018-02-19', '2018-02-24');
insert into locacao (usuario, exemplar, retirada, entrega) values (96, 10005, '2018-05-01', '2018-05-08');
insert into locacao (usuario, exemplar, retirada, entrega) values (82, 10005, '2018-08-02', '2018-08-04');
insert into locacao (usuario, exemplar, retirada, entrega) values (41, 10005, '2018-10-06', '2018-10-24');
insert into locacao (usuario, exemplar, retirada, entrega) values (9, 10005, '2019-01-06', '2019-01-26');
insert into locacao (usuario, exemplar, retirada, entrega) values (40, 10005, '2019-01-16', '2019-02-05');
insert into locacao (usuario, exemplar, retirada, entrega) values (6, 10005, '2019-02-11', '2019-02-15');
insert into locacao (usuario, exemplar, retirada, entrega) values (27, 11001, '2018-03-20', '2018-04-05');
insert into locacao (usuario, exemplar, retirada, entrega) values (12, 11001, '2018-04-23', '2018-05-02');
insert into locacao (usuario, exemplar, retirada, entrega) values (65, 11001, '2018-07-01', '2018-07-07');
insert into locacao (usuario, exemplar, retirada, entrega) values (46, 11001, '2018-08-13', '2018-08-22');
insert into locacao (usuario, exemplar, retirada, entrega) values (36, 11001, '2018-10-02', '2018-10-14');
insert into locacao (usuario, exemplar, retirada, entrega) values (37, 11001, '2019-01-05', '2019-01-14');
insert into locacao (usuario, exemplar, retirada, entrega) values (51, 11001, '2019-02-02', '2019-02-23');
insert into locacao (usuario, exemplar, retirada, entrega) values (53, 11002, '2018-03-01', '2018-03-06');
insert into locacao (usuario, exemplar, retirada, entrega) values (93, 11002, '2018-04-15', '2018-04-19');
insert into locacao (usuario, exemplar, retirada, entrega) values (43, 11002, '2018-05-27', '2018-06-01');
insert into locacao (usuario, exemplar, retirada, entrega) values (47, 11002, '2018-07-04', '2018-07-23');
insert into locacao (usuario, exemplar, retirada, entrega) values (73, 11002, '2018-09-05', '2018-09-23');
insert into locacao (usuario, exemplar, retirada, entrega) values (14, 11002, '2018-10-23', '2018-10-29');
insert into locacao (usuario, exemplar, retirada, entrega) values (50, 11002, '2018-10-28', '2018-11-01');
insert into locacao (usuario, exemplar, retirada, entrega) values (79, 11002, '2019-01-04', '2019-01-06');
insert into locacao (usuario, exemplar, retirada, entrega) values (64, 11002, '2019-03-10', '2019-03-12');
insert into locacao (usuario, exemplar, retirada, entrega) values (56, 11002, '2019-04-27', '2019-04-30');
insert into locacao (usuario, exemplar, retirada, entrega) values (82, 11003, '2018-01-27', '2018-02-15');
insert into locacao (usuario, exemplar, retirada, entrega) values (29, 11003, '2018-02-12', '2018-03-04');
insert into locacao (usuario, exemplar, retirada, entrega) values (53, 11003, '2018-03-07', '2018-03-18');
insert into locacao (usuario, exemplar, retirada, entrega) values (94, 11003, '2018-04-14', '2018-04-25');
insert into locacao (usuario, exemplar, retirada, entrega) values (71, 11003, '2018-05-02', '2018-05-08');
insert into locacao (usuario, exemplar, retirada, entrega) values (92, 11003, '2018-05-20', '2018-05-22');
insert into locacao (usuario, exemplar, retirada, entrega) values (68, 11003, '2018-06-30', '2018-07-17');
insert into locacao (usuario, exemplar, retirada, entrega) values (19, 11003, '2018-08-08', '2018-08-10');
insert into locacao (usuario, exemplar, retirada, entrega) values (2, 11003, '2018-08-30', '2018-09-03');
insert into locacao (usuario, exemplar, retirada, entrega) values (82, 11003, '2018-11-29', '2018-12-05');
insert into locacao (usuario, exemplar, retirada, entrega) values (44, 11003, '2019-02-11', '2019-03-06');
insert into locacao (usuario, exemplar, retirada, entrega) values (27, 11003, '2019-03-27', '2019-03-31');
insert into locacao (usuario, exemplar, retirada, entrega) values (53, 11004, '2018-01-31', '2018-02-13');
insert into locacao (usuario, exemplar, retirada, entrega) values (17, 11004, '2018-04-11', '2018-04-25');
insert into locacao (usuario, exemplar, retirada, entrega) values (37, 11004, '2018-07-15', '2018-07-27');
insert into locacao (usuario, exemplar, retirada, entrega) values (50, 11004, '2018-10-06', '2018-10-09');
insert into locacao (usuario, exemplar, retirada, entrega) values (42, 11004, '2018-11-16', '2018-11-22');
insert into locacao (usuario, exemplar, retirada, entrega) values (30, 11004, '2018-11-21', '2018-12-04');
insert into locacao (usuario, exemplar, retirada, entrega) values (50, 11004, '2018-11-28', '2018-12-16');
insert into locacao (usuario, exemplar, retirada, entrega) values (94, 11004, '2019-02-12', '2019-03-07');
insert into locacao (usuario, exemplar, retirada, entrega) values (85, 11004, '2019-03-02', '2019-03-21');
insert into locacao (usuario, exemplar, retirada, entrega) values (8, 12001, '2018-01-06', '2018-01-08');
insert into locacao (usuario, exemplar, retirada, entrega) values (75, 12001, '2018-02-28', '2018-03-03');
insert into locacao (usuario, exemplar, retirada, entrega) values (28, 12001, '2018-03-18', '2018-03-23');
insert into locacao (usuario, exemplar, retirada, entrega) values (4, 12001, '2018-05-06', '2018-05-25');
insert into locacao (usuario, exemplar, retirada, entrega) values (14, 12001, '2018-08-08', '2018-08-11');
insert into locacao (usuario, exemplar, retirada, entrega) values (48, 12001, '2018-10-04', '2018-10-15');
insert into locacao (usuario, exemplar, retirada, entrega) values (16, 12001, '2018-11-14', '2018-11-17');
insert into locacao (usuario, exemplar, retirada, entrega) values (43, 12001, '2019-01-27', '2019-02-01');
insert into locacao (usuario, exemplar, retirada, entrega) values (50, 12002, '2018-01-25', '2018-01-31');
insert into locacao (usuario, exemplar, retirada, entrega) values (28, 12002, '2018-03-23', '2018-03-25');
insert into locacao (usuario, exemplar, retirada, entrega) values (1, 12002, '2018-06-16', '2018-07-03');
insert into locacao (usuario, exemplar, retirada, entrega) values (44, 12002, '2018-09-22', '2018-10-08');
insert into locacao (usuario, exemplar, retirada, entrega) values (93, 12002, '2018-10-08', '2018-10-13');
insert into locacao (usuario, exemplar, retirada, entrega) values (89, 12002, '2018-12-23', '2019-01-13');
insert into locacao (usuario, exemplar, retirada, entrega) values (42, 12002, '2019-03-01', '2019-03-18');
insert into locacao (usuario, exemplar, retirada, entrega) values (49, 12002, '2019-04-30', '2019-05-10');
insert into locacao (usuario, exemplar, retirada, entrega) values (43, 12003, '2018-03-11', '2018-03-23');
insert into locacao (usuario, exemplar, retirada, entrega) values (58, 12003, '2018-04-05', '2018-04-08');
insert into locacao (usuario, exemplar, retirada, entrega) values (33, 12003, '2018-07-09', '2018-07-13');
insert into locacao (usuario, exemplar, retirada, entrega) values (52, 12003, '2018-07-13', '2018-07-16');
insert into locacao (usuario, exemplar, retirada, entrega) values (7, 12003, '2018-10-19', '2018-11-08');
insert into locacao (usuario, exemplar, retirada, entrega) values (30, 12003, '2018-11-02', '2018-11-21');
insert into locacao (usuario, exemplar, retirada, entrega) values (1, 12003, '2018-12-04', '2018-12-11');
insert into locacao (usuario, exemplar, retirada, entrega) values (71, 12003, '2019-02-07', '2019-02-09');
insert into locacao (usuario, exemplar, retirada, entrega) values (36, 12003, '2019-03-24', '2019-03-30');
insert into locacao (usuario, exemplar, retirada, entrega) values (26, 12003, '2019-04-10', '2019-04-12');
insert into locacao (usuario, exemplar, retirada, entrega) values (67, 12004, '2018-01-26', '2018-02-12');
insert into locacao (usuario, exemplar, retirada, entrega) values (43, 12004, '2018-04-01', '2018-04-26');
insert into locacao (usuario, exemplar, retirada, entrega) values (2, 12004, '2018-04-09', '2018-04-21');
insert into locacao (usuario, exemplar, retirada, entrega) values (90, 12004, '2018-05-02', '2018-05-06');
insert into locacao (usuario, exemplar, retirada, entrega) values (89, 12004, '2018-06-28', '2018-07-16');
insert into locacao (usuario, exemplar, retirada, entrega) values (22, 12004, '2018-08-31', '2018-09-18');
insert into locacao (usuario, exemplar, retirada, entrega) values (49, 12004, '2018-10-05', '2018-10-12');
insert into locacao (usuario, exemplar, retirada, entrega) values (52, 12004, '2018-12-12', '2018-12-15');
insert into locacao (usuario, exemplar, retirada, entrega) values (68, 12004, '2019-03-07', '2019-03-09');
insert into locacao (usuario, exemplar, retirada, entrega) values (80, 12004, '2019-03-31', '2019-04-06');
insert into locacao (usuario, exemplar, retirada, entrega) values (8, 13001, '2018-03-11', '2018-03-13');
insert into locacao (usuario, exemplar, retirada, entrega) values (91, 13001, '2018-05-03', '2018-05-05');
insert into locacao (usuario, exemplar, retirada, entrega) values (35, 13001, '2018-07-11', '2018-07-13');
insert into locacao (usuario, exemplar, retirada, entrega) values (79, 13001, '2018-08-03', '2018-08-08');
insert into locacao (usuario, exemplar, retirada, entrega) values (83, 13001, '2018-10-04', '2018-10-08');
insert into locacao (usuario, exemplar, retirada, entrega) values (37, 13001, '2018-12-19', '2019-01-11');
insert into locacao (usuario, exemplar, retirada, entrega) values (13, 13001, '2019-03-05', '2019-03-08');
insert into locacao (usuario, exemplar, retirada, entrega) values (50, 13001, '2019-03-16', '2019-03-26');
insert into locacao (usuario, exemplar, retirada, entrega) values (37, 13001, '2019-04-11', '2019-04-29');
insert into locacao (usuario, exemplar, retirada, entrega) values (78, 13002, '2018-02-08', '2018-02-26');
insert into locacao (usuario, exemplar, retirada, entrega) values (51, 13002, '2018-05-03', '2018-05-10');
insert into locacao (usuario, exemplar, retirada, entrega) values (94, 13002, '2018-07-25', '2018-07-30');
insert into locacao (usuario, exemplar, retirada, entrega) values (96, 13002, '2018-09-06', '2018-09-16');
insert into locacao (usuario, exemplar, retirada, entrega) values (59, 13002, '2018-10-21', '2018-10-26');
insert into locacao (usuario, exemplar, retirada, entrega) values (6, 13002, '2019-01-07', '2019-01-11');
insert into locacao (usuario, exemplar, retirada, entrega) values (72, 13002, '2019-03-06', '2019-03-13');
insert into locacao (usuario, exemplar, retirada, entrega) values (96, 13003, '2018-02-24', '2018-03-05');
insert into locacao (usuario, exemplar, retirada, entrega) values (100, 13003, '2018-05-17', '2018-05-22');
insert into locacao (usuario, exemplar, retirada, entrega) values (57, 13003, '2018-07-07', '2018-07-14');
insert into locacao (usuario, exemplar, retirada, entrega) values (81, 13003, '2018-10-04', '2018-10-06');
insert into locacao (usuario, exemplar, retirada, entrega) values (26, 13003, '2018-10-21', '2018-10-24');
insert into locacao (usuario, exemplar, retirada, entrega) values (41, 13003, '2018-11-05', '2018-11-11');
insert into locacao (usuario, exemplar, retirada, entrega) values (49, 13003, '2018-11-30', '2018-12-02');
insert into locacao (usuario, exemplar, retirada, entrega) values (46, 13003, '2019-02-23', '2019-03-01');
insert into locacao (usuario, exemplar, retirada, entrega) values (25, 13003, '2019-04-28', '2019-05-04');
insert into locacao (usuario, exemplar, retirada, entrega) values (46, 13004, '2018-02-22', '2018-02-24');
insert into locacao (usuario, exemplar, retirada, entrega) values (42, 13004, '2018-03-24', '2018-03-31');
insert into locacao (usuario, exemplar, retirada, entrega) values (51, 13004, '2018-04-12', '2018-04-16');
insert into locacao (usuario, exemplar, retirada, entrega) values (75, 13004, '2018-05-12', '2018-05-21');
insert into locacao (usuario, exemplar, retirada, entrega) values (64, 13004, '2018-06-01', '2018-06-21');
insert into locacao (usuario, exemplar, retirada, entrega) values (52, 13004, '2018-06-23', '2018-07-13');
insert into locacao (usuario, exemplar, retirada, entrega) values (94, 13004, '2018-09-16', '2018-09-20');
insert into locacao (usuario, exemplar, retirada, entrega) values (89, 13004, '2018-12-09', '2018-12-30');
insert into locacao (usuario, exemplar, retirada, entrega) values (30, 13004, '2019-02-18', '2019-03-09');
insert into locacao (usuario, exemplar, retirada, entrega) values (10, 13005, '2018-02-26', '2018-03-01');
insert into locacao (usuario, exemplar, retirada, entrega) values (19, 13005, '2018-02-28', '2018-03-19');
insert into locacao (usuario, exemplar, retirada, entrega) values (93, 13005, '2018-03-04', '2018-03-18');
insert into locacao (usuario, exemplar, retirada, entrega) values (100, 13005, '2018-04-25', '2018-05-21');
insert into locacao (usuario, exemplar, retirada, entrega) values (42, 13005, '2018-07-03', '2018-07-24');
insert into locacao (usuario, exemplar, retirada, entrega) values (79, 13005, '2018-07-22', '2018-08-04');
insert into locacao (usuario, exemplar, retirada, entrega) values (59, 13005, '2018-09-06', '2018-09-19');
insert into locacao (usuario, exemplar, retirada, entrega) values (37, 13005, '2018-11-08', '2018-11-11');
insert into locacao (usuario, exemplar, retirada, entrega) values (57, 13005, '2018-11-16', '2018-12-11');
insert into locacao (usuario, exemplar, retirada, entrega) values (5, 13005, '2018-12-02', '2018-12-07');
insert into locacao (usuario, exemplar, retirada, entrega) values (44, 13005, '2019-02-16', '2019-02-20');
insert into locacao (usuario, exemplar, retirada, entrega) values (56, 13005, '2019-04-14', '2019-05-07');
insert into locacao (usuario, exemplar, retirada, entrega) values (6, 14001, '2018-03-16', '2018-03-18');
insert into locacao (usuario, exemplar, retirada, entrega) values (19, 14001, '2018-03-18', '2018-03-23');
insert into locacao (usuario, exemplar, retirada, entrega) values (30, 14001, '2018-06-14', '2018-06-17');
insert into locacao (usuario, exemplar, retirada, entrega) values (94, 14001, '2018-07-18', '2018-07-23');
insert into locacao (usuario, exemplar, retirada, entrega) values (100, 14001, '2018-08-28', '2018-09-14');
insert into locacao (usuario, exemplar, retirada, entrega) values (71, 14001, '2018-10-14', '2018-10-20');
insert into locacao (usuario, exemplar, retirada, entrega) values (9, 14001, '2018-12-16', '2018-12-19');
insert into locacao (usuario, exemplar, retirada, entrega) values (1, 14001, '2019-02-10', '2019-02-17');
insert into locacao (usuario, exemplar, retirada, entrega) values (81, 14001, '2019-03-23', '2019-03-28');
insert into locacao (usuario, exemplar, retirada, entrega) values (31, 14002, '2018-03-28', '2018-04-03');
insert into locacao (usuario, exemplar, retirada, entrega) values (71, 14002, '2018-04-19', '2018-04-24');
insert into locacao (usuario, exemplar, retirada, entrega) values (4, 14002, '2018-05-03', '2018-05-19');
insert into locacao (usuario, exemplar, retirada, entrega) values (82, 14002, '2018-07-24', '2018-07-27');
insert into locacao (usuario, exemplar, retirada, entrega) values (96, 14002, '2018-08-04', '2018-08-07');
insert into locacao (usuario, exemplar, retirada, entrega) values (84, 14002, '2018-08-10', '2018-08-14');
insert into locacao (usuario, exemplar, retirada, entrega) values (99, 14002, '2018-11-02', '2018-11-09');
insert into locacao (usuario, exemplar, retirada, entrega) values (58, 14002, '2018-12-09', '2018-12-14');
insert into locacao (usuario, exemplar, retirada, entrega) values (33, 14002, '2019-02-23', '2019-03-02');
insert into locacao (usuario, exemplar, retirada, entrega) values (26, 14002, '2019-03-29', '2019-04-03');
insert into locacao (usuario, exemplar, retirada, entrega) values (66, 14002, '2019-03-30', '2019-04-04');
insert into locacao (usuario, exemplar, retirada, entrega) values (15, 15001, '2018-01-10', '2018-01-15');
insert into locacao (usuario, exemplar, retirada, entrega) values (13, 15001, '2018-03-22', '2018-03-29');
insert into locacao (usuario, exemplar, retirada, entrega) values (84, 15001, '2018-05-08', '2018-05-14');
insert into locacao (usuario, exemplar, retirada, entrega) values (42, 15001, '2018-05-10', '2018-05-23');
insert into locacao (usuario, exemplar, retirada, entrega) values (84, 15001, '2018-05-17', '2018-05-24');
insert into locacao (usuario, exemplar, retirada, entrega) values (51, 15001, '2018-08-03', '2018-08-07');
insert into locacao (usuario, exemplar, retirada, entrega) values (27, 15001, '2018-09-26', '2018-10-02');
insert into locacao (usuario, exemplar, retirada, entrega) values (44, 15001, '2018-09-26', '2018-10-10');
insert into locacao (usuario, exemplar, retirada, entrega) values (91, 15001, '2018-11-13', '2018-11-19');
insert into locacao (usuario, exemplar, retirada, entrega) values (35, 15001, '2019-02-17', '2019-03-07');
insert into locacao (usuario, exemplar, retirada, entrega) values (1, 15002, '2018-02-21', '2018-02-25');
insert into locacao (usuario, exemplar, retirada, entrega) values (46, 15002, '2018-04-22', '2018-05-02');
insert into locacao (usuario, exemplar, retirada, entrega) values (20, 15002, '2018-06-07', '2018-06-12');
insert into locacao (usuario, exemplar, retirada, entrega) values (13, 15002, '2018-09-09', '2018-09-11');
insert into locacao (usuario, exemplar, retirada, entrega) values (21, 15002, '2018-11-28', '2018-12-19');
insert into locacao (usuario, exemplar, retirada, entrega) values (62, 15002, '2019-01-23', '2019-02-20');
insert into locacao (usuario, exemplar, retirada, entrega) values (26, 15002, '2019-02-22', '2019-03-11');
insert into locacao (usuario, exemplar, retirada, entrega) values (11, 15002, '2019-04-23', '2019-05-13');
insert into locacao (usuario, exemplar, retirada, entrega) values (76, 15003, '2018-03-27', '2018-03-29');
insert into locacao (usuario, exemplar, retirada, entrega) values (88, 15003, '2018-04-17', '2018-04-22');
insert into locacao (usuario, exemplar, retirada, entrega) values (25, 15003, '2018-06-30', '2018-07-07');
insert into locacao (usuario, exemplar, retirada, entrega) values (19, 15003, '2018-07-01', '2018-07-07');
insert into locacao (usuario, exemplar, retirada, entrega) values (73, 15003, '2018-09-19', '2018-10-12');
insert into locacao (usuario, exemplar, retirada, entrega) values (83, 15003, '2018-11-26', '2018-12-08');
insert into locacao (usuario, exemplar, retirada, entrega) values (44, 15003, '2019-01-15', '2019-01-25');
insert into locacao (usuario, exemplar, retirada, entrega) values (52, 15003, '2019-03-06', '2019-03-13');
insert into locacao (usuario, exemplar, retirada, entrega) values (36, 15004, '2018-02-21', '2018-03-06');
insert into locacao (usuario, exemplar, retirada, entrega) values (2, 15004, '2018-05-06', '2018-06-01');
insert into locacao (usuario, exemplar, retirada, entrega) values (93, 15004, '2018-07-16', '2018-07-20');
insert into locacao (usuario, exemplar, retirada, entrega) values (51, 15004, '2018-10-20', '2018-11-08');
insert into locacao (usuario, exemplar, retirada, entrega) values (26, 15004, '2018-12-12', '2018-12-17');
insert into locacao (usuario, exemplar, retirada, entrega) values (4, 15004, '2018-12-13', '2018-12-15');
insert into locacao (usuario, exemplar, retirada, entrega) values (79, 15004, '2018-12-18', '2018-12-21');
insert into locacao (usuario, exemplar, retirada, entrega) values (70, 15004, '2019-03-02', '2019-03-19');
insert into locacao (usuario, exemplar, retirada, entrega) values (4, 16001, '2018-03-03', '2018-03-29');
insert into locacao (usuario, exemplar, retirada, entrega) values (72, 16001, '2018-03-17', '2018-03-19');
insert into locacao (usuario, exemplar, retirada, entrega) values (5, 16001, '2018-04-16', '2018-04-23');
insert into locacao (usuario, exemplar, retirada, entrega) values (55, 16001, '2018-06-24', '2018-06-30');
insert into locacao (usuario, exemplar, retirada, entrega) values (43, 16001, '2018-09-14', '2018-09-28');
insert into locacao (usuario, exemplar, retirada, entrega) values (68, 16001, '2018-11-07', '2018-11-18');
insert into locacao (usuario, exemplar, retirada, entrega) values (58, 16001, '2018-11-10', '2018-11-23');
insert into locacao (usuario, exemplar, retirada, entrega) values (20, 16001, '2018-12-08', '2018-12-19');
insert into locacao (usuario, exemplar, retirada, entrega) values (87, 16001, '2019-02-15', '2019-02-20');
insert into locacao (usuario, exemplar, retirada, entrega) values (5, 16002, '2018-04-01', '2018-04-14');
insert into locacao (usuario, exemplar, retirada, entrega) values (30, 16002, '2018-06-11', '2018-07-06');
insert into locacao (usuario, exemplar, retirada, entrega) values (54, 16002, '2018-07-15', '2018-07-29');
insert into locacao (usuario, exemplar, retirada, entrega) values (97, 16002, '2018-08-21', '2018-09-10');
insert into locacao (usuario, exemplar, retirada, entrega) values (34, 16002, '2018-09-14', '2018-09-28');
insert into locacao (usuario, exemplar, retirada, entrega) values (22, 16002, '2018-10-18', '2018-10-25');
insert into locacao (usuario, exemplar, retirada, entrega) values (59, 16002, '2018-12-30', '2019-01-19');
insert into locacao (usuario, exemplar, retirada, entrega) values (30, 16002, '2019-01-13', '2019-01-26');
insert into locacao (usuario, exemplar, retirada, entrega) values (45, 16002, '2019-02-28', '2019-03-11');
insert into locacao (usuario, exemplar, retirada, entrega) values (33, 16002, '2019-03-05', '2019-03-11');
insert into locacao (usuario, exemplar, retirada, entrega) values (41, 16003, '2018-01-24', '2018-01-29');
insert into locacao (usuario, exemplar, retirada, entrega) values (49, 16003, '2018-02-26', '2018-03-14');
insert into locacao (usuario, exemplar, retirada, entrega) values (57, 16003, '2018-04-08', '2018-04-14');
insert into locacao (usuario, exemplar, retirada, entrega) values (30, 16003, '2018-06-24', '2018-06-29');
insert into locacao (usuario, exemplar, retirada, entrega) values (45, 16003, '2018-09-30', '2018-10-02');
insert into locacao (usuario, exemplar, retirada, entrega) values (11, 16003, '2018-10-10', '2018-10-16');
insert into locacao (usuario, exemplar, retirada, entrega) values (24, 16003, '2018-11-12', '2018-12-01');
insert into locacao (usuario, exemplar, retirada, entrega) values (93, 16003, '2018-12-07', '2018-12-12');
insert into locacao (usuario, exemplar, retirada, entrega) values (46, 16003, '2019-01-17', '2019-01-30');
insert into locacao (usuario, exemplar, retirada, entrega) values (26, 16003, '2019-04-07', '2019-04-26');
insert into locacao (usuario, exemplar, retirada, entrega) values (13, 17001, '2018-03-07', '2018-03-31');
insert into locacao (usuario, exemplar, retirada, entrega) values (58, 17001, '2018-04-01', '2018-04-04');
insert into locacao (usuario, exemplar, retirada, entrega) values (71, 17001, '2018-06-30', '2018-07-06');
insert into locacao (usuario, exemplar, retirada, entrega) values (10, 17001, '2018-08-11', '2018-09-04');
insert into locacao (usuario, exemplar, retirada, entrega) values (87, 17001, '2018-11-09', '2018-11-15');
insert into locacao (usuario, exemplar, retirada, entrega) values (15, 17001, '2019-01-24', '2019-02-13');
insert into locacao (usuario, exemplar, retirada, entrega) values (57, 17001, '2019-03-04', '2019-03-13');
insert into locacao (usuario, exemplar, retirada, entrega) values (17, 17001, '2019-04-14', '2019-05-01');
insert into locacao (usuario, exemplar, retirada, entrega) values (49, 17002, '2018-02-01', '2018-02-06');
insert into locacao (usuario, exemplar, retirada, entrega) values (7, 17002, '2018-04-22', '2018-04-28');
insert into locacao (usuario, exemplar, retirada, entrega) values (70, 17002, '2018-05-25', '2018-05-27');
insert into locacao (usuario, exemplar, retirada, entrega) values (37, 17002, '2018-06-21', '2018-06-27');
insert into locacao (usuario, exemplar, retirada, entrega) values (54, 17002, '2018-07-07', '2018-07-12');
insert into locacao (usuario, exemplar, retirada, entrega) values (48, 17002, '2018-10-04', '2018-10-24');
insert into locacao (usuario, exemplar, retirada, entrega) values (66, 17002, '2018-10-25', '2018-11-13');
insert into locacao (usuario, exemplar, retirada, entrega) values (21, 17002, '2018-11-16', '2018-12-12');
insert into locacao (usuario, exemplar, retirada, entrega) values (64, 17002, '2019-01-05', '2019-01-31');
insert into locacao (usuario, exemplar, retirada, entrega) values (26, 17002, '2019-04-12', '2019-04-26');
insert into locacao (usuario, exemplar, retirada, entrega) values (75, 18001, '2018-02-15', '2018-03-04');
insert into locacao (usuario, exemplar, retirada, entrega) values (60, 18001, '2018-05-07', '2018-05-11');
insert into locacao (usuario, exemplar, retirada, entrega) values (100, 18001, '2018-06-05', '2018-06-16');
insert into locacao (usuario, exemplar, retirada, entrega) values (81, 18001, '2018-06-29', '2018-07-01');
insert into locacao (usuario, exemplar, retirada, entrega) values (37, 18001, '2018-08-03', '2018-08-20');
insert into locacao (usuario, exemplar, retirada, entrega) values (53, 18001, '2018-10-20', '2018-10-25');
insert into locacao (usuario, exemplar, retirada, entrega) values (77, 18001, '2018-10-30', '2018-11-11');
insert into locacao (usuario, exemplar, retirada, entrega) values (69, 18001, '2019-02-01', '2019-02-03');
insert into locacao (usuario, exemplar, retirada, entrega) values (65, 18001, '2019-04-06', '2019-04-08');
insert into locacao (usuario, exemplar, retirada, entrega) values (37, 18002, '2018-03-07', '2018-03-30');
insert into locacao (usuario, exemplar, retirada, entrega) values (13, 18002, '2018-04-16', '2018-04-30');
insert into locacao (usuario, exemplar, retirada, entrega) values (11, 18002, '2018-06-06', '2018-06-17');
insert into locacao (usuario, exemplar, retirada, entrega) values (12, 18002, '2018-07-22', '2018-08-07');
insert into locacao (usuario, exemplar, retirada, entrega) values (55, 18002, '2018-09-01', '2018-09-06');
insert into locacao (usuario, exemplar, retirada, entrega) values (99, 18002, '2018-11-06', '2018-11-13');
insert into locacao (usuario, exemplar, retirada, entrega) values (9, 18002, '2018-11-26', '2018-12-09');
insert into locacao (usuario, exemplar, retirada, entrega) values (69, 18002, '2018-12-16', '2019-01-02');
insert into locacao (usuario, exemplar, retirada, entrega) values (41, 18002, '2019-02-06', '2019-02-12');
insert into locacao (usuario, exemplar, retirada, entrega) values (21, 18002, '2019-02-22', '2019-03-01');
insert into locacao (usuario, exemplar, retirada, entrega) values (6, 18003, '2018-01-29', '2018-02-04');
insert into locacao (usuario, exemplar, retirada, entrega) values (87, 18003, '2018-01-31', '2018-02-09');
insert into locacao (usuario, exemplar, retirada, entrega) values (43, 18003, '2018-03-24', '2018-04-12');
insert into locacao (usuario, exemplar, retirada, entrega) values (25, 18003, '2018-04-07', '2018-04-11');
insert into locacao (usuario, exemplar, retirada, entrega) values (22, 18003, '2018-06-25', '2018-07-23');
insert into locacao (usuario, exemplar, retirada, entrega) values (32, 18003, '2018-07-02', '2018-07-13');
insert into locacao (usuario, exemplar, retirada, entrega) values (8, 18003, '2018-09-14', '2018-09-17');
insert into locacao (usuario, exemplar, retirada, entrega) values (64, 18003, '2018-09-22', '2018-10-09');
insert into locacao (usuario, exemplar, retirada, entrega) values (42, 18003, '2018-10-21', '2018-10-23');
insert into locacao (usuario, exemplar, retirada, entrega) values (12, 18003, '2019-01-28', '2019-02-04');
insert into locacao (usuario, exemplar, retirada, entrega) values (78, 18003, '2019-01-31', '2019-02-12');
insert into locacao (usuario, exemplar, retirada, entrega) values (93, 18004, '2018-02-04', '2018-02-25');
insert into locacao (usuario, exemplar, retirada, entrega) values (84, 18004, '2018-04-15', '2018-04-19');
insert into locacao (usuario, exemplar, retirada, entrega) values (34, 18004, '2018-04-25', '2018-05-01');
insert into locacao (usuario, exemplar, retirada, entrega) values (35, 18004, '2018-07-20', '2018-08-03');
insert into locacao (usuario, exemplar, retirada, entrega) values (78, 18004, '2018-08-07', '2018-08-11');
insert into locacao (usuario, exemplar, retirada, entrega) values (63, 18004, '2018-08-20', '2018-09-07');
insert into locacao (usuario, exemplar, retirada, entrega) values (5, 18004, '2018-10-03', '2018-10-23');
insert into locacao (usuario, exemplar, retirada, entrega) values (98, 18004, '2018-11-05', '2018-11-16');
insert into locacao (usuario, exemplar, retirada, entrega) values (34, 18004, '2019-02-03', '2019-02-17');
insert into locacao (usuario, exemplar, retirada, entrega) values (10, 18004, '2019-03-26', '2019-04-06');
insert into locacao (usuario, exemplar, retirada, entrega) values (14, 18005, '2018-01-28', '2018-02-10');
insert into locacao (usuario, exemplar, retirada, entrega) values (71, 18005, '2018-02-19', '2018-02-24');
insert into locacao (usuario, exemplar, retirada, entrega) values (66, 18005, '2018-05-16', '2018-05-19');
insert into locacao (usuario, exemplar, retirada, entrega) values (41, 18005, '2018-06-21', '2018-06-28');
insert into locacao (usuario, exemplar, retirada, entrega) values (28, 18005, '2018-08-04', '2018-08-24');
insert into locacao (usuario, exemplar, retirada, entrega) values (96, 18005, '2018-09-16', '2018-10-04');
insert into locacao (usuario, exemplar, retirada, entrega) values (59, 18005, '2018-12-22', '2019-01-10');
insert into locacao (usuario, exemplar, retirada, entrega) values (24, 18005, '2019-03-01', '2019-03-04');
insert into locacao (usuario, exemplar, retirada, entrega) values (60, 19001, '2018-03-30', '2018-04-27');
insert into locacao (usuario, exemplar, retirada, entrega) values (63, 19001, '2018-05-24', '2018-05-29');
insert into locacao (usuario, exemplar, retirada, entrega) values (73, 19001, '2018-07-07', '2018-07-30');
insert into locacao (usuario, exemplar, retirada, entrega) values (75, 19001, '2018-08-22', '2018-09-12');
insert into locacao (usuario, exemplar, retirada, entrega) values (49, 19001, '2018-09-19', '2018-09-24');
insert into locacao (usuario, exemplar, retirada, entrega) values (72, 19001, '2018-09-25', '2018-10-14');
insert into locacao (usuario, exemplar, retirada, entrega) values (82, 19001, '2018-10-27', '2018-11-09');
insert into locacao (usuario, exemplar, retirada, entrega) values (79, 19001, '2019-01-04', '2019-01-07');
insert into locacao (usuario, exemplar, retirada, entrega) values (60, 19001, '2019-02-07', '2019-02-19');
insert into locacao (usuario, exemplar, retirada, entrega) values (68, 19001, '2019-04-15', '2019-04-17');
insert into locacao (usuario, exemplar, retirada, entrega) values (50, 19002, '2018-02-10', '2018-02-13');
insert into locacao (usuario, exemplar, retirada, entrega) values (70, 19002, '2018-05-03', '2018-05-10');
insert into locacao (usuario, exemplar, retirada, entrega) values (63, 19002, '2018-07-25', '2018-07-27');
insert into locacao (usuario, exemplar, retirada, entrega) values (16, 19002, '2018-11-01', '2018-11-07');
insert into locacao (usuario, exemplar, retirada, entrega) values (46, 19002, '2018-11-18', '2018-12-05');
insert into locacao (usuario, exemplar, retirada, entrega) values (75, 19002, '2019-02-06', '2019-02-10');
insert into locacao (usuario, exemplar, retirada, entrega) values (40, 19002, '2019-04-08', '2019-04-14');
insert into locacao (usuario, exemplar, retirada, entrega) values (6, 19003, '2018-03-15', '2018-03-27');
insert into locacao (usuario, exemplar, retirada, entrega) values (86, 19003, '2018-04-27', '2018-05-09');
insert into locacao (usuario, exemplar, retirada, entrega) values (28, 19003, '2018-07-24', '2018-07-27');
insert into locacao (usuario, exemplar, retirada, entrega) values (1, 19003, '2018-09-20', '2018-09-29');
insert into locacao (usuario, exemplar, retirada, entrega) values (27, 19003, '2018-10-30', '2018-11-12');
insert into locacao (usuario, exemplar, retirada, entrega) values (11, 19003, '2018-12-25', '2019-01-05');
insert into locacao (usuario, exemplar, retirada, entrega) values (49, 19003, '2019-01-30', '2019-02-08');
insert into locacao (usuario, exemplar, retirada, entrega) values (67, 19003, '2019-02-20', '2019-02-26');
insert into locacao (usuario, exemplar, retirada, entrega) values (95, 19003, '2019-03-19', '2019-03-29');
insert into locacao (usuario, exemplar, retirada, entrega) values (42, 20001, '2018-03-15', '2018-03-26');
insert into locacao (usuario, exemplar, retirada, entrega) values (69, 20001, '2018-04-01', '2018-04-04');
insert into locacao (usuario, exemplar, retirada, entrega) values (79, 20001, '2018-04-20', '2018-04-25');
insert into locacao (usuario, exemplar, retirada, entrega) values (29, 20001, '2018-06-21', '2018-06-28');
insert into locacao (usuario, exemplar, retirada, entrega) values (59, 20001, '2018-09-27', '2018-09-29');
insert into locacao (usuario, exemplar, retirada, entrega) values (20, 20001, '2018-11-14', '2018-11-21');
insert into locacao (usuario, exemplar, retirada, entrega) values (16, 20001, '2018-12-06', '2018-12-17');
insert into locacao (usuario, exemplar, retirada, entrega) values (59, 20001, '2019-01-07', '2019-01-13');
insert into locacao (usuario, exemplar, retirada, entrega) values (89, 20001, '2019-03-14', '2019-04-04');
insert into locacao (usuario, exemplar, retirada, entrega) values (47, 20002, '2018-01-05', '2018-01-10');
insert into locacao (usuario, exemplar, retirada, entrega) values (93, 20002, '2018-03-17', '2018-04-02');
insert into locacao (usuario, exemplar, retirada, entrega) values (47, 20002, '2018-04-16', '2018-04-18');
insert into locacao (usuario, exemplar, retirada, entrega) values (42, 20002, '2018-05-24', '2018-05-27');
insert into locacao (usuario, exemplar, retirada, entrega) values (84, 20002, '2018-08-21', '2018-08-25');
insert into locacao (usuario, exemplar, retirada, entrega) values (95, 20002, '2018-09-06', '2018-09-16');
insert into locacao (usuario, exemplar, retirada, entrega) values (60, 20002, '2018-11-04', '2018-11-21');
insert into locacao (usuario, exemplar, retirada, entrega) values (6, 20002, '2019-01-20', '2019-02-12');
insert into locacao (usuario, exemplar, retirada, entrega) values (90, 20002, '2019-01-26', '2019-02-01');
insert into locacao (usuario, exemplar, retirada, entrega) values (43, 20002, '2019-02-18', '2019-03-16');
insert into locacao (usuario, exemplar, retirada, entrega) values (58, 20002, '2019-03-10', '2019-03-14');
insert into locacao (usuario, exemplar, retirada, entrega) values (45, 20002, '2019-03-25', '2019-04-05');
insert into locacao (usuario, exemplar, retirada, entrega) values (21, 20003, '2018-02-16', '2018-02-25');
insert into locacao (usuario, exemplar, retirada, entrega) values (86, 20003, '2018-03-30', '2018-04-02');
insert into locacao (usuario, exemplar, retirada, entrega) values (49, 20003, '2018-06-28', '2018-07-15');
insert into locacao (usuario, exemplar, retirada, entrega) values (39, 20003, '2018-08-17', '2018-08-23');
insert into locacao (usuario, exemplar, retirada, entrega) values (29, 20003, '2018-11-22', '2018-12-17');
insert into locacao (usuario, exemplar, retirada, entrega) values (8, 20003, '2019-02-03', '2019-02-07');
insert into locacao (usuario, exemplar, retirada, entrega) values (22, 20003, '2019-04-13', '2019-05-08');
insert into locacao (usuario, exemplar, retirada, entrega) values (88, 20004, '2018-01-05', '2018-01-12');
insert into locacao (usuario, exemplar, retirada, entrega) values (4, 20004, '2018-04-07', '2018-04-09');
insert into locacao (usuario, exemplar, retirada, entrega) values (18, 20004, '2018-04-20', '2018-04-24');
insert into locacao (usuario, exemplar, retirada, entrega) values (73, 20004, '2018-07-20', '2018-07-31');
insert into locacao (usuario, exemplar, retirada, entrega) values (89, 20004, '2018-08-20', '2018-08-23');
insert into locacao (usuario, exemplar, retirada, entrega) values (84, 20004, '2018-08-28', '2018-08-31');
insert into locacao (usuario, exemplar, retirada, entrega) values (49, 20004, '2018-09-09', '2018-09-12');
insert into locacao (usuario, exemplar, retirada, entrega) values (43, 20004, '2018-11-01', '2018-11-06');
insert into locacao (usuario, exemplar, retirada, entrega) values (42, 20004, '2019-01-06', '2019-02-03');
insert into locacao (usuario, exemplar, retirada, entrega) values (3, 20004, '2019-02-11', '2019-02-25');
insert into locacao (usuario, exemplar, retirada, entrega) values (64, 20004, '2019-04-04', '2019-04-06');
insert into locacao (usuario, exemplar, retirada, entrega) values (88, 20004, '2019-04-26', '2019-04-30');
insert into locacao (usuario, exemplar, retirada, entrega) values (58, 21001, '2018-02-20', '2018-03-12');
insert into locacao (usuario, exemplar, retirada, entrega) values (38, 21001, '2018-03-09', '2018-03-11');
insert into locacao (usuario, exemplar, retirada, entrega) values (44, 21001, '2018-05-08', '2018-05-12');
insert into locacao (usuario, exemplar, retirada, entrega) values (54, 21001, '2018-07-30', '2018-08-15');
insert into locacao (usuario, exemplar, retirada, entrega) values (30, 21001, '2018-10-30', '2018-11-01');
insert into locacao (usuario, exemplar, retirada, entrega) values (3, 21001, '2019-02-02', '2019-02-23');
insert into locacao (usuario, exemplar, retirada, entrega) values (91, 21001, '2019-03-31', '2019-04-03');
insert into locacao (usuario, exemplar, retirada, entrega) values (38, 21002, '2018-03-27', '2018-04-05');
insert into locacao (usuario, exemplar, retirada, entrega) values (48, 21002, '2018-05-08', '2018-05-11');
insert into locacao (usuario, exemplar, retirada, entrega) values (71, 21002, '2018-08-07', '2018-08-10');
insert into locacao (usuario, exemplar, retirada, entrega) values (5, 21002, '2018-09-05', '2018-09-11');
insert into locacao (usuario, exemplar, retirada, entrega) values (65, 21002, '2018-10-23', '2018-10-26');
insert into locacao (usuario, exemplar, retirada, entrega) values (62, 21002, '2019-01-18', '2019-01-20');
insert into locacao (usuario, exemplar, retirada, entrega) values (20, 21002, '2019-03-23', '2019-03-25');
insert into locacao (usuario, exemplar, retirada, entrega) values (79, 21002, '2019-04-03', '2019-04-20');
insert into locacao (usuario, exemplar, retirada, entrega) values (1, 21002, '2019-04-20', '2019-04-23');
insert into locacao (usuario, exemplar, retirada, entrega) values (64, 21003, '2018-03-12', '2018-03-31');
insert into locacao (usuario, exemplar, retirada, entrega) values (59, 21003, '2018-04-11', '2018-04-18');
insert into locacao (usuario, exemplar, retirada, entrega) values (86, 21003, '2018-04-23', '2018-04-25');
insert into locacao (usuario, exemplar, retirada, entrega) values (72, 21003, '2018-07-05', '2018-07-25');
insert into locacao (usuario, exemplar, retirada, entrega) values (88, 21003, '2018-10-03', '2018-10-19');
insert into locacao (usuario, exemplar, retirada, entrega) values (58, 21003, '2018-12-09', '2018-12-12');
insert into locacao (usuario, exemplar, retirada, entrega) values (84, 21003, '2019-01-29', '2019-02-16');
insert into locacao (usuario, exemplar, retirada, entrega) values (50, 21003, '2019-02-02', '2019-02-04');
insert into locacao (usuario, exemplar, retirada, entrega) values (97, 21003, '2019-02-09', '2019-02-13');
insert into locacao (usuario, exemplar, retirada, entrega) values (56, 21003, '2019-04-01', '2019-04-06');
insert into locacao (usuario, exemplar, retirada, entrega) values (66, 21004, '2018-01-06', '2018-01-12');
insert into locacao (usuario, exemplar, retirada, entrega) values (10, 21004, '2018-04-07', '2018-04-13');
insert into locacao (usuario, exemplar, retirada, entrega) values (41, 21004, '2018-04-16', '2018-05-04');
insert into locacao (usuario, exemplar, retirada, entrega) values (20, 21004, '2018-06-10', '2018-06-15');
insert into locacao (usuario, exemplar, retirada, entrega) values (79, 21004, '2018-09-10', '2018-09-16');
insert into locacao (usuario, exemplar, retirada, entrega) values (79, 21004, '2018-10-15', '2018-10-17');
insert into locacao (usuario, exemplar, retirada, entrega) values (43, 21004, '2018-11-27', '2018-12-09');
insert into locacao (usuario, exemplar, retirada, entrega) values (5, 21004, '2019-02-23', '2019-03-16');
insert into locacao (usuario, exemplar, retirada, entrega) values (29, 21004, '2019-03-02', '2019-03-21');
insert into locacao (usuario, exemplar, retirada, entrega) values (37, 21005, '2018-03-28', '2018-04-16');
insert into locacao (usuario, exemplar, retirada, entrega) values (65, 21005, '2018-04-07', '2018-04-18');
insert into locacao (usuario, exemplar, retirada, entrega) values (79, 21005, '2018-06-25', '2018-07-04');
insert into locacao (usuario, exemplar, retirada, entrega) values (75, 21005, '2018-07-20', '2018-07-25');
insert into locacao (usuario, exemplar, retirada, entrega) values (58, 21005, '2018-08-31', '2018-09-04');
insert into locacao (usuario, exemplar, retirada, entrega) values (83, 21005, '2018-10-21', '2018-10-31');
insert into locacao (usuario, exemplar, retirada, entrega) values (84, 21005, '2018-11-04', '2018-11-20');
insert into locacao (usuario, exemplar, retirada, entrega) values (14, 21005, '2019-01-11', '2019-01-14');
insert into locacao (usuario, exemplar, retirada, entrega) values (48, 21005, '2019-02-20', '2019-02-25');
insert into locacao (usuario, exemplar, retirada, entrega) values (3, 21005, '2019-04-13', '2019-04-20');
insert into locacao (usuario, exemplar, retirada, entrega) values (53, 22001, '2018-02-15', '2018-02-19');
insert into locacao (usuario, exemplar, retirada, entrega) values (38, 22001, '2018-05-21', '2018-05-23');
insert into locacao (usuario, exemplar, retirada, entrega) values (40, 22001, '2018-06-11', '2018-06-17');
insert into locacao (usuario, exemplar, retirada, entrega) values (94, 22001, '2018-08-22', '2018-08-25');
insert into locacao (usuario, exemplar, retirada, entrega) values (36, 22001, '2018-11-04', '2018-11-20');
insert into locacao (usuario, exemplar, retirada, entrega) values (78, 22001, '2018-11-21', '2018-11-24');
insert into locacao (usuario, exemplar, retirada, entrega) values (65, 22001, '2018-12-27', '2018-12-31');
insert into locacao (usuario, exemplar, retirada, entrega) values (52, 22001, '2019-03-16', '2019-03-19');
insert into locacao (usuario, exemplar, retirada, entrega) values (55, 22001, '2019-03-23', '2019-04-08');
insert into locacao (usuario, exemplar, retirada, entrega) values (64, 22002, '2018-03-30', '2018-04-11');
insert into locacao (usuario, exemplar, retirada, entrega) values (33, 22002, '2018-06-24', '2018-07-06');
insert into locacao (usuario, exemplar, retirada, entrega) values (68, 22002, '2018-08-08', '2018-08-29');
insert into locacao (usuario, exemplar, retirada, entrega) values (17, 22002, '2018-11-09', '2018-11-21');
insert into locacao (usuario, exemplar, retirada, entrega) values (14, 22002, '2018-11-23', '2018-12-18');
insert into locacao (usuario, exemplar, retirada, entrega) values (85, 22002, '2019-02-17', '2019-03-03');
insert into locacao (usuario, exemplar, retirada, entrega) values (38, 22002, '2019-02-23', '2019-02-28');
insert into locacao (usuario, exemplar, retirada, entrega) values (79, 22002, '2019-04-13', '2019-04-29');
insert into locacao (usuario, exemplar, retirada, entrega) values (35, 22003, '2018-01-15', '2018-02-04');
insert into locacao (usuario, exemplar, retirada, entrega) values (78, 22003, '2018-02-19', '2018-03-08');
insert into locacao (usuario, exemplar, retirada, entrega) values (4, 22003, '2018-03-20', '2018-03-30');
insert into locacao (usuario, exemplar, retirada, entrega) values (19, 22003, '2018-04-17', '2018-05-07');
insert into locacao (usuario, exemplar, retirada, entrega) values (55, 22003, '2018-05-21', '2018-05-28');
insert into locacao (usuario, exemplar, retirada, entrega) values (67, 22003, '2018-07-08', '2018-07-10');
insert into locacao (usuario, exemplar, retirada, entrega) values (34, 22003, '2018-08-16', '2018-08-20');
insert into locacao (usuario, exemplar, retirada, entrega) values (95, 22003, '2018-10-26', '2018-11-01');
insert into locacao (usuario, exemplar, retirada, entrega) values (56, 22003, '2018-12-10', '2018-12-13');
insert into locacao (usuario, exemplar, retirada, entrega) values (36, 22003, '2018-12-12', '2018-12-21');
insert into locacao (usuario, exemplar, retirada, entrega) values (43, 22003, '2019-01-21', '2019-02-07');
insert into locacao (usuario, exemplar, retirada, entrega) values (37, 22003, '2019-04-28', '2019-05-12');
insert into locacao (usuario, exemplar, retirada, entrega) values (22, 22004, '2018-04-01', '2018-04-11');
insert into locacao (usuario, exemplar, retirada, entrega) values (57, 22004, '2018-04-24', '2018-04-26');
insert into locacao (usuario, exemplar, retirada, entrega) values (25, 22004, '2018-06-05', '2018-06-09');
insert into locacao (usuario, exemplar, retirada, entrega) values (49, 22004, '2018-07-18', '2018-07-23');
insert into locacao (usuario, exemplar, retirada, entrega) values (17, 22004, '2018-10-11', '2018-10-15');
insert into locacao (usuario, exemplar, retirada, entrega) values (39, 22004, '2018-12-11', '2018-12-15');
insert into locacao (usuario, exemplar, retirada, entrega) values (5, 22004, '2019-02-19', '2019-03-04');
insert into locacao (usuario, exemplar, retirada, entrega) values (76, 22004, '2019-03-21', '2019-03-27');
insert into locacao (usuario, exemplar, retirada, entrega) values (37, 22004, '2019-04-04', '2019-04-07');
insert into locacao (usuario, exemplar, retirada, entrega) values (34, 23001, '2018-02-12', '2018-02-23');
insert into locacao (usuario, exemplar, retirada, entrega) values (96, 23001, '2018-02-25', '2018-03-04');
insert into locacao (usuario, exemplar, retirada, entrega) values (89, 23001, '2018-04-23', '2018-04-29');
insert into locacao (usuario, exemplar, retirada, entrega) values (94, 23001, '2018-05-05', '2018-05-08');
insert into locacao (usuario, exemplar, retirada, entrega) values (33, 23001, '2018-08-11', '2018-08-14');
insert into locacao (usuario, exemplar, retirada, entrega) values (91, 23001, '2018-09-21', '2018-10-04');
insert into locacao (usuario, exemplar, retirada, entrega) values (32, 23001, '2018-11-20', '2018-11-26');
insert into locacao (usuario, exemplar, retirada, entrega) values (1, 23001, '2018-12-03', '2018-12-06');
insert into locacao (usuario, exemplar, retirada, entrega) values (46, 23001, '2018-12-16', '2018-12-19');
insert into locacao (usuario, exemplar, retirada, entrega) values (62, 23001, '2019-02-01', '2019-02-07');
insert into locacao (usuario, exemplar, retirada, entrega) values (4, 23001, '2019-02-19', '2019-02-23');
insert into locacao (usuario, exemplar, retirada, entrega) values (17, 23001, '2019-03-29', '2019-03-31');
insert into locacao (usuario, exemplar, retirada, entrega) values (31, 23001, '2019-04-18', '2019-04-22');
insert into locacao (usuario, exemplar, retirada, entrega) values (82, 23001, '2019-04-26', '2019-05-07');
insert into locacao (usuario, exemplar, retirada, entrega) values (41, 23002, '2018-01-17', '2018-01-24');
insert into locacao (usuario, exemplar, retirada, entrega) values (31, 23002, '2018-03-15', '2018-03-21');
insert into locacao (usuario, exemplar, retirada, entrega) values (47, 23002, '2018-03-15', '2018-03-17');
insert into locacao (usuario, exemplar, retirada, entrega) values (46, 23002, '2018-04-17', '2018-04-30');
insert into locacao (usuario, exemplar, retirada, entrega) values (1, 23002, '2018-05-27', '2018-05-31');
insert into locacao (usuario, exemplar, retirada, entrega) values (34, 23002, '2018-07-16', '2018-07-21');
insert into locacao (usuario, exemplar, retirada, entrega) values (3, 23002, '2018-10-22', '2018-11-11');
insert into locacao (usuario, exemplar, retirada, entrega) values (42, 23002, '2019-01-17', '2019-02-10');
insert into locacao (usuario, exemplar, retirada, entrega) values (41, 23002, '2019-03-29', '2019-04-15');
insert into locacao (usuario, exemplar, retirada, entrega) values (82, 24001, '2018-01-10', '2018-01-17');
insert into locacao (usuario, exemplar, retirada, entrega) values (98, 24001, '2018-03-27', '2018-04-02');
insert into locacao (usuario, exemplar, retirada, entrega) values (94, 24001, '2018-06-13', '2018-06-17');
insert into locacao (usuario, exemplar, retirada, entrega) values (1, 24001, '2018-07-30', '2018-08-04');
insert into locacao (usuario, exemplar, retirada, entrega) values (56, 24001, '2018-08-16', '2018-08-25');
insert into locacao (usuario, exemplar, retirada, entrega) values (66, 24001, '2018-10-29', '2018-11-03');
insert into locacao (usuario, exemplar, retirada, entrega) values (100, 24001, '2019-01-23', '2019-02-05');
insert into locacao (usuario, exemplar, retirada, entrega) values (69, 24001, '2019-02-17', '2019-02-20');
insert into locacao (usuario, exemplar, retirada, entrega) values (17, 24001, '2019-03-30', '2019-04-04');
insert into locacao (usuario, exemplar, retirada, entrega) values (70, 24002, '2018-03-25', '2018-03-30');
insert into locacao (usuario, exemplar, retirada, entrega) values (41, 24002, '2018-04-21', '2018-05-08');
insert into locacao (usuario, exemplar, retirada, entrega) values (17, 24002, '2018-06-22', '2018-07-10');
insert into locacao (usuario, exemplar, retirada, entrega) values (78, 24002, '2018-08-27', '2018-08-29');
insert into locacao (usuario, exemplar, retirada, entrega) values (36, 24002, '2018-08-27', '2018-09-03');
insert into locacao (usuario, exemplar, retirada, entrega) values (5, 24002, '2018-11-27', '2018-11-29');
insert into locacao (usuario, exemplar, retirada, entrega) values (87, 24002, '2018-12-01', '2018-12-18');
insert into locacao (usuario, exemplar, retirada, entrega) values (44, 24002, '2018-12-07', '2018-12-10');
insert into locacao (usuario, exemplar, retirada, entrega) values (29, 24002, '2019-03-16', '2019-04-03');
insert into locacao (usuario, exemplar, retirada, entrega) values (19, 24002, '2019-03-21', '2019-03-28');
insert into locacao (usuario, exemplar, retirada, entrega) values (17, 24003, '2018-02-26', '2018-03-04');
insert into locacao (usuario, exemplar, retirada, entrega) values (86, 24003, '2018-05-12', '2018-06-02');
insert into locacao (usuario, exemplar, retirada, entrega) values (20, 24003, '2018-05-30', '2018-06-10');
insert into locacao (usuario, exemplar, retirada, entrega) values (74, 24003, '2018-06-01', '2018-06-05');
insert into locacao (usuario, exemplar, retirada, entrega) values (46, 24003, '2018-06-30', '2018-07-16');
insert into locacao (usuario, exemplar, retirada, entrega) values (80, 24003, '2018-09-04', '2018-09-29');
insert into locacao (usuario, exemplar, retirada, entrega) values (69, 24003, '2018-10-08', '2018-10-11');
insert into locacao (usuario, exemplar, retirada, entrega) values (68, 24003, '2019-01-11', '2019-01-14');
insert into locacao (usuario, exemplar, retirada, entrega) values (44, 24003, '2019-01-17', '2019-01-22');
insert into locacao (usuario, exemplar, retirada, entrega) values (22, 24003, '2019-03-09', '2019-03-13');
insert into locacao (usuario, exemplar, retirada, entrega) values (19, 24004, '2018-02-05', '2018-02-23');
insert into locacao (usuario, exemplar, retirada, entrega) values (89, 24004, '2018-04-14', '2018-04-27');
insert into locacao (usuario, exemplar, retirada, entrega) values (57, 24004, '2018-04-15', '2018-04-20');
insert into locacao (usuario, exemplar, retirada, entrega) values (69, 24004, '2018-06-24', '2018-07-01');
insert into locacao (usuario, exemplar, retirada, entrega) values (92, 24004, '2018-07-21', '2018-08-04');
insert into locacao (usuario, exemplar, retirada, entrega) values (60, 24004, '2018-08-22', '2018-08-28');
insert into locacao (usuario, exemplar, retirada, entrega) values (47, 24004, '2018-11-16', '2018-11-23');
insert into locacao (usuario, exemplar, retirada, entrega) values (74, 24004, '2019-02-03', '2019-02-05');
insert into locacao (usuario, exemplar, retirada, entrega) values (80, 24004, '2019-02-12', '2019-02-16');
insert into locacao (usuario, exemplar, retirada, entrega) values (66, 25001, '2018-04-05', '2018-04-11');
insert into locacao (usuario, exemplar, retirada, entrega) values (12, 25001, '2018-06-14', '2018-06-16');
insert into locacao (usuario, exemplar, retirada, entrega) values (83, 25001, '2018-08-08', '2018-08-12');
insert into locacao (usuario, exemplar, retirada, entrega) values (77, 25001, '2018-10-08', '2018-10-21');
insert into locacao (usuario, exemplar, retirada, entrega) values (34, 25001, '2018-11-21', '2018-12-07');
insert into locacao (usuario, exemplar, retirada, entrega) values (66, 25001, '2018-12-30', '2019-01-27');
insert into locacao (usuario, exemplar, retirada, entrega) values (99, 25001, '2019-01-15', '2019-02-11');
insert into locacao (usuario, exemplar, retirada, entrega) values (12, 25001, '2019-02-27', '2019-03-12');
insert into locacao (usuario, exemplar, retirada, entrega) values (36, 25001, '2019-04-21', '2019-04-28');
insert into locacao (usuario, exemplar, retirada, entrega) values (6, 25002, '2018-01-14', '2018-01-21');
insert into locacao (usuario, exemplar, retirada, entrega) values (42, 25002, '2018-02-12', '2018-02-24');
insert into locacao (usuario, exemplar, retirada, entrega) values (78, 25002, '2018-05-10', '2018-05-23');
insert into locacao (usuario, exemplar, retirada, entrega) values (32, 25002, '2018-08-07', '2018-08-10');
insert into locacao (usuario, exemplar, retirada, entrega) values (67, 25002, '2018-08-16', '2018-08-19');
insert into locacao (usuario, exemplar, retirada, entrega) values (10, 25002, '2018-10-06', '2018-10-11');
insert into locacao (usuario, exemplar, retirada, entrega) values (26, 25002, '2018-11-12', '2018-11-15');
insert into locacao (usuario, exemplar, retirada, entrega) values (47, 25002, '2018-11-24', '2018-11-30');
insert into locacao (usuario, exemplar, retirada, entrega) values (2, 25002, '2019-02-01', '2019-02-22');
insert into locacao (usuario, exemplar, retirada, entrega) values (18, 25002, '2019-04-04', '2019-04-06');
insert into locacao (usuario, exemplar, retirada, entrega) values (84, 26001, '2018-02-24', '2018-03-02');
insert into locacao (usuario, exemplar, retirada, entrega) values (99, 26001, '2018-05-27', '2018-06-20');
insert into locacao (usuario, exemplar, retirada, entrega) values (23, 26001, '2018-07-29', '2018-08-02');
insert into locacao (usuario, exemplar, retirada, entrega) values (82, 26001, '2018-10-05', '2018-10-07');
insert into locacao (usuario, exemplar, retirada, entrega) values (32, 26001, '2018-10-12', '2018-10-17');
insert into locacao (usuario, exemplar, retirada, entrega) values (30, 26001, '2018-10-15', '2018-11-05');
insert into locacao (usuario, exemplar, retirada, entrega) values (20, 26001, '2018-11-20', '2018-11-26');
insert into locacao (usuario, exemplar, retirada, entrega) values (21, 26001, '2019-02-18', '2019-02-24');
insert into locacao (usuario, exemplar, retirada, entrega) values (42, 26001, '2019-04-29', '2019-05-03');
insert into locacao (usuario, exemplar, retirada, entrega) values (39, 26002, '2018-01-15', '2018-01-20');
insert into locacao (usuario, exemplar, retirada, entrega) values (37, 26002, '2018-02-07', '2018-02-14');
insert into locacao (usuario, exemplar, retirada, entrega) values (17, 26002, '2018-04-04', '2018-04-20');
insert into locacao (usuario, exemplar, retirada, entrega) values (74, 26002, '2018-04-07', '2018-04-24');
insert into locacao (usuario, exemplar, retirada, entrega) values (18, 26002, '2018-06-22', '2018-07-12');
insert into locacao (usuario, exemplar, retirada, entrega) values (58, 26002, '2018-07-15', '2018-07-17');
insert into locacao (usuario, exemplar, retirada, entrega) values (87, 26002, '2018-08-12', '2018-08-17');
insert into locacao (usuario, exemplar, retirada, entrega) values (78, 26002, '2018-10-22', '2018-10-24');
insert into locacao (usuario, exemplar, retirada, entrega) values (44, 26002, '2019-01-10', '2019-01-14');
insert into locacao (usuario, exemplar, retirada, entrega) values (12, 26002, '2019-02-22', '2019-03-11');
insert into locacao (usuario, exemplar, retirada, entrega) values (50, 26002, '2019-04-14', '2019-04-19');
insert into locacao (usuario, exemplar, retirada, entrega) values (36, 27001, '2018-01-02', '2018-01-13');
insert into locacao (usuario, exemplar, retirada, entrega) values (73, 27001, '2018-03-22', '2018-03-29');
insert into locacao (usuario, exemplar, retirada, entrega) values (37, 27001, '2018-05-24', '2018-06-13');
insert into locacao (usuario, exemplar, retirada, entrega) values (34, 27001, '2018-07-11', '2018-07-21');
insert into locacao (usuario, exemplar, retirada, entrega) values (66, 27001, '2018-09-28', '2018-10-03');
insert into locacao (usuario, exemplar, retirada, entrega) values (43, 27001, '2018-12-30', '2019-01-16');
insert into locacao (usuario, exemplar, retirada, entrega) values (21, 27001, '2019-01-30', '2019-02-06');
insert into locacao (usuario, exemplar, retirada, entrega) values (98, 27002, '2018-03-21', '2018-04-07');
insert into locacao (usuario, exemplar, retirada, entrega) values (34, 27002, '2018-04-30', '2018-05-03');
insert into locacao (usuario, exemplar, retirada, entrega) values (55, 27002, '2018-07-26', '2018-08-11');
insert into locacao (usuario, exemplar, retirada, entrega) values (81, 27002, '2018-09-28', '2018-10-01');
insert into locacao (usuario, exemplar, retirada, entrega) values (61, 27002, '2018-11-03', '2018-11-21');
insert into locacao (usuario, exemplar, retirada, entrega) values (65, 27002, '2018-11-23', '2018-11-29');
insert into locacao (usuario, exemplar, retirada, entrega) values (90, 27002, '2019-02-28', '2019-03-05');
insert into locacao (usuario, exemplar, retirada, entrega) values (8, 27002, '2019-03-18', '2019-04-12');
insert into locacao (usuario, exemplar, retirada, entrega) values (48, 27003, '2018-02-09', '2018-02-16');
insert into locacao (usuario, exemplar, retirada, entrega) values (71, 27003, '2018-02-09', '2018-02-15');
insert into locacao (usuario, exemplar, retirada, entrega) values (80, 27003, '2018-02-18', '2018-02-28');
insert into locacao (usuario, exemplar, retirada, entrega) values (78, 27003, '2018-05-02', '2018-05-11');
insert into locacao (usuario, exemplar, retirada, entrega) values (69, 27003, '2018-05-10', '2018-05-13');
insert into locacao (usuario, exemplar, retirada, entrega) values (33, 27003, '2018-08-11', '2018-08-13');
insert into locacao (usuario, exemplar, retirada, entrega) values (79, 27003, '2018-08-23', '2018-09-12');
insert into locacao (usuario, exemplar, retirada, entrega) values (95, 27003, '2018-09-06', '2018-09-08');
insert into locacao (usuario, exemplar, retirada, entrega) values (76, 27003, '2018-10-12', '2018-10-25');
insert into locacao (usuario, exemplar, retirada, entrega) values (85, 27003, '2018-11-03', '2018-11-23');
insert into locacao (usuario, exemplar, retirada, entrega) values (83, 27003, '2019-01-26', '2019-02-02');
insert into locacao (usuario, exemplar, retirada, entrega) values (30, 28001, '2018-01-21', '2018-01-31');
insert into locacao (usuario, exemplar, retirada, entrega) values (21, 28001, '2018-02-07', '2018-02-10');
insert into locacao (usuario, exemplar, retirada, entrega) values (70, 28001, '2018-04-19', '2018-04-23');
insert into locacao (usuario, exemplar, retirada, entrega) values (11, 28001, '2018-06-06', '2018-06-11');
insert into locacao (usuario, exemplar, retirada, entrega) values (70, 28001, '2018-06-10', '2018-06-28');
insert into locacao (usuario, exemplar, retirada, entrega) values (47, 28001, '2018-06-30', '2018-07-11');
insert into locacao (usuario, exemplar, retirada, entrega) values (67, 28001, '2018-07-04', '2018-07-09');
insert into locacao (usuario, exemplar, retirada, entrega) values (9, 28001, '2018-07-27', '2018-07-29');
insert into locacao (usuario, exemplar, retirada, entrega) values (90, 28001, '2018-08-10', '2018-08-28');
insert into locacao (usuario, exemplar, retirada, entrega) values (59, 28001, '2018-08-12', '2018-08-19');
insert into locacao (usuario, exemplar, retirada, entrega) values (5, 28001, '2018-10-08', '2018-10-25');
insert into locacao (usuario, exemplar, retirada, entrega) values (77, 28001, '2018-11-27', '2018-12-09');
insert into locacao (usuario, exemplar, retirada, entrega) values (4, 28001, '2019-01-19', '2019-01-24');
insert into locacao (usuario, exemplar, retirada, entrega) values (86, 28001, '2019-04-07', '2019-04-14');
insert into locacao (usuario, exemplar, retirada, entrega) values (23, 28001, '2019-04-15', '2019-04-17');
insert into locacao (usuario, exemplar, retirada, entrega) values (96, 28002, '2018-01-13', '2018-01-17');
insert into locacao (usuario, exemplar, retirada, entrega) values (91, 28002, '2018-02-27', '2018-03-13');
insert into locacao (usuario, exemplar, retirada, entrega) values (1, 28002, '2018-04-15', '2018-04-20');
insert into locacao (usuario, exemplar, retirada, entrega) values (86, 28002, '2018-05-09', '2018-05-12');
insert into locacao (usuario, exemplar, retirada, entrega) values (6, 28002, '2018-05-16', '2018-05-18');
insert into locacao (usuario, exemplar, retirada, entrega) values (75, 28002, '2018-07-08', '2018-07-11');
insert into locacao (usuario, exemplar, retirada, entrega) values (91, 28002, '2018-10-01', '2018-10-18');
insert into locacao (usuario, exemplar, retirada, entrega) values (24, 28002, '2018-10-23', '2018-11-01');
insert into locacao (usuario, exemplar, retirada, entrega) values (18, 28002, '2019-01-30', '2019-02-13');
insert into locacao (usuario, exemplar, retirada, entrega) values (4, 28002, '2019-04-24', '2019-04-26');
insert into locacao (usuario, exemplar, retirada, entrega) values (80, 28003, '2018-03-02', '2018-03-11');
insert into locacao (usuario, exemplar, retirada, entrega) values (95, 28003, '2018-05-12', '2018-05-22');
insert into locacao (usuario, exemplar, retirada, entrega) values (12, 28003, '2018-08-04', '2018-08-09');
insert into locacao (usuario, exemplar, retirada, entrega) values (90, 28003, '2018-08-04', '2018-08-09');
insert into locacao (usuario, exemplar, retirada, entrega) values (97, 28003, '2018-10-28', '2018-11-07');
insert into locacao (usuario, exemplar, retirada, entrega) values (1, 28003, '2018-12-22', '2019-01-04');
insert into locacao (usuario, exemplar, retirada, entrega) values (74, 28003, '2019-03-06', '2019-03-13');
insert into locacao (usuario, exemplar, retirada, entrega) values (81, 29001, '2018-02-26', '2018-03-07');
insert into locacao (usuario, exemplar, retirada, entrega) values (57, 29001, '2018-04-09', '2018-04-15');
insert into locacao (usuario, exemplar, retirada, entrega) values (67, 29001, '2018-05-11', '2018-05-15');
insert into locacao (usuario, exemplar, retirada, entrega) values (18, 29001, '2018-06-11', '2018-06-14');
insert into locacao (usuario, exemplar, retirada, entrega) values (64, 29001, '2018-08-15', '2018-08-20');
insert into locacao (usuario, exemplar, retirada, entrega) values (28, 29001, '2018-09-08', '2018-09-14');
insert into locacao (usuario, exemplar, retirada, entrega) values (97, 29001, '2018-11-29', '2018-12-02');
insert into locacao (usuario, exemplar, retirada, entrega) values (41, 29001, '2019-03-06', '2019-03-13');
insert into locacao (usuario, exemplar, retirada, entrega) values (51, 29002, '2018-03-20', '2018-03-27');
insert into locacao (usuario, exemplar, retirada, entrega) values (34, 29002, '2018-04-10', '2018-04-13');
insert into locacao (usuario, exemplar, retirada, entrega) values (8, 29002, '2018-06-18', '2018-06-20');
insert into locacao (usuario, exemplar, retirada, entrega) values (75, 29002, '2018-09-13', '2018-09-19');
insert into locacao (usuario, exemplar, retirada, entrega) values (76, 29002, '2018-10-17', '2018-10-20');
insert into locacao (usuario, exemplar, retirada, entrega) values (100, 29002, '2018-12-04', '2018-12-09');
insert into locacao (usuario, exemplar, retirada, entrega) values (94, 29002, '2019-01-29', '2019-02-09');
insert into locacao (usuario, exemplar, retirada, entrega) values (90, 29002, '2019-04-09', '2019-04-14');
insert into locacao (usuario, exemplar, retirada, entrega) values (75, 29003, '2018-03-09', '2018-03-27');
insert into locacao (usuario, exemplar, retirada, entrega) values (14, 29003, '2018-05-15', '2018-05-25');
insert into locacao (usuario, exemplar, retirada, entrega) values (100, 29003, '2018-07-21', '2018-07-27');
insert into locacao (usuario, exemplar, retirada, entrega) values (91, 29003, '2018-08-07', '2018-08-11');
insert into locacao (usuario, exemplar, retirada, entrega) values (16, 29003, '2018-09-15', '2018-09-17');
insert into locacao (usuario, exemplar, retirada, entrega) values (1, 29003, '2018-12-18', '2018-12-31');
insert into locacao (usuario, exemplar, retirada, entrega) values (52, 29003, '2019-02-05', '2019-02-07');
insert into locacao (usuario, exemplar, retirada, entrega) values (80, 29003, '2019-02-11', '2019-02-21');
insert into locacao (usuario, exemplar, retirada, entrega) values (34, 29003, '2019-03-28', '2019-03-31');
insert into locacao (usuario, exemplar, retirada, entrega) values (12, 29004, '2018-01-08', '2018-02-02');
insert into locacao (usuario, exemplar, retirada, entrega) values (75, 29004, '2018-03-17', '2018-03-23');
insert into locacao (usuario, exemplar, retirada, entrega) values (78, 29004, '2018-03-19', '2018-03-31');
insert into locacao (usuario, exemplar, retirada, entrega) values (33, 29004, '2018-03-21', '2018-04-04');
insert into locacao (usuario, exemplar, retirada, entrega) values (63, 29004, '2018-04-10', '2018-04-14');
insert into locacao (usuario, exemplar, retirada, entrega) values (81, 29004, '2018-05-24', '2018-06-12');
insert into locacao (usuario, exemplar, retirada, entrega) values (45, 29004, '2018-08-06', '2018-08-27');
insert into locacao (usuario, exemplar, retirada, entrega) values (95, 29004, '2018-08-13', '2018-08-19');
insert into locacao (usuario, exemplar, retirada, entrega) values (39, 29004, '2018-10-27', '2018-10-31');
insert into locacao (usuario, exemplar, retirada, entrega) values (83, 29004, '2019-02-01', '2019-02-06');
insert into locacao (usuario, exemplar, retirada, entrega) values (56, 30001, '2018-02-18', '2018-03-09');
insert into locacao (usuario, exemplar, retirada, entrega) values (2, 30001, '2018-04-06', '2018-04-08');
insert into locacao (usuario, exemplar, retirada, entrega) values (70, 30001, '2018-04-15', '2018-04-20');
insert into locacao (usuario, exemplar, retirada, entrega) values (95, 30001, '2018-05-14', '2018-05-30');
insert into locacao (usuario, exemplar, retirada, entrega) values (34, 30001, '2018-06-27', '2018-07-20');
insert into locacao (usuario, exemplar, retirada, entrega) values (45, 30001, '2018-07-22', '2018-08-07');
insert into locacao (usuario, exemplar, retirada, entrega) values (30, 30001, '2018-10-20', '2018-10-25');
insert into locacao (usuario, exemplar, retirada, entrega) values (54, 30001, '2018-12-16', '2018-12-18');
insert into locacao (usuario, exemplar, retirada, entrega) values (19, 30001, '2018-12-22', '2018-12-26');
insert into locacao (usuario, exemplar, retirada, entrega) values (49, 30001, '2019-02-21', '2019-02-24');
insert into locacao (usuario, exemplar, retirada, entrega) values (82, 30001, '2019-03-30', '2019-04-04');
insert into locacao (usuario, exemplar, retirada) values (64, 3001, '2019-05-05');
insert into locacao (usuario, exemplar, retirada) values (38, 3004, '2019-05-01');
insert into locacao (usuario, exemplar, retirada) values (68, 4001, '2019-05-16');
insert into locacao (usuario, exemplar, retirada) values (30, 4004, '2019-05-19');
insert into locacao (usuario, exemplar, retirada) values (56, 4005, '2019-05-02');
insert into locacao (usuario, exemplar, retirada) values (72, 5004, '2019-05-13');
insert into locacao (usuario, exemplar, retirada) values (33, 8001, '2019-05-14');
insert into locacao (usuario, exemplar, retirada) values (46, 8002, '2019-05-04');
insert into locacao (usuario, exemplar, retirada) values (77, 9001, '2019-05-11');
insert into locacao (usuario, exemplar, retirada) values (79, 10002, '2019-05-15');
insert into locacao (usuario, exemplar, retirada) values (30, 12004, '2019-05-12');
insert into locacao (usuario, exemplar, retirada) values (66, 13003, '2019-05-01');
insert into locacao (usuario, exemplar, retirada) values (82, 16001, '2019-05-06');
insert into locacao (usuario, exemplar, retirada) values (17, 18004, '2019-05-12');
insert into locacao (usuario, exemplar, retirada) values (9, 19002, '2019-05-06');
insert into locacao (usuario, exemplar, retirada) values (16, 19003, '2019-05-12');
insert into locacao (usuario, exemplar, retirada) values (14, 22002, '2019-05-06');
insert into locacao (usuario, exemplar, retirada) values (46, 22003, '2019-05-03');
insert into locacao (usuario, exemplar, retirada) values (34, 24003, '2019-05-07');
insert into locacao (usuario, exemplar, retirada) values (31, 25002, '2019-05-01');
insert into locacao (usuario, exemplar, retirada) values (49, 27001, '2019-05-08');
insert into locacao (usuario, exemplar, retirada) values (6, 27002, '2019-05-04');
insert into locacao (usuario, exemplar, retirada) values (71, 28001, '2019-05-05');
insert into locacao (usuario, exemplar, retirada) values (76, 29001, '2019-05-06');
insert into locacao (usuario, exemplar, retirada) values (58, 29003, '2019-05-16');
insert into locacao (usuario, exemplar, retirada) values (91, 29004, '2019-05-10');
----------------------------------------------------------------------------------------------------


