-- Com base no exemplo de contracheque abaixo, gerar, de duas formas diferentes, o contracheque dos vendedores para fevereiro de 2000. Explique detalhadamente o funcionamento de cada solução.

--         cpf | dependentes | salario | comissao |   bruto |   inss |  irrf | liquido
-- 12345678901 |           2 | 2500.00 |   500.00 | 3000.00 | 330.00 | 29.01 | 2640.99

-- 1) Cálculo do valor da contribuição para o INSS:
-- Salário bruto (R$)		Contribuição para o INSS (%)
-- Até 1.693,72				8
-- De 1.693,73 até 2.822,90	9
-- De 2.822,91 até 5.645,80	11
-- Acima de 5.645,80		11 (sobre R$5.645,80)

-- 2) Cálculo da valor da base de cálculo:
-- Salário bruto subtraído do valor da contribuição para o INSS e da dedução de R$189,59 por dependente.

-- 3) Cálculo do valor do imposto de renda retido na fonte:
-- Base de cálculo (R$)		Alíquota (%)		Parcela a deduzir (R$)
-- Até 1.903,98				-					-
-- De 1.903,99 até 2.826,65	7,5					142,80
-- De 2.826,66 até 3.751,05	15					354,80
-- De 3.751,06 até 4.664,68	22,5				636,13
-- Acima de 4.664,68		27,5				869,36

drop table item;
drop table venda;
drop table produto;
drop table cliente;
drop table vendedor;

create table vendedor (
	cpf char(11) not null,
	nome varchar(100) not null,
	salario real not null check (salario > 0),
	dependentes int not null check (dependentes >= 0),
	primary key (cpf)
);

create table cliente (
	cpf char(11) not null,
	nome varchar(100) not null,
	nascimento date not null,
	primary key (cpf)
);

create table produto (
	codigo integer not null,
	descricao varchar(100) not null,
	preco real not null check (preco > 0),
	comissao real not null check ((comissao >= 0) and (comissao <= 50)),
	primary key (codigo)
);

create table venda (
	codigo integer not null,
	vendedor char(11) not null references vendedor(cpf),
	cliente char(11) not null references cliente(cpf),
	dia date not null check (dia <= now()) default now(),
	desconto real not null check ((desconto >= 0) and (desconto <= 20)),
	primary key (codigo)
);

create table item (
	venda integer not null references venda(codigo),
	produto integer not null references produto(codigo),
	quantidade integer not null check (quantidade > 0) default 1,
	primary key (venda, produto)
);

insert into vendedor (cpf, nome, salario, dependentes) values ('21161879864', 'Ana Loureiro Martins', 1500, 2);
insert into vendedor (cpf, nome, salario, dependentes) values ('98045757757', 'Bianca Lopes Nunes', 1350, 0);
insert into vendedor (cpf, nome, salario, dependentes) values ('96511875920', 'Cristiane Pinto Fonseca', 1350, 1);
insert into vendedor (cpf, nome, salario, dependentes) values ('02166705218', 'Gabriele Mendes Jardim', 1750, 1);
insert into vendedor (cpf, nome, salario, dependentes) values ('23179779186', 'Marcela Costa Terra', 1350, 2);
insert into vendedor (cpf, nome, salario, dependentes) values ('86635044872', 'Maria Nunes Martins', 1100, 1);
insert into vendedor (cpf, nome, salario, dependentes) values ('13891193669', 'Michele Lopes Santos', 1500, 1);
insert into vendedor (cpf, nome, salario, dependentes) values ('69257931372', 'Patricia Lemos Loureiro', 1350, 0);

insert into cliente (cpf, nome, nascimento) values ('97287407170', 'Ana Albuquerque Loureiro', '1968-03-09');
insert into cliente (cpf, nome, nascimento) values ('85184357363', 'Ana Bueno Pereira', '1953-06-17');
insert into cliente (cpf, nome, nascimento) values ('30305426924', 'Ana Gouvea Machado', '1983-11-27');
insert into cliente (cpf, nome, nascimento) values ('04830677907', 'Ana Mendes Lopes', '1972-01-09');
insert into cliente (cpf, nome, nascimento) values ('30383976397', 'Ana Menezes Albuquerque', '1972-10-09');
insert into cliente (cpf, nome, nascimento) values ('56933829234', 'Ana Monteiro Correia', '1981-11-18');
insert into cliente (cpf, nome, nascimento) values ('17574374115', 'Ana Monteiro Machado', '1957-12-04');
insert into cliente (cpf, nome, nascimento) values ('49847586233', 'Ana Monteiro Terra', '1962-10-19');
insert into cliente (cpf, nome, nascimento) values ('17609623140', 'Ana Pinto Albuquerque', '1968-04-05');
insert into cliente (cpf, nome, nascimento) values ('71409910550', 'Ana Pinto Menezes', '1961-09-07');
insert into cliente (cpf, nome, nascimento) values ('40798421738', 'Ana Prado Quaresma', '1978-02-14');
insert into cliente (cpf, nome, nascimento) values ('33806120192', 'Ana Silva Loureiro', '1991-03-28');
insert into cliente (cpf, nome, nascimento) values ('69261317357', 'Ana Terra Costa', '1970-12-24');
insert into cliente (cpf, nome, nascimento) values ('05547710554', 'Ana Terra Rosa', '1965-06-25');
insert into cliente (cpf, nome, nascimento) values ('36148267527', 'Andreia Albuquerque Pinto', '1978-12-20');
insert into cliente (cpf, nome, nascimento) values ('78900645340', 'Andreia Bueno Menezes', '1991-08-18');
insert into cliente (cpf, nome, nascimento) values ('99761827253', 'Andreia Correia Bueno', '1972-10-16');
insert into cliente (cpf, nome, nascimento) values ('40266018897', 'Andreia Fonseca Bezerra', '1976-01-11');
insert into cliente (cpf, nome, nascimento) values ('70734379379', 'Andreia Lemos Bueno', '1959-06-19');
insert into cliente (cpf, nome, nascimento) values ('13105821271', 'Andreia Loureiro Gomes', '1966-09-11');
insert into cliente (cpf, nome, nascimento) values ('43845725495', 'Andreia Loureiro Pereira', '1976-05-15');
insert into cliente (cpf, nome, nascimento) values ('23051998902', 'Andreia Mendes Terra', '1951-04-21');
insert into cliente (cpf, nome, nascimento) values ('00893911155', 'Andreia Oliveira Lopes', '1993-09-19');
insert into cliente (cpf, nome, nascimento) values ('90063513136', 'Andreia Rosa Pereira', '1983-02-02');
insert into cliente (cpf, nome, nascimento) values ('19718609810', 'Andreia Santos Martins', '1975-09-30');
insert into cliente (cpf, nome, nascimento) values ('70471587087', 'Andreia Santos Sobral', '1959-08-18');
insert into cliente (cpf, nome, nascimento) values ('15176480009', 'Andreia Silva Costa', '1985-02-12');
insert into cliente (cpf, nome, nascimento) values ('81852743814', 'Andreia Sobral Bueno', '1964-09-14');
insert into cliente (cpf, nome, nascimento) values ('38697305111', 'Andreia Sobral Lemos', '1979-12-29');
insert into cliente (cpf, nome, nascimento) values ('29767877869', 'Andreia Souza Oliveira', '1962-04-21');
insert into cliente (cpf, nome, nascimento) values ('62146527056', 'Andreia Vaz Santos', '1978-11-03');
insert into cliente (cpf, nome, nascimento) values ('64495016145', 'Bianca Albuquerque Oliveira', '1954-12-11');
insert into cliente (cpf, nome, nascimento) values ('91378155027', 'Bianca Albuquerque Terra', '1984-11-04');
insert into cliente (cpf, nome, nascimento) values ('26479275840', 'Bianca Almeida Menezes', '1967-08-06');
insert into cliente (cpf, nome, nascimento) values ('24525149730', 'Bianca Bezerra Almeida', '1969-03-28');
insert into cliente (cpf, nome, nascimento) values ('11926539255', 'Bianca Bezerra Quaresma', '1968-06-17');
insert into cliente (cpf, nome, nascimento) values ('67308023236', 'Bianca Bezerra Sobral', '1950-03-22');
insert into cliente (cpf, nome, nascimento) values ('38442487577', 'Bianca Bueno Lopes', '1970-05-17');
insert into cliente (cpf, nome, nascimento) values ('43171330867', 'Bianca Correia Correia', '1968-11-07');
insert into cliente (cpf, nome, nascimento) values ('95541998957', 'Bianca Jardim Monteiro', '1982-10-15');
insert into cliente (cpf, nome, nascimento) values ('16996562320', 'Bianca Lopes Martins', '1977-06-04');
insert into cliente (cpf, nome, nascimento) values ('75291327291', 'Bianca Lopes Terra', '1974-07-07');
insert into cliente (cpf, nome, nascimento) values ('51613279448', 'Bianca Machado Costa', '1970-12-30');
insert into cliente (cpf, nome, nascimento) values ('08999150749', 'Bianca Machado Silva', '1954-01-11');
insert into cliente (cpf, nome, nascimento) values ('05296619016', 'Bianca Mendes Jardim', '1964-03-25');
insert into cliente (cpf, nome, nascimento) values ('94469534794', 'Bianca Monteiro Bueno', '1985-02-07');
insert into cliente (cpf, nome, nascimento) values ('50322861108', 'Bianca Monteiro Nunes', '1950-09-07');
insert into cliente (cpf, nome, nascimento) values ('32127347231', 'Bianca Oliveira Bezerra', '1975-05-19');
insert into cliente (cpf, nome, nascimento) values ('52497024026', 'Bianca Sa Lemos', '1985-11-14');
insert into cliente (cpf, nome, nascimento) values ('72699107211', 'Bianca Sa Silva', '1962-04-09');
insert into cliente (cpf, nome, nascimento) values ('70723699699', 'Bianca Sobral Rosa', '1967-12-24');
insert into cliente (cpf, nome, nascimento) values ('57796888108', 'Bianca Sobral Vaz', '1977-07-11');
insert into cliente (cpf, nome, nascimento) values ('44525777009', 'Bianca Terra Terra', '1976-02-08');
insert into cliente (cpf, nome, nascimento) values ('16778789702', 'Carolina Albuquerque Mendes', '1992-07-09');
insert into cliente (cpf, nome, nascimento) values ('62751926942', 'Carolina Bezerra Bueno', '1983-09-16');
insert into cliente (cpf, nome, nascimento) values ('62969038444', 'Carolina Brandao Sa', '1993-01-20');
insert into cliente (cpf, nome, nascimento) values ('28835257449', 'Carolina Bueno Terra', '1957-10-10');
insert into cliente (cpf, nome, nascimento) values ('65048848641', 'Carolina Correia Gomes', '1985-10-22');
insert into cliente (cpf, nome, nascimento) values ('85072215487', 'Carolina Costa Bezerra', '1961-05-18');
insert into cliente (cpf, nome, nascimento) values ('92297623046', 'Carolina Costa Machado', '1973-02-25');
insert into cliente (cpf, nome, nascimento) values ('16276733417', 'Carolina Gouvea Santos', '1962-06-24');
insert into cliente (cpf, nome, nascimento) values ('29596867794', 'Carolina Jardim Vaz', '1977-10-12');
insert into cliente (cpf, nome, nascimento) values ('82674803880', 'Carolina Loureiro Terra', '1989-06-15');
insert into cliente (cpf, nome, nascimento) values ('48221870586', 'Carolina Mendes Monteiro', '1957-01-03');
insert into cliente (cpf, nome, nascimento) values ('71515913610', 'Carolina Menezes Silva', '1980-12-23');
insert into cliente (cpf, nome, nascimento) values ('30398122363', 'Carolina Nunes Sa', '1963-09-23');
insert into cliente (cpf, nome, nascimento) values ('15530893713', 'Carolina Pereira Gomes', '1978-08-17');
insert into cliente (cpf, nome, nascimento) values ('10057400288', 'Carolina Pereira Rosa', '1965-10-12');
insert into cliente (cpf, nome, nascimento) values ('83569552230', 'Carolina Prado Sobral', '1991-08-23');
insert into cliente (cpf, nome, nascimento) values ('01171792770', 'Carolina Santos Costa', '1984-11-28');
insert into cliente (cpf, nome, nascimento) values ('26954963508', 'Carolina Santos Pinto', '1974-05-11');
insert into cliente (cpf, nome, nascimento) values ('81515200988', 'Carolina Souza Rosa', '1991-08-06');
insert into cliente (cpf, nome, nascimento) values ('87373119972', 'Cristiane Gomes Fonseca', '1968-04-18');
insert into cliente (cpf, nome, nascimento) values ('88667242957', 'Cristiane Gomes Monteiro', '1971-02-18');
insert into cliente (cpf, nome, nascimento) values ('80514460727', 'Cristiane Lemos Pereira', '1960-04-17');
insert into cliente (cpf, nome, nascimento) values ('82560839989', 'Cristiane Lopes Vaz', '1994-12-08');
insert into cliente (cpf, nome, nascimento) values ('82037877751', 'Cristiane Loureiro Gomes', '1974-04-27');
insert into cliente (cpf, nome, nascimento) values ('30837222935', 'Cristiane Menezes Terra', '1990-12-22');
insert into cliente (cpf, nome, nascimento) values ('25788186220', 'Cristiane Nunes Brandao', '1979-04-11');
insert into cliente (cpf, nome, nascimento) values ('34425891878', 'Cristiane Nunes Quaresma', '1975-03-06');
insert into cliente (cpf, nome, nascimento) values ('03536439247', 'Cristiane Pereira Fonseca', '1991-12-17');
insert into cliente (cpf, nome, nascimento) values ('92212770987', 'Cristiane Quaresma Machado', '1954-07-07');
insert into cliente (cpf, nome, nascimento) values ('57062107257', 'Cristiane Quaresma Santos', '1980-06-15');
insert into cliente (cpf, nome, nascimento) values ('13280565622', 'Denise Almeida Monteiro', '1962-11-20');
insert into cliente (cpf, nome, nascimento) values ('55073607930', 'Denise Gouvea Machado', '1986-04-30');
insert into cliente (cpf, nome, nascimento) values ('10921136692', 'Denise Jardim Santos', '1952-07-29');
insert into cliente (cpf, nome, nascimento) values ('31115712062', 'Denise Loureiro Oliveira', '1993-07-08');
insert into cliente (cpf, nome, nascimento) values ('20112545571', 'Denise Pinto Martins', '1980-02-06');
insert into cliente (cpf, nome, nascimento) values ('05004452189', 'Denise Pinto Menezes', '1950-12-15');
insert into cliente (cpf, nome, nascimento) values ('23403446118', 'Denise Prado Lopes', '1959-08-21');
insert into cliente (cpf, nome, nascimento) values ('37398388988', 'Denise Sa Brandao', '1984-03-20');
insert into cliente (cpf, nome, nascimento) values ('24690219973', 'Denise Santos Oliveira', '1994-02-06');
insert into cliente (cpf, nome, nascimento) values ('05177250908', 'Denise Santos Rosa', '1971-03-19');
insert into cliente (cpf, nome, nascimento) values ('85620159574', 'Denise Sobral Jardim', '1955-12-14');
insert into cliente (cpf, nome, nascimento) values ('06116232694', 'Denise Terra Souza', '1954-03-24');
insert into cliente (cpf, nome, nascimento) values ('46576472261', 'Denise Vaz Bueno', '1952-01-11');
insert into cliente (cpf, nome, nascimento) values ('91250053397', 'Gabriele Almeida Quaresma', '1964-02-27');
insert into cliente (cpf, nome, nascimento) values ('16174633872', 'Gabriele Bezerra Bueno', '1973-01-30');
insert into cliente (cpf, nome, nascimento) values ('30036034592', 'Gabriele Gomes Vaz', '1994-09-30');
insert into cliente (cpf, nome, nascimento) values ('02322855068', 'Gabriele Lemos Gouvea', '1980-09-19');
insert into cliente (cpf, nome, nascimento) values ('33028696481', 'Gabriele Lemos Menezes', '1964-12-26');
insert into cliente (cpf, nome, nascimento) values ('11551245480', 'Gabriele Lopes Fonseca', '1972-09-30');
insert into cliente (cpf, nome, nascimento) values ('89706975941', 'Gabriele Loureiro Prado', '1954-09-08');
insert into cliente (cpf, nome, nascimento) values ('21696839338', 'Gabriele Machado Machado', '1974-03-06');
insert into cliente (cpf, nome, nascimento) values ('72366704920', 'Gabriele Menezes Correia', '1965-04-12');
insert into cliente (cpf, nome, nascimento) values ('03723616180', 'Gabriele Menezes Jardim', '1980-05-13');
insert into cliente (cpf, nome, nascimento) values ('32993038144', 'Gabriele Pinto Correia', '1976-06-16');
insert into cliente (cpf, nome, nascimento) values ('98154981251', 'Gabriele Santos Lopes', '1975-10-18');
insert into cliente (cpf, nome, nascimento) values ('38259408968', 'Gabriele Sobral Costa', '1973-04-10');
insert into cliente (cpf, nome, nascimento) values ('46530468391', 'Gabriele Sobral Mendes', '1956-04-02');
insert into cliente (cpf, nome, nascimento) values ('94665867171', 'Gabriele Sobral Pereira', '1994-12-01');
insert into cliente (cpf, nome, nascimento) values ('31471189855', 'Gabriele Terra Pinto', '1994-04-22');
insert into cliente (cpf, nome, nascimento) values ('04593565548', 'Luisa Bezerra Loureiro', '1960-10-13');
insert into cliente (cpf, nome, nascimento) values ('07955322793', 'Luisa Jardim Albuquerque', '1968-11-18');
insert into cliente (cpf, nome, nascimento) values ('86545896885', 'Luisa Lemos Costa', '1985-05-27');
insert into cliente (cpf, nome, nascimento) values ('14525702240', 'Luisa Lemos Terra', '1960-09-08');
insert into cliente (cpf, nome, nascimento) values ('39161145865', 'Luisa Lopes Loureiro', '1984-06-22');
insert into cliente (cpf, nome, nascimento) values ('17667432366', 'Luisa Lopes Monteiro', '1965-01-15');
insert into cliente (cpf, nome, nascimento) values ('29529154420', 'Luisa Machado Silva', '1979-07-23');
insert into cliente (cpf, nome, nascimento) values ('62674581974', 'Luisa Nunes Rosa', '1982-02-02');
insert into cliente (cpf, nome, nascimento) values ('44966711345', 'Luisa Oliveira Brandao', '1982-03-30');
insert into cliente (cpf, nome, nascimento) values ('44220463304', 'Luisa Oliveira Monteiro', '1970-03-08');
insert into cliente (cpf, nome, nascimento) values ('78752831872', 'Luisa Pinto Gouvea', '1988-03-30');
insert into cliente (cpf, nome, nascimento) values ('20596970829', 'Luisa Sa Albuquerque', '1970-06-26');
insert into cliente (cpf, nome, nascimento) values ('40336696998', 'Luisa Silva Bezerra', '1964-11-08');
insert into cliente (cpf, nome, nascimento) values ('24228314144', 'Luisa Souza Mendes', '1976-08-30');
insert into cliente (cpf, nome, nascimento) values ('21847923117', 'Luisa Vaz Costa', '1963-11-13');
insert into cliente (cpf, nome, nascimento) values ('67500229871', 'Marcela Albuquerque Sobral', '1985-08-13');
insert into cliente (cpf, nome, nascimento) values ('54364349647', 'Marcela Almeida Gomes', '1975-12-30');
insert into cliente (cpf, nome, nascimento) values ('01629826252', 'Marcela Fonseca Fonseca', '1976-08-03');
insert into cliente (cpf, nome, nascimento) values ('76916584128', 'Marcela Jardim Terra', '1975-04-10');
insert into cliente (cpf, nome, nascimento) values ('13975744137', 'Marcela Lemos Oliveira', '1985-01-17');
insert into cliente (cpf, nome, nascimento) values ('22325765690', 'Marcela Menezes Oliveira', '1985-06-23');
insert into cliente (cpf, nome, nascimento) values ('78072390446', 'Marcela Oliveira Mendes', '1977-05-06');
insert into cliente (cpf, nome, nascimento) values ('86241559157', 'Marcela Rosa Rosa', '1988-10-01');
insert into cliente (cpf, nome, nascimento) values ('26049372780', 'Marcela Sa Loureiro', '1987-02-20');
insert into cliente (cpf, nome, nascimento) values ('11076328681', 'Marcela Sobral Fonseca', '1960-09-16');
insert into cliente (cpf, nome, nascimento) values ('84496540408', 'Marcela Sobral Terra', '1978-01-04');
insert into cliente (cpf, nome, nascimento) values ('65308880759', 'Maria Albuquerque Mendes', '1978-10-03');
insert into cliente (cpf, nome, nascimento) values ('57517786082', 'Maria Almeida Pinto', '1981-05-22');
insert into cliente (cpf, nome, nascimento) values ('78161307689', 'Maria Bueno Albuquerque', '1950-12-01');
insert into cliente (cpf, nome, nascimento) values ('96879069504', 'Maria Gouvea Nunes', '1975-07-03');
insert into cliente (cpf, nome, nascimento) values ('62010342531', 'Maria Lemos Costa', '1964-04-17');
insert into cliente (cpf, nome, nascimento) values ('86017620373', 'Maria Lopes Quaresma', '1972-02-28');
insert into cliente (cpf, nome, nascimento) values ('82325956490', 'Maria Menezes Fonseca', '1973-09-22');
insert into cliente (cpf, nome, nascimento) values ('25289765149', 'Maria Pinto Albuquerque', '1957-07-26');
insert into cliente (cpf, nome, nascimento) values ('90992398756', 'Maria Prado Santos', '1980-05-17');
insert into cliente (cpf, nome, nascimento) values ('05165108302', 'Maria Quaresma Albuquerque', '1986-08-18');
insert into cliente (cpf, nome, nascimento) values ('88853357113', 'Maria Quaresma Prado', '1990-04-13');
insert into cliente (cpf, nome, nascimento) values ('44958109101', 'Maria Rosa Sobral', '1977-11-24');
insert into cliente (cpf, nome, nascimento) values ('50485561616', 'Maria Santos Fonseca', '1978-08-23');
insert into cliente (cpf, nome, nascimento) values ('66615198996', 'Maria Sobral Gomes', '1981-08-09');
insert into cliente (cpf, nome, nascimento) values ('74545080921', 'Maria Souza Lemos', '1961-03-19');
insert into cliente (cpf, nome, nascimento) values ('00712257605', 'Maria Terra Sobral', '1957-07-22');
insert into cliente (cpf, nome, nascimento) values ('81934402141', 'Marisa Almeida Gouvea', '1989-01-14');
insert into cliente (cpf, nome, nascimento) values ('06392903149', 'Marisa Almeida Pereira', '1982-07-01');
insert into cliente (cpf, nome, nascimento) values ('68313587476', 'Marisa Bezerra Almeida', '1963-09-13');
insert into cliente (cpf, nome, nascimento) values ('36208851889', 'Marisa Brandao Santos', '1990-05-02');
insert into cliente (cpf, nome, nascimento) values ('30571682335', 'Marisa Bueno Prado', '1963-03-11');
insert into cliente (cpf, nome, nascimento) values ('69942403638', 'Marisa Costa Sa', '1954-02-08');
insert into cliente (cpf, nome, nascimento) values ('03114446917', 'Marisa Gomes Fonseca', '1987-09-26');
insert into cliente (cpf, nome, nascimento) values ('43447436562', 'Marisa Gomes Machado', '1955-05-15');
insert into cliente (cpf, nome, nascimento) values ('81278169229', 'Marisa Machado Quaresma', '1982-01-20');
insert into cliente (cpf, nome, nascimento) values ('81197736454', 'Marisa Monteiro Gouvea', '1970-04-06');
insert into cliente (cpf, nome, nascimento) values ('39789996620', 'Marisa Quaresma Sa', '1990-06-06');
insert into cliente (cpf, nome, nascimento) values ('18227531010', 'Marisa Rosa Santos', '1991-05-22');
insert into cliente (cpf, nome, nascimento) values ('93273054045', 'Marisa Santos Mendes', '1965-02-13');
insert into cliente (cpf, nome, nascimento) values ('14285436139', 'Marisa Silva Albuquerque', '1968-05-24');
insert into cliente (cpf, nome, nascimento) values ('73626312769', 'Marisa Silva Correia', '1983-04-30');
insert into cliente (cpf, nome, nascimento) values ('51781841038', 'Marisa Sobral Albuquerque', '1994-08-04');
insert into cliente (cpf, nome, nascimento) values ('93347734719', 'Michele Almeida Jardim', '1987-09-25');
insert into cliente (cpf, nome, nascimento) values ('79496482364', 'Michele Bueno Nunes', '1964-07-06');
insert into cliente (cpf, nome, nascimento) values ('79455364192', 'Michele Loureiro Vaz', '1994-08-07');
insert into cliente (cpf, nome, nascimento) values ('62711349754', 'Michele Martins Bezerra', '1956-05-16');
insert into cliente (cpf, nome, nascimento) values ('99437147542', 'Michele Martins Gouvea', '1964-10-01');
insert into cliente (cpf, nome, nascimento) values ('05644130332', 'Michele Menezes Santos', '1951-09-12');
insert into cliente (cpf, nome, nascimento) values ('52703637511', 'Michele Sa Machado', '1970-08-15');
insert into cliente (cpf, nome, nascimento) values ('05692345854', 'Michele Sa Souza', '1960-12-26');
insert into cliente (cpf, nome, nascimento) values ('84408487455', 'Michele Santos Martins', '1960-05-05');
insert into cliente (cpf, nome, nascimento) values ('07662747612', 'Michele Silva Fonseca', '1965-02-22');
insert into cliente (cpf, nome, nascimento) values ('55077907461', 'Michele Souza Costa', '1957-02-13');
insert into cliente (cpf, nome, nascimento) values ('41114676442', 'Michele Terra Gouvea', '1965-12-28');
insert into cliente (cpf, nome, nascimento) values ('72117827534', 'Michele Terra Monteiro', '1975-04-17');
insert into cliente (cpf, nome, nascimento) values ('56799165176', 'Michele Vaz Mendes', '1954-04-29');
insert into cliente (cpf, nome, nascimento) values ('22058189583', 'Patricia Fonseca Almeida', '1954-06-23');
insert into cliente (cpf, nome, nascimento) values ('78509731783', 'Patricia Gomes Terra', '1971-09-15');
insert into cliente (cpf, nome, nascimento) values ('14002642553', 'Patricia Jardim Pereira', '1992-10-04');
insert into cliente (cpf, nome, nascimento) values ('08081423019', 'Patricia Menezes Silva', '1986-03-04');
insert into cliente (cpf, nome, nascimento) values ('73055146282', 'Patricia Nunes Albuquerque', '1993-06-15');
insert into cliente (cpf, nome, nascimento) values ('72372487390', 'Patricia Nunes Sobral', '1981-09-20');
insert into cliente (cpf, nome, nascimento) values ('52539860582', 'Patricia Pereira Bezerra', '1954-01-24');
insert into cliente (cpf, nome, nascimento) values ('65223216411', 'Patricia Prado Lopes', '1951-03-23');
insert into cliente (cpf, nome, nascimento) values ('54569113844', 'Patricia Rosa Jardim', '1976-07-02');
insert into cliente (cpf, nome, nascimento) values ('82328756202', 'Patricia Terra Loureiro', '1973-02-10');
insert into cliente (cpf, nome, nascimento) values ('74540757522', 'Paula Almeida Sa', '1963-03-22');
insert into cliente (cpf, nome, nascimento) values ('48743178890', 'Paula Bezerra Bezerra', '1984-04-15');
insert into cliente (cpf, nome, nascimento) values ('06504283432', 'Paula Correia Martins', '1990-10-08');
insert into cliente (cpf, nome, nascimento) values ('57167160281', 'Paula Costa Monteiro', '1950-10-15');
insert into cliente (cpf, nome, nascimento) values ('09434020929', 'Paula Fonseca Terra', '1972-07-29');
insert into cliente (cpf, nome, nascimento) values ('99952927151', 'Paula Lemos Almeida', '1956-07-21');
insert into cliente (cpf, nome, nascimento) values ('27563553556', 'Paula Loureiro Lemos', '1990-03-23');
insert into cliente (cpf, nome, nascimento) values ('23236113589', 'Paula Menezes Pinto', '1979-04-29');
insert into cliente (cpf, nome, nascimento) values ('79317382244', 'Paula Monteiro Correia', '1980-05-16');
insert into cliente (cpf, nome, nascimento) values ('80284992211', 'Paula Monteiro Rosa', '1994-12-20');
insert into cliente (cpf, nome, nascimento) values ('13763351031', 'Paula Prado Martins', '1981-06-27');
insert into cliente (cpf, nome, nascimento) values ('75952413576', 'Paula Santos Gomes', '1957-10-06');
insert into cliente (cpf, nome, nascimento) values ('42988530722', 'Paula Santos Vaz', '1969-07-01');
insert into cliente (cpf, nome, nascimento) values ('28365607986', 'Paula Sobral Monteiro', '1991-06-23');
insert into cliente (cpf, nome, nascimento) values ('69450900021', 'Paula Souza Lopes', '1989-06-10');
insert into cliente (cpf, nome, nascimento) values ('50651388445', 'Paula Terra Rosa', '1975-12-26');
insert into cliente (cpf, nome, nascimento) values ('74333604348', 'Paula Vaz Pereira', '1963-01-03');
insert into cliente (cpf, nome, nascimento) values ('11565677474', 'Tais Costa Gomes', '1961-12-13');
insert into cliente (cpf, nome, nascimento) values ('22868216989', 'Tais Fonseca Machado', '1984-08-23');
insert into cliente (cpf, nome, nascimento) values ('20122770425', 'Tais Gomes Prado', '1969-04-22');
insert into cliente (cpf, nome, nascimento) values ('44514766067', 'Tais Gomes Souza', '1963-04-05');
insert into cliente (cpf, nome, nascimento) values ('01378947663', 'Tais Gouvea Bezerra', '1972-12-28');
insert into cliente (cpf, nome, nascimento) values ('45235412078', 'Tais Lemos Albuquerque', '1972-02-14');
insert into cliente (cpf, nome, nascimento) values ('03871707430', 'Tais Pereira Almeida', '1961-07-27');
insert into cliente (cpf, nome, nascimento) values ('10450371782', 'Tais Pinto Sobral', '1976-06-09');
insert into cliente (cpf, nome, nascimento) values ('29291569260', 'Tais Sobral Loureiro', '1970-05-07');
insert into cliente (cpf, nome, nascimento) values ('76143184830', 'Tais Sobral Quaresma', '1974-12-08');

insert into produto (codigo, descricao, preco, comissao) values (1, 'Batom marrom', 8.90, 0);
insert into produto (codigo, descricao, preco, comissao) values (2, 'Batom rosa', 8.90, 0);
insert into produto (codigo, descricao, preco, comissao) values (3, 'Batom vermelho', 8.90, 0);
insert into produto (codigo, descricao, preco, comissao) values (4, 'Batom vinho', 8.90, 0);
insert into produto (codigo, descricao, preco, comissao) values (5, 'Condicionador infantil', 9.70, 5);
insert into produto (codigo, descricao, preco, comissao) values (6, 'Condicionador para cabelos normais', 6.50, 5);
insert into produto (codigo, descricao, preco, comissao) values (7, 'Condicionador para cabelos oleosos', 7.00, 5);
insert into produto (codigo, descricao, preco, comissao) values (8, 'Condicionador para cabelos quimicamente tratados', 7.50, 5);
insert into produto (codigo, descricao, preco, comissao) values (9, 'Condicionador para cabelos secos', 7.20, 5);
insert into produto (codigo, descricao, preco, comissao) values (10, 'Creme facial diurno 20 a 30 anos', 14.50, 10);
insert into produto (codigo, descricao, preco, comissao) values (11, 'Creme facial diurno 30 a 40 anos', 21.90, 10);
insert into produto (codigo, descricao, preco, comissao) values (12, 'Creme facial diurno 40 a 50 anos', 37.70, 10);
insert into produto (codigo, descricao, preco, comissao) values (13, 'Creme facial diurno 50 a 60 anos', 45.30, 10);
insert into produto (codigo, descricao, preco, comissao) values (14, 'Creme facial diurno mais de 60 anos', 54.80, 10);
insert into produto (codigo, descricao, preco, comissao) values (15, 'Creme facial diurno para pele com acne', 25.60, 10);
insert into produto (codigo, descricao, preco, comissao) values (16, 'Creme facial noturno 20 a 30 anos', 19.80, 15);
insert into produto (codigo, descricao, preco, comissao) values (17, 'Creme facial noturno 30 a 40 anos', 29.60, 15);
insert into produto (codigo, descricao, preco, comissao) values (18, 'Creme facial noturno 40 a 50 anos', 46.10, 15);
insert into produto (codigo, descricao, preco, comissao) values (19, 'Creme facial noturno 50 a 60 anos', 54.50, 15);
insert into produto (codigo, descricao, preco, comissao) values (20, 'Creme facial noturno mais de 60 anos', 63.60, 15);
insert into produto (codigo, descricao, preco, comissao) values (21, 'Creme facial noturno para pele com acne', 37.60, 15);
insert into produto (codigo, descricao, preco, comissao) values (22, 'Creme para as maos', 17.20, 2);
insert into produto (codigo, descricao, preco, comissao) values (23, 'Creme para os pes', 15.40, 2);
insert into produto (codigo, descricao, preco, comissao) values (24, 'Desodorante feminino creme', 5.30, 5);
insert into produto (codigo, descricao, preco, comissao) values (25, 'Desodorante feminino roll-on', 3.90, 5);
insert into produto (codigo, descricao, preco, comissao) values (26, 'Desodorante feminino spray', 4.70, 5);
insert into produto (codigo, descricao, preco, comissao) values (27, 'Desodorante masculino creme', 5.50, 5);
insert into produto (codigo, descricao, preco, comissao) values (28, 'Desodorante masculino roll-on', 4.10, 5);
insert into produto (codigo, descricao, preco, comissao) values (29, 'Desodorante masculino spray', 4.90, 5);
insert into produto (codigo, descricao, preco, comissao) values (30, 'Esmalte para as unhas azul', 2.10, 0);
insert into produto (codigo, descricao, preco, comissao) values (31, 'Esmalte para as unhas incolor', 1.50, 0);
insert into produto (codigo, descricao, preco, comissao) values (32, 'Esmalte para as unhas marrom', 2.10, 0);
insert into produto (codigo, descricao, preco, comissao) values (33, 'Esmalte para as unhas preto', 2.10, 0);
insert into produto (codigo, descricao, preco, comissao) values (34, 'Esmalte para as unhas verde', 2.10, 0);
insert into produto (codigo, descricao, preco, comissao) values (35, 'Esmalte para as unhas vermelho', 2.10, 0);
insert into produto (codigo, descricao, preco, comissao) values (36, 'Gel de limpeza facial', 18.20, 5);
insert into produto (codigo, descricao, preco, comissao) values (37, 'Hidratante corporal pele normal', 9.50, 2);
insert into produto (codigo, descricao, preco, comissao) values (38, 'Hidratante corporal pele oleosa', 10.70, 2);
insert into produto (codigo, descricao, preco, comissao) values (39, 'Hidratante corporal pele seca', 11.90, 2);
insert into produto (codigo, descricao, preco, comissao) values (40, 'Lapis para os olhos', 8.40, 0);
insert into produto (codigo, descricao, preco, comissao) values (41, 'Perfume adolescente', 25.70, 13);
insert into produto (codigo, descricao, preco, comissao) values (42, 'Perfume feminino', 35.80, 13);
insert into produto (codigo, descricao, preco, comissao) values (43, 'Perfume infantil', 15.30, 13);
insert into produto (codigo, descricao, preco, comissao) values (44, 'Perfume masculino', 40.80, 13);
insert into produto (codigo, descricao, preco, comissao) values (45, 'Protetor solar FPS 15', 13.20, 10);
insert into produto (codigo, descricao, preco, comissao) values (46, 'Protetor solar FPS 30', 19.60, 10);
insert into produto (codigo, descricao, preco, comissao) values (47, 'Protetor solar FPS 50', 27.80, 10);
insert into produto (codigo, descricao, preco, comissao) values (48, 'Protetor solar FPS 70', 40.10, 10);
insert into produto (codigo, descricao, preco, comissao) values (49, 'Removedor de esmalte de unhas', 1.70, 0);
insert into produto (codigo, descricao, preco, comissao) values (50, 'Sabonete em barra feminino', 2.80, 2);
insert into produto (codigo, descricao, preco, comissao) values (51, 'Sabonete em barra infantil', 2.30, 2);
insert into produto (codigo, descricao, preco, comissao) values (52, 'Sabonete em barra masculino', 3.30, 2);
insert into produto (codigo, descricao, preco, comissao) values (53, 'Sabonete liquido facial', 18.20, 5);
insert into produto (codigo, descricao, preco, comissao) values (54, 'Sabonete liquido feminino', 9.30, 5);
insert into produto (codigo, descricao, preco, comissao) values (55, 'Sabonete liquido infantil', 12.50, 5);
insert into produto (codigo, descricao, preco, comissao) values (56, 'Sabonete liquido masculino', 11.50, 5);
insert into produto (codigo, descricao, preco, comissao) values (57, 'Shampoo anti-caspa', 7.80, 2);
insert into produto (codigo, descricao, preco, comissao) values (58, 'Shampoo infantil', 6.50, 2);
insert into produto (codigo, descricao, preco, comissao) values (59, 'Shampoo para cabelos normais', 4.50, 2);
insert into produto (codigo, descricao, preco, comissao) values (60, 'Shampoo para cabelos oleosos', 5.00, 2);
insert into produto (codigo, descricao, preco, comissao) values (61, 'Shampoo para cabelos quimicamente tratados', 5.70, 2);
insert into produto (codigo, descricao, preco, comissao) values (62, 'Shampoo para cabelos secos', 5.20, 2);
insert into produto (codigo, descricao, preco, comissao) values (63, 'Sombra para olhos', 12.00, 0);
insert into produto (codigo, descricao, preco, comissao) values (64, 'Talco infantil', 7.10, 0);
insert into produto (codigo, descricao, preco, comissao) values (65, 'Talco para os pes', 9.40, 0);
insert into produto (codigo, descricao, preco, comissao) values (66, 'Tonificante facial para pele normal', 18.20, 10);
insert into produto (codigo, descricao, preco, comissao) values (67, 'Tonificante facial para pele oleosa', 21.50, 10);
insert into produto (codigo, descricao, preco, comissao) values (68, 'Tonificante facial para pele seca', 24.90, 10);

insert into venda (codigo, vendedor, cliente, dia, desconto) values (1, '96511875920', '57796888108', '2000-01-02', 0);
insert into venda (codigo, vendedor, cliente, dia, desconto) values (2, '02166705218', '02322855068', '2000-01-02', 7);
insert into venda (codigo, vendedor, cliente, dia, desconto) values (3, '69257931372', '86241559157', '2000-01-02', 0);
insert into venda (codigo, vendedor, cliente, dia, desconto) values (4, '23179779186', '33806120192', '2000-01-02', 0);
insert into venda (codigo, vendedor, cliente, dia, desconto) values (5, '98045757757', '94469534794', '2000-01-02', 4);
insert into venda (codigo, vendedor, cliente, dia, desconto) values (6, '13891193669', '81278169229', '2000-01-02', 5);
insert into venda (codigo, vendedor, cliente, dia, desconto) values (7, '98045757757', '21696839338', '2000-01-03', 3);
insert into venda (codigo, vendedor, cliente, dia, desconto) values (8, '23179779186', '20122770425', '2000-01-03', 0);
insert into venda (codigo, vendedor, cliente, dia, desconto) values (9, '96511875920', '16778789702', '2000-01-03', 0);
insert into venda (codigo, vendedor, cliente, dia, desconto) values (10, '86635044872', '05177250908', '2000-01-04', 0);
insert into venda (codigo, vendedor, cliente, dia, desconto) values (11, '21161879864', '29767877869', '2000-01-05', 5);
insert into venda (codigo, vendedor, cliente, dia, desconto) values (12, '98045757757', '62751926942', '2000-01-05', 0);
insert into venda (codigo, vendedor, cliente, dia, desconto) values (13, '02166705218', '98154981251', '2000-01-05', 0);
insert into venda (codigo, vendedor, cliente, dia, desconto) values (14, '98045757757', '30571682335', '2000-01-05', 0);
insert into venda (codigo, vendedor, cliente, dia, desconto) values (15, '98045757757', '45235412078', '2000-01-06', 0);
insert into venda (codigo, vendedor, cliente, dia, desconto) values (16, '69257931372', '36208851889', '2000-01-07', 0);
insert into venda (codigo, vendedor, cliente, dia, desconto) values (17, '69257931372', '52539860582', '2000-01-08', 3);
insert into venda (codigo, vendedor, cliente, dia, desconto) values (18, '96511875920', '14002642553', '2000-01-08', 0);
insert into venda (codigo, vendedor, cliente, dia, desconto) values (19, '69257931372', '16996562320', '2000-01-09', 0);
insert into venda (codigo, vendedor, cliente, dia, desconto) values (20, '02166705218', '70723699699', '2000-01-10', 0);
insert into venda (codigo, vendedor, cliente, dia, desconto) values (21, '86635044872', '22868216989', '2000-01-10', 0);
insert into venda (codigo, vendedor, cliente, dia, desconto) values (22, '86635044872', '34425891878', '2000-01-10', 0);
insert into venda (codigo, vendedor, cliente, dia, desconto) values (23, '96511875920', '23051998902', '2000-01-11', 0);
insert into venda (codigo, vendedor, cliente, dia, desconto) values (24, '13891193669', '85620159574', '2000-01-11', 0);
insert into venda (codigo, vendedor, cliente, dia, desconto) values (25, '96511875920', '55073607930', '2000-01-11', 0);
insert into venda (codigo, vendedor, cliente, dia, desconto) values (26, '98045757757', '50485561616', '2000-01-12', 0);
insert into venda (codigo, vendedor, cliente, dia, desconto) values (27, '13891193669', '14285436139', '2000-01-12', 0);
insert into venda (codigo, vendedor, cliente, dia, desconto) values (28, '69257931372', '06504283432', '2000-01-12', 0);
insert into venda (codigo, vendedor, cliente, dia, desconto) values (29, '13891193669', '80514460727', '2000-01-13', 0);
insert into venda (codigo, vendedor, cliente, dia, desconto) values (30, '86635044872', '56933829234', '2000-01-13', 3);
insert into venda (codigo, vendedor, cliente, dia, desconto) values (31, '21161879864', '76143184830', '2000-01-13', 0);
insert into venda (codigo, vendedor, cliente, dia, desconto) values (32, '02166705218', '55077907461', '2000-01-14', 2);
insert into venda (codigo, vendedor, cliente, dia, desconto) values (33, '98045757757', '23051998902', '2000-01-14', 0);
insert into venda (codigo, vendedor, cliente, dia, desconto) values (34, '13891193669', '38697305111', '2000-01-15', 19);
insert into venda (codigo, vendedor, cliente, dia, desconto) values (35, '69257931372', '44514766067', '2000-01-16', 0);
insert into venda (codigo, vendedor, cliente, dia, desconto) values (36, '13891193669', '70471587087', '2000-01-17', 0);
insert into venda (codigo, vendedor, cliente, dia, desconto) values (37, '02166705218', '05296619016', '2000-01-17', 6);
insert into venda (codigo, vendedor, cliente, dia, desconto) values (38, '98045757757', '29767877869', '2000-01-18', 0);
insert into venda (codigo, vendedor, cliente, dia, desconto) values (39, '69257931372', '70723699699', '2000-01-18', 0);
insert into venda (codigo, vendedor, cliente, dia, desconto) values (40, '98045757757', '18227531010', '2000-01-18', 0);
insert into venda (codigo, vendedor, cliente, dia, desconto) values (41, '98045757757', '71409910550', '2000-01-19', 0);
insert into venda (codigo, vendedor, cliente, dia, desconto) values (42, '02166705218', '30837222935', '2000-01-20', 0);
insert into venda (codigo, vendedor, cliente, dia, desconto) values (43, '21161879864', '50322861108', '2000-01-21', 0);
insert into venda (codigo, vendedor, cliente, dia, desconto) values (44, '21161879864', '08999150749', '2000-01-21', 0);
insert into venda (codigo, vendedor, cliente, dia, desconto) values (45, '96511875920', '14002642553', '2000-01-22', 0);
insert into venda (codigo, vendedor, cliente, dia, desconto) values (46, '02166705218', '26049372780', '2000-01-23', 0);
insert into venda (codigo, vendedor, cliente, dia, desconto) values (47, '98045757757', '70723699699', '2000-01-23', 0);
insert into venda (codigo, vendedor, cliente, dia, desconto) values (48, '98045757757', '46576472261', '2000-01-23', 3);
insert into venda (codigo, vendedor, cliente, dia, desconto) values (49, '86635044872', '31115712062', '2000-01-24', 0);
insert into venda (codigo, vendedor, cliente, dia, desconto) values (50, '96511875920', '76916584128', '2000-01-24', 0);
insert into venda (codigo, vendedor, cliente, dia, desconto) values (51, '98045757757', '81197736454', '2000-01-24', 0);
insert into venda (codigo, vendedor, cliente, dia, desconto) values (52, '02166705218', '05296619016', '2000-01-25', 0);
insert into venda (codigo, vendedor, cliente, dia, desconto) values (53, '86635044872', '72699107211', '2000-01-26', 4);
insert into venda (codigo, vendedor, cliente, dia, desconto) values (54, '86635044872', '70723699699', '2000-01-26', 8);
insert into venda (codigo, vendedor, cliente, dia, desconto) values (55, '23179779186', '38259408968', '2000-01-26', 0);
insert into venda (codigo, vendedor, cliente, dia, desconto) values (56, '13891193669', '79317382244', '2000-01-27', 0);
insert into venda (codigo, vendedor, cliente, dia, desconto) values (57, '98045757757', '43845725495', '2000-01-27', 0);
insert into venda (codigo, vendedor, cliente, dia, desconto) values (58, '13891193669', '87373119972', '2000-01-27', 0);
insert into venda (codigo, vendedor, cliente, dia, desconto) values (59, '02166705218', '17609623140', '2000-01-27', 0);
insert into venda (codigo, vendedor, cliente, dia, desconto) values (60, '02166705218', '87373119972', '2000-01-27', 0);
insert into venda (codigo, vendedor, cliente, dia, desconto) values (61, '21161879864', '24228314144', '2000-01-27', 0);
insert into venda (codigo, vendedor, cliente, dia, desconto) values (62, '13891193669', '78900645340', '2000-01-27', 7);
insert into venda (codigo, vendedor, cliente, dia, desconto) values (63, '13891193669', '03114446917', '2000-01-28', 0);
insert into venda (codigo, vendedor, cliente, dia, desconto) values (64, '21161879864', '11551245480', '2000-01-29', 0);
insert into venda (codigo, vendedor, cliente, dia, desconto) values (65, '23179779186', '76143184830', '2000-01-29', 0);
insert into venda (codigo, vendedor, cliente, dia, desconto) values (66, '69257931372', '62711349754', '2000-01-30', 0);
insert into venda (codigo, vendedor, cliente, dia, desconto) values (67, '13891193669', '04830677907', '2000-01-31', 0);
insert into venda (codigo, vendedor, cliente, dia, desconto) values (68, '69257931372', '52703637511', '2000-01-31', 5);
insert into venda (codigo, vendedor, cliente, dia, desconto) values (69, '23179779186', '29596867794', '2000-01-31', 0);
insert into venda (codigo, vendedor, cliente, dia, desconto) values (70, '23179779186', '50485561616', '2000-01-31', 0);
insert into venda (codigo, vendedor, cliente, dia, desconto) values (71, '98045757757', '18227531010', '2000-02-01', 0);
insert into venda (codigo, vendedor, cliente, dia, desconto) values (72, '02166705218', '14525702240', '2000-02-01', 0);
insert into venda (codigo, vendedor, cliente, dia, desconto) values (73, '69257931372', '03536439247', '2000-02-01', 0);
insert into venda (codigo, vendedor, cliente, dia, desconto) values (74, '86635044872', '03723616180', '2000-02-02', 0);
insert into venda (codigo, vendedor, cliente, dia, desconto) values (75, '86635044872', '05547710554', '2000-02-03', 0);
insert into venda (codigo, vendedor, cliente, dia, desconto) values (76, '21161879864', '22868216989', '2000-02-03', 0);
insert into venda (codigo, vendedor, cliente, dia, desconto) values (77, '02166705218', '99437147542', '2000-02-03', 0);
insert into venda (codigo, vendedor, cliente, dia, desconto) values (78, '69257931372', '79455364192', '2000-02-03', 0);
insert into venda (codigo, vendedor, cliente, dia, desconto) values (79, '86635044872', '34425891878', '2000-02-04', 0);
insert into venda (codigo, vendedor, cliente, dia, desconto) values (80, '23179779186', '79317382244', '2000-02-05', 0);
insert into venda (codigo, vendedor, cliente, dia, desconto) values (81, '86635044872', '40798421738', '2000-02-05', 0);
insert into venda (codigo, vendedor, cliente, dia, desconto) values (82, '02166705218', '98154981251', '2000-02-06', 0);
insert into venda (codigo, vendedor, cliente, dia, desconto) values (83, '98045757757', '91250053397', '2000-02-06', 0);
insert into venda (codigo, vendedor, cliente, dia, desconto) values (84, '86635044872', '70471587087', '2000-02-06', 0);
insert into venda (codigo, vendedor, cliente, dia, desconto) values (85, '86635044872', '93273054045', '2000-02-06', 0);
insert into venda (codigo, vendedor, cliente, dia, desconto) values (86, '86635044872', '14002642553', '2000-02-06', 0);
insert into venda (codigo, vendedor, cliente, dia, desconto) values (87, '02166705218', '15530893713', '2000-02-07', 2);
insert into venda (codigo, vendedor, cliente, dia, desconto) values (88, '98045757757', '52497024026', '2000-02-08', 0);
insert into venda (codigo, vendedor, cliente, dia, desconto) values (89, '13891193669', '80284992211', '2000-02-08', 0);
insert into venda (codigo, vendedor, cliente, dia, desconto) values (90, '23179779186', '30036034592', '2000-02-09', 0);
insert into venda (codigo, vendedor, cliente, dia, desconto) values (91, '98045757757', '81852743814', '2000-02-09', 0);
insert into venda (codigo, vendedor, cliente, dia, desconto) values (92, '02166705218', '86545896885', '2000-02-09', 0);
insert into venda (codigo, vendedor, cliente, dia, desconto) values (93, '98045757757', '68313587476', '2000-02-09', 0);
insert into venda (codigo, vendedor, cliente, dia, desconto) values (94, '02166705218', '37398388988', '2000-02-10', 0);
insert into venda (codigo, vendedor, cliente, dia, desconto) values (95, '21161879864', '13105821271', '2000-02-10', 0);
insert into venda (codigo, vendedor, cliente, dia, desconto) values (96, '13891193669', '81197736454', '2000-02-11', 0);
insert into venda (codigo, vendedor, cliente, dia, desconto) values (97, '02166705218', '24525149730', '2000-02-12', 0);
insert into venda (codigo, vendedor, cliente, dia, desconto) values (98, '69257931372', '82037877751', '2000-02-12', 0);
insert into venda (codigo, vendedor, cliente, dia, desconto) values (99, '98045757757', '19718609810', '2000-02-13', 9);
insert into venda (codigo, vendedor, cliente, dia, desconto) values (100, '86635044872', '43447436562', '2000-02-14', 0);
insert into venda (codigo, vendedor, cliente, dia, desconto) values (101, '98045757757', '06504283432', '2000-02-14', 0);
insert into venda (codigo, vendedor, cliente, dia, desconto) values (102, '13891193669', '88667242957', '2000-02-15', 0);
insert into venda (codigo, vendedor, cliente, dia, desconto) values (103, '13891193669', '54364349647', '2000-02-15', 0);
insert into venda (codigo, vendedor, cliente, dia, desconto) values (104, '96511875920', '76143184830', '2000-02-16', 4);
insert into venda (codigo, vendedor, cliente, dia, desconto) values (105, '69257931372', '05547710554', '2000-02-17', 0);
insert into venda (codigo, vendedor, cliente, dia, desconto) values (106, '96511875920', '72117827534', '2000-02-18', 0);
insert into venda (codigo, vendedor, cliente, dia, desconto) values (107, '02166705218', '65048848641', '2000-02-19', 0);
insert into venda (codigo, vendedor, cliente, dia, desconto) values (108, '69257931372', '26479275840', '2000-02-19', 1);
insert into venda (codigo, vendedor, cliente, dia, desconto) values (109, '86635044872', '29596867794', '2000-02-20', 8);
insert into venda (codigo, vendedor, cliente, dia, desconto) values (110, '96511875920', '76143184830', '2000-02-21', 0);
insert into venda (codigo, vendedor, cliente, dia, desconto) values (111, '02166705218', '57796888108', '2000-02-22', 0);
insert into venda (codigo, vendedor, cliente, dia, desconto) values (112, '86635044872', '17574374115', '2000-02-22', 0);
insert into venda (codigo, vendedor, cliente, dia, desconto) values (113, '02166705218', '74540757522', '2000-02-23', 0);
insert into venda (codigo, vendedor, cliente, dia, desconto) values (114, '13891193669', '50322861108', '2000-02-24', 0);
insert into venda (codigo, vendedor, cliente, dia, desconto) values (115, '86635044872', '91378155027', '2000-02-24', 19);
insert into venda (codigo, vendedor, cliente, dia, desconto) values (116, '86635044872', '91250053397', '2000-02-25', 0);
insert into venda (codigo, vendedor, cliente, dia, desconto) values (117, '96511875920', '75952413576', '2000-02-25', 10);
insert into venda (codigo, vendedor, cliente, dia, desconto) values (118, '98045757757', '13763351031', '2000-02-26', 1);
insert into venda (codigo, vendedor, cliente, dia, desconto) values (119, '96511875920', '86017620373', '2000-02-26', 0);
insert into venda (codigo, vendedor, cliente, dia, desconto) values (120, '23179779186', '04830677907', '2000-02-27', 0);
insert into venda (codigo, vendedor, cliente, dia, desconto) values (121, '86635044872', '03723616180', '2000-02-28', 1);
insert into venda (codigo, vendedor, cliente, dia, desconto) values (122, '23179779186', '26479275840', '2000-02-28', 0);
insert into venda (codigo, vendedor, cliente, dia, desconto) values (123, '13891193669', '40336696998', '2000-02-28', 0);
insert into venda (codigo, vendedor, cliente, dia, desconto) values (124, '23179779186', '05177250908', '2000-02-28', 0);
insert into venda (codigo, vendedor, cliente, dia, desconto) values (125, '02166705218', '15176480009', '2000-02-28', 0);
insert into venda (codigo, vendedor, cliente, dia, desconto) values (126, '96511875920', '73626312769', '2000-02-29', 0);
insert into venda (codigo, vendedor, cliente, dia, desconto) values (127, '21161879864', '70734379379', '2000-02-29', 0);
insert into venda (codigo, vendedor, cliente, dia, desconto) values (128, '69257931372', '44525777009', '2000-02-29', 0);
insert into venda (codigo, vendedor, cliente, dia, desconto) values (129, '21161879864', '24228314144', '2000-02-29', 0);
insert into venda (codigo, vendedor, cliente, dia, desconto) values (130, '02166705218', '51613279448', '2000-03-01', 0);
insert into venda (codigo, vendedor, cliente, dia, desconto) values (131, '69257931372', '56799165176', '2000-03-01', 0);
insert into venda (codigo, vendedor, cliente, dia, desconto) values (132, '23179779186', '55073607930', '2000-03-01', 12);
insert into venda (codigo, vendedor, cliente, dia, desconto) values (133, '98045757757', '95541998957', '2000-03-01', 0);
insert into venda (codigo, vendedor, cliente, dia, desconto) values (134, '86635044872', '05644130332', '2000-03-02', 1);
insert into venda (codigo, vendedor, cliente, dia, desconto) values (135, '02166705218', '57796888108', '2000-03-02', 10);
insert into venda (codigo, vendedor, cliente, dia, desconto) values (136, '96511875920', '44220463304', '2000-03-03', 0);
insert into venda (codigo, vendedor, cliente, dia, desconto) values (137, '86635044872', '21847923117', '2000-03-03', 0);
insert into venda (codigo, vendedor, cliente, dia, desconto) values (138, '69257931372', '20596970829', '2000-03-04', 18);
insert into venda (codigo, vendedor, cliente, dia, desconto) values (139, '21161879864', '90992398756', '2000-03-04', 0);
insert into venda (codigo, vendedor, cliente, dia, desconto) values (140, '69257931372', '24525149730', '2000-03-04', 0);
insert into venda (codigo, vendedor, cliente, dia, desconto) values (141, '13891193669', '71409910550', '2000-03-04', 6);
insert into venda (codigo, vendedor, cliente, dia, desconto) values (142, '21161879864', '44220463304', '2000-03-05', 0);
insert into venda (codigo, vendedor, cliente, dia, desconto) values (143, '23179779186', '36208851889', '2000-03-06', 0);
insert into venda (codigo, vendedor, cliente, dia, desconto) values (144, '86635044872', '24690219973', '2000-03-07', 0);
insert into venda (codigo, vendedor, cliente, dia, desconto) values (145, '21161879864', '72372487390', '2000-03-08', 0);
insert into venda (codigo, vendedor, cliente, dia, desconto) values (146, '86635044872', '51613279448', '2000-03-08', 0);
insert into venda (codigo, vendedor, cliente, dia, desconto) values (147, '21161879864', '72372487390', '2000-03-08', 0);
insert into venda (codigo, vendedor, cliente, dia, desconto) values (148, '02166705218', '62711349754', '2000-03-08', 0);
insert into venda (codigo, vendedor, cliente, dia, desconto) values (149, '98045757757', '09434020929', '2000-03-09', 0);
insert into venda (codigo, vendedor, cliente, dia, desconto) values (150, '96511875920', '14002642553', '2000-03-09', 0);
insert into venda (codigo, vendedor, cliente, dia, desconto) values (151, '13891193669', '96879069504', '2000-03-10', 0);
insert into venda (codigo, vendedor, cliente, dia, desconto) values (152, '21161879864', '51781841038', '2000-03-10', 12);
insert into venda (codigo, vendedor, cliente, dia, desconto) values (153, '86635044872', '92212770987', '2000-03-10', 4);
insert into venda (codigo, vendedor, cliente, dia, desconto) values (154, '23179779186', '30383976397', '2000-03-10', 0);
insert into venda (codigo, vendedor, cliente, dia, desconto) values (155, '98045757757', '38697305111', '2000-03-10', 0);
insert into venda (codigo, vendedor, cliente, dia, desconto) values (156, '69257931372', '72117827534', '2000-03-11', 15);
insert into venda (codigo, vendedor, cliente, dia, desconto) values (157, '02166705218', '52539860582', '2000-03-11', 0);
insert into venda (codigo, vendedor, cliente, dia, desconto) values (158, '96511875920', '88667242957', '2000-03-11', 0);
insert into venda (codigo, vendedor, cliente, dia, desconto) values (159, '69257931372', '21696839338', '2000-03-12', 0);
insert into venda (codigo, vendedor, cliente, dia, desconto) values (160, '21161879864', '78509731783', '2000-03-12', 0);
insert into venda (codigo, vendedor, cliente, dia, desconto) values (161, '02166705218', '96879069504', '2000-03-13', 0);
insert into venda (codigo, vendedor, cliente, dia, desconto) values (162, '13891193669', '81934402141', '2000-03-14', 5);
insert into venda (codigo, vendedor, cliente, dia, desconto) values (163, '13891193669', '05004452189', '2000-03-14', 0);
insert into venda (codigo, vendedor, cliente, dia, desconto) values (164, '02166705218', '13763351031', '2000-03-14', 0);
insert into venda (codigo, vendedor, cliente, dia, desconto) values (165, '02166705218', '05547710554', '2000-03-14', 0);
insert into venda (codigo, vendedor, cliente, dia, desconto) values (166, '02166705218', '33806120192', '2000-03-15', 0);
insert into venda (codigo, vendedor, cliente, dia, desconto) values (167, '23179779186', '91250053397', '2000-03-15', 0);
insert into venda (codigo, vendedor, cliente, dia, desconto) values (168, '23179779186', '52703637511', '2000-03-16', 0);
insert into venda (codigo, vendedor, cliente, dia, desconto) values (169, '96511875920', '74545080921', '2000-03-16', 8);
insert into venda (codigo, vendedor, cliente, dia, desconto) values (170, '69257931372', '93347734719', '2000-03-16', 0);
insert into venda (codigo, vendedor, cliente, dia, desconto) values (171, '02166705218', '94469534794', '2000-03-16', 0);
insert into venda (codigo, vendedor, cliente, dia, desconto) values (172, '23179779186', '49847586233', '2000-03-17', 12);
insert into venda (codigo, vendedor, cliente, dia, desconto) values (173, '02166705218', '52703637511', '2000-03-17', 0);
insert into venda (codigo, vendedor, cliente, dia, desconto) values (174, '86635044872', '72699107211', '2000-03-18', 0);
insert into venda (codigo, vendedor, cliente, dia, desconto) values (175, '21161879864', '30571682335', '2000-03-19', 0);
insert into venda (codigo, vendedor, cliente, dia, desconto) values (176, '02166705218', '29767877869', '2000-03-19', 0);
insert into venda (codigo, vendedor, cliente, dia, desconto) values (177, '86635044872', '90992398756', '2000-03-19', 0);
insert into venda (codigo, vendedor, cliente, dia, desconto) values (178, '13891193669', '43171330867', '2000-03-19', 0);
insert into venda (codigo, vendedor, cliente, dia, desconto) values (179, '96511875920', '16174633872', '2000-03-20', 0);
insert into venda (codigo, vendedor, cliente, dia, desconto) values (180, '98045757757', '03536439247', '2000-03-20', 0);
insert into venda (codigo, vendedor, cliente, dia, desconto) values (181, '69257931372', '62711349754', '2000-03-21', 0);
insert into venda (codigo, vendedor, cliente, dia, desconto) values (182, '96511875920', '30837222935', '2000-03-22', 0);
insert into venda (codigo, vendedor, cliente, dia, desconto) values (183, '02166705218', '41114676442', '2000-03-22', 2);
insert into venda (codigo, vendedor, cliente, dia, desconto) values (184, '69257931372', '24228314144', '2000-03-22', 4);
insert into venda (codigo, vendedor, cliente, dia, desconto) values (185, '96511875920', '86241559157', '2000-03-23', 0);
insert into venda (codigo, vendedor, cliente, dia, desconto) values (186, '13891193669', '99761827253', '2000-03-24', 0);
insert into venda (codigo, vendedor, cliente, dia, desconto) values (187, '96511875920', '62711349754', '2000-03-24', 12);
insert into venda (codigo, vendedor, cliente, dia, desconto) values (188, '96511875920', '26049372780', '2000-03-24', 6);
insert into venda (codigo, vendedor, cliente, dia, desconto) values (189, '21161879864', '74540757522', '2000-03-25', 11);
insert into venda (codigo, vendedor, cliente, dia, desconto) values (190, '23179779186', '36148267527', '2000-03-26', 12);
insert into venda (codigo, vendedor, cliente, dia, desconto) values (191, '13891193669', '97287407170', '2000-03-26', 0);
insert into venda (codigo, vendedor, cliente, dia, desconto) values (192, '98045757757', '88667242957', '2000-03-26', 0);
insert into venda (codigo, vendedor, cliente, dia, desconto) values (193, '86635044872', '73626312769', '2000-03-27', 0);
insert into venda (codigo, vendedor, cliente, dia, desconto) values (194, '69257931372', '74545080921', '2000-03-27', 0);
insert into venda (codigo, vendedor, cliente, dia, desconto) values (195, '02166705218', '49847586233', '2000-03-28', 0);
insert into venda (codigo, vendedor, cliente, dia, desconto) values (196, '86635044872', '52539860582', '2000-03-28', 16);
insert into venda (codigo, vendedor, cliente, dia, desconto) values (197, '21161879864', '72699107211', '2000-03-29', 0);
insert into venda (codigo, vendedor, cliente, dia, desconto) values (198, '21161879864', '20596970829', '2000-03-29', 0);
insert into venda (codigo, vendedor, cliente, dia, desconto) values (199, '98045757757', '25289765149', '2000-03-29', 0);
insert into venda (codigo, vendedor, cliente, dia, desconto) values (200, '13891193669', '72699107211', '2000-03-30', 0);
insert into venda (codigo, vendedor, cliente, dia, desconto) values (201, '13891193669', '04830677907', '2000-03-30', 0);
insert into venda (codigo, vendedor, cliente, dia, desconto) values (202, '23179779186', '62969038444', '2000-03-31', 17);
insert into venda (codigo, vendedor, cliente, dia, desconto) values (203, '86635044872', '11565677474', '2000-04-01', 0);
insert into venda (codigo, vendedor, cliente, dia, desconto) values (204, '23179779186', '42988530722', '2000-04-02', 5);
insert into venda (codigo, vendedor, cliente, dia, desconto) values (205, '98045757757', '23403446118', '2000-04-02', 0);
insert into venda (codigo, vendedor, cliente, dia, desconto) values (206, '98045757757', '70734379379', '2000-04-03', 0);
insert into venda (codigo, vendedor, cliente, dia, desconto) values (207, '02166705218', '00893911155', '2000-04-04', 0);
insert into venda (codigo, vendedor, cliente, dia, desconto) values (208, '02166705218', '81852743814', '2000-04-05', 0);
insert into venda (codigo, vendedor, cliente, dia, desconto) values (209, '69257931372', '87373119972', '2000-04-05', 13);
insert into venda (codigo, vendedor, cliente, dia, desconto) values (210, '02166705218', '26479275840', '2000-04-05', 0);
insert into venda (codigo, vendedor, cliente, dia, desconto) values (211, '69257931372', '74333604348', '2000-04-05', 0);
insert into venda (codigo, vendedor, cliente, dia, desconto) values (212, '23179779186', '14525702240', '2000-04-06', 0);
insert into venda (codigo, vendedor, cliente, dia, desconto) values (213, '02166705218', '50322861108', '2000-04-07', 0);
insert into venda (codigo, vendedor, cliente, dia, desconto) values (214, '21161879864', '22058189583', '2000-04-07', 4);
insert into venda (codigo, vendedor, cliente, dia, desconto) values (215, '98045757757', '86241559157', '2000-04-07', 0);
insert into venda (codigo, vendedor, cliente, dia, desconto) values (216, '13891193669', '39161145865', '2000-04-08', 1);
insert into venda (codigo, vendedor, cliente, dia, desconto) values (217, '02166705218', '33806120192', '2000-04-09', 0);
insert into venda (codigo, vendedor, cliente, dia, desconto) values (218, '98045757757', '43447436562', '2000-04-10', 0);
insert into venda (codigo, vendedor, cliente, dia, desconto) values (219, '21161879864', '11926539255', '2000-04-10', 9);
insert into venda (codigo, vendedor, cliente, dia, desconto) values (220, '02166705218', '06116232694', '2000-04-10', 0);
insert into venda (codigo, vendedor, cliente, dia, desconto) values (221, '13891193669', '50651388445', '2000-04-10', 0);
insert into venda (codigo, vendedor, cliente, dia, desconto) values (222, '23179779186', '62969038444', '2000-04-11', 4);
insert into venda (codigo, vendedor, cliente, dia, desconto) values (223, '02166705218', '38697305111', '2000-04-12', 0);
insert into venda (codigo, vendedor, cliente, dia, desconto) values (224, '86635044872', '06392903149', '2000-04-13', 0);
insert into venda (codigo, vendedor, cliente, dia, desconto) values (225, '13891193669', '67500229871', '2000-04-14', 0);
insert into venda (codigo, vendedor, cliente, dia, desconto) values (226, '96511875920', '76916584128', '2000-04-14', 0);
insert into venda (codigo, vendedor, cliente, dia, desconto) values (227, '13891193669', '43845725495', '2000-04-14', 0);
insert into venda (codigo, vendedor, cliente, dia, desconto) values (228, '23179779186', '03536439247', '2000-04-15', 0);
insert into venda (codigo, vendedor, cliente, dia, desconto) values (229, '96511875920', '83569552230', '2000-04-15', 0);
insert into venda (codigo, vendedor, cliente, dia, desconto) values (230, '23179779186', '72372487390', '2000-04-16', 16);
insert into venda (codigo, vendedor, cliente, dia, desconto) values (231, '69257931372', '81278169229', '2000-04-16', 2);
insert into venda (codigo, vendedor, cliente, dia, desconto) values (232, '02166705218', '38442487577', '2000-04-17', 0);
insert into venda (codigo, vendedor, cliente, dia, desconto) values (233, '86635044872', '26049372780', '2000-04-17', 0);

insert into item (venda, produto, quantidade) values (1, 13, 1);
insert into item (venda, produto, quantidade) values (1, 22, 3);
insert into item (venda, produto, quantidade) values (1, 26, 1);
insert into item (venda, produto, quantidade) values (1, 44, 1);
insert into item (venda, produto, quantidade) values (1, 57, 3);
insert into item (venda, produto, quantidade) values (2, 42, 2);
insert into item (venda, produto, quantidade) values (3, 3, 3);
insert into item (venda, produto, quantidade) values (3, 4, 1);
insert into item (venda, produto, quantidade) values (3, 11, 2);
insert into item (venda, produto, quantidade) values (3, 35, 3);
insert into item (venda, produto, quantidade) values (3, 57, 2);
insert into item (venda, produto, quantidade) values (4, 63, 1);
insert into item (venda, produto, quantidade) values (5, 12, 1);
insert into item (venda, produto, quantidade) values (6, 7, 3);
insert into item (venda, produto, quantidade) values (6, 48, 1);
insert into item (venda, produto, quantidade) values (7, 62, 1);
insert into item (venda, produto, quantidade) values (7, 65, 1);
insert into item (venda, produto, quantidade) values (7, 66, 2);
insert into item (venda, produto, quantidade) values (8, 11, 3);
insert into item (venda, produto, quantidade) values (8, 26, 3);
insert into item (venda, produto, quantidade) values (8, 29, 1);
insert into item (venda, produto, quantidade) values (8, 35, 3);
insert into item (venda, produto, quantidade) values (8, 38, 3);
insert into item (venda, produto, quantidade) values (8, 43, 2);
insert into item (venda, produto, quantidade) values (8, 59, 3);
insert into item (venda, produto, quantidade) values (8, 62, 1);
insert into item (venda, produto, quantidade) values (9, 61, 3);
insert into item (venda, produto, quantidade) values (10, 54, 1);
insert into item (venda, produto, quantidade) values (10, 62, 2);
insert into item (venda, produto, quantidade) values (10, 66, 3);
insert into item (venda, produto, quantidade) values (11, 35, 1);
insert into item (venda, produto, quantidade) values (12, 3, 1);
insert into item (venda, produto, quantidade) values (12, 15, 1);
insert into item (venda, produto, quantidade) values (12, 40, 2);
insert into item (venda, produto, quantidade) values (12, 56, 1);
insert into item (venda, produto, quantidade) values (12, 57, 3);
insert into item (venda, produto, quantidade) values (12, 59, 3);
insert into item (venda, produto, quantidade) values (13, 17, 2);
insert into item (venda, produto, quantidade) values (13, 36, 3);
insert into item (venda, produto, quantidade) values (13, 48, 2);
insert into item (venda, produto, quantidade) values (14, 12, 3);
insert into item (venda, produto, quantidade) values (14, 33, 3);
insert into item (venda, produto, quantidade) values (14, 37, 3);
insert into item (venda, produto, quantidade) values (14, 39, 3);
insert into item (venda, produto, quantidade) values (14, 42, 2);
insert into item (venda, produto, quantidade) values (14, 43, 1);
insert into item (venda, produto, quantidade) values (14, 50, 1);
insert into item (venda, produto, quantidade) values (14, 56, 3);
insert into item (venda, produto, quantidade) values (14, 63, 2);
insert into item (venda, produto, quantidade) values (15, 7, 1);
insert into item (venda, produto, quantidade) values (15, 31, 2);
insert into item (venda, produto, quantidade) values (16, 62, 2);
insert into item (venda, produto, quantidade) values (17, 3, 1);
insert into item (venda, produto, quantidade) values (17, 4, 3);
insert into item (venda, produto, quantidade) values (17, 11, 1);
insert into item (venda, produto, quantidade) values (17, 14, 2);
insert into item (venda, produto, quantidade) values (17, 30, 3);
insert into item (venda, produto, quantidade) values (17, 46, 2);
insert into item (venda, produto, quantidade) values (17, 48, 2);
insert into item (venda, produto, quantidade) values (17, 50, 2);
insert into item (venda, produto, quantidade) values (17, 52, 3);
insert into item (venda, produto, quantidade) values (17, 53, 2);
insert into item (venda, produto, quantidade) values (18, 10, 3);
insert into item (venda, produto, quantidade) values (18, 28, 2);
insert into item (venda, produto, quantidade) values (18, 29, 1);
insert into item (venda, produto, quantidade) values (18, 33, 3);
insert into item (venda, produto, quantidade) values (19, 57, 1);
insert into item (venda, produto, quantidade) values (20, 8, 3);
insert into item (venda, produto, quantidade) values (21, 36, 3);
insert into item (venda, produto, quantidade) values (21, 43, 2);
insert into item (venda, produto, quantidade) values (21, 44, 1);
insert into item (venda, produto, quantidade) values (22, 39, 3);
insert into item (venda, produto, quantidade) values (23, 7, 2);
insert into item (venda, produto, quantidade) values (24, 7, 2);
insert into item (venda, produto, quantidade) values (24, 8, 2);
insert into item (venda, produto, quantidade) values (24, 19, 2);
insert into item (venda, produto, quantidade) values (24, 37, 2);
insert into item (venda, produto, quantidade) values (24, 50, 2);
insert into item (venda, produto, quantidade) values (24, 57, 2);
insert into item (venda, produto, quantidade) values (24, 61, 1);
insert into item (venda, produto, quantidade) values (25, 1, 3);
insert into item (venda, produto, quantidade) values (25, 19, 1);
insert into item (venda, produto, quantidade) values (25, 44, 3);
insert into item (venda, produto, quantidade) values (25, 55, 3);
insert into item (venda, produto, quantidade) values (26, 39, 1);
insert into item (venda, produto, quantidade) values (26, 46, 3);
insert into item (venda, produto, quantidade) values (27, 12, 1);
insert into item (venda, produto, quantidade) values (28, 24, 2);
insert into item (venda, produto, quantidade) values (28, 28, 2);
insert into item (venda, produto, quantidade) values (28, 31, 2);
insert into item (venda, produto, quantidade) values (28, 52, 3);
insert into item (venda, produto, quantidade) values (28, 64, 3);
insert into item (venda, produto, quantidade) values (29, 26, 2);
insert into item (venda, produto, quantidade) values (29, 35, 2);
insert into item (venda, produto, quantidade) values (29, 50, 3);
insert into item (venda, produto, quantidade) values (29, 60, 1);
insert into item (venda, produto, quantidade) values (30, 19, 3);
insert into item (venda, produto, quantidade) values (30, 42, 2);
insert into item (venda, produto, quantidade) values (30, 48, 3);
insert into item (venda, produto, quantidade) values (31, 16, 3);
insert into item (venda, produto, quantidade) values (31, 17, 1);
insert into item (venda, produto, quantidade) values (31, 34, 2);
insert into item (venda, produto, quantidade) values (31, 63, 3);
insert into item (venda, produto, quantidade) values (32, 23, 1);
insert into item (venda, produto, quantidade) values (33, 4, 3);
insert into item (venda, produto, quantidade) values (33, 24, 3);
insert into item (venda, produto, quantidade) values (33, 41, 1);
insert into item (venda, produto, quantidade) values (33, 43, 1);
insert into item (venda, produto, quantidade) values (34, 17, 1);
insert into item (venda, produto, quantidade) values (34, 21, 1);
insert into item (venda, produto, quantidade) values (34, 29, 3);
insert into item (venda, produto, quantidade) values (34, 35, 1);
insert into item (venda, produto, quantidade) values (34, 41, 1);
insert into item (venda, produto, quantidade) values (34, 48, 3);
insert into item (venda, produto, quantidade) values (34, 49, 3);
insert into item (venda, produto, quantidade) values (34, 63, 3);
insert into item (venda, produto, quantidade) values (35, 60, 2);
insert into item (venda, produto, quantidade) values (36, 7, 2);
insert into item (venda, produto, quantidade) values (36, 13, 1);
insert into item (venda, produto, quantidade) values (36, 18, 2);
insert into item (venda, produto, quantidade) values (36, 32, 3);
insert into item (venda, produto, quantidade) values (36, 37, 3);
insert into item (venda, produto, quantidade) values (36, 44, 1);
insert into item (venda, produto, quantidade) values (36, 46, 2);
insert into item (venda, produto, quantidade) values (36, 48, 3);
insert into item (venda, produto, quantidade) values (36, 56, 2);
insert into item (venda, produto, quantidade) values (36, 58, 2);
insert into item (venda, produto, quantidade) values (36, 60, 3);
insert into item (venda, produto, quantidade) values (36, 66, 2);
insert into item (venda, produto, quantidade) values (37, 22, 1);
insert into item (venda, produto, quantidade) values (37, 38, 1);
insert into item (venda, produto, quantidade) values (37, 51, 2);
insert into item (venda, produto, quantidade) values (37, 61, 1);
insert into item (venda, produto, quantidade) values (38, 9, 1);
insert into item (venda, produto, quantidade) values (38, 16, 1);
insert into item (venda, produto, quantidade) values (39, 20, 3);
insert into item (venda, produto, quantidade) values (39, 36, 1);
insert into item (venda, produto, quantidade) values (39, 56, 1);
insert into item (venda, produto, quantidade) values (39, 62, 3);
insert into item (venda, produto, quantidade) values (40, 17, 3);
insert into item (venda, produto, quantidade) values (41, 2, 2);
insert into item (venda, produto, quantidade) values (41, 9, 1);
insert into item (venda, produto, quantidade) values (41, 61, 1);
insert into item (venda, produto, quantidade) values (41, 65, 3);
insert into item (venda, produto, quantidade) values (42, 23, 2);
insert into item (venda, produto, quantidade) values (42, 45, 2);
insert into item (venda, produto, quantidade) values (43, 3, 1);
insert into item (venda, produto, quantidade) values (43, 14, 3);
insert into item (venda, produto, quantidade) values (43, 21, 2);
insert into item (venda, produto, quantidade) values (43, 24, 1);
insert into item (venda, produto, quantidade) values (43, 37, 2);
insert into item (venda, produto, quantidade) values (43, 57, 1);
insert into item (venda, produto, quantidade) values (43, 66, 1);
insert into item (venda, produto, quantidade) values (44, 37, 1);
insert into item (venda, produto, quantidade) values (44, 63, 3);
insert into item (venda, produto, quantidade) values (45, 5, 3);
insert into item (venda, produto, quantidade) values (45, 16, 3);
insert into item (venda, produto, quantidade) values (45, 23, 2);
insert into item (venda, produto, quantidade) values (45, 25, 2);
insert into item (venda, produto, quantidade) values (45, 35, 3);
insert into item (venda, produto, quantidade) values (45, 38, 1);
insert into item (venda, produto, quantidade) values (45, 60, 1);
insert into item (venda, produto, quantidade) values (46, 7, 2);
insert into item (venda, produto, quantidade) values (46, 21, 3);
insert into item (venda, produto, quantidade) values (46, 30, 2);
insert into item (venda, produto, quantidade) values (47, 1, 2);
insert into item (venda, produto, quantidade) values (47, 9, 1);
insert into item (venda, produto, quantidade) values (47, 21, 3);
insert into item (venda, produto, quantidade) values (47, 25, 3);
insert into item (venda, produto, quantidade) values (47, 36, 2);
insert into item (venda, produto, quantidade) values (47, 37, 1);
insert into item (venda, produto, quantidade) values (47, 46, 3);
insert into item (venda, produto, quantidade) values (47, 57, 3);
insert into item (venda, produto, quantidade) values (47, 60, 1);
insert into item (venda, produto, quantidade) values (47, 65, 2);
insert into item (venda, produto, quantidade) values (48, 5, 2);
insert into item (venda, produto, quantidade) values (48, 20, 3);
insert into item (venda, produto, quantidade) values (48, 34, 3);
insert into item (venda, produto, quantidade) values (48, 59, 2);
insert into item (venda, produto, quantidade) values (48, 66, 1);
insert into item (venda, produto, quantidade) values (48, 68, 1);
insert into item (venda, produto, quantidade) values (49, 61, 2);
insert into item (venda, produto, quantidade) values (50, 58, 3);
insert into item (venda, produto, quantidade) values (51, 18, 3);
insert into item (venda, produto, quantidade) values (52, 26, 1);
insert into item (venda, produto, quantidade) values (52, 55, 2);
insert into item (venda, produto, quantidade) values (53, 8, 2);
insert into item (venda, produto, quantidade) values (53, 16, 1);
insert into item (venda, produto, quantidade) values (53, 42, 1);
insert into item (venda, produto, quantidade) values (53, 47, 2);
insert into item (venda, produto, quantidade) values (53, 53, 3);
insert into item (venda, produto, quantidade) values (54, 12, 1);
insert into item (venda, produto, quantidade) values (55, 3, 1);
insert into item (venda, produto, quantidade) values (55, 12, 1);
insert into item (venda, produto, quantidade) values (55, 18, 2);
insert into item (venda, produto, quantidade) values (55, 23, 2);
insert into item (venda, produto, quantidade) values (55, 33, 1);
insert into item (venda, produto, quantidade) values (55, 46, 2);
insert into item (venda, produto, quantidade) values (56, 20, 1);
insert into item (venda, produto, quantidade) values (56, 41, 1);
insert into item (venda, produto, quantidade) values (56, 54, 2);
insert into item (venda, produto, quantidade) values (56, 66, 1);
insert into item (venda, produto, quantidade) values (57, 8, 3);
insert into item (venda, produto, quantidade) values (58, 5, 3);
insert into item (venda, produto, quantidade) values (58, 19, 3);
insert into item (venda, produto, quantidade) values (58, 22, 2);
insert into item (venda, produto, quantidade) values (59, 1, 3);
insert into item (venda, produto, quantidade) values (59, 5, 1);
insert into item (venda, produto, quantidade) values (59, 10, 2);
insert into item (venda, produto, quantidade) values (59, 13, 1);
insert into item (venda, produto, quantidade) values (59, 16, 1);
insert into item (venda, produto, quantidade) values (59, 17, 3);
insert into item (venda, produto, quantidade) values (59, 25, 3);
insert into item (venda, produto, quantidade) values (59, 27, 3);
insert into item (venda, produto, quantidade) values (59, 34, 1);
insert into item (venda, produto, quantidade) values (59, 39, 2);
insert into item (venda, produto, quantidade) values (59, 42, 3);
insert into item (venda, produto, quantidade) values (59, 44, 2);
insert into item (venda, produto, quantidade) values (59, 50, 3);
insert into item (venda, produto, quantidade) values (59, 55, 3);
insert into item (venda, produto, quantidade) values (59, 65, 3);
insert into item (venda, produto, quantidade) values (60, 3, 1);
insert into item (venda, produto, quantidade) values (60, 10, 3);
insert into item (venda, produto, quantidade) values (60, 12, 2);
insert into item (venda, produto, quantidade) values (60, 18, 2);
insert into item (venda, produto, quantidade) values (60, 37, 1);
insert into item (venda, produto, quantidade) values (60, 40, 2);
insert into item (venda, produto, quantidade) values (60, 46, 2);
insert into item (venda, produto, quantidade) values (60, 50, 3);
insert into item (venda, produto, quantidade) values (60, 51, 1);
insert into item (venda, produto, quantidade) values (60, 60, 2);
insert into item (venda, produto, quantidade) values (60, 68, 2);
insert into item (venda, produto, quantidade) values (61, 19, 2);
insert into item (venda, produto, quantidade) values (61, 49, 1);
insert into item (venda, produto, quantidade) values (62, 15, 1);
insert into item (venda, produto, quantidade) values (62, 24, 1);
insert into item (venda, produto, quantidade) values (62, 25, 3);
insert into item (venda, produto, quantidade) values (62, 37, 3);
insert into item (venda, produto, quantidade) values (62, 67, 1);
insert into item (venda, produto, quantidade) values (63, 28, 2);
insert into item (venda, produto, quantidade) values (64, 36, 3);
insert into item (venda, produto, quantidade) values (64, 52, 1);
insert into item (venda, produto, quantidade) values (64, 54, 3);
insert into item (venda, produto, quantidade) values (64, 64, 1);
insert into item (venda, produto, quantidade) values (64, 65, 1);
insert into item (venda, produto, quantidade) values (65, 2, 1);
insert into item (venda, produto, quantidade) values (65, 18, 1);
insert into item (venda, produto, quantidade) values (65, 26, 1);
insert into item (venda, produto, quantidade) values (65, 27, 3);
insert into item (venda, produto, quantidade) values (65, 32, 2);
insert into item (venda, produto, quantidade) values (65, 36, 2);
insert into item (venda, produto, quantidade) values (65, 44, 3);
insert into item (venda, produto, quantidade) values (65, 52, 3);
insert into item (venda, produto, quantidade) values (65, 60, 3);
insert into item (venda, produto, quantidade) values (66, 63, 2);
insert into item (venda, produto, quantidade) values (67, 63, 3);
insert into item (venda, produto, quantidade) values (68, 5, 1);
insert into item (venda, produto, quantidade) values (68, 51, 1);
insert into item (venda, produto, quantidade) values (68, 55, 2);
insert into item (venda, produto, quantidade) values (68, 68, 3);
insert into item (venda, produto, quantidade) values (69, 3, 3);
insert into item (venda, produto, quantidade) values (69, 17, 2);
insert into item (venda, produto, quantidade) values (69, 27, 2);
insert into item (venda, produto, quantidade) values (69, 36, 2);
insert into item (venda, produto, quantidade) values (69, 55, 1);
insert into item (venda, produto, quantidade) values (69, 66, 1);
insert into item (venda, produto, quantidade) values (70, 35, 2);
insert into item (venda, produto, quantidade) values (70, 41, 3);
insert into item (venda, produto, quantidade) values (71, 49, 3);
insert into item (venda, produto, quantidade) values (71, 64, 2);
insert into item (venda, produto, quantidade) values (71, 68, 1);
insert into item (venda, produto, quantidade) values (72, 4, 2);
insert into item (venda, produto, quantidade) values (72, 9, 2);
insert into item (venda, produto, quantidade) values (72, 13, 2);
insert into item (venda, produto, quantidade) values (72, 37, 1);
insert into item (venda, produto, quantidade) values (72, 44, 3);
insert into item (venda, produto, quantidade) values (72, 45, 1);
insert into item (venda, produto, quantidade) values (72, 46, 3);
insert into item (venda, produto, quantidade) values (72, 50, 1);
insert into item (venda, produto, quantidade) values (72, 52, 1);
insert into item (venda, produto, quantidade) values (72, 61, 1);
insert into item (venda, produto, quantidade) values (73, 4, 3);
insert into item (venda, produto, quantidade) values (73, 9, 1);
insert into item (venda, produto, quantidade) values (73, 10, 3);
insert into item (venda, produto, quantidade) values (73, 12, 3);
insert into item (venda, produto, quantidade) values (73, 15, 3);
insert into item (venda, produto, quantidade) values (73, 17, 1);
insert into item (venda, produto, quantidade) values (73, 22, 3);
insert into item (venda, produto, quantidade) values (73, 25, 2);
insert into item (venda, produto, quantidade) values (73, 30, 2);
insert into item (venda, produto, quantidade) values (73, 33, 2);
insert into item (venda, produto, quantidade) values (73, 46, 3);
insert into item (venda, produto, quantidade) values (73, 64, 2);
insert into item (venda, produto, quantidade) values (74, 15, 2);
insert into item (venda, produto, quantidade) values (74, 31, 3);
insert into item (venda, produto, quantidade) values (75, 27, 2);
insert into item (venda, produto, quantidade) values (75, 41, 1);
insert into item (venda, produto, quantidade) values (76, 65, 2);
insert into item (venda, produto, quantidade) values (76, 67, 1);
insert into item (venda, produto, quantidade) values (77, 37, 2);
insert into item (venda, produto, quantidade) values (78, 45, 1);
insert into item (venda, produto, quantidade) values (78, 66, 1);
insert into item (venda, produto, quantidade) values (79, 18, 3);
insert into item (venda, produto, quantidade) values (79, 23, 3);
insert into item (venda, produto, quantidade) values (79, 50, 2);
insert into item (venda, produto, quantidade) values (80, 63, 1);
insert into item (venda, produto, quantidade) values (81, 35, 1);
insert into item (venda, produto, quantidade) values (82, 11, 1);
insert into item (venda, produto, quantidade) values (82, 31, 2);
insert into item (venda, produto, quantidade) values (82, 35, 1);
insert into item (venda, produto, quantidade) values (82, 50, 1);
insert into item (venda, produto, quantidade) values (82, 56, 3);
insert into item (venda, produto, quantidade) values (82, 58, 3);
insert into item (venda, produto, quantidade) values (83, 60, 1);
insert into item (venda, produto, quantidade) values (84, 65, 2);
insert into item (venda, produto, quantidade) values (85, 4, 1);
insert into item (venda, produto, quantidade) values (85, 17, 2);
insert into item (venda, produto, quantidade) values (85, 21, 3);
insert into item (venda, produto, quantidade) values (85, 29, 2);
insert into item (venda, produto, quantidade) values (85, 33, 3);
insert into item (venda, produto, quantidade) values (85, 64, 1);
insert into item (venda, produto, quantidade) values (86, 2, 3);
insert into item (venda, produto, quantidade) values (86, 25, 3);
insert into item (venda, produto, quantidade) values (86, 27, 3);
insert into item (venda, produto, quantidade) values (86, 29, 1);
insert into item (venda, produto, quantidade) values (86, 41, 1);
insert into item (venda, produto, quantidade) values (86, 42, 2);
insert into item (venda, produto, quantidade) values (86, 55, 3);
insert into item (venda, produto, quantidade) values (86, 64, 2);
insert into item (venda, produto, quantidade) values (86, 66, 1);
insert into item (venda, produto, quantidade) values (86, 67, 2);
insert into item (venda, produto, quantidade) values (86, 68, 3);
insert into item (venda, produto, quantidade) values (87, 13, 2);
insert into item (venda, produto, quantidade) values (87, 64, 1);
insert into item (venda, produto, quantidade) values (88, 7, 2);
insert into item (venda, produto, quantidade) values (88, 24, 3);
insert into item (venda, produto, quantidade) values (88, 45, 2);
insert into item (venda, produto, quantidade) values (89, 58, 3);
insert into item (venda, produto, quantidade) values (90, 17, 2);
insert into item (venda, produto, quantidade) values (90, 35, 2);
insert into item (venda, produto, quantidade) values (90, 38, 1);
insert into item (venda, produto, quantidade) values (90, 68, 3);
insert into item (venda, produto, quantidade) values (91, 1, 2);
insert into item (venda, produto, quantidade) values (91, 3, 3);
insert into item (venda, produto, quantidade) values (91, 5, 1);
insert into item (venda, produto, quantidade) values (91, 8, 3);
insert into item (venda, produto, quantidade) values (91, 40, 1);
insert into item (venda, produto, quantidade) values (91, 56, 3);
insert into item (venda, produto, quantidade) values (92, 7, 3);
insert into item (venda, produto, quantidade) values (92, 22, 2);
insert into item (venda, produto, quantidade) values (92, 33, 2);
insert into item (venda, produto, quantidade) values (93, 5, 2);
insert into item (venda, produto, quantidade) values (93, 6, 3);
insert into item (venda, produto, quantidade) values (93, 28, 3);
insert into item (venda, produto, quantidade) values (93, 54, 1);
insert into item (venda, produto, quantidade) values (94, 60, 2);
insert into item (venda, produto, quantidade) values (95, 14, 3);
insert into item (venda, produto, quantidade) values (95, 16, 1);
insert into item (venda, produto, quantidade) values (95, 19, 2);
insert into item (venda, produto, quantidade) values (95, 21, 1);
insert into item (venda, produto, quantidade) values (95, 25, 3);
insert into item (venda, produto, quantidade) values (95, 27, 2);
insert into item (venda, produto, quantidade) values (95, 34, 3);
insert into item (venda, produto, quantidade) values (95, 41, 3);
insert into item (venda, produto, quantidade) values (95, 59, 2);
insert into item (venda, produto, quantidade) values (95, 60, 2);
insert into item (venda, produto, quantidade) values (95, 65, 3);
insert into item (venda, produto, quantidade) values (96, 3, 3);
insert into item (venda, produto, quantidade) values (96, 6, 3);
insert into item (venda, produto, quantidade) values (96, 8, 1);
insert into item (venda, produto, quantidade) values (96, 10, 3);
insert into item (venda, produto, quantidade) values (96, 32, 1);
insert into item (venda, produto, quantidade) values (96, 34, 3);
insert into item (venda, produto, quantidade) values (96, 48, 2);
insert into item (venda, produto, quantidade) values (97, 56, 2);
insert into item (venda, produto, quantidade) values (97, 61, 3);
insert into item (venda, produto, quantidade) values (98, 8, 3);
insert into item (venda, produto, quantidade) values (98, 59, 1);
insert into item (venda, produto, quantidade) values (98, 66, 3);
insert into item (venda, produto, quantidade) values (99, 15, 2);
insert into item (venda, produto, quantidade) values (99, 29, 1);
insert into item (venda, produto, quantidade) values (99, 31, 2);
insert into item (venda, produto, quantidade) values (99, 65, 1);
insert into item (venda, produto, quantidade) values (100, 36, 1);
insert into item (venda, produto, quantidade) values (101, 2, 3);
insert into item (venda, produto, quantidade) values (102, 42, 2);
insert into item (venda, produto, quantidade) values (103, 1, 1);
insert into item (venda, produto, quantidade) values (103, 28, 3);
insert into item (venda, produto, quantidade) values (103, 36, 2);
insert into item (venda, produto, quantidade) values (103, 46, 1);
insert into item (venda, produto, quantidade) values (104, 26, 3);
insert into item (venda, produto, quantidade) values (105, 6, 3);
insert into item (venda, produto, quantidade) values (105, 18, 2);
insert into item (venda, produto, quantidade) values (105, 20, 2);
insert into item (venda, produto, quantidade) values (105, 26, 1);
insert into item (venda, produto, quantidade) values (105, 33, 2);
insert into item (venda, produto, quantidade) values (105, 39, 2);
insert into item (venda, produto, quantidade) values (105, 43, 3);
insert into item (venda, produto, quantidade) values (105, 46, 1);
insert into item (venda, produto, quantidade) values (105, 51, 2);
insert into item (venda, produto, quantidade) values (105, 54, 2);
insert into item (venda, produto, quantidade) values (105, 59, 1);
insert into item (venda, produto, quantidade) values (106, 44, 2);
insert into item (venda, produto, quantidade) values (107, 54, 2);
insert into item (venda, produto, quantidade) values (107, 61, 2);
insert into item (venda, produto, quantidade) values (108, 1, 1);
insert into item (venda, produto, quantidade) values (108, 37, 1);
insert into item (venda, produto, quantidade) values (108, 41, 3);
insert into item (venda, produto, quantidade) values (109, 30, 2);
insert into item (venda, produto, quantidade) values (109, 31, 1);
insert into item (venda, produto, quantidade) values (109, 34, 3);
insert into item (venda, produto, quantidade) values (109, 65, 2);
insert into item (venda, produto, quantidade) values (110, 28, 2);
insert into item (venda, produto, quantidade) values (111, 30, 1);
insert into item (venda, produto, quantidade) values (111, 32, 2);
insert into item (venda, produto, quantidade) values (111, 44, 3);
insert into item (venda, produto, quantidade) values (112, 3, 2);
insert into item (venda, produto, quantidade) values (112, 18, 1);
insert into item (venda, produto, quantidade) values (112, 22, 2);
insert into item (venda, produto, quantidade) values (112, 37, 2);
insert into item (venda, produto, quantidade) values (112, 59, 1);
insert into item (venda, produto, quantidade) values (112, 65, 2);
insert into item (venda, produto, quantidade) values (113, 4, 2);
insert into item (venda, produto, quantidade) values (113, 21, 3);
insert into item (venda, produto, quantidade) values (113, 27, 1);
insert into item (venda, produto, quantidade) values (113, 28, 2);
insert into item (venda, produto, quantidade) values (113, 39, 3);
insert into item (venda, produto, quantidade) values (113, 42, 3);
insert into item (venda, produto, quantidade) values (113, 43, 2);
insert into item (venda, produto, quantidade) values (113, 45, 3);
insert into item (venda, produto, quantidade) values (113, 63, 2);
insert into item (venda, produto, quantidade) values (114, 1, 2);
insert into item (venda, produto, quantidade) values (114, 12, 2);
insert into item (venda, produto, quantidade) values (114, 17, 1);
insert into item (venda, produto, quantidade) values (115, 5, 3);
insert into item (venda, produto, quantidade) values (115, 54, 1);
insert into item (venda, produto, quantidade) values (116, 27, 1);
insert into item (venda, produto, quantidade) values (116, 54, 1);
insert into item (venda, produto, quantidade) values (117, 5, 1);
insert into item (venda, produto, quantidade) values (117, 15, 2);
insert into item (venda, produto, quantidade) values (117, 17, 3);
insert into item (venda, produto, quantidade) values (117, 19, 1);
insert into item (venda, produto, quantidade) values (117, 34, 2);
insert into item (venda, produto, quantidade) values (117, 58, 1);
insert into item (venda, produto, quantidade) values (118, 10, 2);
insert into item (venda, produto, quantidade) values (118, 31, 3);
insert into item (venda, produto, quantidade) values (118, 47, 3);
insert into item (venda, produto, quantidade) values (119, 27, 2);
insert into item (venda, produto, quantidade) values (120, 38, 1);
insert into item (venda, produto, quantidade) values (120, 43, 2);
insert into item (venda, produto, quantidade) values (121, 6, 2);
insert into item (venda, produto, quantidade) values (121, 45, 1);
insert into item (venda, produto, quantidade) values (121, 65, 3);
insert into item (venda, produto, quantidade) values (122, 10, 3);
insert into item (venda, produto, quantidade) values (122, 20, 3);
insert into item (venda, produto, quantidade) values (122, 34, 3);
insert into item (venda, produto, quantidade) values (122, 36, 3);
insert into item (venda, produto, quantidade) values (122, 40, 2);
insert into item (venda, produto, quantidade) values (123, 35, 1);
insert into item (venda, produto, quantidade) values (123, 37, 3);
insert into item (venda, produto, quantidade) values (123, 40, 1);
insert into item (venda, produto, quantidade) values (124, 13, 1);
insert into item (venda, produto, quantidade) values (124, 35, 2);
insert into item (venda, produto, quantidade) values (124, 49, 2);
insert into item (venda, produto, quantidade) values (125, 8, 3);
insert into item (venda, produto, quantidade) values (125, 15, 1);
insert into item (venda, produto, quantidade) values (125, 21, 3);
insert into item (venda, produto, quantidade) values (125, 23, 1);
insert into item (venda, produto, quantidade) values (125, 28, 2);
insert into item (venda, produto, quantidade) values (125, 30, 1);
insert into item (venda, produto, quantidade) values (125, 33, 2);
insert into item (venda, produto, quantidade) values (125, 34, 1);
insert into item (venda, produto, quantidade) values (125, 36, 1);
insert into item (venda, produto, quantidade) values (125, 47, 3);
insert into item (venda, produto, quantidade) values (125, 49, 2);
insert into item (venda, produto, quantidade) values (125, 53, 2);
insert into item (venda, produto, quantidade) values (125, 58, 2);
insert into item (venda, produto, quantidade) values (126, 6, 3);
insert into item (venda, produto, quantidade) values (126, 31, 2);
insert into item (venda, produto, quantidade) values (126, 59, 1);
insert into item (venda, produto, quantidade) values (126, 65, 2);
insert into item (venda, produto, quantidade) values (127, 36, 1);
insert into item (venda, produto, quantidade) values (128, 2, 3);
insert into item (venda, produto, quantidade) values (128, 3, 1);
insert into item (venda, produto, quantidade) values (128, 37, 1);
insert into item (venda, produto, quantidade) values (128, 55, 1);
insert into item (venda, produto, quantidade) values (129, 38, 3);
insert into item (venda, produto, quantidade) values (130, 9, 1);
insert into item (venda, produto, quantidade) values (130, 15, 3);
insert into item (venda, produto, quantidade) values (130, 21, 1);
insert into item (venda, produto, quantidade) values (130, 27, 1);
insert into item (venda, produto, quantidade) values (130, 31, 2);
insert into item (venda, produto, quantidade) values (130, 46, 3);
insert into item (venda, produto, quantidade) values (130, 51, 1);
insert into item (venda, produto, quantidade) values (130, 61, 3);
insert into item (venda, produto, quantidade) values (130, 63, 2);
insert into item (venda, produto, quantidade) values (131, 48, 1);
insert into item (venda, produto, quantidade) values (132, 12, 1);
insert into item (venda, produto, quantidade) values (132, 24, 3);
insert into item (venda, produto, quantidade) values (132, 26, 3);
insert into item (venda, produto, quantidade) values (132, 31, 2);
insert into item (venda, produto, quantidade) values (132, 37, 2);
insert into item (venda, produto, quantidade) values (132, 39, 3);
insert into item (venda, produto, quantidade) values (132, 47, 3);
insert into item (venda, produto, quantidade) values (132, 48, 3);
insert into item (venda, produto, quantidade) values (132, 60, 2);
insert into item (venda, produto, quantidade) values (132, 62, 3);
insert into item (venda, produto, quantidade) values (132, 66, 2);
insert into item (venda, produto, quantidade) values (133, 9, 1);
insert into item (venda, produto, quantidade) values (134, 14, 1);
insert into item (venda, produto, quantidade) values (135, 15, 1);
insert into item (venda, produto, quantidade) values (135, 36, 2);
insert into item (venda, produto, quantidade) values (136, 39, 2);
insert into item (venda, produto, quantidade) values (136, 50, 1);
insert into item (venda, produto, quantidade) values (137, 8, 2);
insert into item (venda, produto, quantidade) values (137, 10, 3);
insert into item (venda, produto, quantidade) values (137, 13, 3);
insert into item (venda, produto, quantidade) values (137, 14, 1);
insert into item (venda, produto, quantidade) values (137, 16, 1);
insert into item (venda, produto, quantidade) values (137, 18, 3);
insert into item (venda, produto, quantidade) values (137, 21, 3);
insert into item (venda, produto, quantidade) values (137, 28, 2);
insert into item (venda, produto, quantidade) values (137, 35, 1);
insert into item (venda, produto, quantidade) values (137, 36, 2);
insert into item (venda, produto, quantidade) values (137, 42, 2);
insert into item (venda, produto, quantidade) values (137, 53, 1);
insert into item (venda, produto, quantidade) values (137, 54, 2);
insert into item (venda, produto, quantidade) values (137, 60, 3);
insert into item (venda, produto, quantidade) values (137, 62, 1);
insert into item (venda, produto, quantidade) values (137, 63, 2);
insert into item (venda, produto, quantidade) values (137, 65, 2);
insert into item (venda, produto, quantidade) values (137, 68, 1);
insert into item (venda, produto, quantidade) values (138, 1, 1);
insert into item (venda, produto, quantidade) values (138, 12, 3);
insert into item (venda, produto, quantidade) values (138, 25, 3);
insert into item (venda, produto, quantidade) values (138, 36, 3);
insert into item (venda, produto, quantidade) values (139, 58, 2);
insert into item (venda, produto, quantidade) values (140, 24, 1);
insert into item (venda, produto, quantidade) values (141, 7, 2);
insert into item (venda, produto, quantidade) values (141, 38, 1);
insert into item (venda, produto, quantidade) values (141, 66, 2);
insert into item (venda, produto, quantidade) values (142, 43, 3);
insert into item (venda, produto, quantidade) values (143, 12, 3);
insert into item (venda, produto, quantidade) values (143, 14, 2);
insert into item (venda, produto, quantidade) values (143, 19, 2);
insert into item (venda, produto, quantidade) values (143, 28, 1);
insert into item (venda, produto, quantidade) values (144, 2, 1);
insert into item (venda, produto, quantidade) values (144, 6, 2);
insert into item (venda, produto, quantidade) values (144, 13, 1);
insert into item (venda, produto, quantidade) values (144, 21, 1);
insert into item (venda, produto, quantidade) values (144, 49, 3);
insert into item (venda, produto, quantidade) values (144, 55, 3);
insert into item (venda, produto, quantidade) values (145, 5, 3);
insert into item (venda, produto, quantidade) values (145, 16, 1);
insert into item (venda, produto, quantidade) values (145, 20, 2);
insert into item (venda, produto, quantidade) values (145, 35, 2);
insert into item (venda, produto, quantidade) values (145, 39, 1);
insert into item (venda, produto, quantidade) values (145, 47, 2);
insert into item (venda, produto, quantidade) values (145, 67, 2);
insert into item (venda, produto, quantidade) values (146, 10, 1);
insert into item (venda, produto, quantidade) values (146, 34, 3);
insert into item (venda, produto, quantidade) values (146, 41, 3);
insert into item (venda, produto, quantidade) values (146, 50, 3);
insert into item (venda, produto, quantidade) values (146, 51, 1);
insert into item (venda, produto, quantidade) values (146, 57, 1);
insert into item (venda, produto, quantidade) values (146, 68, 3);
insert into item (venda, produto, quantidade) values (147, 2, 3);
insert into item (venda, produto, quantidade) values (148, 7, 2);
insert into item (venda, produto, quantidade) values (148, 9, 2);
insert into item (venda, produto, quantidade) values (148, 55, 3);
insert into item (venda, produto, quantidade) values (148, 57, 1);
insert into item (venda, produto, quantidade) values (149, 44, 2);
insert into item (venda, produto, quantidade) values (149, 51, 1);
insert into item (venda, produto, quantidade) values (149, 63, 1);
insert into item (venda, produto, quantidade) values (149, 64, 3);
insert into item (venda, produto, quantidade) values (149, 67, 3);
insert into item (venda, produto, quantidade) values (150, 26, 3);
insert into item (venda, produto, quantidade) values (150, 50, 1);
insert into item (venda, produto, quantidade) values (151, 17, 3);
insert into item (venda, produto, quantidade) values (151, 22, 2);
insert into item (venda, produto, quantidade) values (151, 27, 1);
insert into item (venda, produto, quantidade) values (151, 30, 3);
insert into item (venda, produto, quantidade) values (151, 39, 3);
insert into item (venda, produto, quantidade) values (151, 43, 3);
insert into item (venda, produto, quantidade) values (151, 44, 1);
insert into item (venda, produto, quantidade) values (151, 51, 2);
insert into item (venda, produto, quantidade) values (151, 64, 2);
insert into item (venda, produto, quantidade) values (152, 26, 3);
insert into item (venda, produto, quantidade) values (153, 12, 2);
insert into item (venda, produto, quantidade) values (153, 14, 1);
insert into item (venda, produto, quantidade) values (153, 21, 3);
insert into item (venda, produto, quantidade) values (153, 66, 3);
insert into item (venda, produto, quantidade) values (154, 2, 1);
insert into item (venda, produto, quantidade) values (154, 48, 2);
insert into item (venda, produto, quantidade) values (155, 54, 2);
insert into item (venda, produto, quantidade) values (156, 2, 1);
insert into item (venda, produto, quantidade) values (157, 1, 3);
insert into item (venda, produto, quantidade) values (157, 7, 3);
insert into item (venda, produto, quantidade) values (157, 12, 3);
insert into item (venda, produto, quantidade) values (157, 30, 3);
insert into item (venda, produto, quantidade) values (157, 36, 1);
insert into item (venda, produto, quantidade) values (157, 42, 3);
insert into item (venda, produto, quantidade) values (157, 43, 3);
insert into item (venda, produto, quantidade) values (157, 45, 1);
insert into item (venda, produto, quantidade) values (157, 46, 3);
insert into item (venda, produto, quantidade) values (157, 56, 1);
insert into item (venda, produto, quantidade) values (157, 58, 1);
insert into item (venda, produto, quantidade) values (157, 64, 2);
insert into item (venda, produto, quantidade) values (158, 12, 1);
insert into item (venda, produto, quantidade) values (158, 18, 1);
insert into item (venda, produto, quantidade) values (158, 39, 2);
insert into item (venda, produto, quantidade) values (158, 56, 1);
insert into item (venda, produto, quantidade) values (158, 58, 2);
insert into item (venda, produto, quantidade) values (159, 15, 2);
insert into item (venda, produto, quantidade) values (160, 10, 1);
insert into item (venda, produto, quantidade) values (160, 13, 2);
insert into item (venda, produto, quantidade) values (160, 21, 3);
insert into item (venda, produto, quantidade) values (160, 39, 1);
insert into item (venda, produto, quantidade) values (160, 56, 1);
insert into item (venda, produto, quantidade) values (160, 64, 1);
insert into item (venda, produto, quantidade) values (161, 1, 2);
insert into item (venda, produto, quantidade) values (161, 2, 3);
insert into item (venda, produto, quantidade) values (161, 3, 3);
insert into item (venda, produto, quantidade) values (161, 4, 3);
insert into item (venda, produto, quantidade) values (161, 9, 3);
insert into item (venda, produto, quantidade) values (161, 12, 1);
insert into item (venda, produto, quantidade) values (161, 14, 1);
insert into item (venda, produto, quantidade) values (161, 27, 3);
insert into item (venda, produto, quantidade) values (161, 38, 2);
insert into item (venda, produto, quantidade) values (161, 40, 1);
insert into item (venda, produto, quantidade) values (161, 41, 2);
insert into item (venda, produto, quantidade) values (161, 61, 3);
insert into item (venda, produto, quantidade) values (161, 62, 1);
insert into item (venda, produto, quantidade) values (162, 49, 3);
insert into item (venda, produto, quantidade) values (162, 55, 3);
insert into item (venda, produto, quantidade) values (163, 12, 2);
insert into item (venda, produto, quantidade) values (163, 56, 2);
insert into item (venda, produto, quantidade) values (164, 12, 1);
insert into item (venda, produto, quantidade) values (164, 19, 1);
insert into item (venda, produto, quantidade) values (164, 29, 2);
insert into item (venda, produto, quantidade) values (164, 43, 2);
insert into item (venda, produto, quantidade) values (165, 30, 1);
insert into item (venda, produto, quantidade) values (165, 51, 3);
insert into item (venda, produto, quantidade) values (165, 61, 2);
insert into item (venda, produto, quantidade) values (166, 1, 1);
insert into item (venda, produto, quantidade) values (166, 6, 2);
insert into item (venda, produto, quantidade) values (166, 27, 1);
insert into item (venda, produto, quantidade) values (166, 39, 2);
insert into item (venda, produto, quantidade) values (166, 40, 3);
insert into item (venda, produto, quantidade) values (166, 56, 2);
insert into item (venda, produto, quantidade) values (166, 61, 2);
insert into item (venda, produto, quantidade) values (166, 62, 3);
insert into item (venda, produto, quantidade) values (166, 64, 2);
insert into item (venda, produto, quantidade) values (166, 65, 2);
insert into item (venda, produto, quantidade) values (166, 68, 2);
insert into item (venda, produto, quantidade) values (167, 28, 3);
insert into item (venda, produto, quantidade) values (168, 27, 3);
insert into item (venda, produto, quantidade) values (169, 30, 3);
insert into item (venda, produto, quantidade) values (169, 40, 3);
insert into item (venda, produto, quantidade) values (169, 62, 2);
insert into item (venda, produto, quantidade) values (169, 68, 2);
insert into item (venda, produto, quantidade) values (170, 67, 3);
insert into item (venda, produto, quantidade) values (171, 49, 3);
insert into item (venda, produto, quantidade) values (172, 31, 3);
insert into item (venda, produto, quantidade) values (172, 36, 3);
insert into item (venda, produto, quantidade) values (172, 47, 2);
insert into item (venda, produto, quantidade) values (173, 9, 3);
insert into item (venda, produto, quantidade) values (173, 14, 2);
insert into item (venda, produto, quantidade) values (173, 35, 1);
insert into item (venda, produto, quantidade) values (173, 43, 1);
insert into item (venda, produto, quantidade) values (173, 55, 1);
insert into item (venda, produto, quantidade) values (173, 64, 1);
insert into item (venda, produto, quantidade) values (174, 37, 1);
insert into item (venda, produto, quantidade) values (175, 1, 2);
insert into item (venda, produto, quantidade) values (176, 6, 2);
insert into item (venda, produto, quantidade) values (176, 33, 2);
insert into item (venda, produto, quantidade) values (176, 43, 3);
insert into item (venda, produto, quantidade) values (177, 38, 1);
insert into item (venda, produto, quantidade) values (177, 39, 3);
insert into item (venda, produto, quantidade) values (177, 43, 2);
insert into item (venda, produto, quantidade) values (177, 66, 1);
insert into item (venda, produto, quantidade) values (177, 67, 3);
insert into item (venda, produto, quantidade) values (178, 60, 3);
insert into item (venda, produto, quantidade) values (179, 26, 2);
insert into item (venda, produto, quantidade) values (179, 56, 2);
insert into item (venda, produto, quantidade) values (179, 65, 3);
insert into item (venda, produto, quantidade) values (180, 12, 1);
insert into item (venda, produto, quantidade) values (180, 14, 2);
insert into item (venda, produto, quantidade) values (180, 15, 3);
insert into item (venda, produto, quantidade) values (180, 23, 2);
insert into item (venda, produto, quantidade) values (180, 44, 2);
insert into item (venda, produto, quantidade) values (180, 50, 1);
insert into item (venda, produto, quantidade) values (180, 54, 1);
insert into item (venda, produto, quantidade) values (180, 56, 3);
insert into item (venda, produto, quantidade) values (180, 63, 2);
insert into item (venda, produto, quantidade) values (181, 11, 1);
insert into item (venda, produto, quantidade) values (181, 61, 1);
insert into item (venda, produto, quantidade) values (182, 55, 2);
insert into item (venda, produto, quantidade) values (183, 6, 1);
insert into item (venda, produto, quantidade) values (183, 19, 3);
insert into item (venda, produto, quantidade) values (183, 27, 1);
insert into item (venda, produto, quantidade) values (183, 35, 1);
insert into item (venda, produto, quantidade) values (183, 42, 3);
insert into item (venda, produto, quantidade) values (184, 10, 3);
insert into item (venda, produto, quantidade) values (184, 14, 1);
insert into item (venda, produto, quantidade) values (184, 36, 2);
insert into item (venda, produto, quantidade) values (184, 37, 3);
insert into item (venda, produto, quantidade) values (184, 42, 1);
insert into item (venda, produto, quantidade) values (184, 43, 1);
insert into item (venda, produto, quantidade) values (184, 62, 2);
insert into item (venda, produto, quantidade) values (185, 41, 1);
insert into item (venda, produto, quantidade) values (186, 7, 3);
insert into item (venda, produto, quantidade) values (186, 11, 1);
insert into item (venda, produto, quantidade) values (186, 33, 3);
insert into item (venda, produto, quantidade) values (187, 8, 1);
insert into item (venda, produto, quantidade) values (187, 13, 3);
insert into item (venda, produto, quantidade) values (187, 18, 2);
insert into item (venda, produto, quantidade) values (187, 21, 1);
insert into item (venda, produto, quantidade) values (187, 31, 2);
insert into item (venda, produto, quantidade) values (187, 32, 2);
insert into item (venda, produto, quantidade) values (188, 26, 1);
insert into item (venda, produto, quantidade) values (188, 33, 2);
insert into item (venda, produto, quantidade) values (188, 57, 1);
insert into item (venda, produto, quantidade) values (189, 1, 2);
insert into item (venda, produto, quantidade) values (189, 25, 2);
insert into item (venda, produto, quantidade) values (189, 38, 1);
insert into item (venda, produto, quantidade) values (189, 46, 1);
insert into item (venda, produto, quantidade) values (190, 11, 2);
insert into item (venda, produto, quantidade) values (190, 56, 3);
insert into item (venda, produto, quantidade) values (190, 64, 2);
insert into item (venda, produto, quantidade) values (191, 17, 3);
insert into item (venda, produto, quantidade) values (191, 29, 2);
insert into item (venda, produto, quantidade) values (192, 31, 3);
insert into item (venda, produto, quantidade) values (192, 36, 2);
insert into item (venda, produto, quantidade) values (192, 39, 1);
insert into item (venda, produto, quantidade) values (193, 30, 1);
insert into item (venda, produto, quantidade) values (193, 67, 1);
insert into item (venda, produto, quantidade) values (194, 4, 3);
insert into item (venda, produto, quantidade) values (194, 13, 1);
insert into item (venda, produto, quantidade) values (194, 22, 2);
insert into item (venda, produto, quantidade) values (194, 27, 2);
insert into item (venda, produto, quantidade) values (194, 41, 1);
insert into item (venda, produto, quantidade) values (194, 66, 1);
insert into item (venda, produto, quantidade) values (195, 37, 2);
insert into item (venda, produto, quantidade) values (196, 5, 2);
insert into item (venda, produto, quantidade) values (196, 7, 1);
insert into item (venda, produto, quantidade) values (196, 9, 1);
insert into item (venda, produto, quantidade) values (196, 18, 2);
insert into item (venda, produto, quantidade) values (196, 25, 3);
insert into item (venda, produto, quantidade) values (196, 32, 1);
insert into item (venda, produto, quantidade) values (196, 33, 3);
insert into item (venda, produto, quantidade) values (196, 36, 2);
insert into item (venda, produto, quantidade) values (196, 43, 1);
insert into item (venda, produto, quantidade) values (196, 45, 1);
insert into item (venda, produto, quantidade) values (196, 47, 2);
insert into item (venda, produto, quantidade) values (196, 50, 1);
insert into item (venda, produto, quantidade) values (196, 53, 3);
insert into item (venda, produto, quantidade) values (196, 62, 3);
insert into item (venda, produto, quantidade) values (196, 63, 2);
insert into item (venda, produto, quantidade) values (196, 65, 2);
insert into item (venda, produto, quantidade) values (197, 28, 1);
insert into item (venda, produto, quantidade) values (198, 11, 2);
insert into item (venda, produto, quantidade) values (198, 27, 2);
insert into item (venda, produto, quantidade) values (198, 29, 2);
insert into item (venda, produto, quantidade) values (198, 50, 3);
insert into item (venda, produto, quantidade) values (198, 56, 3);
insert into item (venda, produto, quantidade) values (198, 57, 1);
insert into item (venda, produto, quantidade) values (198, 59, 1);
insert into item (venda, produto, quantidade) values (198, 60, 1);
insert into item (venda, produto, quantidade) values (198, 63, 2);
insert into item (venda, produto, quantidade) values (199, 18, 3);
insert into item (venda, produto, quantidade) values (199, 21, 3);
insert into item (venda, produto, quantidade) values (199, 25, 1);
insert into item (venda, produto, quantidade) values (199, 42, 3);
insert into item (venda, produto, quantidade) values (199, 54, 3);
insert into item (venda, produto, quantidade) values (199, 57, 3);
insert into item (venda, produto, quantidade) values (199, 58, 2);
insert into item (venda, produto, quantidade) values (200, 10, 1);
insert into item (venda, produto, quantidade) values (200, 15, 2);
insert into item (venda, produto, quantidade) values (200, 34, 3);
insert into item (venda, produto, quantidade) values (201, 20, 3);
insert into item (venda, produto, quantidade) values (201, 27, 2);
insert into item (venda, produto, quantidade) values (201, 40, 1);
insert into item (venda, produto, quantidade) values (202, 4, 2);
insert into item (venda, produto, quantidade) values (203, 13, 2);
insert into item (venda, produto, quantidade) values (203, 22, 3);
insert into item (venda, produto, quantidade) values (204, 8, 2);
insert into item (venda, produto, quantidade) values (204, 36, 1);
insert into item (venda, produto, quantidade) values (204, 54, 2);
insert into item (venda, produto, quantidade) values (205, 11, 1);
insert into item (venda, produto, quantidade) values (206, 14, 3);
insert into item (venda, produto, quantidade) values (206, 58, 2);
insert into item (venda, produto, quantidade) values (207, 1, 1);
insert into item (venda, produto, quantidade) values (207, 2, 1);
insert into item (venda, produto, quantidade) values (208, 2, 2);
insert into item (venda, produto, quantidade) values (208, 4, 3);
insert into item (venda, produto, quantidade) values (208, 17, 3);
insert into item (venda, produto, quantidade) values (208, 22, 3);
insert into item (venda, produto, quantidade) values (208, 29, 3);
insert into item (venda, produto, quantidade) values (208, 44, 2);
insert into item (venda, produto, quantidade) values (208, 50, 1);
insert into item (venda, produto, quantidade) values (208, 61, 1);
insert into item (venda, produto, quantidade) values (208, 64, 1);
insert into item (venda, produto, quantidade) values (209, 63, 2);
insert into item (venda, produto, quantidade) values (210, 53, 3);
insert into item (venda, produto, quantidade) values (210, 59, 1);
insert into item (venda, produto, quantidade) values (211, 13, 2);
insert into item (venda, produto, quantidade) values (211, 15, 2);
insert into item (venda, produto, quantidade) values (211, 19, 3);
insert into item (venda, produto, quantidade) values (211, 24, 2);
insert into item (venda, produto, quantidade) values (211, 28, 3);
insert into item (venda, produto, quantidade) values (212, 47, 3);
insert into item (venda, produto, quantidade) values (212, 59, 3);
insert into item (venda, produto, quantidade) values (213, 51, 1);
insert into item (venda, produto, quantidade) values (214, 60, 1);
insert into item (venda, produto, quantidade) values (214, 62, 1);
insert into item (venda, produto, quantidade) values (215, 3, 2);
insert into item (venda, produto, quantidade) values (215, 4, 3);
insert into item (venda, produto, quantidade) values (215, 7, 2);
insert into item (venda, produto, quantidade) values (215, 19, 2);
insert into item (venda, produto, quantidade) values (215, 29, 1);
insert into item (venda, produto, quantidade) values (215, 40, 2);
insert into item (venda, produto, quantidade) values (215, 41, 3);
insert into item (venda, produto, quantidade) values (215, 57, 3);
insert into item (venda, produto, quantidade) values (215, 58, 2);
insert into item (venda, produto, quantidade) values (215, 67, 3);
insert into item (venda, produto, quantidade) values (216, 2, 3);
insert into item (venda, produto, quantidade) values (216, 38, 3);
insert into item (venda, produto, quantidade) values (217, 8, 3);
insert into item (venda, produto, quantidade) values (217, 13, 2);
insert into item (venda, produto, quantidade) values (217, 15, 1);
insert into item (venda, produto, quantidade) values (217, 18, 2);
insert into item (venda, produto, quantidade) values (217, 19, 1);
insert into item (venda, produto, quantidade) values (217, 20, 2);
insert into item (venda, produto, quantidade) values (217, 67, 3);
insert into item (venda, produto, quantidade) values (218, 9, 2);
insert into item (venda, produto, quantidade) values (218, 24, 3);
insert into item (venda, produto, quantidade) values (218, 27, 3);
insert into item (venda, produto, quantidade) values (218, 61, 2);
insert into item (venda, produto, quantidade) values (219, 11, 1);
insert into item (venda, produto, quantidade) values (220, 48, 2);
insert into item (venda, produto, quantidade) values (220, 54, 3);
insert into item (venda, produto, quantidade) values (221, 1, 3);
insert into item (venda, produto, quantidade) values (221, 8, 2);
insert into item (venda, produto, quantidade) values (221, 11, 1);
insert into item (venda, produto, quantidade) values (221, 17, 2);
insert into item (venda, produto, quantidade) values (221, 20, 3);
insert into item (venda, produto, quantidade) values (221, 23, 3);
insert into item (venda, produto, quantidade) values (221, 24, 2);
insert into item (venda, produto, quantidade) values (221, 26, 2);
insert into item (venda, produto, quantidade) values (221, 30, 2);
insert into item (venda, produto, quantidade) values (221, 31, 3);
insert into item (venda, produto, quantidade) values (221, 32, 1);
insert into item (venda, produto, quantidade) values (221, 33, 2);
insert into item (venda, produto, quantidade) values (221, 35, 3);
insert into item (venda, produto, quantidade) values (221, 36, 2);
insert into item (venda, produto, quantidade) values (221, 45, 3);
insert into item (venda, produto, quantidade) values (221, 49, 1);
insert into item (venda, produto, quantidade) values (221, 54, 1);
insert into item (venda, produto, quantidade) values (221, 62, 3);
insert into item (venda, produto, quantidade) values (221, 63, 1);
insert into item (venda, produto, quantidade) values (221, 67, 3);
insert into item (venda, produto, quantidade) values (222, 4, 1);
insert into item (venda, produto, quantidade) values (222, 10, 1);
insert into item (venda, produto, quantidade) values (222, 13, 2);
insert into item (venda, produto, quantidade) values (222, 16, 3);
insert into item (venda, produto, quantidade) values (222, 24, 1);
insert into item (venda, produto, quantidade) values (222, 37, 2);
insert into item (venda, produto, quantidade) values (222, 49, 1);
insert into item (venda, produto, quantidade) values (222, 51, 2);
insert into item (venda, produto, quantidade) values (222, 57, 3);
insert into item (venda, produto, quantidade) values (222, 60, 2);
insert into item (venda, produto, quantidade) values (222, 65, 2);
insert into item (venda, produto, quantidade) values (223, 10, 3);
insert into item (venda, produto, quantidade) values (223, 42, 2);
insert into item (venda, produto, quantidade) values (223, 45, 2);
insert into item (venda, produto, quantidade) values (223, 55, 2);
insert into item (venda, produto, quantidade) values (223, 61, 1);
insert into item (venda, produto, quantidade) values (223, 65, 1);
insert into item (venda, produto, quantidade) values (224, 11, 3);
insert into item (venda, produto, quantidade) values (224, 20, 3);
insert into item (venda, produto, quantidade) values (225, 32, 3);
insert into item (venda, produto, quantidade) values (226, 5, 3);
insert into item (venda, produto, quantidade) values (226, 8, 1);
insert into item (venda, produto, quantidade) values (226, 21, 1);
insert into item (venda, produto, quantidade) values (226, 29, 2);
insert into item (venda, produto, quantidade) values (226, 30, 3);
insert into item (venda, produto, quantidade) values (226, 40, 2);
insert into item (venda, produto, quantidade) values (226, 45, 1);
insert into item (venda, produto, quantidade) values (226, 51, 1);
insert into item (venda, produto, quantidade) values (226, 57, 1);
insert into item (venda, produto, quantidade) values (226, 61, 2);
insert into item (venda, produto, quantidade) values (226, 65, 1);
insert into item (venda, produto, quantidade) values (227, 33, 1);
insert into item (venda, produto, quantidade) values (227, 34, 2);
insert into item (venda, produto, quantidade) values (227, 65, 2);
insert into item (venda, produto, quantidade) values (228, 10, 1);
insert into item (venda, produto, quantidade) values (228, 13, 1);
insert into item (venda, produto, quantidade) values (228, 31, 3);
insert into item (venda, produto, quantidade) values (228, 54, 1);
insert into item (venda, produto, quantidade) values (229, 5, 3);
insert into item (venda, produto, quantidade) values (229, 27, 3);
insert into item (venda, produto, quantidade) values (229, 37, 1);
insert into item (venda, produto, quantidade) values (229, 38, 1);
insert into item (venda, produto, quantidade) values (229, 46, 2);
insert into item (venda, produto, quantidade) values (229, 61, 2);
insert into item (venda, produto, quantidade) values (229, 63, 1);
insert into item (venda, produto, quantidade) values (229, 65, 1);
insert into item (venda, produto, quantidade) values (230, 3, 2);
insert into item (venda, produto, quantidade) values (230, 5, 1);
insert into item (venda, produto, quantidade) values (230, 10, 3);
insert into item (venda, produto, quantidade) values (230, 12, 3);
insert into item (venda, produto, quantidade) values (230, 19, 1);
insert into item (venda, produto, quantidade) values (230, 38, 3);
insert into item (venda, produto, quantidade) values (230, 39, 2);
insert into item (venda, produto, quantidade) values (231, 21, 1);
insert into item (venda, produto, quantidade) values (231, 30, 3);
insert into item (venda, produto, quantidade) values (231, 48, 1);
insert into item (venda, produto, quantidade) values (231, 66, 2);
insert into item (venda, produto, quantidade) values (232, 30, 2);
insert into item (venda, produto, quantidade) values (232, 34, 3);
insert into item (venda, produto, quantidade) values (232, 50, 3);
insert into item (venda, produto, quantidade) values (232, 59, 2);
insert into item (venda, produto, quantidade) values (233, 28, 3);

