\c postgres
drop database biblioteca;
create database biblioteca;
\c biblioteca
create table usuario (codigo integer not null, nome varchar(100) not null, tipo char(1) not null check ((tipo = 'A') or (tipo = 'P') or (tipo = 'F')), curso varchar(100), primary key (codigo));
create table livro (codigo integer not null, titulo varchar(200) not null, primary key (codigo));
create table exemplar (codigo integer not null, livro integer not null references livro(codigo), primary key (codigo));
create table locacao (usuario integer not null references usuario(codigo), exemplar integer not null references exemplar(codigo), retirada date not null default now(), entrega date, primary key (usuario, exemplar, retirada));
insert into usuario (codigo, nome, tipo) values (1, 'funcionario 1', 'F');
insert into usuario (codigo, nome, tipo, curso) values (2, 'aluno 2', 'A', 'curso tecnico integrado em eletrotecnica');
insert into usuario (codigo, nome, tipo, curso) values (3, 'aluno 3', 'A', 'curso tecnico integrado em informatica para internet');
insert into usuario (codigo, nome, tipo) values (4, 'funcionario 4', 'F');
insert into usuario (codigo, nome, tipo) values (5, 'professor 5', 'P');
insert into usuario (codigo, nome, tipo) values (6, 'funcionario 6', 'F');
insert into usuario (codigo, nome, tipo, curso) values (7, 'aluno 7', 'A', 'curso tecnico integrado em refrigeracao e ar condicionado');
insert into usuario (codigo, nome, tipo, curso) values (8, 'aluno 8', 'A', 'curso tecnico integrado em eletrotecnica');
insert into usuario (codigo, nome, tipo) values (9, 'funcionario 9', 'F');
insert into usuario (codigo, nome, tipo, curso) values (10, 'aluno 10', 'A', 'curso superior de tecnologia em analise e desenvolvimento de sistemas');
insert into usuario (codigo, nome, tipo, curso) values (11, 'aluno 11', 'A', 'curso tecnico integrado em informatica para internet');
insert into usuario (codigo, nome, tipo, curso) values (12, 'aluno 12', 'A', 'curso tecnico integrado em refrigeracao e ar condicionado');
insert into usuario (codigo, nome, tipo, curso) values (13, 'aluno 13', 'A', 'curso tecnico integrado em refrigeracao e ar condicionado');
insert into usuario (codigo, nome, tipo, curso) values (14, 'aluno 14', 'A', 'curso tecnico integrado em informatica para internet');
insert into usuario (codigo, nome, tipo, curso) values (15, 'aluno 15', 'A', 'curso superior de bacharelado em engenharia mecanica');
insert into usuario (codigo, nome, tipo) values (16, 'funcionario 16', 'F');
insert into usuario (codigo, nome, tipo) values (17, 'professor 17', 'P');
insert into usuario (codigo, nome, tipo, curso) values (18, 'aluno 18', 'A', 'curso superior de tecnologia em analise e desenvolvimento de sistemas');
insert into usuario (codigo, nome, tipo, curso) values (19, 'aluno 19', 'A', 'curso superior de tecnologia em analise e desenvolvimento de sistemas');
insert into usuario (codigo, nome, tipo, curso) values (20, 'aluno 20', 'A', 'curso tecnico integrado em eletrotecnica');
insert into usuario (codigo, nome, tipo, curso) values (21, 'aluno 21', 'A', 'curso tecnico integrado em eletrotecnica');
insert into usuario (codigo, nome, tipo) values (22, 'professor 22', 'P');
insert into usuario (codigo, nome, tipo, curso) values (23, 'aluno 23', 'A', 'curso superior de bacharelado em engenharia mecanica');
insert into usuario (codigo, nome, tipo, curso) values (24, 'aluno 24', 'A', 'curso tecnico integrado em refrigeracao e ar condicionado');
insert into usuario (codigo, nome, tipo) values (25, 'professor 25', 'P');
insert into usuario (codigo, nome, tipo, curso) values (26, 'aluno 26', 'A', 'curso tecnico integrado em refrigeracao e ar condicionado');
insert into usuario (codigo, nome, tipo, curso) values (27, 'aluno 27', 'A', 'curso tecnico integrado em informatica para internet');
insert into usuario (codigo, nome, tipo, curso) values (28, 'aluno 28', 'A', 'curso tecnico integrado em eletrotecnica');
insert into usuario (codigo, nome, tipo, curso) values (29, 'aluno 29', 'A', 'curso tecnico integrado em eletrotecnica');
insert into usuario (codigo, nome, tipo) values (30, 'professor 30', 'P');
insert into usuario (codigo, nome, tipo) values (31, 'funcionario 31', 'F');
insert into usuario (codigo, nome, tipo, curso) values (32, 'aluno 32', 'A', 'curso superior de tecnologia em analise e desenvolvimento de sistemas');
insert into usuario (codigo, nome, tipo, curso) values (33, 'aluno 33', 'A', 'curso tecnico integrado em eletrotecnica');
insert into usuario (codigo, nome, tipo) values (34, 'professor 34', 'P');
insert into usuario (codigo, nome, tipo, curso) values (35, 'aluno 35', 'A', 'curso tecnico integrado em eletrotecnica');
insert into usuario (codigo, nome, tipo, curso) values (36, 'aluno 36', 'A', 'curso tecnico integrado em eletrotecnica');
insert into usuario (codigo, nome, tipo, curso) values (37, 'aluno 37', 'A', 'curso superior de bacharelado em engenharia mecanica');
insert into usuario (codigo, nome, tipo) values (38, 'professor 38', 'P');
insert into usuario (codigo, nome, tipo, curso) values (39, 'aluno 39', 'A', 'curso tecnico integrado em eletrotecnica');
insert into usuario (codigo, nome, tipo) values (40, 'professor 40', 'P');
insert into usuario (codigo, nome, tipo) values (41, 'professor 41', 'P');
insert into usuario (codigo, nome, tipo) values (42, 'funcionario 42', 'F');
insert into usuario (codigo, nome, tipo, curso) values (43, 'aluno 43', 'A', 'curso superior de bacharelado em engenharia mecanica');
insert into usuario (codigo, nome, tipo) values (44, 'professor 44', 'P');
insert into usuario (codigo, nome, tipo) values (45, 'funcionario 45', 'F');
insert into usuario (codigo, nome, tipo) values (46, 'professor 46', 'P');
insert into usuario (codigo, nome, tipo, curso) values (47, 'aluno 47', 'A', 'curso tecnico integrado em refrigeracao e ar condicionado');
insert into usuario (codigo, nome, tipo, curso) values (48, 'aluno 48', 'A', 'curso tecnico integrado em informatica para internet');
insert into usuario (codigo, nome, tipo) values (49, 'professor 49', 'P');
insert into usuario (codigo, nome, tipo, curso) values (50, 'aluno 50', 'A', 'curso tecnico integrado em eletrotecnica');
insert into usuario (codigo, nome, tipo, curso) values (51, 'aluno 51', 'A', 'curso tecnico integrado em informatica para internet');
insert into usuario (codigo, nome, tipo) values (52, 'funcionario 52', 'F');
insert into usuario (codigo, nome, tipo, curso) values (53, 'aluno 53', 'A', 'curso tecnico integrado em refrigeracao e ar condicionado');
insert into usuario (codigo, nome, tipo) values (54, 'funcionario 54', 'F');
insert into usuario (codigo, nome, tipo, curso) values (55, 'aluno 55', 'A', 'curso tecnico integrado em informatica para internet');
insert into usuario (codigo, nome, tipo, curso) values (56, 'aluno 56', 'A', 'curso superior de bacharelado em engenharia mecanica');
insert into usuario (codigo, nome, tipo, curso) values (57, 'aluno 57', 'A', 'curso tecnico integrado em eletrotecnica');
insert into usuario (codigo, nome, tipo) values (58, 'professor 58', 'P');
insert into usuario (codigo, nome, tipo, curso) values (59, 'aluno 59', 'A', 'curso tecnico integrado em eletrotecnica');
insert into usuario (codigo, nome, tipo) values (60, 'professor 60', 'P');
insert into usuario (codigo, nome, tipo) values (61, 'professor 61', 'P');
insert into usuario (codigo, nome, tipo, curso) values (62, 'aluno 62', 'A', 'curso tecnico integrado em refrigeracao e ar condicionado');
insert into usuario (codigo, nome, tipo, curso) values (63, 'aluno 63', 'A', 'curso tecnico integrado em refrigeracao e ar condicionado');
insert into usuario (codigo, nome, tipo, curso) values (64, 'aluno 64', 'A', 'curso superior de bacharelado em engenharia mecanica');
insert into usuario (codigo, nome, tipo, curso) values (65, 'aluno 65', 'A', 'curso tecnico integrado em informatica para internet');
insert into usuario (codigo, nome, tipo, curso) values (66, 'aluno 66', 'A', 'curso superior de tecnologia em analise e desenvolvimento de sistemas');
insert into usuario (codigo, nome, tipo) values (67, 'professor 67', 'P');
insert into usuario (codigo, nome, tipo) values (68, 'funcionario 68', 'F');
insert into usuario (codigo, nome, tipo) values (69, 'professor 69', 'P');
insert into usuario (codigo, nome, tipo) values (70, 'funcionario 70', 'F');
insert into usuario (codigo, nome, tipo, curso) values (71, 'aluno 71', 'A', 'curso superior de tecnologia em analise e desenvolvimento de sistemas');
insert into usuario (codigo, nome, tipo) values (72, 'funcionario 72', 'F');
insert into usuario (codigo, nome, tipo, curso) values (73, 'aluno 73', 'A', 'curso tecnico integrado em eletrotecnica');
insert into usuario (codigo, nome, tipo) values (74, 'professor 74', 'P');
insert into usuario (codigo, nome, tipo, curso) values (75, 'aluno 75', 'A', 'curso superior de bacharelado em engenharia mecanica');
insert into usuario (codigo, nome, tipo, curso) values (76, 'aluno 76', 'A', 'curso tecnico integrado em refrigeracao e ar condicionado');
insert into usuario (codigo, nome, tipo, curso) values (77, 'aluno 77', 'A', 'curso superior de tecnologia em analise e desenvolvimento de sistemas');
insert into usuario (codigo, nome, tipo) values (78, 'professor 78', 'P');
insert into usuario (codigo, nome, tipo, curso) values (79, 'aluno 79', 'A', 'curso tecnico integrado em eletrotecnica');
insert into usuario (codigo, nome, tipo) values (80, 'professor 80', 'P');
insert into usuario (codigo, nome, tipo, curso) values (81, 'aluno 81', 'A', 'curso tecnico integrado em informatica para internet');
insert into usuario (codigo, nome, tipo, curso) values (82, 'aluno 82', 'A', 'curso superior de bacharelado em engenharia mecanica');
insert into usuario (codigo, nome, tipo) values (83, 'professor 83', 'P');
insert into usuario (codigo, nome, tipo, curso) values (84, 'aluno 84', 'A', 'curso tecnico integrado em informatica para internet');
insert into usuario (codigo, nome, tipo) values (85, 'professor 85', 'P');
insert into usuario (codigo, nome, tipo, curso) values (86, 'aluno 86', 'A', 'curso superior de bacharelado em engenharia mecanica');
insert into usuario (codigo, nome, tipo) values (87, 'funcionario 87', 'F');
insert into usuario (codigo, nome, tipo) values (88, 'professor 88', 'P');
insert into usuario (codigo, nome, tipo, curso) values (89, 'aluno 89', 'A', 'curso tecnico integrado em eletrotecnica');
insert into usuario (codigo, nome, tipo, curso) values (90, 'aluno 90', 'A', 'curso tecnico integrado em informatica para internet');
insert into usuario (codigo, nome, tipo, curso) values (91, 'aluno 91', 'A', 'curso tecnico integrado em informatica para internet');
insert into usuario (codigo, nome, tipo, curso) values (92, 'aluno 92', 'A', 'curso superior de bacharelado em engenharia mecanica');
insert into usuario (codigo, nome, tipo) values (93, 'funcionario 93', 'F');
insert into usuario (codigo, nome, tipo, curso) values (94, 'aluno 94', 'A', 'curso superior de bacharelado em engenharia mecanica');
insert into usuario (codigo, nome, tipo, curso) values (95, 'aluno 95', 'A', 'curso tecnico integrado em eletrotecnica');
insert into usuario (codigo, nome, tipo) values (96, 'funcionario 96', 'F');
insert into usuario (codigo, nome, tipo, curso) values (97, 'aluno 97', 'A', 'curso tecnico integrado em informatica para internet');
insert into usuario (codigo, nome, tipo) values (98, 'funcionario 98', 'F');
insert into usuario (codigo, nome, tipo, curso) values (99, 'aluno 99', 'A', 'curso tecnico integrado em eletrotecnica');
insert into usuario (codigo, nome, tipo, curso) values (100, 'aluno 100', 'A', 'curso tecnico integrado em informatica para internet');
insert into livro (codigo, titulo) values (1, 'postgresql na pratica');
insert into livro (codigo, titulo) values (2, 'postgresql xxx 2');
insert into livro (codigo, titulo) values (3, 'livro 3');
insert into livro (codigo, titulo) values (4, 'xxx postgresql 4');
insert into livro (codigo, titulo) values (5, 'livro 5');
insert into livro (codigo, titulo) values (6, 'livro 6');
insert into livro (codigo, titulo) values (7, 'livro 7');
insert into livro (codigo, titulo) values (8, 'livro 8');
insert into livro (codigo, titulo) values (9, 'xxx postgresql xxx 9');
insert into livro (codigo, titulo) values (10, 'livro 10');
insert into livro (codigo, titulo) values (11, 'xxx postgresql 11');
insert into livro (codigo, titulo) values (12, 'livro 12');
insert into livro (codigo, titulo) values (13, 'livro 13');
insert into livro (codigo, titulo) values (14, 'postgresql xxx 14');
insert into livro (codigo, titulo) values (15, 'livro 15');
insert into livro (codigo, titulo) values (16, 'livro 16');
insert into livro (codigo, titulo) values (17, 'xxx postgresql 17');
insert into livro (codigo, titulo) values (18, 'livro 18');
insert into livro (codigo, titulo) values (19, 'xxx postgresql xxx 19');
insert into livro (codigo, titulo) values (20, 'livro 20');
insert into livro (codigo, titulo) values (21, 'xxx postgresql xxx 21');
insert into livro (codigo, titulo) values (22, 'livro 22');
insert into livro (codigo, titulo) values (23, 'livro 23');
insert into livro (codigo, titulo) values (24, 'xxx postgresql xxx 24');
insert into livro (codigo, titulo) values (25, 'livro 25');
insert into livro (codigo, titulo) values (26, 'livro 26');
insert into livro (codigo, titulo) values (27, 'livro 27');
insert into livro (codigo, titulo) values (28, 'livro 28');
insert into livro (codigo, titulo) values (29, 'livro 29');
insert into livro (codigo, titulo) values (30, 'livro 30');
insert into exemplar (codigo, livro) values (1001, 1);
insert into exemplar (codigo, livro) values (1002, 1);
insert into exemplar (codigo, livro) values (1003, 1);
insert into exemplar (codigo, livro) values (2001, 2);
insert into exemplar (codigo, livro) values (2002, 2);
insert into exemplar (codigo, livro) values (2003, 2);
insert into exemplar (codigo, livro) values (3001, 3);
insert into exemplar (codigo, livro) values (3002, 3);
insert into exemplar (codigo, livro) values (3003, 3);
insert into exemplar (codigo, livro) values (4001, 4);
insert into exemplar (codigo, livro) values (4002, 4);
insert into exemplar (codigo, livro) values (5001, 5);
insert into exemplar (codigo, livro) values (5002, 5);
insert into exemplar (codigo, livro) values (5003, 5);
insert into exemplar (codigo, livro) values (6001, 6);
insert into exemplar (codigo, livro) values (6002, 6);
insert into exemplar (codigo, livro) values (6003, 6);
insert into exemplar (codigo, livro) values (6004, 6);
insert into exemplar (codigo, livro) values (7001, 7);
insert into exemplar (codigo, livro) values (8001, 8);
insert into exemplar (codigo, livro) values (8002, 8);
insert into exemplar (codigo, livro) values (8003, 8);
insert into exemplar (codigo, livro) values (9001, 9);
insert into exemplar (codigo, livro) values (9002, 9);
insert into exemplar (codigo, livro) values (9003, 9);
insert into exemplar (codigo, livro) values (9004, 9);
insert into exemplar (codigo, livro) values (10001, 10);
insert into exemplar (codigo, livro) values (10002, 10);
insert into exemplar (codigo, livro) values (11001, 11);
insert into exemplar (codigo, livro) values (11002, 11);
insert into exemplar (codigo, livro) values (11003, 11);
insert into exemplar (codigo, livro) values (11004, 11);
insert into exemplar (codigo, livro) values (12001, 12);
insert into exemplar (codigo, livro) values (13001, 13);
insert into exemplar (codigo, livro) values (13002, 13);
insert into exemplar (codigo, livro) values (13003, 13);
insert into exemplar (codigo, livro) values (13004, 13);
insert into exemplar (codigo, livro) values (14001, 14);
insert into exemplar (codigo, livro) values (14002, 14);
insert into exemplar (codigo, livro) values (14003, 14);
insert into exemplar (codigo, livro) values (15001, 15);
insert into exemplar (codigo, livro) values (15002, 15);
insert into exemplar (codigo, livro) values (15003, 15);
insert into exemplar (codigo, livro) values (15004, 15);
insert into exemplar (codigo, livro) values (16001, 16);
insert into exemplar (codigo, livro) values (16002, 16);
insert into exemplar (codigo, livro) values (16003, 16);
insert into exemplar (codigo, livro) values (16004, 16);
insert into exemplar (codigo, livro) values (16005, 16);
insert into exemplar (codigo, livro) values (17001, 17);
insert into exemplar (codigo, livro) values (18001, 18);
insert into exemplar (codigo, livro) values (19001, 19);
insert into exemplar (codigo, livro) values (19002, 19);
insert into exemplar (codigo, livro) values (19003, 19);
insert into exemplar (codigo, livro) values (19004, 19);
insert into exemplar (codigo, livro) values (19005, 19);
insert into exemplar (codigo, livro) values (20001, 20);
insert into exemplar (codigo, livro) values (20002, 20);
insert into exemplar (codigo, livro) values (20003, 20);
insert into exemplar (codigo, livro) values (20004, 20);
insert into exemplar (codigo, livro) values (20005, 20);
insert into exemplar (codigo, livro) values (21001, 21);
insert into exemplar (codigo, livro) values (21002, 21);
insert into exemplar (codigo, livro) values (22001, 22);
insert into exemplar (codigo, livro) values (22002, 22);
insert into exemplar (codigo, livro) values (22003, 22);
insert into exemplar (codigo, livro) values (23001, 23);
insert into exemplar (codigo, livro) values (23002, 23);
insert into exemplar (codigo, livro) values (24001, 24);
insert into exemplar (codigo, livro) values (24002, 24);
insert into exemplar (codigo, livro) values (24003, 24);
insert into exemplar (codigo, livro) values (24004, 24);
insert into exemplar (codigo, livro) values (24005, 24);
insert into exemplar (codigo, livro) values (25001, 25);
insert into exemplar (codigo, livro) values (25002, 25);
insert into exemplar (codigo, livro) values (25003, 25);
insert into exemplar (codigo, livro) values (26001, 26);
insert into exemplar (codigo, livro) values (26002, 26);
insert into exemplar (codigo, livro) values (26003, 26);
insert into exemplar (codigo, livro) values (26004, 26);
insert into exemplar (codigo, livro) values (26005, 26);
insert into exemplar (codigo, livro) values (27001, 27);
insert into exemplar (codigo, livro) values (27002, 27);
insert into exemplar (codigo, livro) values (27003, 27);
insert into exemplar (codigo, livro) values (27004, 27);
insert into exemplar (codigo, livro) values (27005, 27);
insert into exemplar (codigo, livro) values (28001, 28);
insert into exemplar (codigo, livro) values (29001, 29);
insert into exemplar (codigo, livro) values (29002, 29);
insert into exemplar (codigo, livro) values (29003, 29);
insert into exemplar (codigo, livro) values (29004, 29);
insert into exemplar (codigo, livro) values (29005, 29);
insert into exemplar (codigo, livro) values (30001, 30);
insert into locacao (usuario, exemplar, retirada, entrega) values (64, 1001, '2018-02-28', '2018-03-08');
insert into locacao (usuario, exemplar, retirada, entrega) values (9, 1001, '2018-04-12', '2018-04-19');
insert into locacao (usuario, exemplar, retirada, entrega) values (86, 1001, '2018-07-16', '2018-07-16');
insert into locacao (usuario, exemplar, retirada, entrega) values (59, 1001, '2018-10-01', '2018-10-03');
insert into locacao (usuario, exemplar, retirada, entrega) values (62, 1001, '2018-12-17', '2018-12-17');
insert into locacao (usuario, exemplar, retirada, entrega) values (46, 1001, '2019-01-15', '2019-01-18');
insert into locacao (usuario, exemplar, retirada, entrega) values (55, 1001, '2019-03-23', '2019-03-25');
insert into locacao (usuario, exemplar, retirada, entrega) values (86, 1001, '2019-04-13', '2019-04-15');
insert into locacao (usuario, exemplar, retirada, entrega) values (19, 1002, '2018-02-15', '2018-02-27');
insert into locacao (usuario, exemplar, retirada, entrega) values (88, 1002, '2018-03-25', '2018-04-02');
insert into locacao (usuario, exemplar, retirada, entrega) values (21, 1002, '2018-06-07', '2018-06-12');
insert into locacao (usuario, exemplar, retirada, entrega) values (55, 1002, '2018-08-11', '2018-08-17');
insert into locacao (usuario, exemplar, retirada, entrega) values (26, 1002, '2018-09-08', '2018-09-20');
insert into locacao (usuario, exemplar, retirada, entrega) values (92, 1002, '2018-12-05', '2018-12-05');
insert into locacao (usuario, exemplar, retirada, entrega) values (85, 1002, '2019-01-04', '2019-01-08');
insert into locacao (usuario, exemplar, retirada, entrega) values (28, 1002, '2019-03-03', '2019-03-10');
insert into locacao (usuario, exemplar, retirada, entrega) values (60, 1003, '2018-03-24', '2018-03-28');
insert into locacao (usuario, exemplar, retirada, entrega) values (100, 1003, '2018-05-18', '2018-05-20');
insert into locacao (usuario, exemplar, retirada, entrega) values (48, 1003, '2018-07-08', '2018-07-20');
insert into locacao (usuario, exemplar, retirada, entrega) values (80, 1003, '2018-08-20', '2018-08-20');
insert into locacao (usuario, exemplar, retirada, entrega) values (57, 1003, '2018-11-01', '2018-11-06');
insert into locacao (usuario, exemplar, retirada, entrega) values (13, 1003, '2019-01-05', '2019-01-17');
insert into locacao (usuario, exemplar, retirada, entrega) values (66, 1003, '2019-01-11', '2019-01-12');
insert into locacao (usuario, exemplar, retirada, entrega) values (67, 1003, '2019-03-17', '2019-03-25');
insert into locacao (usuario, exemplar, retirada, entrega) values (37, 2001, '2018-01-25', '2018-02-05');
insert into locacao (usuario, exemplar, retirada, entrega) values (80, 2001, '2018-04-28', '2018-04-28');
insert into locacao (usuario, exemplar, retirada, entrega) values (88, 2001, '2018-05-03', '2018-05-09');
insert into locacao (usuario, exemplar, retirada, entrega) values (78, 2001, '2018-06-27', '2018-07-02');
insert into locacao (usuario, exemplar, retirada, entrega) values (72, 2001, '2018-07-19', '2018-07-19');
insert into locacao (usuario, exemplar, retirada, entrega) values (33, 2001, '2018-08-26', '2018-08-26');
insert into locacao (usuario, exemplar, retirada, entrega) values (44, 2001, '2018-11-23', '2018-11-27');
insert into locacao (usuario, exemplar, retirada, entrega) values (39, 2001, '2019-02-11', '2019-02-24');
insert into locacao (usuario, exemplar, retirada, entrega) values (61, 2001, '2019-03-29', '2019-04-11');
insert into locacao (usuario, exemplar, retirada, entrega) values (42, 2002, '2018-01-09', '2018-01-11');
insert into locacao (usuario, exemplar, retirada, entrega) values (83, 2002, '2018-03-08', '2018-03-19');
insert into locacao (usuario, exemplar, retirada, entrega) values (74, 2002, '2018-04-21', '2018-04-26');
insert into locacao (usuario, exemplar, retirada, entrega) values (83, 2002, '2018-05-01', '2018-05-07');
insert into locacao (usuario, exemplar, retirada, entrega) values (55, 2002, '2018-07-22', '2018-07-28');
insert into locacao (usuario, exemplar, retirada, entrega) values (3, 2002, '2018-08-09', '2018-08-11');
insert into locacao (usuario, exemplar, retirada, entrega) values (80, 2002, '2018-09-27', '2018-10-04');
insert into locacao (usuario, exemplar, retirada, entrega) values (91, 2002, '2018-11-27', '2018-12-02');
insert into locacao (usuario, exemplar, retirada, entrega) values (69, 2002, '2018-12-18', '2018-12-23');
insert into locacao (usuario, exemplar, retirada, entrega) values (5, 2002, '2019-03-17', '2019-03-17');
insert into locacao (usuario, exemplar, retirada, entrega) values (28, 2002, '2019-04-17', '2019-04-17');
insert into locacao (usuario, exemplar, retirada, entrega) values (55, 2003, '2018-03-08', '2018-03-16');
insert into locacao (usuario, exemplar, retirada, entrega) values (12, 2003, '2018-03-19', '2018-03-22');
insert into locacao (usuario, exemplar, retirada, entrega) values (37, 2003, '2018-06-19', '2018-06-24');
insert into locacao (usuario, exemplar, retirada, entrega) values (27, 2003, '2018-08-01', '2018-08-12');
insert into locacao (usuario, exemplar, retirada, entrega) values (63, 2003, '2018-09-30', '2018-10-09');
insert into locacao (usuario, exemplar, retirada, entrega) values (27, 2003, '2018-11-10', '2018-11-12');
insert into locacao (usuario, exemplar, retirada, entrega) values (65, 2003, '2018-11-11', '2018-11-23');
insert into locacao (usuario, exemplar, retirada, entrega) values (42, 2003, '2018-11-24', '2018-11-26');
insert into locacao (usuario, exemplar, retirada, entrega) values (29, 2003, '2018-12-06', '2018-12-17');
insert into locacao (usuario, exemplar, retirada, entrega) values (16, 2003, '2019-03-04', '2019-03-16');
insert into locacao (usuario, exemplar, retirada, entrega) values (6, 2003, '2019-04-28', '2019-05-06');
insert into locacao (usuario, exemplar, retirada, entrega) values (64, 3001, '2018-01-01', '2018-01-07');
insert into locacao (usuario, exemplar, retirada, entrega) values (29, 3001, '2018-04-02', '2018-04-14');
insert into locacao (usuario, exemplar, retirada, entrega) values (7, 3001, '2018-04-06', '2018-04-08');
insert into locacao (usuario, exemplar, retirada, entrega) values (16, 3001, '2018-05-28', '2018-06-04');
insert into locacao (usuario, exemplar, retirada, entrega) values (6, 3001, '2018-05-30', '2018-05-31');
insert into locacao (usuario, exemplar, retirada, entrega) values (63, 3001, '2018-07-04', '2018-07-08');
insert into locacao (usuario, exemplar, retirada, entrega) values (92, 3001, '2018-08-11', '2018-08-17');
insert into locacao (usuario, exemplar, retirada, entrega) values (49, 3001, '2018-11-18', '2018-11-29');
insert into locacao (usuario, exemplar, retirada, entrega) values (54, 3001, '2019-01-05', '2019-01-15');
insert into locacao (usuario, exemplar, retirada, entrega) values (64, 3001, '2019-03-12', '2019-03-15');
insert into locacao (usuario, exemplar, retirada, entrega) values (42, 3002, '2018-04-05', '2018-04-17');
insert into locacao (usuario, exemplar, retirada, entrega) values (83, 3002, '2018-05-12', '2018-05-23');
insert into locacao (usuario, exemplar, retirada, entrega) values (85, 3002, '2018-05-28', '2018-06-10');
insert into locacao (usuario, exemplar, retirada, entrega) values (12, 3002, '2018-09-01', '2018-09-01');
insert into locacao (usuario, exemplar, retirada, entrega) values (43, 3002, '2018-10-27', '2018-10-29');
insert into locacao (usuario, exemplar, retirada, entrega) values (23, 3002, '2018-12-15', '2018-12-20');
insert into locacao (usuario, exemplar, retirada, entrega) values (77, 3002, '2019-03-03', '2019-03-04');
insert into locacao (usuario, exemplar, retirada, entrega) values (88, 3002, '2019-04-15', '2019-04-16');
insert into locacao (usuario, exemplar, retirada, entrega) values (21, 3003, '2018-03-10', '2018-03-14');
insert into locacao (usuario, exemplar, retirada, entrega) values (98, 3003, '2018-06-12', '2018-06-12');
insert into locacao (usuario, exemplar, retirada, entrega) values (46, 3003, '2018-06-20', '2018-06-30');
insert into locacao (usuario, exemplar, retirada, entrega) values (18, 3003, '2018-06-22', '2018-06-30');
insert into locacao (usuario, exemplar, retirada, entrega) values (17, 3003, '2018-07-10', '2018-07-12');
insert into locacao (usuario, exemplar, retirada, entrega) values (37, 3003, '2018-08-13', '2018-08-23');
insert into locacao (usuario, exemplar, retirada, entrega) values (96, 3003, '2018-10-24', '2018-10-27');
insert into locacao (usuario, exemplar, retirada, entrega) values (20, 3003, '2019-01-19', '2019-01-23');
insert into locacao (usuario, exemplar, retirada, entrega) values (10, 3003, '2019-02-02', '2019-02-13');
insert into locacao (usuario, exemplar, retirada, entrega) values (42, 3003, '2019-03-17', '2019-03-19');
insert into locacao (usuario, exemplar, retirada, entrega) values (26, 3003, '2019-04-27', '2019-05-06');
insert into locacao (usuario, exemplar, retirada, entrega) values (43, 4001, '2018-03-23', '2018-03-31');
insert into locacao (usuario, exemplar, retirada, entrega) values (69, 4001, '2018-05-12', '2018-05-12');
insert into locacao (usuario, exemplar, retirada, entrega) values (90, 4001, '2018-07-24', '2018-07-29');
insert into locacao (usuario, exemplar, retirada, entrega) values (83, 4001, '2018-10-24', '2018-10-30');
insert into locacao (usuario, exemplar, retirada, entrega) values (47, 4001, '2018-10-28', '2018-11-07');
insert into locacao (usuario, exemplar, retirada, entrega) values (26, 4001, '2018-11-07', '2018-11-09');
insert into locacao (usuario, exemplar, retirada, entrega) values (81, 4001, '2018-11-16', '2018-11-21');
insert into locacao (usuario, exemplar, retirada, entrega) values (16, 4001, '2019-01-14', '2019-01-16');
insert into locacao (usuario, exemplar, retirada, entrega) values (73, 4001, '2019-04-20', '2019-04-24');
insert into locacao (usuario, exemplar, retirada, entrega) values (43, 4001, '2019-04-23', '2019-05-03');
insert into locacao (usuario, exemplar, retirada, entrega) values (100, 4002, '2018-03-09', '2018-03-21');
insert into locacao (usuario, exemplar, retirada, entrega) values (37, 4002, '2018-03-09', '2018-03-10');
insert into locacao (usuario, exemplar, retirada, entrega) values (97, 4002, '2018-04-28', '2018-05-02');
insert into locacao (usuario, exemplar, retirada, entrega) values (97, 4002, '2018-05-15', '2018-05-17');
insert into locacao (usuario, exemplar, retirada, entrega) values (56, 4002, '2018-06-08', '2018-06-13');
insert into locacao (usuario, exemplar, retirada, entrega) values (86, 4002, '2018-06-22', '2018-06-24');
insert into locacao (usuario, exemplar, retirada, entrega) values (28, 4002, '2018-06-26', '2018-07-02');
insert into locacao (usuario, exemplar, retirada, entrega) values (9, 4002, '2018-09-15', '2018-09-15');
insert into locacao (usuario, exemplar, retirada, entrega) values (58, 4002, '2018-11-23', '2018-12-03');
insert into locacao (usuario, exemplar, retirada, entrega) values (15, 4002, '2019-02-11', '2019-02-21');
insert into locacao (usuario, exemplar, retirada, entrega) values (93, 4002, '2019-04-09', '2019-04-17');
insert into locacao (usuario, exemplar, retirada, entrega) values (72, 5001, '2018-01-06', '2018-01-17');
insert into locacao (usuario, exemplar, retirada, entrega) values (77, 5001, '2018-01-18', '2018-01-25');
insert into locacao (usuario, exemplar, retirada, entrega) values (2, 5001, '2018-04-03', '2018-04-07');
insert into locacao (usuario, exemplar, retirada, entrega) values (86, 5001, '2018-04-03', '2018-04-04');
insert into locacao (usuario, exemplar, retirada, entrega) values (12, 5001, '2018-05-02', '2018-05-15');
insert into locacao (usuario, exemplar, retirada, entrega) values (85, 5001, '2018-06-23', '2018-06-23');
insert into locacao (usuario, exemplar, retirada, entrega) values (66, 5001, '2018-08-19', '2018-08-22');
insert into locacao (usuario, exemplar, retirada, entrega) values (26, 5001, '2018-11-01', '2018-11-14');
insert into locacao (usuario, exemplar, retirada, entrega) values (96, 5001, '2018-12-07', '2018-12-15');
insert into locacao (usuario, exemplar, retirada, entrega) values (87, 5001, '2018-12-24', '2019-01-05');
insert into locacao (usuario, exemplar, retirada, entrega) values (62, 5001, '2019-02-24', '2019-03-02');
insert into locacao (usuario, exemplar, retirada, entrega) values (9, 5001, '2019-03-19', '2019-03-20');
insert into locacao (usuario, exemplar, retirada, entrega) values (92, 5002, '2018-01-11', '2018-01-24');
insert into locacao (usuario, exemplar, retirada, entrega) values (85, 5002, '2018-02-05', '2018-02-18');
insert into locacao (usuario, exemplar, retirada, entrega) values (25, 5002, '2018-05-10', '2018-05-17');
insert into locacao (usuario, exemplar, retirada, entrega) values (75, 5002, '2018-07-15', '2018-07-23');
insert into locacao (usuario, exemplar, retirada, entrega) values (72, 5002, '2018-07-27', '2018-08-02');
insert into locacao (usuario, exemplar, retirada, entrega) values (99, 5002, '2018-09-19', '2018-09-21');
insert into locacao (usuario, exemplar, retirada, entrega) values (47, 5002, '2018-10-13', '2018-10-16');
insert into locacao (usuario, exemplar, retirada, entrega) values (3, 5002, '2018-12-13', '2018-12-16');
insert into locacao (usuario, exemplar, retirada, entrega) values (83, 5002, '2019-02-20', '2019-03-03');
insert into locacao (usuario, exemplar, retirada, entrega) values (45, 5003, '2018-03-31', '2018-04-02');
insert into locacao (usuario, exemplar, retirada, entrega) values (15, 5003, '2018-03-31', '2018-04-02');
insert into locacao (usuario, exemplar, retirada, entrega) values (79, 5003, '2018-05-26', '2018-06-01');
insert into locacao (usuario, exemplar, retirada, entrega) values (23, 5003, '2018-08-24', '2018-08-25');
insert into locacao (usuario, exemplar, retirada, entrega) values (95, 5003, '2018-10-29', '2018-11-04');
insert into locacao (usuario, exemplar, retirada, entrega) values (85, 5003, '2019-01-18', '2019-01-28');
insert into locacao (usuario, exemplar, retirada, entrega) values (32, 5003, '2019-02-08', '2019-02-14');
insert into locacao (usuario, exemplar, retirada, entrega) values (62, 6001, '2018-04-03', '2018-04-14');
insert into locacao (usuario, exemplar, retirada, entrega) values (49, 6001, '2018-06-30', '2018-07-05');
insert into locacao (usuario, exemplar, retirada, entrega) values (67, 6001, '2018-07-03', '2018-07-06');
insert into locacao (usuario, exemplar, retirada, entrega) values (29, 6001, '2018-07-24', '2018-07-28');
insert into locacao (usuario, exemplar, retirada, entrega) values (99, 6001, '2018-09-08', '2018-09-18');
insert into locacao (usuario, exemplar, retirada, entrega) values (46, 6001, '2018-12-06', '2018-12-10');
insert into locacao (usuario, exemplar, retirada, entrega) values (53, 6001, '2019-02-14', '2019-02-23');
insert into locacao (usuario, exemplar, retirada, entrega) values (14, 6001, '2019-04-28', '2019-05-04');
insert into locacao (usuario, exemplar, retirada, entrega) values (29, 6002, '2018-01-02', '2018-01-13');
insert into locacao (usuario, exemplar, retirada, entrega) values (50, 6002, '2018-01-17', '2018-01-28');
insert into locacao (usuario, exemplar, retirada, entrega) values (88, 6002, '2018-02-26', '2018-02-26');
insert into locacao (usuario, exemplar, retirada, entrega) values (57, 6002, '2018-04-17', '2018-04-25');
insert into locacao (usuario, exemplar, retirada, entrega) values (50, 6002, '2018-07-11', '2018-07-15');
insert into locacao (usuario, exemplar, retirada, entrega) values (48, 6002, '2018-09-02', '2018-09-15');
insert into locacao (usuario, exemplar, retirada, entrega) values (92, 6002, '2018-10-23', '2018-10-28');
insert into locacao (usuario, exemplar, retirada, entrega) values (92, 6002, '2018-12-22', '2019-01-02');
insert into locacao (usuario, exemplar, retirada, entrega) values (3, 6002, '2018-12-26', '2019-01-05');
insert into locacao (usuario, exemplar, retirada, entrega) values (8, 6002, '2019-03-05', '2019-03-16');
insert into locacao (usuario, exemplar, retirada, entrega) values (2, 6002, '2019-04-20', '2019-04-21');
insert into locacao (usuario, exemplar, retirada, entrega) values (41, 6003, '2018-01-29', '2018-01-31');
insert into locacao (usuario, exemplar, retirada, entrega) values (96, 6003, '2018-03-25', '2018-03-30');
insert into locacao (usuario, exemplar, retirada, entrega) values (63, 6003, '2018-06-18', '2018-06-19');
insert into locacao (usuario, exemplar, retirada, entrega) values (17, 6003, '2018-07-01', '2018-07-09');
insert into locacao (usuario, exemplar, retirada, entrega) values (11, 6003, '2018-09-06', '2018-09-13');
insert into locacao (usuario, exemplar, retirada, entrega) values (40, 6003, '2018-09-18', '2018-09-30');
insert into locacao (usuario, exemplar, retirada, entrega) values (77, 6003, '2018-11-29', '2018-12-07');
insert into locacao (usuario, exemplar, retirada, entrega) values (95, 6003, '2019-01-10', '2019-01-11');
insert into locacao (usuario, exemplar, retirada, entrega) values (4, 6003, '2019-03-04', '2019-03-10');
insert into locacao (usuario, exemplar, retirada, entrega) values (48, 6003, '2019-03-21', '2019-03-22');
insert into locacao (usuario, exemplar, retirada, entrega) values (87, 6003, '2019-04-26', '2019-05-06');
insert into locacao (usuario, exemplar, retirada, entrega) values (44, 6004, '2018-02-03', '2018-02-11');
insert into locacao (usuario, exemplar, retirada, entrega) values (60, 6004, '2018-04-19', '2018-04-24');
insert into locacao (usuario, exemplar, retirada, entrega) values (96, 6004, '2018-06-12', '2018-06-18');
insert into locacao (usuario, exemplar, retirada, entrega) values (42, 6004, '2018-09-12', '2018-09-19');
insert into locacao (usuario, exemplar, retirada, entrega) values (60, 6004, '2018-09-13', '2018-09-24');
insert into locacao (usuario, exemplar, retirada, entrega) values (59, 6004, '2018-12-04', '2018-12-12');
insert into locacao (usuario, exemplar, retirada, entrega) values (53, 6004, '2019-01-06', '2019-01-07');
insert into locacao (usuario, exemplar, retirada, entrega) values (46, 6004, '2019-03-15', '2019-03-20');
insert into locacao (usuario, exemplar, retirada, entrega) values (65, 6004, '2019-04-13', '2019-04-23');
insert into locacao (usuario, exemplar, retirada, entrega) values (45, 7001, '2018-02-10', '2018-02-16');
insert into locacao (usuario, exemplar, retirada, entrega) values (25, 7001, '2018-04-17', '2018-04-28');
insert into locacao (usuario, exemplar, retirada, entrega) values (96, 7001, '2018-06-04', '2018-06-08');
insert into locacao (usuario, exemplar, retirada, entrega) values (97, 7001, '2018-08-04', '2018-08-13');
insert into locacao (usuario, exemplar, retirada, entrega) values (32, 7001, '2018-09-08', '2018-09-11');
insert into locacao (usuario, exemplar, retirada, entrega) values (39, 7001, '2018-09-23', '2018-09-26');
insert into locacao (usuario, exemplar, retirada, entrega) values (84, 7001, '2018-10-14', '2018-10-19');
insert into locacao (usuario, exemplar, retirada, entrega) values (67, 7001, '2018-11-19', '2018-11-26');
insert into locacao (usuario, exemplar, retirada, entrega) values (48, 7001, '2019-02-24', '2019-03-03');
insert into locacao (usuario, exemplar, retirada, entrega) values (67, 7001, '2019-04-21', '2019-04-28');
insert into locacao (usuario, exemplar, retirada, entrega) values (37, 8001, '2018-01-15', '2018-01-16');
insert into locacao (usuario, exemplar, retirada, entrega) values (89, 8001, '2018-01-28', '2018-02-07');
insert into locacao (usuario, exemplar, retirada, entrega) values (49, 8001, '2018-01-30', '2018-02-07');
insert into locacao (usuario, exemplar, retirada, entrega) values (5, 8001, '2018-03-14', '2018-03-23');
insert into locacao (usuario, exemplar, retirada, entrega) values (30, 8001, '2018-04-16', '2018-04-29');
insert into locacao (usuario, exemplar, retirada, entrega) values (8, 8001, '2018-06-06', '2018-06-07');
insert into locacao (usuario, exemplar, retirada, entrega) values (33, 8001, '2018-08-05', '2018-08-17');
insert into locacao (usuario, exemplar, retirada, entrega) values (38, 8001, '2018-08-20', '2018-08-27');
insert into locacao (usuario, exemplar, retirada, entrega) values (92, 8001, '2018-08-28', '2018-08-29');
insert into locacao (usuario, exemplar, retirada, entrega) values (23, 8001, '2018-10-14', '2018-10-25');
insert into locacao (usuario, exemplar, retirada, entrega) values (7, 8001, '2018-12-06', '2018-12-10');
insert into locacao (usuario, exemplar, retirada, entrega) values (57, 8001, '2018-12-26', '2019-01-02');
insert into locacao (usuario, exemplar, retirada, entrega) values (34, 8001, '2019-04-04', '2019-04-15');
insert into locacao (usuario, exemplar, retirada, entrega) values (89, 8002, '2018-02-22', '2018-02-22');
insert into locacao (usuario, exemplar, retirada, entrega) values (97, 8002, '2018-03-11', '2018-03-12');
insert into locacao (usuario, exemplar, retirada, entrega) values (98, 8002, '2018-04-04', '2018-04-04');
insert into locacao (usuario, exemplar, retirada, entrega) values (5, 8002, '2018-05-04', '2018-05-04');
insert into locacao (usuario, exemplar, retirada, entrega) values (31, 8002, '2018-06-19', '2018-06-23');
insert into locacao (usuario, exemplar, retirada, entrega) values (92, 8002, '2018-08-16', '2018-08-28');
insert into locacao (usuario, exemplar, retirada, entrega) values (57, 8002, '2018-09-05', '2018-09-13');
insert into locacao (usuario, exemplar, retirada, entrega) values (38, 8002, '2018-10-16', '2018-10-23');
insert into locacao (usuario, exemplar, retirada, entrega) values (99, 8002, '2019-01-10', '2019-01-13');
insert into locacao (usuario, exemplar, retirada, entrega) values (23, 8002, '2019-03-21', '2019-03-30');
insert into locacao (usuario, exemplar, retirada, entrega) values (61, 8002, '2019-04-21', '2019-04-23');
insert into locacao (usuario, exemplar, retirada, entrega) values (35, 8003, '2018-03-04', '2018-03-10');
insert into locacao (usuario, exemplar, retirada, entrega) values (19, 8003, '2018-03-29', '2018-04-04');
insert into locacao (usuario, exemplar, retirada, entrega) values (46, 8003, '2018-06-15', '2018-06-23');
insert into locacao (usuario, exemplar, retirada, entrega) values (95, 8003, '2018-07-30', '2018-08-07');
insert into locacao (usuario, exemplar, retirada, entrega) values (70, 8003, '2018-09-01', '2018-09-04');
insert into locacao (usuario, exemplar, retirada, entrega) values (24, 8003, '2018-11-25', '2018-12-02');
insert into locacao (usuario, exemplar, retirada, entrega) values (24, 8003, '2018-12-01', '2018-12-05');
insert into locacao (usuario, exemplar, retirada, entrega) values (74, 8003, '2018-12-28', '2018-12-28');
insert into locacao (usuario, exemplar, retirada, entrega) values (80, 8003, '2019-03-22', '2019-03-31');
insert into locacao (usuario, exemplar, retirada, entrega) values (60, 8003, '2019-03-26', '2019-04-05');
insert into locacao (usuario, exemplar, retirada, entrega) values (60, 9001, '2018-02-28', '2018-03-10');
insert into locacao (usuario, exemplar, retirada, entrega) values (64, 9001, '2018-03-30', '2018-04-01');
insert into locacao (usuario, exemplar, retirada, entrega) values (76, 9001, '2018-06-13', '2018-06-16');
insert into locacao (usuario, exemplar, retirada, entrega) values (76, 9001, '2018-08-27', '2018-09-08');
insert into locacao (usuario, exemplar, retirada, entrega) values (15, 9001, '2018-11-08', '2018-11-15');
insert into locacao (usuario, exemplar, retirada, entrega) values (49, 9001, '2018-11-18', '2018-11-19');
insert into locacao (usuario, exemplar, retirada, entrega) values (88, 9001, '2018-11-27', '2018-12-05');
insert into locacao (usuario, exemplar, retirada, entrega) values (89, 9001, '2018-12-29', '2019-01-06');
insert into locacao (usuario, exemplar, retirada, entrega) values (45, 9001, '2019-03-13', '2019-03-13');
insert into locacao (usuario, exemplar, retirada, entrega) values (72, 9002, '2018-01-04', '2018-01-15');
insert into locacao (usuario, exemplar, retirada, entrega) values (59, 9002, '2018-03-02', '2018-03-02');
insert into locacao (usuario, exemplar, retirada, entrega) values (2, 9002, '2018-04-03', '2018-04-03');
insert into locacao (usuario, exemplar, retirada, entrega) values (52, 9002, '2018-06-24', '2018-06-30');
insert into locacao (usuario, exemplar, retirada, entrega) values (86, 9002, '2018-09-30', '2018-10-10');
insert into locacao (usuario, exemplar, retirada, entrega) values (61, 9002, '2018-12-26', '2019-01-02');
insert into locacao (usuario, exemplar, retirada, entrega) values (77, 9002, '2019-02-11', '2019-02-14');
insert into locacao (usuario, exemplar, retirada, entrega) values (9, 9003, '2018-01-05', '2018-01-12');
insert into locacao (usuario, exemplar, retirada, entrega) values (71, 9003, '2018-01-10', '2018-01-16');
insert into locacao (usuario, exemplar, retirada, entrega) values (44, 9003, '2018-02-08', '2018-02-09');
insert into locacao (usuario, exemplar, retirada, entrega) values (84, 9003, '2018-04-17', '2018-04-20');
insert into locacao (usuario, exemplar, retirada, entrega) values (24, 9003, '2018-05-11', '2018-05-13');
insert into locacao (usuario, exemplar, retirada, entrega) values (64, 9003, '2018-07-08', '2018-07-16');
insert into locacao (usuario, exemplar, retirada, entrega) values (58, 9003, '2018-08-08', '2018-08-18');
insert into locacao (usuario, exemplar, retirada, entrega) values (52, 9003, '2018-08-18', '2018-08-21');
insert into locacao (usuario, exemplar, retirada, entrega) values (35, 9003, '2018-10-11', '2018-10-18');
insert into locacao (usuario, exemplar, retirada, entrega) values (16, 9003, '2019-01-07', '2019-01-15');
insert into locacao (usuario, exemplar, retirada, entrega) values (93, 9003, '2019-04-04', '2019-04-08');
insert into locacao (usuario, exemplar, retirada, entrega) values (65, 9003, '2019-04-14', '2019-04-21');
insert into locacao (usuario, exemplar, retirada, entrega) values (10, 9004, '2018-01-29', '2018-02-08');
insert into locacao (usuario, exemplar, retirada, entrega) values (42, 9004, '2018-04-01', '2018-04-07');
insert into locacao (usuario, exemplar, retirada, entrega) values (99, 9004, '2018-04-25', '2018-05-07');
insert into locacao (usuario, exemplar, retirada, entrega) values (61, 9004, '2018-05-29', '2018-06-03');
insert into locacao (usuario, exemplar, retirada, entrega) values (6, 9004, '2018-08-04', '2018-08-15');
insert into locacao (usuario, exemplar, retirada, entrega) values (89, 9004, '2018-08-17', '2018-08-28');
insert into locacao (usuario, exemplar, retirada, entrega) values (97, 9004, '2018-11-09', '2018-11-10');
insert into locacao (usuario, exemplar, retirada, entrega) values (23, 9004, '2018-11-09', '2018-11-15');
insert into locacao (usuario, exemplar, retirada, entrega) values (96, 9004, '2018-11-18', '2018-11-21');
insert into locacao (usuario, exemplar, retirada, entrega) values (6, 9004, '2019-02-13', '2019-02-24');
insert into locacao (usuario, exemplar, retirada, entrega) values (65, 9004, '2019-02-18', '2019-02-23');
insert into locacao (usuario, exemplar, retirada, entrega) values (20, 9004, '2019-03-03', '2019-03-07');
insert into locacao (usuario, exemplar, retirada, entrega) values (13, 9004, '2019-04-09', '2019-04-15');
insert into locacao (usuario, exemplar, retirada, entrega) values (1, 10001, '2018-03-24', '2018-04-01');
insert into locacao (usuario, exemplar, retirada, entrega) values (85, 10001, '2018-06-11', '2018-06-22');
insert into locacao (usuario, exemplar, retirada, entrega) values (44, 10001, '2018-08-06', '2018-08-07');
insert into locacao (usuario, exemplar, retirada, entrega) values (44, 10001, '2018-08-19', '2018-08-31');
insert into locacao (usuario, exemplar, retirada, entrega) values (98, 10001, '2018-11-19', '2018-11-26');
insert into locacao (usuario, exemplar, retirada, entrega) values (75, 10001, '2018-12-17', '2018-12-25');
insert into locacao (usuario, exemplar, retirada, entrega) values (97, 10001, '2019-02-02', '2019-02-13');
insert into locacao (usuario, exemplar, retirada, entrega) values (20, 10002, '2018-02-08', '2018-02-08');
insert into locacao (usuario, exemplar, retirada, entrega) values (55, 10002, '2018-03-09', '2018-03-09');
insert into locacao (usuario, exemplar, retirada, entrega) values (76, 10002, '2018-06-14', '2018-06-24');
insert into locacao (usuario, exemplar, retirada, entrega) values (79, 10002, '2018-09-17', '2018-09-25');
insert into locacao (usuario, exemplar, retirada, entrega) values (85, 10002, '2018-09-28', '2018-10-11');
insert into locacao (usuario, exemplar, retirada, entrega) values (33, 10002, '2018-10-08', '2018-10-16');
insert into locacao (usuario, exemplar, retirada, entrega) values (67, 10002, '2018-11-15', '2018-11-19');
insert into locacao (usuario, exemplar, retirada, entrega) values (6, 10002, '2019-01-10', '2019-01-15');
insert into locacao (usuario, exemplar, retirada, entrega) values (50, 10002, '2019-02-22', '2019-02-27');
insert into locacao (usuario, exemplar, retirada, entrega) values (70, 11001, '2018-02-09', '2018-02-11');
insert into locacao (usuario, exemplar, retirada, entrega) values (6, 11001, '2018-02-26', '2018-03-10');
insert into locacao (usuario, exemplar, retirada, entrega) values (77, 11001, '2018-05-08', '2018-05-16');
insert into locacao (usuario, exemplar, retirada, entrega) values (29, 11001, '2018-07-14', '2018-07-16');
insert into locacao (usuario, exemplar, retirada, entrega) values (35, 11001, '2018-08-24', '2018-08-25');
insert into locacao (usuario, exemplar, retirada, entrega) values (91, 11001, '2018-10-03', '2018-10-13');
insert into locacao (usuario, exemplar, retirada, entrega) values (61, 11001, '2018-12-05', '2018-12-12');
insert into locacao (usuario, exemplar, retirada, entrega) values (88, 11001, '2019-01-19', '2019-02-01');
insert into locacao (usuario, exemplar, retirada, entrega) values (32, 11001, '2019-04-17', '2019-04-25');
insert into locacao (usuario, exemplar, retirada, entrega) values (48, 11002, '2018-02-04', '2018-02-06');
insert into locacao (usuario, exemplar, retirada, entrega) values (60, 11002, '2018-03-24', '2018-03-25');
insert into locacao (usuario, exemplar, retirada, entrega) values (10, 11002, '2018-06-03', '2018-06-11');
insert into locacao (usuario, exemplar, retirada, entrega) values (50, 11002, '2018-06-04', '2018-06-17');
insert into locacao (usuario, exemplar, retirada, entrega) values (20, 11002, '2018-09-08', '2018-09-13');
insert into locacao (usuario, exemplar, retirada, entrega) values (45, 11002, '2018-11-19', '2018-11-22');
insert into locacao (usuario, exemplar, retirada, entrega) values (95, 11002, '2019-02-06', '2019-02-09');
insert into locacao (usuario, exemplar, retirada, entrega) values (48, 11002, '2019-02-18', '2019-03-03');
insert into locacao (usuario, exemplar, retirada, entrega) values (7, 11003, '2018-02-01', '2018-02-13');
insert into locacao (usuario, exemplar, retirada, entrega) values (7, 11003, '2018-02-28', '2018-03-07');
insert into locacao (usuario, exemplar, retirada, entrega) values (24, 11003, '2018-03-18', '2018-03-29');
insert into locacao (usuario, exemplar, retirada, entrega) values (49, 11003, '2018-05-27', '2018-05-29');
insert into locacao (usuario, exemplar, retirada, entrega) values (49, 11003, '2018-05-28', '2018-06-01');
insert into locacao (usuario, exemplar, retirada, entrega) values (58, 11003, '2018-07-06', '2018-07-16');
insert into locacao (usuario, exemplar, retirada, entrega) values (12, 11003, '2018-10-13', '2018-10-24');
insert into locacao (usuario, exemplar, retirada, entrega) values (46, 11003, '2018-11-11', '2018-11-17');
insert into locacao (usuario, exemplar, retirada, entrega) values (20, 11003, '2019-01-01', '2019-01-03');
insert into locacao (usuario, exemplar, retirada, entrega) values (100, 11003, '2019-02-23', '2019-02-24');
insert into locacao (usuario, exemplar, retirada, entrega) values (53, 11003, '2019-04-15', '2019-04-25');
insert into locacao (usuario, exemplar, retirada, entrega) values (59, 11004, '2018-02-11', '2018-02-22');
insert into locacao (usuario, exemplar, retirada, entrega) values (19, 11004, '2018-02-21', '2018-02-28');
insert into locacao (usuario, exemplar, retirada, entrega) values (5, 11004, '2018-04-15', '2018-04-22');
insert into locacao (usuario, exemplar, retirada, entrega) values (16, 11004, '2018-06-14', '2018-06-25');
insert into locacao (usuario, exemplar, retirada, entrega) values (17, 11004, '2018-09-03', '2018-09-10');
insert into locacao (usuario, exemplar, retirada, entrega) values (75, 11004, '2018-09-16', '2018-09-29');
insert into locacao (usuario, exemplar, retirada, entrega) values (37, 11004, '2018-11-21', '2018-11-23');
insert into locacao (usuario, exemplar, retirada, entrega) values (100, 11004, '2019-01-30', '2019-02-09');
insert into locacao (usuario, exemplar, retirada, entrega) values (53, 12001, '2018-03-29', '2018-04-06');
insert into locacao (usuario, exemplar, retirada, entrega) values (66, 12001, '2018-06-07', '2018-06-16');
insert into locacao (usuario, exemplar, retirada, entrega) values (66, 12001, '2018-08-29', '2018-09-06');
insert into locacao (usuario, exemplar, retirada, entrega) values (96, 12001, '2018-09-21', '2018-09-21');
insert into locacao (usuario, exemplar, retirada, entrega) values (79, 12001, '2018-10-29', '2018-11-10');
insert into locacao (usuario, exemplar, retirada, entrega) values (78, 12001, '2018-11-06', '2018-11-12');
insert into locacao (usuario, exemplar, retirada, entrega) values (20, 12001, '2018-11-22', '2018-12-02');
insert into locacao (usuario, exemplar, retirada, entrega) values (57, 12001, '2019-02-28', '2019-03-01');
insert into locacao (usuario, exemplar, retirada, entrega) values (23, 12001, '2019-03-30', '2019-03-30');
insert into locacao (usuario, exemplar, retirada, entrega) values (53, 13001, '2018-01-04', '2018-01-07');
insert into locacao (usuario, exemplar, retirada, entrega) values (79, 13001, '2018-03-07', '2018-03-16');
insert into locacao (usuario, exemplar, retirada, entrega) values (58, 13001, '2018-06-06', '2018-06-15');
insert into locacao (usuario, exemplar, retirada, entrega) values (48, 13001, '2018-06-14', '2018-06-18');
insert into locacao (usuario, exemplar, retirada, entrega) values (49, 13001, '2018-09-04', '2018-09-17');
insert into locacao (usuario, exemplar, retirada, entrega) values (45, 13001, '2018-09-18', '2018-09-30');
insert into locacao (usuario, exemplar, retirada, entrega) values (13, 13001, '2018-12-20', '2018-12-29');
insert into locacao (usuario, exemplar, retirada, entrega) values (17, 13001, '2018-12-24', '2019-01-03');
insert into locacao (usuario, exemplar, retirada, entrega) values (78, 13001, '2019-02-12', '2019-02-19');
insert into locacao (usuario, exemplar, retirada, entrega) values (45, 13001, '2019-02-12', '2019-02-21');
insert into locacao (usuario, exemplar, retirada, entrega) values (27, 13002, '2018-02-01', '2018-02-09');
insert into locacao (usuario, exemplar, retirada, entrega) values (51, 13002, '2018-03-15', '2018-03-23');
insert into locacao (usuario, exemplar, retirada, entrega) values (37, 13002, '2018-03-15', '2018-03-23');
insert into locacao (usuario, exemplar, retirada, entrega) values (35, 13002, '2018-04-07', '2018-04-20');
insert into locacao (usuario, exemplar, retirada, entrega) values (20, 13002, '2018-04-08', '2018-04-12');
insert into locacao (usuario, exemplar, retirada, entrega) values (87, 13002, '2018-05-15', '2018-05-17');
insert into locacao (usuario, exemplar, retirada, entrega) values (84, 13002, '2018-06-06', '2018-06-19');
insert into locacao (usuario, exemplar, retirada, entrega) values (43, 13002, '2018-09-13', '2018-09-17');
insert into locacao (usuario, exemplar, retirada, entrega) values (4, 13002, '2018-11-08', '2018-11-10');
insert into locacao (usuario, exemplar, retirada, entrega) values (78, 13002, '2019-02-02', '2019-02-12');
insert into locacao (usuario, exemplar, retirada, entrega) values (82, 13002, '2019-04-16', '2019-04-25');
insert into locacao (usuario, exemplar, retirada, entrega) values (92, 13002, '2019-04-21', '2019-04-27');
insert into locacao (usuario, exemplar, retirada, entrega) values (62, 13003, '2018-01-18', '2018-01-22');
insert into locacao (usuario, exemplar, retirada, entrega) values (48, 13003, '2018-04-06', '2018-04-10');
insert into locacao (usuario, exemplar, retirada, entrega) values (77, 13003, '2018-07-02', '2018-07-03');
insert into locacao (usuario, exemplar, retirada, entrega) values (38, 13003, '2018-07-20', '2018-07-26');
insert into locacao (usuario, exemplar, retirada, entrega) values (63, 13003, '2018-09-09', '2018-09-19');
insert into locacao (usuario, exemplar, retirada, entrega) values (73, 13003, '2018-10-26', '2018-11-03');
insert into locacao (usuario, exemplar, retirada, entrega) values (53, 13003, '2018-11-14', '2018-11-15');
insert into locacao (usuario, exemplar, retirada, entrega) values (76, 13003, '2019-01-27', '2019-01-31');
insert into locacao (usuario, exemplar, retirada, entrega) values (55, 13003, '2019-04-21', '2019-04-26');
insert into locacao (usuario, exemplar, retirada, entrega) values (100, 13004, '2018-01-31', '2018-02-11');
insert into locacao (usuario, exemplar, retirada, entrega) values (62, 13004, '2018-03-21', '2018-03-26');
insert into locacao (usuario, exemplar, retirada, entrega) values (36, 13004, '2018-04-08', '2018-04-16');
insert into locacao (usuario, exemplar, retirada, entrega) values (71, 13004, '2018-05-22', '2018-06-01');
insert into locacao (usuario, exemplar, retirada, entrega) values (98, 13004, '2018-06-26', '2018-07-03');
insert into locacao (usuario, exemplar, retirada, entrega) values (98, 13004, '2018-08-30', '2018-09-02');
insert into locacao (usuario, exemplar, retirada, entrega) values (99, 13004, '2018-10-19', '2018-10-23');
insert into locacao (usuario, exemplar, retirada, entrega) values (96, 13004, '2018-11-28', '2018-12-08');
insert into locacao (usuario, exemplar, retirada, entrega) values (9, 13004, '2018-12-19', '2018-12-24');
insert into locacao (usuario, exemplar, retirada, entrega) values (79, 13004, '2018-12-22', '2018-12-25');
insert into locacao (usuario, exemplar, retirada, entrega) values (54, 13004, '2019-02-13', '2019-02-13');
insert into locacao (usuario, exemplar, retirada, entrega) values (33, 13004, '2019-03-25', '2019-04-04');
insert into locacao (usuario, exemplar, retirada, entrega) values (60, 13004, '2019-04-24', '2019-05-06');
insert into locacao (usuario, exemplar, retirada, entrega) values (34, 14001, '2018-02-04', '2018-02-12');
insert into locacao (usuario, exemplar, retirada, entrega) values (32, 14001, '2018-02-28', '2018-03-08');
insert into locacao (usuario, exemplar, retirada, entrega) values (95, 14001, '2018-03-11', '2018-03-18');
insert into locacao (usuario, exemplar, retirada, entrega) values (22, 14001, '2018-06-16', '2018-06-18');
insert into locacao (usuario, exemplar, retirada, entrega) values (11, 14001, '2018-08-15', '2018-08-25');
insert into locacao (usuario, exemplar, retirada, entrega) values (85, 14001, '2018-10-13', '2018-10-21');
insert into locacao (usuario, exemplar, retirada, entrega) values (82, 14001, '2018-10-13', '2018-10-19');
insert into locacao (usuario, exemplar, retirada, entrega) values (44, 14001, '2019-01-05', '2019-01-12');
insert into locacao (usuario, exemplar, retirada, entrega) values (16, 14001, '2019-04-12', '2019-04-15');
insert into locacao (usuario, exemplar, retirada, entrega) values (25, 14002, '2018-03-14', '2018-03-16');
insert into locacao (usuario, exemplar, retirada, entrega) values (91, 14002, '2018-05-10', '2018-05-23');
insert into locacao (usuario, exemplar, retirada, entrega) values (9, 14002, '2018-07-16', '2018-07-23');
insert into locacao (usuario, exemplar, retirada, entrega) values (74, 14002, '2018-09-01', '2018-09-09');
insert into locacao (usuario, exemplar, retirada, entrega) values (26, 14002, '2018-11-30', '2018-11-30');
insert into locacao (usuario, exemplar, retirada, entrega) values (89, 14002, '2019-02-06', '2019-02-14');
insert into locacao (usuario, exemplar, retirada, entrega) values (18, 14003, '2018-03-19', '2018-03-22');
insert into locacao (usuario, exemplar, retirada, entrega) values (34, 14003, '2018-04-29', '2018-05-06');
insert into locacao (usuario, exemplar, retirada, entrega) values (93, 14003, '2018-05-07', '2018-05-17');
insert into locacao (usuario, exemplar, retirada, entrega) values (2, 14003, '2018-06-19', '2018-06-24');
insert into locacao (usuario, exemplar, retirada, entrega) values (77, 14003, '2018-08-10', '2018-08-22');
insert into locacao (usuario, exemplar, retirada, entrega) values (64, 14003, '2018-11-07', '2018-11-20');
insert into locacao (usuario, exemplar, retirada, entrega) values (92, 14003, '2018-12-21', '2018-12-28');
insert into locacao (usuario, exemplar, retirada, entrega) values (65, 14003, '2019-02-02', '2019-02-14');
insert into locacao (usuario, exemplar, retirada, entrega) values (38, 14003, '2019-02-20', '2019-02-22');
insert into locacao (usuario, exemplar, retirada, entrega) values (53, 14003, '2019-04-18', '2019-04-19');
insert into locacao (usuario, exemplar, retirada, entrega) values (73, 15001, '2018-03-28', '2018-04-04');
insert into locacao (usuario, exemplar, retirada, entrega) values (48, 15001, '2018-05-24', '2018-06-04');
insert into locacao (usuario, exemplar, retirada, entrega) values (6, 15001, '2018-06-25', '2018-07-08');
insert into locacao (usuario, exemplar, retirada, entrega) values (86, 15001, '2018-09-01', '2018-09-13');
insert into locacao (usuario, exemplar, retirada, entrega) values (16, 15001, '2018-12-07', '2018-12-13');
insert into locacao (usuario, exemplar, retirada, entrega) values (61, 15001, '2019-01-30', '2019-01-31');
insert into locacao (usuario, exemplar, retirada, entrega) values (27, 15001, '2019-03-16', '2019-03-18');
insert into locacao (usuario, exemplar, retirada, entrega) values (62, 15001, '2019-04-25', '2019-05-01');
insert into locacao (usuario, exemplar, retirada, entrega) values (62, 15002, '2018-02-14', '2018-02-19');
insert into locacao (usuario, exemplar, retirada, entrega) values (69, 15002, '2018-04-21', '2018-05-04');
insert into locacao (usuario, exemplar, retirada, entrega) values (6, 15002, '2018-07-17', '2018-07-25');
insert into locacao (usuario, exemplar, retirada, entrega) values (60, 15002, '2018-08-09', '2018-08-15');
insert into locacao (usuario, exemplar, retirada, entrega) values (96, 15002, '2018-08-31', '2018-09-06');
insert into locacao (usuario, exemplar, retirada, entrega) values (76, 15002, '2018-11-28', '2018-12-08');
insert into locacao (usuario, exemplar, retirada, entrega) values (94, 15002, '2018-12-08', '2018-12-17');
insert into locacao (usuario, exemplar, retirada, entrega) values (57, 15002, '2019-01-21', '2019-01-21');
insert into locacao (usuario, exemplar, retirada, entrega) values (95, 15002, '2019-01-31', '2019-02-02');
insert into locacao (usuario, exemplar, retirada, entrega) values (72, 15002, '2019-03-13', '2019-03-21');
insert into locacao (usuario, exemplar, retirada, entrega) values (67, 15002, '2019-04-28', '2019-05-01');
insert into locacao (usuario, exemplar, retirada, entrega) values (24, 15003, '2018-02-17', '2018-02-19');
insert into locacao (usuario, exemplar, retirada, entrega) values (98, 15003, '2018-04-27', '2018-04-27');
insert into locacao (usuario, exemplar, retirada, entrega) values (64, 15003, '2018-07-24', '2018-08-02');
insert into locacao (usuario, exemplar, retirada, entrega) values (50, 15003, '2018-08-05', '2018-08-13');
insert into locacao (usuario, exemplar, retirada, entrega) values (87, 15003, '2018-10-31', '2018-11-12');
insert into locacao (usuario, exemplar, retirada, entrega) values (78, 15003, '2018-11-10', '2018-11-23');
insert into locacao (usuario, exemplar, retirada, entrega) values (2, 15003, '2019-02-08', '2019-02-11');
insert into locacao (usuario, exemplar, retirada, entrega) values (81, 15004, '2018-04-06', '2018-04-18');
insert into locacao (usuario, exemplar, retirada, entrega) values (75, 15004, '2018-06-01', '2018-06-14');
insert into locacao (usuario, exemplar, retirada, entrega) values (45, 15004, '2018-07-20', '2018-08-01');
insert into locacao (usuario, exemplar, retirada, entrega) values (15, 15004, '2018-08-06', '2018-08-17');
insert into locacao (usuario, exemplar, retirada, entrega) values (86, 15004, '2018-09-04', '2018-09-09');
insert into locacao (usuario, exemplar, retirada, entrega) values (94, 15004, '2018-09-09', '2018-09-16');
insert into locacao (usuario, exemplar, retirada, entrega) values (36, 15004, '2018-09-21', '2018-09-27');
insert into locacao (usuario, exemplar, retirada, entrega) values (59, 15004, '2018-12-14', '2018-12-18');
insert into locacao (usuario, exemplar, retirada, entrega) values (20, 15004, '2019-02-27', '2019-02-28');
insert into locacao (usuario, exemplar, retirada, entrega) values (88, 16001, '2018-02-05', '2018-02-16');
insert into locacao (usuario, exemplar, retirada, entrega) values (8, 16001, '2018-02-17', '2018-02-21');
insert into locacao (usuario, exemplar, retirada, entrega) values (83, 16001, '2018-04-11', '2018-04-12');
insert into locacao (usuario, exemplar, retirada, entrega) values (95, 16001, '2018-05-20', '2018-05-29');
insert into locacao (usuario, exemplar, retirada, entrega) values (15, 16001, '2018-08-11', '2018-08-13');
insert into locacao (usuario, exemplar, retirada, entrega) values (41, 16001, '2018-09-24', '2018-10-01');
insert into locacao (usuario, exemplar, retirada, entrega) values (17, 16001, '2018-12-01', '2018-12-05');
insert into locacao (usuario, exemplar, retirada, entrega) values (57, 16001, '2019-02-26', '2019-03-03');
insert into locacao (usuario, exemplar, retirada, entrega) values (42, 16002, '2018-01-12', '2018-01-14');
insert into locacao (usuario, exemplar, retirada, entrega) values (88, 16002, '2018-04-12', '2018-04-24');
insert into locacao (usuario, exemplar, retirada, entrega) values (15, 16002, '2018-07-06', '2018-07-06');
insert into locacao (usuario, exemplar, retirada, entrega) values (43, 16002, '2018-08-10', '2018-08-13');
insert into locacao (usuario, exemplar, retirada, entrega) values (66, 16002, '2018-09-07', '2018-09-07');
insert into locacao (usuario, exemplar, retirada, entrega) values (34, 16002, '2018-11-13', '2018-11-25');
insert into locacao (usuario, exemplar, retirada, entrega) values (25, 16002, '2019-01-30', '2019-02-03');
insert into locacao (usuario, exemplar, retirada, entrega) values (74, 16002, '2019-02-06', '2019-02-09');
insert into locacao (usuario, exemplar, retirada, entrega) values (10, 16002, '2019-03-09', '2019-03-14');
insert into locacao (usuario, exemplar, retirada, entrega) values (56, 16002, '2019-03-14', '2019-03-23');
insert into locacao (usuario, exemplar, retirada, entrega) values (30, 16003, '2018-01-28', '2018-02-03');
insert into locacao (usuario, exemplar, retirada, entrega) values (24, 16003, '2018-04-16', '2018-04-24');
insert into locacao (usuario, exemplar, retirada, entrega) values (75, 16003, '2018-06-01', '2018-06-08');
insert into locacao (usuario, exemplar, retirada, entrega) values (63, 16003, '2018-06-29', '2018-07-04');
insert into locacao (usuario, exemplar, retirada, entrega) values (13, 16003, '2018-08-31', '2018-09-12');
insert into locacao (usuario, exemplar, retirada, entrega) values (86, 16003, '2018-09-25', '2018-09-26');
insert into locacao (usuario, exemplar, retirada, entrega) values (29, 16003, '2018-12-28', '2018-12-30');
insert into locacao (usuario, exemplar, retirada, entrega) values (73, 16003, '2019-01-12', '2019-01-15');
insert into locacao (usuario, exemplar, retirada, entrega) values (50, 16003, '2019-01-16', '2019-01-16');
insert into locacao (usuario, exemplar, retirada, entrega) values (82, 16003, '2019-04-13', '2019-04-26');
insert into locacao (usuario, exemplar, retirada, entrega) values (75, 16004, '2018-01-24', '2018-01-30');
insert into locacao (usuario, exemplar, retirada, entrega) values (74, 16004, '2018-04-29', '2018-05-10');
insert into locacao (usuario, exemplar, retirada, entrega) values (57, 16004, '2018-06-05', '2018-06-11');
insert into locacao (usuario, exemplar, retirada, entrega) values (60, 16004, '2018-07-16', '2018-07-21');
insert into locacao (usuario, exemplar, retirada, entrega) values (54, 16004, '2018-10-19', '2018-10-31');
insert into locacao (usuario, exemplar, retirada, entrega) values (10, 16004, '2019-01-15', '2019-01-17');
insert into locacao (usuario, exemplar, retirada, entrega) values (7, 16004, '2019-03-21', '2019-03-21');
insert into locacao (usuario, exemplar, retirada, entrega) values (32, 16004, '2019-04-09', '2019-04-20');
insert into locacao (usuario, exemplar, retirada, entrega) values (96, 16005, '2018-02-13', '2018-02-23');
insert into locacao (usuario, exemplar, retirada, entrega) values (91, 16005, '2018-05-09', '2018-05-21');
insert into locacao (usuario, exemplar, retirada, entrega) values (1, 16005, '2018-06-18', '2018-06-22');
insert into locacao (usuario, exemplar, retirada, entrega) values (7, 16005, '2018-07-28', '2018-07-30');
insert into locacao (usuario, exemplar, retirada, entrega) values (37, 16005, '2018-07-30', '2018-07-30');
insert into locacao (usuario, exemplar, retirada, entrega) values (24, 16005, '2018-08-28', '2018-09-01');
insert into locacao (usuario, exemplar, retirada, entrega) values (26, 16005, '2018-11-10', '2018-11-13');
insert into locacao (usuario, exemplar, retirada, entrega) values (74, 16005, '2018-11-21', '2018-11-25');
insert into locacao (usuario, exemplar, retirada, entrega) values (58, 16005, '2019-01-18', '2019-01-24');
insert into locacao (usuario, exemplar, retirada, entrega) values (43, 16005, '2019-03-06', '2019-03-16');
insert into locacao (usuario, exemplar, retirada, entrega) values (82, 17001, '2018-03-31', '2018-04-13');
insert into locacao (usuario, exemplar, retirada, entrega) values (70, 17001, '2018-06-24', '2018-06-30');
insert into locacao (usuario, exemplar, retirada, entrega) values (86, 17001, '2018-08-23', '2018-08-27');
insert into locacao (usuario, exemplar, retirada, entrega) values (54, 17001, '2018-09-07', '2018-09-12');
insert into locacao (usuario, exemplar, retirada, entrega) values (45, 17001, '2018-11-24', '2018-11-26');
insert into locacao (usuario, exemplar, retirada, entrega) values (50, 17001, '2019-01-25', '2019-01-31');
insert into locacao (usuario, exemplar, retirada, entrega) values (40, 17001, '2019-01-25', '2019-01-28');
insert into locacao (usuario, exemplar, retirada, entrega) values (81, 17001, '2019-04-17', '2019-04-18');
insert into locacao (usuario, exemplar, retirada, entrega) values (39, 18001, '2018-01-22', '2018-02-02');
insert into locacao (usuario, exemplar, retirada, entrega) values (70, 18001, '2018-03-23', '2018-03-24');
insert into locacao (usuario, exemplar, retirada, entrega) values (6, 18001, '2018-05-19', '2018-06-01');
insert into locacao (usuario, exemplar, retirada, entrega) values (100, 18001, '2018-06-14', '2018-06-19');
insert into locacao (usuario, exemplar, retirada, entrega) values (61, 18001, '2018-06-14', '2018-06-25');
insert into locacao (usuario, exemplar, retirada, entrega) values (11, 18001, '2018-08-09', '2018-08-11');
insert into locacao (usuario, exemplar, retirada, entrega) values (64, 18001, '2018-09-24', '2018-09-26');
insert into locacao (usuario, exemplar, retirada, entrega) values (52, 18001, '2018-11-19', '2018-11-23');
insert into locacao (usuario, exemplar, retirada, entrega) values (51, 18001, '2019-02-10', '2019-02-12');
insert into locacao (usuario, exemplar, retirada, entrega) values (31, 18001, '2019-03-28', '2019-04-06');
insert into locacao (usuario, exemplar, retirada, entrega) values (23, 19001, '2018-01-08', '2018-01-11');
insert into locacao (usuario, exemplar, retirada, entrega) values (61, 19001, '2018-02-10', '2018-02-18');
insert into locacao (usuario, exemplar, retirada, entrega) values (20, 19001, '2018-05-02', '2018-05-05');
insert into locacao (usuario, exemplar, retirada, entrega) values (25, 19001, '2018-06-18', '2018-06-27');
insert into locacao (usuario, exemplar, retirada, entrega) values (94, 19001, '2018-07-27', '2018-07-30');
insert into locacao (usuario, exemplar, retirada, entrega) values (64, 19001, '2018-10-27', '2018-11-02');
insert into locacao (usuario, exemplar, retirada, entrega) values (7, 19001, '2018-12-06', '2018-12-08');
insert into locacao (usuario, exemplar, retirada, entrega) values (34, 19001, '2019-02-11', '2019-02-11');
insert into locacao (usuario, exemplar, retirada, entrega) values (29, 19001, '2019-03-17', '2019-03-27');
insert into locacao (usuario, exemplar, retirada, entrega) values (23, 19002, '2018-02-02', '2018-02-05');
insert into locacao (usuario, exemplar, retirada, entrega) values (14, 19002, '2018-05-05', '2018-05-07');
insert into locacao (usuario, exemplar, retirada, entrega) values (65, 19002, '2018-06-25', '2018-06-29');
insert into locacao (usuario, exemplar, retirada, entrega) values (87, 19002, '2018-07-11', '2018-07-12');
insert into locacao (usuario, exemplar, retirada, entrega) values (76, 19002, '2018-09-13', '2018-09-14');
insert into locacao (usuario, exemplar, retirada, entrega) values (88, 19002, '2018-12-19', '2018-12-21');
insert into locacao (usuario, exemplar, retirada, entrega) values (35, 19002, '2019-02-23', '2019-02-26');
insert into locacao (usuario, exemplar, retirada, entrega) values (99, 19002, '2019-04-04', '2019-04-14');
insert into locacao (usuario, exemplar, retirada, entrega) values (15, 19003, '2018-03-04', '2018-03-12');
insert into locacao (usuario, exemplar, retirada, entrega) values (65, 19003, '2018-06-11', '2018-06-21');
insert into locacao (usuario, exemplar, retirada, entrega) values (39, 19003, '2018-06-26', '2018-07-08');
insert into locacao (usuario, exemplar, retirada, entrega) values (43, 19003, '2018-07-23', '2018-07-24');
insert into locacao (usuario, exemplar, retirada, entrega) values (15, 19003, '2018-09-19', '2018-09-30');
insert into locacao (usuario, exemplar, retirada, entrega) values (31, 19003, '2018-11-08', '2018-11-10');
insert into locacao (usuario, exemplar, retirada, entrega) values (36, 19003, '2019-01-04', '2019-01-17');
insert into locacao (usuario, exemplar, retirada, entrega) values (44, 19003, '2019-01-21', '2019-01-24');
insert into locacao (usuario, exemplar, retirada, entrega) values (50, 19003, '2019-04-14', '2019-04-22');
insert into locacao (usuario, exemplar, retirada, entrega) values (97, 19003, '2019-04-23', '2019-04-26');
insert into locacao (usuario, exemplar, retirada, entrega) values (70, 19004, '2018-01-28', '2018-02-09');
insert into locacao (usuario, exemplar, retirada, entrega) values (32, 19004, '2018-04-07', '2018-04-10');
insert into locacao (usuario, exemplar, retirada, entrega) values (11, 19004, '2018-06-20', '2018-07-02');
insert into locacao (usuario, exemplar, retirada, entrega) values (93, 19004, '2018-07-23', '2018-07-27');
insert into locacao (usuario, exemplar, retirada, entrega) values (2, 19004, '2018-09-07', '2018-09-10');
insert into locacao (usuario, exemplar, retirada, entrega) values (26, 19004, '2018-09-07', '2018-09-19');
insert into locacao (usuario, exemplar, retirada, entrega) values (47, 19004, '2018-11-24', '2018-12-07');
insert into locacao (usuario, exemplar, retirada, entrega) values (44, 19004, '2018-12-04', '2018-12-15');
insert into locacao (usuario, exemplar, retirada, entrega) values (9, 19004, '2019-02-27', '2019-03-09');
insert into locacao (usuario, exemplar, retirada, entrega) values (64, 19004, '2019-04-07', '2019-04-20');
insert into locacao (usuario, exemplar, retirada, entrega) values (30, 19005, '2018-02-19', '2018-03-04');
insert into locacao (usuario, exemplar, retirada, entrega) values (20, 19005, '2018-05-06', '2018-05-17');
insert into locacao (usuario, exemplar, retirada, entrega) values (19, 19005, '2018-07-15', '2018-07-25');
insert into locacao (usuario, exemplar, retirada, entrega) values (66, 19005, '2018-08-12', '2018-08-13');
insert into locacao (usuario, exemplar, retirada, entrega) values (26, 19005, '2018-08-28', '2018-08-29');
insert into locacao (usuario, exemplar, retirada, entrega) values (54, 19005, '2018-09-01', '2018-09-01');
insert into locacao (usuario, exemplar, retirada, entrega) values (43, 19005, '2018-09-10', '2018-09-15');
insert into locacao (usuario, exemplar, retirada, entrega) values (78, 19005, '2018-10-12', '2018-10-13');
insert into locacao (usuario, exemplar, retirada, entrega) values (80, 19005, '2019-01-07', '2019-01-18');
insert into locacao (usuario, exemplar, retirada, entrega) values (17, 19005, '2019-01-10', '2019-01-16');
insert into locacao (usuario, exemplar, retirada, entrega) values (16, 19005, '2019-01-13', '2019-01-17');
insert into locacao (usuario, exemplar, retirada, entrega) values (100, 19005, '2019-03-08', '2019-03-17');
insert into locacao (usuario, exemplar, retirada, entrega) values (45, 20001, '2018-02-01', '2018-02-14');
insert into locacao (usuario, exemplar, retirada, entrega) values (29, 20001, '2018-03-27', '2018-03-28');
insert into locacao (usuario, exemplar, retirada, entrega) values (72, 20001, '2018-05-21', '2018-06-02');
insert into locacao (usuario, exemplar, retirada, entrega) values (56, 20001, '2018-07-18', '2018-07-19');
insert into locacao (usuario, exemplar, retirada, entrega) values (68, 20001, '2018-09-30', '2018-10-07');
insert into locacao (usuario, exemplar, retirada, entrega) values (9, 20001, '2018-10-21', '2018-11-03');
insert into locacao (usuario, exemplar, retirada, entrega) values (88, 20001, '2018-11-18', '2018-11-22');
insert into locacao (usuario, exemplar, retirada, entrega) values (66, 20001, '2019-02-20', '2019-03-02');
insert into locacao (usuario, exemplar, retirada, entrega) values (80, 20001, '2019-02-25', '2019-02-26');
insert into locacao (usuario, exemplar, retirada, entrega) values (76, 20001, '2019-04-05', '2019-04-08');
insert into locacao (usuario, exemplar, retirada, entrega) values (89, 20002, '2018-02-05', '2018-02-11');
insert into locacao (usuario, exemplar, retirada, entrega) values (24, 20002, '2018-02-25', '2018-02-26');
insert into locacao (usuario, exemplar, retirada, entrega) values (97, 20002, '2018-05-11', '2018-05-21');
insert into locacao (usuario, exemplar, retirada, entrega) values (100, 20002, '2018-07-24', '2018-07-28');
insert into locacao (usuario, exemplar, retirada, entrega) values (19, 20002, '2018-09-13', '2018-09-15');
insert into locacao (usuario, exemplar, retirada, entrega) values (79, 20002, '2018-09-16', '2018-09-19');
insert into locacao (usuario, exemplar, retirada, entrega) values (89, 20002, '2018-10-11', '2018-10-19');
insert into locacao (usuario, exemplar, retirada, entrega) values (58, 20002, '2018-10-29', '2018-11-02');
insert into locacao (usuario, exemplar, retirada, entrega) values (7, 20002, '2018-12-01', '2018-12-09');
insert into locacao (usuario, exemplar, retirada, entrega) values (36, 20002, '2019-01-20', '2019-01-23');
insert into locacao (usuario, exemplar, retirada, entrega) values (42, 20002, '2019-02-23', '2019-03-06');
insert into locacao (usuario, exemplar, retirada, entrega) values (51, 20002, '2019-02-27', '2019-03-10');
insert into locacao (usuario, exemplar, retirada, entrega) values (42, 20002, '2019-03-25', '2019-04-05');
insert into locacao (usuario, exemplar, retirada, entrega) values (25, 20003, '2018-03-02', '2018-03-15');
insert into locacao (usuario, exemplar, retirada, entrega) values (94, 20003, '2018-05-25', '2018-05-29');
insert into locacao (usuario, exemplar, retirada, entrega) values (86, 20003, '2018-06-28', '2018-07-02');
insert into locacao (usuario, exemplar, retirada, entrega) values (12, 20003, '2018-09-24', '2018-10-06');
insert into locacao (usuario, exemplar, retirada, entrega) values (99, 20003, '2018-10-31', '2018-11-01');
insert into locacao (usuario, exemplar, retirada, entrega) values (43, 20003, '2019-01-18', '2019-01-22');
insert into locacao (usuario, exemplar, retirada, entrega) values (96, 20003, '2019-02-18', '2019-03-01');
insert into locacao (usuario, exemplar, retirada, entrega) values (66, 20003, '2019-03-28', '2019-04-08');
insert into locacao (usuario, exemplar, retirada, entrega) values (55, 20004, '2018-03-30', '2018-04-03');
insert into locacao (usuario, exemplar, retirada, entrega) values (52, 20004, '2018-04-27', '2018-05-10');
insert into locacao (usuario, exemplar, retirada, entrega) values (9, 20004, '2018-05-10', '2018-05-17');
insert into locacao (usuario, exemplar, retirada, entrega) values (42, 20004, '2018-06-29', '2018-07-07');
insert into locacao (usuario, exemplar, retirada, entrega) values (8, 20004, '2018-09-21', '2018-09-30');
insert into locacao (usuario, exemplar, retirada, entrega) values (84, 20004, '2018-10-10', '2018-10-22');
insert into locacao (usuario, exemplar, retirada, entrega) values (78, 20004, '2018-10-14', '2018-10-21');
insert into locacao (usuario, exemplar, retirada, entrega) values (42, 20004, '2018-11-17', '2018-11-27');
insert into locacao (usuario, exemplar, retirada, entrega) values (7, 20004, '2018-12-14', '2018-12-23');
insert into locacao (usuario, exemplar, retirada, entrega) values (21, 20004, '2019-03-09', '2019-03-22');
insert into locacao (usuario, exemplar, retirada, entrega) values (93, 20004, '2019-03-30', '2019-04-02');
insert into locacao (usuario, exemplar, retirada, entrega) values (13, 20005, '2018-01-03', '2018-01-08');
insert into locacao (usuario, exemplar, retirada, entrega) values (9, 20005, '2018-03-29', '2018-04-05');
insert into locacao (usuario, exemplar, retirada, entrega) values (100, 20005, '2018-05-24', '2018-05-29');
insert into locacao (usuario, exemplar, retirada, entrega) values (19, 20005, '2018-07-17', '2018-07-28');
insert into locacao (usuario, exemplar, retirada, entrega) values (89, 20005, '2018-09-10', '2018-09-18');
insert into locacao (usuario, exemplar, retirada, entrega) values (37, 20005, '2018-12-03', '2018-12-07');
insert into locacao (usuario, exemplar, retirada, entrega) values (11, 20005, '2019-03-01', '2019-03-05');
insert into locacao (usuario, exemplar, retirada, entrega) values (77, 20005, '2019-03-23', '2019-03-23');
insert into locacao (usuario, exemplar, retirada, entrega) values (12, 21001, '2018-03-25', '2018-04-06');
insert into locacao (usuario, exemplar, retirada, entrega) values (78, 21001, '2018-06-02', '2018-06-13');
insert into locacao (usuario, exemplar, retirada, entrega) values (64, 21001, '2018-07-26', '2018-07-30');
insert into locacao (usuario, exemplar, retirada, entrega) values (92, 21001, '2018-10-20', '2018-10-26');
insert into locacao (usuario, exemplar, retirada, entrega) values (7, 21001, '2018-12-02', '2018-12-05');
insert into locacao (usuario, exemplar, retirada, entrega) values (23, 21001, '2019-02-13', '2019-02-19');
insert into locacao (usuario, exemplar, retirada, entrega) values (49, 21002, '2018-02-13', '2018-02-24');
insert into locacao (usuario, exemplar, retirada, entrega) values (100, 21002, '2018-03-10', '2018-03-18');
insert into locacao (usuario, exemplar, retirada, entrega) values (86, 21002, '2018-03-11', '2018-03-12');
insert into locacao (usuario, exemplar, retirada, entrega) values (36, 21002, '2018-05-16', '2018-05-23');
insert into locacao (usuario, exemplar, retirada, entrega) values (27, 21002, '2018-05-28', '2018-05-31');
insert into locacao (usuario, exemplar, retirada, entrega) values (98, 21002, '2018-08-31', '2018-09-07');
insert into locacao (usuario, exemplar, retirada, entrega) values (66, 21002, '2018-10-14', '2018-10-22');
insert into locacao (usuario, exemplar, retirada, entrega) values (87, 21002, '2018-10-16', '2018-10-27');
insert into locacao (usuario, exemplar, retirada, entrega) values (77, 21002, '2019-01-04', '2019-01-16');
insert into locacao (usuario, exemplar, retirada, entrega) values (86, 21002, '2019-01-15', '2019-01-23');
insert into locacao (usuario, exemplar, retirada, entrega) values (17, 21002, '2019-02-21', '2019-03-04');
insert into locacao (usuario, exemplar, retirada, entrega) values (44, 21002, '2019-03-19', '2019-03-30');
insert into locacao (usuario, exemplar, retirada, entrega) values (69, 22001, '2018-03-30', '2018-04-09');
insert into locacao (usuario, exemplar, retirada, entrega) values (30, 22001, '2018-07-06', '2018-07-14');
insert into locacao (usuario, exemplar, retirada, entrega) values (32, 22001, '2018-09-13', '2018-09-26');
insert into locacao (usuario, exemplar, retirada, entrega) values (85, 22001, '2018-12-20', '2018-12-31');
insert into locacao (usuario, exemplar, retirada, entrega) values (19, 22001, '2018-12-26', '2019-01-07');
insert into locacao (usuario, exemplar, retirada, entrega) values (75, 22001, '2019-03-26', '2019-03-28');
insert into locacao (usuario, exemplar, retirada, entrega) values (81, 22001, '2019-04-03', '2019-04-08');
insert into locacao (usuario, exemplar, retirada, entrega) values (80, 22002, '2018-04-09', '2018-04-09');
insert into locacao (usuario, exemplar, retirada, entrega) values (1, 22002, '2018-07-02', '2018-07-04');
insert into locacao (usuario, exemplar, retirada, entrega) values (70, 22002, '2018-08-28', '2018-09-04');
insert into locacao (usuario, exemplar, retirada, entrega) values (82, 22002, '2018-09-23', '2018-09-24');
insert into locacao (usuario, exemplar, retirada, entrega) values (12, 22002, '2018-11-28', '2018-12-10');
insert into locacao (usuario, exemplar, retirada, entrega) values (68, 22002, '2019-02-17', '2019-03-02');
insert into locacao (usuario, exemplar, retirada, entrega) values (39, 22002, '2019-03-20', '2019-03-22');
insert into locacao (usuario, exemplar, retirada, entrega) values (93, 22003, '2018-01-09', '2018-01-14');
insert into locacao (usuario, exemplar, retirada, entrega) values (48, 22003, '2018-01-25', '2018-02-03');
insert into locacao (usuario, exemplar, retirada, entrega) values (13, 22003, '2018-02-06', '2018-02-16');
insert into locacao (usuario, exemplar, retirada, entrega) values (48, 22003, '2018-04-01', '2018-04-08');
insert into locacao (usuario, exemplar, retirada, entrega) values (23, 22003, '2018-06-27', '2018-07-10');
insert into locacao (usuario, exemplar, retirada, entrega) values (94, 22003, '2018-09-10', '2018-09-22');
insert into locacao (usuario, exemplar, retirada, entrega) values (60, 22003, '2018-11-23', '2018-12-01');
insert into locacao (usuario, exemplar, retirada, entrega) values (65, 22003, '2019-02-03', '2019-02-13');
insert into locacao (usuario, exemplar, retirada, entrega) values (89, 22003, '2019-03-20', '2019-03-25');
insert into locacao (usuario, exemplar, retirada, entrega) values (89, 23001, '2018-03-22', '2018-03-27');
insert into locacao (usuario, exemplar, retirada, entrega) values (76, 23001, '2018-04-15', '2018-04-25');
insert into locacao (usuario, exemplar, retirada, entrega) values (19, 23001, '2018-07-13', '2018-07-19');
insert into locacao (usuario, exemplar, retirada, entrega) values (8, 23001, '2018-10-03', '2018-10-13');
insert into locacao (usuario, exemplar, retirada, entrega) values (43, 23001, '2018-10-14', '2018-10-20');
insert into locacao (usuario, exemplar, retirada, entrega) values (24, 23001, '2018-11-04', '2018-11-09');
insert into locacao (usuario, exemplar, retirada, entrega) values (59, 23001, '2018-11-28', '2018-11-29');
insert into locacao (usuario, exemplar, retirada, entrega) values (19, 23001, '2018-12-14', '2018-12-18');
insert into locacao (usuario, exemplar, retirada, entrega) values (80, 23001, '2019-03-07', '2019-03-11');
insert into locacao (usuario, exemplar, retirada, entrega) values (13, 23001, '2019-04-24', '2019-05-07');
insert into locacao (usuario, exemplar, retirada, entrega) values (65, 23002, '2018-02-07', '2018-02-15');
insert into locacao (usuario, exemplar, retirada, entrega) values (73, 23002, '2018-05-09', '2018-05-19');
insert into locacao (usuario, exemplar, retirada, entrega) values (40, 23002, '2018-05-21', '2018-06-03');
insert into locacao (usuario, exemplar, retirada, entrega) values (2, 23002, '2018-06-19', '2018-07-02');
insert into locacao (usuario, exemplar, retirada, entrega) values (81, 23002, '2018-07-24', '2018-07-31');
insert into locacao (usuario, exemplar, retirada, entrega) values (18, 23002, '2018-09-06', '2018-09-06');
insert into locacao (usuario, exemplar, retirada, entrega) values (5, 23002, '2018-10-22', '2018-10-24');
insert into locacao (usuario, exemplar, retirada, entrega) values (87, 23002, '2018-11-27', '2018-12-05');
insert into locacao (usuario, exemplar, retirada, entrega) values (100, 23002, '2019-03-03', '2019-03-04');
insert into locacao (usuario, exemplar, retirada, entrega) values (72, 23002, '2019-04-20', '2019-05-01');
insert into locacao (usuario, exemplar, retirada, entrega) values (73, 24001, '2018-01-14', '2018-01-24');
insert into locacao (usuario, exemplar, retirada, entrega) values (59, 24001, '2018-03-12', '2018-03-25');
insert into locacao (usuario, exemplar, retirada, entrega) values (41, 24001, '2018-04-13', '2018-04-25');
insert into locacao (usuario, exemplar, retirada, entrega) values (13, 24001, '2018-05-13', '2018-05-19');
insert into locacao (usuario, exemplar, retirada, entrega) values (8, 24001, '2018-07-28', '2018-08-10');
insert into locacao (usuario, exemplar, retirada, entrega) values (12, 24001, '2018-09-05', '2018-09-07');
insert into locacao (usuario, exemplar, retirada, entrega) values (12, 24001, '2018-10-30', '2018-11-06');
insert into locacao (usuario, exemplar, retirada, entrega) values (67, 24001, '2018-12-25', '2019-01-04');
insert into locacao (usuario, exemplar, retirada, entrega) values (25, 24001, '2019-01-15', '2019-01-21');
insert into locacao (usuario, exemplar, retirada, entrega) values (73, 24001, '2019-02-24', '2019-02-26');
insert into locacao (usuario, exemplar, retirada, entrega) values (30, 24001, '2019-04-09', '2019-04-20');
insert into locacao (usuario, exemplar, retirada, entrega) values (78, 24002, '2018-01-15', '2018-01-26');
insert into locacao (usuario, exemplar, retirada, entrega) values (83, 24002, '2018-03-05', '2018-03-07');
insert into locacao (usuario, exemplar, retirada, entrega) values (85, 24002, '2018-06-02', '2018-06-11');
insert into locacao (usuario, exemplar, retirada, entrega) values (70, 24002, '2018-07-08', '2018-07-15');
insert into locacao (usuario, exemplar, retirada, entrega) values (3, 24002, '2018-07-30', '2018-08-02');
insert into locacao (usuario, exemplar, retirada, entrega) values (98, 24002, '2018-08-19', '2018-08-30');
insert into locacao (usuario, exemplar, retirada, entrega) values (33, 24002, '2018-10-14', '2018-10-21');
insert into locacao (usuario, exemplar, retirada, entrega) values (4, 24002, '2018-11-14', '2018-11-23');
insert into locacao (usuario, exemplar, retirada, entrega) values (85, 24002, '2018-12-04', '2018-12-08');
insert into locacao (usuario, exemplar, retirada, entrega) values (44, 24002, '2018-12-13', '2018-12-24');
insert into locacao (usuario, exemplar, retirada, entrega) values (100, 24002, '2019-03-06', '2019-03-07');
insert into locacao (usuario, exemplar, retirada, entrega) values (1, 24003, '2018-01-20', '2018-01-24');
insert into locacao (usuario, exemplar, retirada, entrega) values (36, 24003, '2018-02-23', '2018-03-07');
insert into locacao (usuario, exemplar, retirada, entrega) values (100, 24003, '2018-05-26', '2018-05-31');
insert into locacao (usuario, exemplar, retirada, entrega) values (25, 24003, '2018-06-17', '2018-06-24');
insert into locacao (usuario, exemplar, retirada, entrega) values (77, 24003, '2018-07-01', '2018-07-05');
insert into locacao (usuario, exemplar, retirada, entrega) values (68, 24003, '2018-08-09', '2018-08-10');
insert into locacao (usuario, exemplar, retirada, entrega) values (48, 24003, '2018-10-09', '2018-10-13');
insert into locacao (usuario, exemplar, retirada, entrega) values (30, 24003, '2018-12-31', '2019-01-01');
insert into locacao (usuario, exemplar, retirada, entrega) values (63, 24003, '2019-01-06', '2019-01-10');
insert into locacao (usuario, exemplar, retirada, entrega) values (19, 24003, '2019-02-13', '2019-02-25');
insert into locacao (usuario, exemplar, retirada, entrega) values (85, 24003, '2019-02-22', '2019-03-05');
insert into locacao (usuario, exemplar, retirada, entrega) values (33, 24003, '2019-02-27', '2019-02-27');
insert into locacao (usuario, exemplar, retirada, entrega) values (13, 24003, '2019-03-07', '2019-03-20');
insert into locacao (usuario, exemplar, retirada, entrega) values (21, 24004, '2018-03-28', '2018-03-31');
insert into locacao (usuario, exemplar, retirada, entrega) values (19, 24004, '2018-04-14', '2018-04-19');
insert into locacao (usuario, exemplar, retirada, entrega) values (41, 24004, '2018-07-22', '2018-08-03');
insert into locacao (usuario, exemplar, retirada, entrega) values (54, 24004, '2018-08-20', '2018-08-21');
insert into locacao (usuario, exemplar, retirada, entrega) values (41, 24004, '2018-11-19', '2018-11-28');
insert into locacao (usuario, exemplar, retirada, entrega) values (73, 24004, '2018-12-23', '2018-12-30');
insert into locacao (usuario, exemplar, retirada, entrega) values (44, 24004, '2019-02-03', '2019-02-08');
insert into locacao (usuario, exemplar, retirada, entrega) values (26, 24004, '2019-02-26', '2019-03-02');
insert into locacao (usuario, exemplar, retirada, entrega) values (14, 24004, '2019-04-05', '2019-04-17');
insert into locacao (usuario, exemplar, retirada, entrega) values (16, 24005, '2018-03-02', '2018-03-05');
insert into locacao (usuario, exemplar, retirada, entrega) values (8, 24005, '2018-05-25', '2018-05-30');
insert into locacao (usuario, exemplar, retirada, entrega) values (58, 24005, '2018-06-05', '2018-06-11');
insert into locacao (usuario, exemplar, retirada, entrega) values (100, 24005, '2018-09-11', '2018-09-21');
insert into locacao (usuario, exemplar, retirada, entrega) values (18, 24005, '2018-12-17', '2018-12-23');
insert into locacao (usuario, exemplar, retirada, entrega) values (24, 24005, '2019-01-17', '2019-01-23');
insert into locacao (usuario, exemplar, retirada, entrega) values (68, 24005, '2019-02-16', '2019-02-17');
insert into locacao (usuario, exemplar, retirada, entrega) values (14, 24005, '2019-03-13', '2019-03-15');
insert into locacao (usuario, exemplar, retirada, entrega) values (48, 25001, '2018-03-12', '2018-03-12');
insert into locacao (usuario, exemplar, retirada, entrega) values (34, 25001, '2018-05-02', '2018-05-14');
insert into locacao (usuario, exemplar, retirada, entrega) values (27, 25001, '2018-05-29', '2018-06-07');
insert into locacao (usuario, exemplar, retirada, entrega) values (39, 25001, '2018-07-25', '2018-07-25');
insert into locacao (usuario, exemplar, retirada, entrega) values (18, 25001, '2018-10-01', '2018-10-13');
insert into locacao (usuario, exemplar, retirada, entrega) values (25, 25001, '2018-11-04', '2018-11-13');
insert into locacao (usuario, exemplar, retirada, entrega) values (44, 25001, '2019-02-06', '2019-02-11');
insert into locacao (usuario, exemplar, retirada, entrega) values (84, 25002, '2018-01-03', '2018-01-15');
insert into locacao (usuario, exemplar, retirada, entrega) values (100, 25002, '2018-02-22', '2018-02-22');
insert into locacao (usuario, exemplar, retirada, entrega) values (15, 25002, '2018-05-14', '2018-05-15');
insert into locacao (usuario, exemplar, retirada, entrega) values (97, 25002, '2018-08-18', '2018-08-19');
insert into locacao (usuario, exemplar, retirada, entrega) values (62, 25002, '2018-09-08', '2018-09-10');
insert into locacao (usuario, exemplar, retirada, entrega) values (70, 25002, '2018-12-01', '2018-12-08');
insert into locacao (usuario, exemplar, retirada, entrega) values (28, 25002, '2019-01-15', '2019-01-22');
insert into locacao (usuario, exemplar, retirada, entrega) values (76, 25002, '2019-04-18', '2019-04-26');
insert into locacao (usuario, exemplar, retirada, entrega) values (59, 25003, '2018-01-22', '2018-01-24');
insert into locacao (usuario, exemplar, retirada, entrega) values (33, 25003, '2018-01-29', '2018-02-06');
insert into locacao (usuario, exemplar, retirada, entrega) values (49, 25003, '2018-03-31', '2018-04-12');
insert into locacao (usuario, exemplar, retirada, entrega) values (84, 25003, '2018-06-02', '2018-06-03');
insert into locacao (usuario, exemplar, retirada, entrega) values (10, 25003, '2018-06-13', '2018-06-18');
insert into locacao (usuario, exemplar, retirada, entrega) values (91, 25003, '2018-09-08', '2018-09-18');
insert into locacao (usuario, exemplar, retirada, entrega) values (40, 25003, '2018-10-27', '2018-10-28');
insert into locacao (usuario, exemplar, retirada, entrega) values (21, 25003, '2018-11-07', '2018-11-14');
insert into locacao (usuario, exemplar, retirada, entrega) values (3, 25003, '2018-11-27', '2018-12-10');
insert into locacao (usuario, exemplar, retirada, entrega) values (93, 25003, '2019-01-09', '2019-01-10');
insert into locacao (usuario, exemplar, retirada, entrega) values (55, 25003, '2019-02-20', '2019-02-20');
insert into locacao (usuario, exemplar, retirada, entrega) values (75, 26001, '2018-04-03', '2018-04-11');
insert into locacao (usuario, exemplar, retirada, entrega) values (98, 26001, '2018-06-21', '2018-07-04');
insert into locacao (usuario, exemplar, retirada, entrega) values (90, 26001, '2018-07-03', '2018-07-03');
insert into locacao (usuario, exemplar, retirada, entrega) values (11, 26001, '2018-09-23', '2018-10-03');
insert into locacao (usuario, exemplar, retirada, entrega) values (20, 26001, '2018-12-23', '2018-12-24');
insert into locacao (usuario, exemplar, retirada, entrega) values (1, 26001, '2019-03-16', '2019-03-18');
insert into locacao (usuario, exemplar, retirada, entrega) values (9, 26002, '2018-01-15', '2018-01-15');
insert into locacao (usuario, exemplar, retirada, entrega) values (2, 26002, '2018-03-08', '2018-03-21');
insert into locacao (usuario, exemplar, retirada, entrega) values (55, 26002, '2018-04-03', '2018-04-04');
insert into locacao (usuario, exemplar, retirada, entrega) values (60, 26002, '2018-07-02', '2018-07-13');
insert into locacao (usuario, exemplar, retirada, entrega) values (80, 26002, '2018-09-07', '2018-09-20');
insert into locacao (usuario, exemplar, retirada, entrega) values (55, 26002, '2018-09-24', '2018-10-04');
insert into locacao (usuario, exemplar, retirada, entrega) values (32, 26002, '2018-12-13', '2018-12-14');
insert into locacao (usuario, exemplar, retirada, entrega) values (21, 26002, '2019-03-09', '2019-03-13');
insert into locacao (usuario, exemplar, retirada, entrega) values (11, 26002, '2019-04-06', '2019-04-11');
insert into locacao (usuario, exemplar, retirada, entrega) values (42, 26003, '2018-02-21', '2018-02-26');
insert into locacao (usuario, exemplar, retirada, entrega) values (95, 26003, '2018-05-14', '2018-05-23');
insert into locacao (usuario, exemplar, retirada, entrega) values (72, 26003, '2018-07-08', '2018-07-18');
insert into locacao (usuario, exemplar, retirada, entrega) values (26, 26003, '2018-07-22', '2018-07-23');
insert into locacao (usuario, exemplar, retirada, entrega) values (30, 26003, '2018-08-17', '2018-08-25');
insert into locacao (usuario, exemplar, retirada, entrega) values (73, 26003, '2018-11-11', '2018-11-11');
insert into locacao (usuario, exemplar, retirada, entrega) values (54, 26003, '2018-11-11', '2018-11-22');
insert into locacao (usuario, exemplar, retirada, entrega) values (47, 26003, '2018-12-08', '2018-12-16');
insert into locacao (usuario, exemplar, retirada, entrega) values (29, 26003, '2018-12-17', '2018-12-28');
insert into locacao (usuario, exemplar, retirada, entrega) values (82, 26003, '2018-12-22', '2018-12-27');
insert into locacao (usuario, exemplar, retirada, entrega) values (12, 26003, '2019-03-29', '2019-04-03');
insert into locacao (usuario, exemplar, retirada, entrega) values (7, 26004, '2018-01-23', '2018-01-29');
insert into locacao (usuario, exemplar, retirada, entrega) values (19, 26004, '2018-02-06', '2018-02-13');
insert into locacao (usuario, exemplar, retirada, entrega) values (74, 26004, '2018-03-05', '2018-03-09');
insert into locacao (usuario, exemplar, retirada, entrega) values (88, 26004, '2018-05-02', '2018-05-09');
insert into locacao (usuario, exemplar, retirada, entrega) values (65, 26004, '2018-07-17', '2018-07-21');
insert into locacao (usuario, exemplar, retirada, entrega) values (3, 26004, '2018-10-15', '2018-10-17');
insert into locacao (usuario, exemplar, retirada, entrega) values (74, 26004, '2018-12-06', '2018-12-19');
insert into locacao (usuario, exemplar, retirada, entrega) values (33, 26004, '2019-02-27', '2019-03-07');
insert into locacao (usuario, exemplar, retirada, entrega) values (97, 26005, '2018-02-23', '2018-03-07');
insert into locacao (usuario, exemplar, retirada, entrega) values (5, 26005, '2018-02-23', '2018-03-08');
insert into locacao (usuario, exemplar, retirada, entrega) values (87, 26005, '2018-03-11', '2018-03-13');
insert into locacao (usuario, exemplar, retirada, entrega) values (23, 26005, '2018-05-24', '2018-05-30');
insert into locacao (usuario, exemplar, retirada, entrega) values (11, 26005, '2018-07-30', '2018-08-06');
insert into locacao (usuario, exemplar, retirada, entrega) values (11, 26005, '2018-09-21', '2018-09-30');
insert into locacao (usuario, exemplar, retirada, entrega) values (14, 26005, '2018-09-22', '2018-10-02');
insert into locacao (usuario, exemplar, retirada, entrega) values (95, 26005, '2018-10-18', '2018-10-27');
insert into locacao (usuario, exemplar, retirada, entrega) values (62, 26005, '2018-11-03', '2018-11-04');
insert into locacao (usuario, exemplar, retirada, entrega) values (60, 26005, '2018-12-31', '2019-01-13');
insert into locacao (usuario, exemplar, retirada, entrega) values (15, 26005, '2019-01-18', '2019-01-27');
insert into locacao (usuario, exemplar, retirada, entrega) values (4, 26005, '2019-03-10', '2019-03-12');
insert into locacao (usuario, exemplar, retirada, entrega) values (37, 26005, '2019-03-17', '2019-03-20');
insert into locacao (usuario, exemplar, retirada, entrega) values (31, 26005, '2019-03-28', '2019-04-06');
insert into locacao (usuario, exemplar, retirada, entrega) values (63, 27001, '2018-01-14', '2018-01-21');
insert into locacao (usuario, exemplar, retirada, entrega) values (68, 27001, '2018-03-12', '2018-03-16');
insert into locacao (usuario, exemplar, retirada, entrega) values (63, 27001, '2018-04-01', '2018-04-04');
insert into locacao (usuario, exemplar, retirada, entrega) values (81, 27001, '2018-04-11', '2018-04-15');
insert into locacao (usuario, exemplar, retirada, entrega) values (46, 27001, '2018-06-16', '2018-06-20');
insert into locacao (usuario, exemplar, retirada, entrega) values (52, 27001, '2018-07-25', '2018-07-27');
insert into locacao (usuario, exemplar, retirada, entrega) values (5, 27001, '2018-09-09', '2018-09-15');
insert into locacao (usuario, exemplar, retirada, entrega) values (29, 27001, '2018-09-25', '2018-10-04');
insert into locacao (usuario, exemplar, retirada, entrega) values (23, 27001, '2018-12-04', '2018-12-13');
insert into locacao (usuario, exemplar, retirada, entrega) values (28, 27001, '2019-03-03', '2019-03-11');
insert into locacao (usuario, exemplar, retirada, entrega) values (77, 27002, '2018-03-05', '2018-03-15');
insert into locacao (usuario, exemplar, retirada, entrega) values (26, 27002, '2018-05-30', '2018-06-06');
insert into locacao (usuario, exemplar, retirada, entrega) values (64, 27002, '2018-08-27', '2018-09-01');
insert into locacao (usuario, exemplar, retirada, entrega) values (16, 27002, '2018-09-06', '2018-09-07');
insert into locacao (usuario, exemplar, retirada, entrega) values (6, 27002, '2018-10-14', '2018-10-25');
insert into locacao (usuario, exemplar, retirada, entrega) values (99, 27002, '2018-12-22', '2018-12-26');
insert into locacao (usuario, exemplar, retirada, entrega) values (48, 27002, '2019-01-12', '2019-01-13');
insert into locacao (usuario, exemplar, retirada, entrega) values (39, 27002, '2019-02-23', '2019-02-25');
insert into locacao (usuario, exemplar, retirada, entrega) values (85, 27002, '2019-02-28', '2019-03-13');
insert into locacao (usuario, exemplar, retirada, entrega) values (81, 27002, '2019-03-03', '2019-03-16');
insert into locacao (usuario, exemplar, retirada, entrega) values (88, 27003, '2018-02-12', '2018-02-19');
insert into locacao (usuario, exemplar, retirada, entrega) values (47, 27003, '2018-04-11', '2018-04-16');
insert into locacao (usuario, exemplar, retirada, entrega) values (91, 27003, '2018-07-12', '2018-07-18');
insert into locacao (usuario, exemplar, retirada, entrega) values (71, 27003, '2018-09-23', '2018-09-23');
insert into locacao (usuario, exemplar, retirada, entrega) values (48, 27003, '2018-12-27', '2019-01-04');
insert into locacao (usuario, exemplar, retirada, entrega) values (52, 27003, '2019-02-09', '2019-02-11');
insert into locacao (usuario, exemplar, retirada, entrega) values (53, 27003, '2019-03-31', '2019-04-13');
insert into locacao (usuario, exemplar, retirada, entrega) values (72, 27003, '2019-04-07', '2019-04-20');
insert into locacao (usuario, exemplar, retirada, entrega) values (20, 27004, '2018-02-05', '2018-02-05');
insert into locacao (usuario, exemplar, retirada, entrega) values (63, 27004, '2018-04-14', '2018-04-18');
insert into locacao (usuario, exemplar, retirada, entrega) values (95, 27004, '2018-06-13', '2018-06-25');
insert into locacao (usuario, exemplar, retirada, entrega) values (68, 27004, '2018-08-04', '2018-08-12');
insert into locacao (usuario, exemplar, retirada, entrega) values (52, 27004, '2018-08-17', '2018-08-26');
insert into locacao (usuario, exemplar, retirada, entrega) values (75, 27004, '2018-10-26', '2018-11-06');
insert into locacao (usuario, exemplar, retirada, entrega) values (92, 27004, '2019-01-07', '2019-01-08');
insert into locacao (usuario, exemplar, retirada, entrega) values (21, 27004, '2019-01-08', '2019-01-15');
insert into locacao (usuario, exemplar, retirada, entrega) values (29, 27004, '2019-02-14', '2019-02-25');
insert into locacao (usuario, exemplar, retirada, entrega) values (25, 27004, '2019-04-25', '2019-05-07');
insert into locacao (usuario, exemplar, retirada, entrega) values (39, 27005, '2018-02-25', '2018-03-01');
insert into locacao (usuario, exemplar, retirada, entrega) values (87, 27005, '2018-04-30', '2018-05-12');
insert into locacao (usuario, exemplar, retirada, entrega) values (98, 27005, '2018-07-07', '2018-07-16');
insert into locacao (usuario, exemplar, retirada, entrega) values (12, 27005, '2018-08-23', '2018-09-02');
insert into locacao (usuario, exemplar, retirada, entrega) values (12, 27005, '2018-09-30', '2018-10-03');
insert into locacao (usuario, exemplar, retirada, entrega) values (82, 27005, '2019-01-05', '2019-01-16');
insert into locacao (usuario, exemplar, retirada, entrega) values (84, 27005, '2019-04-04', '2019-04-14');
insert into locacao (usuario, exemplar, retirada, entrega) values (75, 28001, '2018-01-17', '2018-01-22');
insert into locacao (usuario, exemplar, retirada, entrega) values (17, 28001, '2018-04-17', '2018-04-19');
insert into locacao (usuario, exemplar, retirada, entrega) values (52, 28001, '2018-05-04', '2018-05-16');
insert into locacao (usuario, exemplar, retirada, entrega) values (61, 28001, '2018-07-02', '2018-07-10');
insert into locacao (usuario, exemplar, retirada, entrega) values (75, 28001, '2018-09-18', '2018-09-27');
insert into locacao (usuario, exemplar, retirada, entrega) values (89, 28001, '2018-10-07', '2018-10-13');
insert into locacao (usuario, exemplar, retirada, entrega) values (81, 28001, '2018-12-18', '2018-12-27');
insert into locacao (usuario, exemplar, retirada, entrega) values (22, 28001, '2019-02-01', '2019-02-10');
insert into locacao (usuario, exemplar, retirada, entrega) values (30, 28001, '2019-03-13', '2019-03-19');
insert into locacao (usuario, exemplar, retirada, entrega) values (10, 29001, '2018-03-22', '2018-04-04');
insert into locacao (usuario, exemplar, retirada, entrega) values (55, 29001, '2018-03-28', '2018-04-05');
insert into locacao (usuario, exemplar, retirada, entrega) values (34, 29001, '2018-04-12', '2018-04-12');
insert into locacao (usuario, exemplar, retirada, entrega) values (79, 29001, '2018-06-20', '2018-06-30');
insert into locacao (usuario, exemplar, retirada, entrega) values (91, 29001, '2018-09-14', '2018-09-25');
insert into locacao (usuario, exemplar, retirada, entrega) values (82, 29001, '2018-09-15', '2018-09-21');
insert into locacao (usuario, exemplar, retirada, entrega) values (14, 29001, '2018-12-17', '2018-12-18');
insert into locacao (usuario, exemplar, retirada, entrega) values (10, 29001, '2018-12-17', '2018-12-25');
insert into locacao (usuario, exemplar, retirada, entrega) values (46, 29001, '2018-12-24', '2018-12-30');
insert into locacao (usuario, exemplar, retirada, entrega) values (18, 29001, '2019-01-06', '2019-01-08');
insert into locacao (usuario, exemplar, retirada, entrega) values (68, 29001, '2019-02-05', '2019-02-17');
insert into locacao (usuario, exemplar, retirada, entrega) values (51, 29001, '2019-03-29', '2019-03-31');
insert into locacao (usuario, exemplar, retirada, entrega) values (43, 29001, '2019-04-04', '2019-04-15');
insert into locacao (usuario, exemplar, retirada, entrega) values (60, 29002, '2018-02-19', '2018-02-21');
insert into locacao (usuario, exemplar, retirada, entrega) values (53, 29002, '2018-04-06', '2018-04-06');
insert into locacao (usuario, exemplar, retirada, entrega) values (58, 29002, '2018-07-12', '2018-07-20');
insert into locacao (usuario, exemplar, retirada, entrega) values (70, 29002, '2018-08-01', '2018-08-03');
insert into locacao (usuario, exemplar, retirada, entrega) values (66, 29002, '2018-08-06', '2018-08-19');
insert into locacao (usuario, exemplar, retirada, entrega) values (5, 29002, '2018-10-26', '2018-11-02');
insert into locacao (usuario, exemplar, retirada, entrega) values (91, 29002, '2019-01-26', '2019-02-02');
insert into locacao (usuario, exemplar, retirada, entrega) values (16, 29002, '2019-01-27', '2019-02-06');
insert into locacao (usuario, exemplar, retirada, entrega) values (42, 29002, '2019-03-19', '2019-03-30');
insert into locacao (usuario, exemplar, retirada, entrega) values (18, 29003, '2018-04-03', '2018-04-08');
insert into locacao (usuario, exemplar, retirada, entrega) values (4, 29003, '2018-06-16', '2018-06-23');
insert into locacao (usuario, exemplar, retirada, entrega) values (57, 29003, '2018-06-20', '2018-06-20');
insert into locacao (usuario, exemplar, retirada, entrega) values (69, 29003, '2018-08-02', '2018-08-12');
insert into locacao (usuario, exemplar, retirada, entrega) values (25, 29003, '2018-08-05', '2018-08-06');
insert into locacao (usuario, exemplar, retirada, entrega) values (51, 29003, '2018-10-01', '2018-10-13');
insert into locacao (usuario, exemplar, retirada, entrega) values (95, 29003, '2018-11-04', '2018-11-04');
insert into locacao (usuario, exemplar, retirada, entrega) values (38, 29003, '2019-01-28', '2019-02-05');
insert into locacao (usuario, exemplar, retirada, entrega) values (40, 29003, '2019-02-18', '2019-02-27');
insert into locacao (usuario, exemplar, retirada, entrega) values (26, 29003, '2019-03-16', '2019-03-26');
insert into locacao (usuario, exemplar, retirada, entrega) values (1, 29004, '2018-03-14', '2018-03-16');
insert into locacao (usuario, exemplar, retirada, entrega) values (55, 29004, '2018-05-27', '2018-06-04');
insert into locacao (usuario, exemplar, retirada, entrega) values (83, 29004, '2018-05-27', '2018-06-08');
insert into locacao (usuario, exemplar, retirada, entrega) values (87, 29004, '2018-08-07', '2018-08-12');
insert into locacao (usuario, exemplar, retirada, entrega) values (61, 29004, '2018-09-10', '2018-09-22');
insert into locacao (usuario, exemplar, retirada, entrega) values (39, 29004, '2018-09-29', '2018-10-04');
insert into locacao (usuario, exemplar, retirada, entrega) values (100, 29004, '2018-12-15', '2018-12-27');
insert into locacao (usuario, exemplar, retirada, entrega) values (87, 29004, '2019-01-25', '2019-02-06');
insert into locacao (usuario, exemplar, retirada, entrega) values (2, 29004, '2019-03-19', '2019-03-23');
insert into locacao (usuario, exemplar, retirada, entrega) values (95, 29005, '2018-03-07', '2018-03-14');
insert into locacao (usuario, exemplar, retirada, entrega) values (47, 29005, '2018-04-25', '2018-04-30');
insert into locacao (usuario, exemplar, retirada, entrega) values (33, 29005, '2018-06-15', '2018-06-27');
insert into locacao (usuario, exemplar, retirada, entrega) values (27, 29005, '2018-06-20', '2018-06-24');
insert into locacao (usuario, exemplar, retirada, entrega) values (69, 29005, '2018-08-26', '2018-08-31');
insert into locacao (usuario, exemplar, retirada, entrega) values (64, 29005, '2018-09-09', '2018-09-21');
insert into locacao (usuario, exemplar, retirada, entrega) values (19, 29005, '2018-10-10', '2018-10-15');
insert into locacao (usuario, exemplar, retirada, entrega) values (97, 29005, '2018-10-21', '2018-11-01');
insert into locacao (usuario, exemplar, retirada, entrega) values (64, 29005, '2018-11-27', '2018-12-06');
insert into locacao (usuario, exemplar, retirada, entrega) values (100, 29005, '2018-12-30', '2019-01-09');
insert into locacao (usuario, exemplar, retirada, entrega) values (88, 29005, '2019-01-07', '2019-01-19');
insert into locacao (usuario, exemplar, retirada, entrega) values (23, 29005, '2019-04-16', '2019-04-20');
insert into locacao (usuario, exemplar, retirada, entrega) values (87, 30001, '2018-01-19', '2018-01-28');
insert into locacao (usuario, exemplar, retirada, entrega) values (51, 30001, '2018-04-25', '2018-04-26');
insert into locacao (usuario, exemplar, retirada, entrega) values (49, 30001, '2018-05-24', '2018-06-03');
insert into locacao (usuario, exemplar, retirada, entrega) values (1, 30001, '2018-05-25', '2018-05-28');
insert into locacao (usuario, exemplar, retirada, entrega) values (68, 30001, '2018-07-25', '2018-08-02');
insert into locacao (usuario, exemplar, retirada, entrega) values (27, 30001, '2018-10-22', '2018-11-04');
insert into locacao (usuario, exemplar, retirada, entrega) values (38, 30001, '2019-01-10', '2019-01-13');
insert into locacao (usuario, exemplar, retirada, entrega) values (57, 30001, '2019-02-28', '2019-03-08');
insert into locacao (usuario, exemplar, retirada, entrega) values (23, 30001, '2019-04-15', '2019-04-26');
insert into locacao (usuario, exemplar, retirada) values (52, 1002, '2019-05-10');
insert into locacao (usuario, exemplar, retirada) values (71, 2001, '2019-05-04');
insert into locacao (usuario, exemplar, retirada) values (21, 2003, '2019-05-03');
insert into locacao (usuario, exemplar, retirada) values (21, 4001, '2019-05-09');
insert into locacao (usuario, exemplar, retirada) values (29, 5002, '2019-05-05');
insert into locacao (usuario, exemplar, retirada) values (46, 6002, '2019-05-01');
insert into locacao (usuario, exemplar, retirada) values (35, 8002, '2019-05-10');
insert into locacao (usuario, exemplar, retirada) values (25, 9002, '2019-05-02');
insert into locacao (usuario, exemplar, retirada) values (57, 11002, '2019-05-04');
insert into locacao (usuario, exemplar, retirada) values (44, 13004, '2019-05-06');
insert into locacao (usuario, exemplar, retirada) values (85, 16003, '2019-05-11');
insert into locacao (usuario, exemplar, retirada) values (63, 17001, '2019-05-09');
insert into locacao (usuario, exemplar, retirada) values (91, 19002, '2019-05-01');
insert into locacao (usuario, exemplar, retirada) values (49, 19004, '2019-05-01');
insert into locacao (usuario, exemplar, retirada) values (72, 19005, '2019-05-04');
insert into locacao (usuario, exemplar, retirada) values (52, 20001, '2019-05-09');
insert into locacao (usuario, exemplar, retirada) values (36, 21002, '2019-05-07');
insert into locacao (usuario, exemplar, retirada) values (15, 22001, '2019-05-04');
insert into locacao (usuario, exemplar, retirada) values (88, 22002, '2019-05-11');
insert into locacao (usuario, exemplar, retirada) values (79, 26003, '2019-05-03');
insert into locacao (usuario, exemplar, retirada) values (1, 29003, '2019-05-03');
insert into locacao (usuario, exemplar, retirada) values (53, 29004, '2019-05-09');

----------------------------------------------------------------------------------------------------

--1) Mostrar o ttulo dos livros sobre PostgreSQL no locados por alunos do Curso Superior de Tecnologia em Anlise e Desenvolvimento de Sistemas.
--2) Mostrar o nome do ltimo aluno que locou o livro PostgreSQL na prtica.
--3) Mostrar o ttulo dos livros sobre PostgreSQL menos locados.
--4) Mostrar o nome dos alunos e dos professores que locaram mais livros em maro de 2018.

