\c postgres
drop database biblioteca;
create database biblioteca;
\c biblioteca
create table usuario (codigo integer not null, nome varchar(100) not null, tipo char(1) not null check ((tipo = 'A') or (tipo = 'P') or (tipo = 'F')), curso varchar(100), primary key (codigo));
create table livro (codigo integer not null, titulo varchar(200) not null, primary key (codigo));
create table exemplar (codigo integer not null, livro integer not null references livro(codigo), primary key (codigo));
create table locacao (usuario integer not null references usuario(codigo), exemplar integer not null references exemplar(codigo), retirada date not null default now(), entrega date, primary key (usuario, exemplar, retirada));
insert into usuario (codigo, nome, tipo, curso) values (1, 'aluno 1', 'A', 'curso superior de bacharelado em engenharia mecanica');
insert into usuario (codigo, nome, tipo) values (2, 'professor 2', 'P');
insert into usuario (codigo, nome, tipo) values (3, 'funcionario 3', 'F');
insert into usuario (codigo, nome, tipo, curso) values (4, 'aluno 4', 'A', 'curso superior de bacharelado em engenharia mecanica');
insert into usuario (codigo, nome, tipo, curso) values (5, 'aluno 5', 'A', 'curso tecnico integrado em refrigeracao e ar condicionado');
insert into usuario (codigo, nome, tipo, curso) values (6, 'aluno 6', 'A', 'curso superior de tecnologia em analise e desenvolvimento de sistemas');
insert into usuario (codigo, nome, tipo, curso) values (7, 'aluno 7', 'A', 'curso superior de bacharelado em engenharia mecanica');
insert into usuario (codigo, nome, tipo) values (8, 'funcionario 8', 'F');
insert into usuario (codigo, nome, tipo, curso) values (9, 'aluno 9', 'A', 'curso tecnico integrado em refrigeracao e ar condicionado');
insert into usuario (codigo, nome, tipo) values (10, 'funcionario 10', 'F');
insert into usuario (codigo, nome, tipo) values (11, 'professor 11', 'P');
insert into usuario (codigo, nome, tipo, curso) values (12, 'aluno 12', 'A', 'curso tecnico integrado em informatica para internet');
insert into usuario (codigo, nome, tipo, curso) values (13, 'aluno 13', 'A', 'curso superior de tecnologia em analise e desenvolvimento de sistemas');
insert into usuario (codigo, nome, tipo, curso) values (14, 'aluno 14', 'A', 'curso tecnico integrado em informatica para internet');
insert into usuario (codigo, nome, tipo) values (15, 'professor 15', 'P');
insert into usuario (codigo, nome, tipo, curso) values (16, 'aluno 16', 'A', 'curso superior de tecnologia em analise e desenvolvimento de sistemas');
insert into usuario (codigo, nome, tipo) values (17, 'professor 17', 'P');
insert into usuario (codigo, nome, tipo) values (18, 'funcionario 18', 'F');
insert into usuario (codigo, nome, tipo, curso) values (19, 'aluno 19', 'A', 'curso tecnico integrado em refrigeracao e ar condicionado');
insert into usuario (codigo, nome, tipo) values (20, 'funcionario 20', 'F');
insert into usuario (codigo, nome, tipo) values (21, 'funcionario 21', 'F');
insert into usuario (codigo, nome, tipo, curso) values (22, 'aluno 22', 'A', 'curso superior de tecnologia em analise e desenvolvimento de sistemas');
insert into usuario (codigo, nome, tipo) values (23, 'professor 23', 'P');
insert into usuario (codigo, nome, tipo) values (24, 'funcionario 24', 'F');
insert into usuario (codigo, nome, tipo, curso) values (25, 'aluno 25', 'A', 'curso superior de tecnologia em analise e desenvolvimento de sistemas');
insert into usuario (codigo, nome, tipo, curso) values (26, 'aluno 26', 'A', 'curso superior de tecnologia em analise e desenvolvimento de sistemas');
insert into usuario (codigo, nome, tipo) values (27, 'professor 27', 'P');
insert into usuario (codigo, nome, tipo, curso) values (28, 'aluno 28', 'A', 'curso superior de tecnologia em analise e desenvolvimento de sistemas');
insert into usuario (codigo, nome, tipo, curso) values (29, 'aluno 29', 'A', 'curso superior de bacharelado em engenharia mecanica');
insert into usuario (codigo, nome, tipo) values (30, 'funcionario 30', 'F');
insert into usuario (codigo, nome, tipo, curso) values (31, 'aluno 31', 'A', 'curso tecnico integrado em refrigeracao e ar condicionado');
insert into usuario (codigo, nome, tipo, curso) values (32, 'aluno 32', 'A', 'curso tecnico integrado em refrigeracao e ar condicionado');
insert into usuario (codigo, nome, tipo, curso) values (33, 'aluno 33', 'A', 'curso superior de bacharelado em engenharia mecanica');
insert into usuario (codigo, nome, tipo, curso) values (34, 'aluno 34', 'A', 'curso tecnico integrado em informatica para internet');
insert into usuario (codigo, nome, tipo, curso) values (35, 'aluno 35', 'A', 'curso superior de bacharelado em engenharia mecanica');
insert into usuario (codigo, nome, tipo, curso) values (36, 'aluno 36', 'A', 'curso superior de tecnologia em analise e desenvolvimento de sistemas');
insert into usuario (codigo, nome, tipo, curso) values (37, 'aluno 37', 'A', 'curso tecnico integrado em eletrotecnica');
insert into usuario (codigo, nome, tipo) values (38, 'professor 38', 'P');
insert into usuario (codigo, nome, tipo) values (39, 'funcionario 39', 'F');
insert into usuario (codigo, nome, tipo) values (40, 'funcionario 40', 'F');
insert into usuario (codigo, nome, tipo) values (41, 'funcionario 41', 'F');
insert into usuario (codigo, nome, tipo, curso) values (42, 'aluno 42', 'A', 'curso superior de tecnologia em analise e desenvolvimento de sistemas');
insert into usuario (codigo, nome, tipo) values (43, 'professor 43', 'P');
insert into usuario (codigo, nome, tipo, curso) values (44, 'aluno 44', 'A', 'curso tecnico integrado em informatica para internet');
insert into usuario (codigo, nome, tipo) values (45, 'funcionario 45', 'F');
insert into usuario (codigo, nome, tipo, curso) values (46, 'aluno 46', 'A', 'curso tecnico integrado em informatica para internet');
insert into usuario (codigo, nome, tipo, curso) values (47, 'aluno 47', 'A', 'curso superior de tecnologia em analise e desenvolvimento de sistemas');
insert into usuario (codigo, nome, tipo) values (48, 'professor 48', 'P');
insert into usuario (codigo, nome, tipo, curso) values (49, 'aluno 49', 'A', 'curso superior de tecnologia em analise e desenvolvimento de sistemas');
insert into usuario (codigo, nome, tipo, curso) values (50, 'aluno 50', 'A', 'curso tecnico integrado em refrigeracao e ar condicionado');
insert into usuario (codigo, nome, tipo, curso) values (51, 'aluno 51', 'A', 'curso superior de bacharelado em engenharia mecanica');
insert into usuario (codigo, nome, tipo) values (52, 'funcionario 52', 'F');
insert into usuario (codigo, nome, tipo, curso) values (53, 'aluno 53', 'A', 'curso superior de bacharelado em engenharia mecanica');
insert into usuario (codigo, nome, tipo) values (54, 'funcionario 54', 'F');
insert into usuario (codigo, nome, tipo) values (55, 'funcionario 55', 'F');
insert into usuario (codigo, nome, tipo, curso) values (56, 'aluno 56', 'A', 'curso superior de bacharelado em engenharia mecanica');
insert into usuario (codigo, nome, tipo) values (57, 'funcionario 57', 'F');
insert into usuario (codigo, nome, tipo) values (58, 'professor 58', 'P');
insert into usuario (codigo, nome, tipo) values (59, 'funcionario 59', 'F');
insert into usuario (codigo, nome, tipo, curso) values (60, 'aluno 60', 'A', 'curso tecnico integrado em refrigeracao e ar condicionado');
insert into usuario (codigo, nome, tipo, curso) values (61, 'aluno 61', 'A', 'curso superior de tecnologia em analise e desenvolvimento de sistemas');
insert into usuario (codigo, nome, tipo, curso) values (62, 'aluno 62', 'A', 'curso superior de tecnologia em analise e desenvolvimento de sistemas');
insert into usuario (codigo, nome, tipo, curso) values (63, 'aluno 63', 'A', 'curso superior de tecnologia em analise e desenvolvimento de sistemas');
insert into usuario (codigo, nome, tipo, curso) values (64, 'aluno 64', 'A', 'curso tecnico integrado em refrigeracao e ar condicionado');
insert into usuario (codigo, nome, tipo, curso) values (65, 'aluno 65', 'A', 'curso tecnico integrado em informatica para internet');
insert into usuario (codigo, nome, tipo, curso) values (66, 'aluno 66', 'A', 'curso tecnico integrado em eletrotecnica');
insert into usuario (codigo, nome, tipo) values (67, 'funcionario 67', 'F');
insert into usuario (codigo, nome, tipo, curso) values (68, 'aluno 68', 'A', 'curso superior de bacharelado em engenharia mecanica');
insert into usuario (codigo, nome, tipo, curso) values (69, 'aluno 69', 'A', 'curso superior de bacharelado em engenharia mecanica');
insert into usuario (codigo, nome, tipo) values (70, 'funcionario 70', 'F');
insert into usuario (codigo, nome, tipo, curso) values (71, 'aluno 71', 'A', 'curso tecnico integrado em informatica para internet');
insert into usuario (codigo, nome, tipo) values (72, 'professor 72', 'P');
insert into usuario (codigo, nome, tipo) values (73, 'professor 73', 'P');
insert into usuario (codigo, nome, tipo, curso) values (74, 'aluno 74', 'A', 'curso tecnico integrado em informatica para internet');
insert into usuario (codigo, nome, tipo) values (75, 'professor 75', 'P');
insert into usuario (codigo, nome, tipo) values (76, 'funcionario 76', 'F');
insert into usuario (codigo, nome, tipo, curso) values (77, 'aluno 77', 'A', 'curso superior de tecnologia em analise e desenvolvimento de sistemas');
insert into usuario (codigo, nome, tipo, curso) values (78, 'aluno 78', 'A', 'curso tecnico integrado em informatica para internet');
insert into usuario (codigo, nome, tipo, curso) values (79, 'aluno 79', 'A', 'curso tecnico integrado em informatica para internet');
insert into usuario (codigo, nome, tipo, curso) values (80, 'aluno 80', 'A', 'curso superior de tecnologia em analise e desenvolvimento de sistemas');
insert into usuario (codigo, nome, tipo) values (81, 'funcionario 81', 'F');
insert into usuario (codigo, nome, tipo) values (82, 'funcionario 82', 'F');
insert into usuario (codigo, nome, tipo, curso) values (83, 'aluno 83', 'A', 'curso tecnico integrado em eletrotecnica');
insert into usuario (codigo, nome, tipo, curso) values (84, 'aluno 84', 'A', 'curso tecnico integrado em informatica para internet');
insert into usuario (codigo, nome, tipo, curso) values (85, 'aluno 85', 'A', 'curso tecnico integrado em refrigeracao e ar condicionado');
insert into usuario (codigo, nome, tipo, curso) values (86, 'aluno 86', 'A', 'curso superior de tecnologia em analise e desenvolvimento de sistemas');
insert into usuario (codigo, nome, tipo) values (87, 'professor 87', 'P');
insert into usuario (codigo, nome, tipo) values (88, 'professor 88', 'P');
insert into usuario (codigo, nome, tipo) values (89, 'funcionario 89', 'F');
insert into usuario (codigo, nome, tipo, curso) values (90, 'aluno 90', 'A', 'curso tecnico integrado em eletrotecnica');
insert into usuario (codigo, nome, tipo) values (91, 'funcionario 91', 'F');
insert into usuario (codigo, nome, tipo, curso) values (92, 'aluno 92', 'A', 'curso superior de tecnologia em analise e desenvolvimento de sistemas');
insert into usuario (codigo, nome, tipo, curso) values (93, 'aluno 93', 'A', 'curso tecnico integrado em eletrotecnica');
insert into usuario (codigo, nome, tipo) values (94, 'professor 94', 'P');
insert into usuario (codigo, nome, tipo) values (95, 'professor 95', 'P');
insert into usuario (codigo, nome, tipo, curso) values (96, 'aluno 96', 'A', 'curso tecnico integrado em eletrotecnica');
insert into usuario (codigo, nome, tipo, curso) values (97, 'aluno 97', 'A', 'curso tecnico integrado em informatica para internet');
insert into usuario (codigo, nome, tipo) values (98, 'professor 98', 'P');
insert into usuario (codigo, nome, tipo) values (99, 'funcionario 99', 'F');
insert into usuario (codigo, nome, tipo) values (100, 'funcionario 100', 'F');
insert into livro (codigo, titulo) values (1, 'postgresql na pratica');
insert into livro (codigo, titulo) values (2, 'postgresql xxx 2');
insert into livro (codigo, titulo) values (3, 'livro 3');
insert into livro (codigo, titulo) values (4, 'livro 4');
insert into livro (codigo, titulo) values (5, 'livro 5');
insert into livro (codigo, titulo) values (6, 'livro 6');
insert into livro (codigo, titulo) values (7, 'livro 7');
insert into livro (codigo, titulo) values (8, 'livro 8');
insert into livro (codigo, titulo) values (9, 'livro 9');
insert into livro (codigo, titulo) values (10, 'livro 10');
insert into livro (codigo, titulo) values (11, 'livro 11');
insert into livro (codigo, titulo) values (12, 'livro 12');
insert into livro (codigo, titulo) values (13, 'livro 13');
insert into livro (codigo, titulo) values (14, 'postgresql xxx 14');
insert into livro (codigo, titulo) values (15, 'xxx postgresql xxx 15');
insert into livro (codigo, titulo) values (16, 'livro 16');
insert into livro (codigo, titulo) values (17, 'xxx postgresql xxx 17');
insert into livro (codigo, titulo) values (18, 'livro 18');
insert into livro (codigo, titulo) values (19, 'xxx postgresql xxx 19');
insert into livro (codigo, titulo) values (20, 'livro 20');
insert into livro (codigo, titulo) values (21, 'xxx postgresql 21');
insert into livro (codigo, titulo) values (22, 'xxx postgresql 22');
insert into livro (codigo, titulo) values (23, 'livro 23');
insert into livro (codigo, titulo) values (24, 'livro 24');
insert into livro (codigo, titulo) values (25, 'livro 25');
insert into livro (codigo, titulo) values (26, 'postgresql xxx 26');
insert into livro (codigo, titulo) values (27, 'livro 27');
insert into livro (codigo, titulo) values (28, 'livro 28');
insert into livro (codigo, titulo) values (29, 'livro 29');
insert into livro (codigo, titulo) values (30, 'livro 30');
insert into exemplar (codigo, livro) values (1001, 1);
insert into exemplar (codigo, livro) values (1002, 1);
insert into exemplar (codigo, livro) values (2001, 2);
insert into exemplar (codigo, livro) values (3001, 3);
insert into exemplar (codigo, livro) values (3002, 3);
insert into exemplar (codigo, livro) values (3003, 3);
insert into exemplar (codigo, livro) values (3004, 3);
insert into exemplar (codigo, livro) values (4001, 4);
insert into exemplar (codigo, livro) values (4002, 4);
insert into exemplar (codigo, livro) values (4003, 4);
insert into exemplar (codigo, livro) values (4004, 4);
insert into exemplar (codigo, livro) values (4005, 4);
insert into exemplar (codigo, livro) values (5001, 5);
insert into exemplar (codigo, livro) values (5002, 5);
insert into exemplar (codigo, livro) values (5003, 5);
insert into exemplar (codigo, livro) values (6001, 6);
insert into exemplar (codigo, livro) values (6002, 6);
insert into exemplar (codigo, livro) values (7001, 7);
insert into exemplar (codigo, livro) values (7002, 7);
insert into exemplar (codigo, livro) values (7003, 7);
insert into exemplar (codigo, livro) values (8001, 8);
insert into exemplar (codigo, livro) values (8002, 8);
insert into exemplar (codigo, livro) values (8003, 8);
insert into exemplar (codigo, livro) values (8004, 8);
insert into exemplar (codigo, livro) values (9001, 9);
insert into exemplar (codigo, livro) values (9002, 9);
insert into exemplar (codigo, livro) values (9003, 9);
insert into exemplar (codigo, livro) values (10001, 10);
insert into exemplar (codigo, livro) values (10002, 10);
insert into exemplar (codigo, livro) values (11001, 11);
insert into exemplar (codigo, livro) values (12001, 12);
insert into exemplar (codigo, livro) values (12002, 12);
insert into exemplar (codigo, livro) values (13001, 13);
insert into exemplar (codigo, livro) values (14001, 14);
insert into exemplar (codigo, livro) values (15001, 15);
insert into exemplar (codigo, livro) values (16001, 16);
insert into exemplar (codigo, livro) values (16002, 16);
insert into exemplar (codigo, livro) values (16003, 16);
insert into exemplar (codigo, livro) values (16004, 16);
insert into exemplar (codigo, livro) values (17001, 17);
insert into exemplar (codigo, livro) values (18001, 18);
insert into exemplar (codigo, livro) values (18002, 18);
insert into exemplar (codigo, livro) values (18003, 18);
insert into exemplar (codigo, livro) values (18004, 18);
insert into exemplar (codigo, livro) values (18005, 18);
insert into exemplar (codigo, livro) values (19001, 19);
insert into exemplar (codigo, livro) values (19002, 19);
insert into exemplar (codigo, livro) values (19003, 19);
insert into exemplar (codigo, livro) values (19004, 19);
insert into exemplar (codigo, livro) values (20001, 20);
insert into exemplar (codigo, livro) values (20002, 20);
insert into exemplar (codigo, livro) values (20003, 20);
insert into exemplar (codigo, livro) values (21001, 21);
insert into exemplar (codigo, livro) values (21002, 21);
insert into exemplar (codigo, livro) values (21003, 21);
insert into exemplar (codigo, livro) values (21004, 21);
insert into exemplar (codigo, livro) values (22001, 22);
insert into exemplar (codigo, livro) values (23001, 23);
insert into exemplar (codigo, livro) values (23002, 23);
insert into exemplar (codigo, livro) values (23003, 23);
insert into exemplar (codigo, livro) values (23004, 23);
insert into exemplar (codigo, livro) values (23005, 23);
insert into exemplar (codigo, livro) values (24001, 24);
insert into exemplar (codigo, livro) values (25001, 25);
insert into exemplar (codigo, livro) values (25002, 25);
insert into exemplar (codigo, livro) values (25003, 25);
insert into exemplar (codigo, livro) values (25004, 25);
insert into exemplar (codigo, livro) values (26001, 26);
insert into exemplar (codigo, livro) values (26002, 26);
insert into exemplar (codigo, livro) values (26003, 26);
insert into exemplar (codigo, livro) values (26004, 26);
insert into exemplar (codigo, livro) values (26005, 26);
insert into exemplar (codigo, livro) values (27001, 27);
insert into exemplar (codigo, livro) values (27002, 27);
insert into exemplar (codigo, livro) values (28001, 28);
insert into exemplar (codigo, livro) values (28002, 28);
insert into exemplar (codigo, livro) values (28003, 28);
insert into exemplar (codigo, livro) values (28004, 28);
insert into exemplar (codigo, livro) values (29001, 29);
insert into exemplar (codigo, livro) values (29002, 29);
insert into exemplar (codigo, livro) values (29003, 29);
insert into exemplar (codigo, livro) values (30001, 30);
insert into exemplar (codigo, livro) values (30002, 30);
insert into locacao (usuario, exemplar, retirada, entrega) values (56, 1001, '2018-02-18', '2018-03-01');
insert into locacao (usuario, exemplar, retirada, entrega) values (41, 1001, '2018-04-10', '2018-04-20');
insert into locacao (usuario, exemplar, retirada, entrega) values (81, 1001, '2018-07-18', '2018-07-20');
insert into locacao (usuario, exemplar, retirada, entrega) values (74, 1001, '2018-08-13', '2018-08-21');
insert into locacao (usuario, exemplar, retirada, entrega) values (70, 1001, '2018-11-06', '2018-11-18');
insert into locacao (usuario, exemplar, retirada, entrega) values (2, 1001, '2018-12-06', '2018-12-13');
insert into locacao (usuario, exemplar, retirada, entrega) values (34, 1001, '2019-01-14', '2019-01-16');
insert into locacao (usuario, exemplar, retirada, entrega) values (59, 1001, '2019-04-14', '2019-04-22');
insert into locacao (usuario, exemplar, retirada, entrega) values (69, 1001, '2019-04-16', '2019-04-27');
insert into locacao (usuario, exemplar, retirada, entrega) values (43, 1002, '2018-02-28', '2018-03-06');
insert into locacao (usuario, exemplar, retirada, entrega) values (80, 1002, '2018-05-25', '2018-05-30');
insert into locacao (usuario, exemplar, retirada, entrega) values (35, 1002, '2018-05-28', '2018-06-02');
insert into locacao (usuario, exemplar, retirada, entrega) values (80, 1002, '2018-05-29', '2018-06-02');
insert into locacao (usuario, exemplar, retirada, entrega) values (43, 1002, '2018-06-11', '2018-06-11');
insert into locacao (usuario, exemplar, retirada, entrega) values (26, 1002, '2018-08-24', '2018-08-31');
insert into locacao (usuario, exemplar, retirada, entrega) values (81, 1002, '2018-09-11', '2018-09-19');
insert into locacao (usuario, exemplar, retirada, entrega) values (33, 1002, '2018-09-29', '2018-10-04');
insert into locacao (usuario, exemplar, retirada, entrega) values (79, 1002, '2018-10-19', '2018-10-22');
insert into locacao (usuario, exemplar, retirada, entrega) values (32, 1002, '2018-12-04', '2018-12-10');
insert into locacao (usuario, exemplar, retirada, entrega) values (93, 1002, '2018-12-23', '2018-12-29');
insert into locacao (usuario, exemplar, retirada, entrega) values (35, 1002, '2019-03-06', '2019-03-14');
insert into locacao (usuario, exemplar, retirada, entrega) values (30, 1002, '2019-04-17', '2019-04-27');
insert into locacao (usuario, exemplar, retirada, entrega) values (12, 2001, '2018-03-26', '2018-03-27');
insert into locacao (usuario, exemplar, retirada, entrega) values (92, 2001, '2018-03-29', '2018-03-30');
insert into locacao (usuario, exemplar, retirada, entrega) values (98, 2001, '2018-06-25', '2018-06-26');
insert into locacao (usuario, exemplar, retirada, entrega) values (56, 2001, '2018-07-10', '2018-07-22');
insert into locacao (usuario, exemplar, retirada, entrega) values (33, 2001, '2018-08-06', '2018-08-11');
insert into locacao (usuario, exemplar, retirada, entrega) values (7, 2001, '2018-11-13', '2018-11-21');
insert into locacao (usuario, exemplar, retirada, entrega) values (5, 2001, '2019-01-31', '2019-02-07');
insert into locacao (usuario, exemplar, retirada, entrega) values (25, 3001, '2018-01-29', '2018-01-30');
insert into locacao (usuario, exemplar, retirada, entrega) values (63, 3001, '2018-03-19', '2018-03-20');
insert into locacao (usuario, exemplar, retirada, entrega) values (20, 3001, '2018-04-08', '2018-04-20');
insert into locacao (usuario, exemplar, retirada, entrega) values (6, 3001, '2018-06-26', '2018-07-02');
insert into locacao (usuario, exemplar, retirada, entrega) values (13, 3001, '2018-09-27', '2018-09-29');
insert into locacao (usuario, exemplar, retirada, entrega) values (6, 3001, '2018-11-26', '2018-11-30');
insert into locacao (usuario, exemplar, retirada, entrega) values (25, 3001, '2018-12-13', '2018-12-19');
insert into locacao (usuario, exemplar, retirada, entrega) values (81, 3001, '2019-01-10', '2019-01-10');
insert into locacao (usuario, exemplar, retirada, entrega) values (94, 3001, '2019-03-18', '2019-03-30');
insert into locacao (usuario, exemplar, retirada, entrega) values (24, 3002, '2018-02-21', '2018-02-28');
insert into locacao (usuario, exemplar, retirada, entrega) values (36, 3002, '2018-02-24', '2018-03-05');
insert into locacao (usuario, exemplar, retirada, entrega) values (47, 3002, '2018-04-19', '2018-04-28');
insert into locacao (usuario, exemplar, retirada, entrega) values (68, 3002, '2018-05-01', '2018-05-03');
insert into locacao (usuario, exemplar, retirada, entrega) values (80, 3002, '2018-08-02', '2018-08-05');
insert into locacao (usuario, exemplar, retirada, entrega) values (15, 3002, '2018-09-24', '2018-09-25');
insert into locacao (usuario, exemplar, retirada, entrega) values (53, 3002, '2018-11-22', '2018-11-23');
insert into locacao (usuario, exemplar, retirada, entrega) values (44, 3002, '2018-12-16', '2018-12-19');
insert into locacao (usuario, exemplar, retirada, entrega) values (22, 3002, '2019-01-20', '2019-01-28');
insert into locacao (usuario, exemplar, retirada, entrega) values (30, 3002, '2019-04-22', '2019-05-02');
insert into locacao (usuario, exemplar, retirada, entrega) values (92, 3003, '2018-02-13', '2018-02-15');
insert into locacao (usuario, exemplar, retirada, entrega) values (93, 3003, '2018-03-27', '2018-04-09');
insert into locacao (usuario, exemplar, retirada, entrega) values (45, 3003, '2018-05-28', '2018-06-09');
insert into locacao (usuario, exemplar, retirada, entrega) values (16, 3003, '2018-06-23', '2018-06-29');
insert into locacao (usuario, exemplar, retirada, entrega) values (74, 3003, '2018-07-26', '2018-07-28');
insert into locacao (usuario, exemplar, retirada, entrega) values (95, 3003, '2018-10-03', '2018-10-09');
insert into locacao (usuario, exemplar, retirada, entrega) values (48, 3003, '2018-12-07', '2018-12-11');
insert into locacao (usuario, exemplar, retirada, entrega) values (77, 3003, '2018-12-23', '2019-01-01');
insert into locacao (usuario, exemplar, retirada, entrega) values (46, 3003, '2019-02-23', '2019-02-23');
insert into locacao (usuario, exemplar, retirada, entrega) values (48, 3003, '2019-02-27', '2019-03-04');
insert into locacao (usuario, exemplar, retirada, entrega) values (67, 3003, '2019-04-10', '2019-04-21');
insert into locacao (usuario, exemplar, retirada, entrega) values (24, 3004, '2018-01-13', '2018-01-21');
insert into locacao (usuario, exemplar, retirada, entrega) values (7, 3004, '2018-04-22', '2018-04-24');
insert into locacao (usuario, exemplar, retirada, entrega) values (26, 3004, '2018-07-29', '2018-08-04');
insert into locacao (usuario, exemplar, retirada, entrega) values (3, 3004, '2018-09-08', '2018-09-15');
insert into locacao (usuario, exemplar, retirada, entrega) values (93, 3004, '2018-11-20', '2018-11-25');
insert into locacao (usuario, exemplar, retirada, entrega) values (97, 3004, '2018-12-21', '2019-01-01');
insert into locacao (usuario, exemplar, retirada, entrega) values (44, 3004, '2019-03-11', '2019-03-18');
insert into locacao (usuario, exemplar, retirada, entrega) values (56, 3004, '2019-03-16', '2019-03-19');
insert into locacao (usuario, exemplar, retirada, entrega) values (46, 3004, '2019-04-30', '2019-05-06');
insert into locacao (usuario, exemplar, retirada, entrega) values (39, 4001, '2018-03-29', '2018-04-01');
insert into locacao (usuario, exemplar, retirada, entrega) values (22, 4001, '2018-05-18', '2018-05-31');
insert into locacao (usuario, exemplar, retirada, entrega) values (86, 4001, '2018-08-15', '2018-08-20');
insert into locacao (usuario, exemplar, retirada, entrega) values (68, 4001, '2018-09-10', '2018-09-23');
insert into locacao (usuario, exemplar, retirada, entrega) values (46, 4001, '2018-11-18', '2018-12-01');
insert into locacao (usuario, exemplar, retirada, entrega) values (38, 4001, '2019-01-28', '2019-02-05');
insert into locacao (usuario, exemplar, retirada, entrega) values (75, 4001, '2019-03-21', '2019-03-22');
insert into locacao (usuario, exemplar, retirada, entrega) values (6, 4001, '2019-03-28', '2019-03-30');
insert into locacao (usuario, exemplar, retirada, entrega) values (70, 4002, '2018-01-25', '2018-01-25');
insert into locacao (usuario, exemplar, retirada, entrega) values (10, 4002, '2018-02-11', '2018-02-19');
insert into locacao (usuario, exemplar, retirada, entrega) values (23, 4002, '2018-03-07', '2018-03-18');
insert into locacao (usuario, exemplar, retirada, entrega) values (41, 4002, '2018-05-05', '2018-05-15');
insert into locacao (usuario, exemplar, retirada, entrega) values (20, 4002, '2018-07-01', '2018-07-10');
insert into locacao (usuario, exemplar, retirada, entrega) values (93, 4002, '2018-07-20', '2018-07-25');
insert into locacao (usuario, exemplar, retirada, entrega) values (69, 4002, '2018-08-09', '2018-08-11');
insert into locacao (usuario, exemplar, retirada, entrega) values (24, 4002, '2018-09-10', '2018-09-11');
insert into locacao (usuario, exemplar, retirada, entrega) values (72, 4002, '2018-10-10', '2018-10-10');
insert into locacao (usuario, exemplar, retirada, entrega) values (90, 4002, '2018-12-23', '2018-12-27');
insert into locacao (usuario, exemplar, retirada, entrega) values (9, 4002, '2019-03-12', '2019-03-22');
insert into locacao (usuario, exemplar, retirada, entrega) values (46, 4003, '2018-01-15', '2018-01-27');
insert into locacao (usuario, exemplar, retirada, entrega) values (75, 4003, '2018-02-01', '2018-02-01');
insert into locacao (usuario, exemplar, retirada, entrega) values (92, 4003, '2018-02-20', '2018-03-02');
insert into locacao (usuario, exemplar, retirada, entrega) values (70, 4003, '2018-03-22', '2018-03-28');
insert into locacao (usuario, exemplar, retirada, entrega) values (79, 4003, '2018-04-09', '2018-04-21');
insert into locacao (usuario, exemplar, retirada, entrega) values (99, 4003, '2018-06-13', '2018-06-22');
insert into locacao (usuario, exemplar, retirada, entrega) values (23, 4003, '2018-06-30', '2018-07-11');
insert into locacao (usuario, exemplar, retirada, entrega) values (64, 4003, '2018-08-23', '2018-08-30');
insert into locacao (usuario, exemplar, retirada, entrega) values (49, 4003, '2018-11-14', '2018-11-18');
insert into locacao (usuario, exemplar, retirada, entrega) values (90, 4003, '2019-02-07', '2019-02-07');
insert into locacao (usuario, exemplar, retirada, entrega) values (88, 4003, '2019-03-27', '2019-03-28');
insert into locacao (usuario, exemplar, retirada, entrega) values (60, 4004, '2018-03-03', '2018-03-08');
insert into locacao (usuario, exemplar, retirada, entrega) values (17, 4004, '2018-05-19', '2018-06-01');
insert into locacao (usuario, exemplar, retirada, entrega) values (95, 4004, '2018-07-30', '2018-07-30');
insert into locacao (usuario, exemplar, retirada, entrega) values (78, 4004, '2018-09-05', '2018-09-06');
insert into locacao (usuario, exemplar, retirada, entrega) values (63, 4004, '2018-09-07', '2018-09-12');
insert into locacao (usuario, exemplar, retirada, entrega) values (41, 4004, '2018-11-06', '2018-11-18');
insert into locacao (usuario, exemplar, retirada, entrega) values (20, 4004, '2019-01-11', '2019-01-22');
insert into locacao (usuario, exemplar, retirada, entrega) values (33, 4004, '2019-01-14', '2019-01-19');
insert into locacao (usuario, exemplar, retirada, entrega) values (25, 4004, '2019-03-09', '2019-03-19');
insert into locacao (usuario, exemplar, retirada, entrega) values (41, 4004, '2019-04-17', '2019-04-21');
insert into locacao (usuario, exemplar, retirada, entrega) values (45, 4005, '2018-02-04', '2018-02-07');
insert into locacao (usuario, exemplar, retirada, entrega) values (89, 4005, '2018-02-18', '2018-02-24');
insert into locacao (usuario, exemplar, retirada, entrega) values (68, 4005, '2018-04-20', '2018-05-02');
insert into locacao (usuario, exemplar, retirada, entrega) values (13, 4005, '2018-06-04', '2018-06-13');
insert into locacao (usuario, exemplar, retirada, entrega) values (98, 4005, '2018-07-19', '2018-07-28');
insert into locacao (usuario, exemplar, retirada, entrega) values (64, 4005, '2018-09-15', '2018-09-21');
insert into locacao (usuario, exemplar, retirada, entrega) values (74, 4005, '2018-11-29', '2018-12-03');
insert into locacao (usuario, exemplar, retirada, entrega) values (39, 4005, '2019-01-17', '2019-01-23');
insert into locacao (usuario, exemplar, retirada, entrega) values (88, 4005, '2019-02-05', '2019-02-13');
insert into locacao (usuario, exemplar, retirada, entrega) values (64, 4005, '2019-02-14', '2019-02-27');
insert into locacao (usuario, exemplar, retirada, entrega) values (78, 4005, '2019-04-22', '2019-04-22');
insert into locacao (usuario, exemplar, retirada, entrega) values (14, 5001, '2018-02-18', '2018-02-21');
insert into locacao (usuario, exemplar, retirada, entrega) values (64, 5001, '2018-05-19', '2018-05-20');
insert into locacao (usuario, exemplar, retirada, entrega) values (19, 5001, '2018-07-30', '2018-07-31');
insert into locacao (usuario, exemplar, retirada, entrega) values (73, 5001, '2018-09-07', '2018-09-07');
insert into locacao (usuario, exemplar, retirada, entrega) values (35, 5001, '2018-09-23', '2018-09-25');
insert into locacao (usuario, exemplar, retirada, entrega) values (42, 5001, '2018-10-18', '2018-10-26');
insert into locacao (usuario, exemplar, retirada, entrega) values (75, 5001, '2018-12-05', '2018-12-10');
insert into locacao (usuario, exemplar, retirada, entrega) values (51, 5001, '2019-01-10', '2019-01-22');
insert into locacao (usuario, exemplar, retirada, entrega) values (44, 5001, '2019-03-04', '2019-03-06');
insert into locacao (usuario, exemplar, retirada, entrega) values (42, 5002, '2018-03-12', '2018-03-19');
insert into locacao (usuario, exemplar, retirada, entrega) values (8, 5002, '2018-05-06', '2018-05-09');
insert into locacao (usuario, exemplar, retirada, entrega) values (61, 5002, '2018-06-11', '2018-06-16');
insert into locacao (usuario, exemplar, retirada, entrega) values (87, 5002, '2018-08-10', '2018-08-13');
insert into locacao (usuario, exemplar, retirada, entrega) values (38, 5002, '2018-11-17', '2018-11-22');
insert into locacao (usuario, exemplar, retirada, entrega) values (92, 5002, '2018-12-22', '2018-12-30');
insert into locacao (usuario, exemplar, retirada, entrega) values (63, 5002, '2019-03-17', '2019-03-30');
insert into locacao (usuario, exemplar, retirada, entrega) values (47, 5003, '2018-02-16', '2018-02-22');
insert into locacao (usuario, exemplar, retirada, entrega) values (94, 5003, '2018-04-23', '2018-05-04');
insert into locacao (usuario, exemplar, retirada, entrega) values (53, 5003, '2018-06-25', '2018-07-07');
insert into locacao (usuario, exemplar, retirada, entrega) values (81, 5003, '2018-08-29', '2018-09-08');
insert into locacao (usuario, exemplar, retirada, entrega) values (41, 5003, '2018-11-11', '2018-11-11');
insert into locacao (usuario, exemplar, retirada, entrega) values (49, 5003, '2019-02-12', '2019-02-12');
insert into locacao (usuario, exemplar, retirada, entrega) values (86, 6001, '2018-04-01', '2018-04-12');
insert into locacao (usuario, exemplar, retirada, entrega) values (65, 6001, '2018-05-14', '2018-05-24');
insert into locacao (usuario, exemplar, retirada, entrega) values (61, 6001, '2018-05-27', '2018-06-05');
insert into locacao (usuario, exemplar, retirada, entrega) values (33, 6001, '2018-08-06', '2018-08-09');
insert into locacao (usuario, exemplar, retirada, entrega) values (86, 6001, '2018-09-10', '2018-09-10');
insert into locacao (usuario, exemplar, retirada, entrega) values (100, 6001, '2018-11-30', '2018-12-06');
insert into locacao (usuario, exemplar, retirada, entrega) values (11, 6001, '2019-01-06', '2019-01-19');
insert into locacao (usuario, exemplar, retirada, entrega) values (17, 6001, '2019-03-12', '2019-03-19');
insert into locacao (usuario, exemplar, retirada, entrega) values (13, 6001, '2019-04-12', '2019-04-14');
insert into locacao (usuario, exemplar, retirada, entrega) values (41, 6002, '2018-01-11', '2018-01-24');
insert into locacao (usuario, exemplar, retirada, entrega) values (33, 6002, '2018-03-01', '2018-03-07');
insert into locacao (usuario, exemplar, retirada, entrega) values (34, 6002, '2018-04-07', '2018-04-12');
insert into locacao (usuario, exemplar, retirada, entrega) values (91, 6002, '2018-05-19', '2018-05-28');
insert into locacao (usuario, exemplar, retirada, entrega) values (48, 6002, '2018-05-30', '2018-05-31');
insert into locacao (usuario, exemplar, retirada, entrega) values (20, 6002, '2018-06-10', '2018-06-15');
insert into locacao (usuario, exemplar, retirada, entrega) values (55, 6002, '2018-08-01', '2018-08-02');
insert into locacao (usuario, exemplar, retirada, entrega) values (24, 6002, '2018-08-25', '2018-09-03');
insert into locacao (usuario, exemplar, retirada, entrega) values (31, 6002, '2018-10-23', '2018-11-05');
insert into locacao (usuario, exemplar, retirada, entrega) values (9, 6002, '2018-11-07', '2018-11-18');
insert into locacao (usuario, exemplar, retirada, entrega) values (48, 6002, '2019-02-01', '2019-02-09');
insert into locacao (usuario, exemplar, retirada, entrega) values (41, 6002, '2019-02-17', '2019-02-18');
insert into locacao (usuario, exemplar, retirada, entrega) values (38, 6002, '2019-04-05', '2019-04-18');
insert into locacao (usuario, exemplar, retirada, entrega) values (96, 6002, '2019-04-12', '2019-04-24');
insert into locacao (usuario, exemplar, retirada, entrega) values (2, 7001, '2018-04-10', '2018-04-22');
insert into locacao (usuario, exemplar, retirada, entrega) values (2, 7001, '2018-07-04', '2018-07-09');
insert into locacao (usuario, exemplar, retirada, entrega) values (66, 7001, '2018-08-28', '2018-09-03');
insert into locacao (usuario, exemplar, retirada, entrega) values (16, 7001, '2018-11-23', '2018-11-23');
insert into locacao (usuario, exemplar, retirada, entrega) values (50, 7001, '2018-12-17', '2018-12-28');
insert into locacao (usuario, exemplar, retirada, entrega) values (31, 7001, '2019-03-23', '2019-03-31');
insert into locacao (usuario, exemplar, retirada, entrega) values (13, 7002, '2018-01-18', '2018-01-18');
insert into locacao (usuario, exemplar, retirada, entrega) values (10, 7002, '2018-02-05', '2018-02-14');
insert into locacao (usuario, exemplar, retirada, entrega) values (26, 7002, '2018-03-25', '2018-03-30');
insert into locacao (usuario, exemplar, retirada, entrega) values (28, 7002, '2018-06-05', '2018-06-16');
insert into locacao (usuario, exemplar, retirada, entrega) values (53, 7002, '2018-06-25', '2018-06-26');
insert into locacao (usuario, exemplar, retirada, entrega) values (91, 7002, '2018-08-07', '2018-08-16');
insert into locacao (usuario, exemplar, retirada, entrega) values (26, 7002, '2018-08-28', '2018-09-09');
insert into locacao (usuario, exemplar, retirada, entrega) values (63, 7002, '2018-11-19', '2018-11-25');
insert into locacao (usuario, exemplar, retirada, entrega) values (53, 7002, '2018-12-09', '2018-12-09');
insert into locacao (usuario, exemplar, retirada, entrega) values (7, 7002, '2019-01-07', '2019-01-14');
insert into locacao (usuario, exemplar, retirada, entrega) values (1, 7002, '2019-01-11', '2019-01-12');
insert into locacao (usuario, exemplar, retirada, entrega) values (2, 7002, '2019-04-09', '2019-04-12');
insert into locacao (usuario, exemplar, retirada, entrega) values (35, 7003, '2018-02-19', '2018-02-20');
insert into locacao (usuario, exemplar, retirada, entrega) values (61, 7003, '2018-04-10', '2018-04-15');
insert into locacao (usuario, exemplar, retirada, entrega) values (56, 7003, '2018-06-22', '2018-07-03');
insert into locacao (usuario, exemplar, retirada, entrega) values (96, 7003, '2018-07-06', '2018-07-16');
insert into locacao (usuario, exemplar, retirada, entrega) values (33, 7003, '2018-09-30', '2018-10-10');
insert into locacao (usuario, exemplar, retirada, entrega) values (37, 7003, '2018-11-21', '2018-12-02');
insert into locacao (usuario, exemplar, retirada, entrega) values (41, 7003, '2019-02-28', '2019-02-28');
insert into locacao (usuario, exemplar, retirada, entrega) values (60, 7003, '2019-03-16', '2019-03-29');
insert into locacao (usuario, exemplar, retirada, entrega) values (47, 8001, '2018-02-26', '2018-03-09');
insert into locacao (usuario, exemplar, retirada, entrega) values (72, 8001, '2018-03-31', '2018-03-31');
insert into locacao (usuario, exemplar, retirada, entrega) values (2, 8001, '2018-05-30', '2018-06-07');
insert into locacao (usuario, exemplar, retirada, entrega) values (12, 8001, '2018-07-18', '2018-07-30');
insert into locacao (usuario, exemplar, retirada, entrega) values (14, 8001, '2018-08-28', '2018-09-03');
insert into locacao (usuario, exemplar, retirada, entrega) values (78, 8001, '2018-09-14', '2018-09-27');
insert into locacao (usuario, exemplar, retirada, entrega) values (42, 8001, '2018-12-19', '2019-01-01');
insert into locacao (usuario, exemplar, retirada, entrega) values (92, 8001, '2019-03-26', '2019-03-29');
insert into locacao (usuario, exemplar, retirada, entrega) values (82, 8001, '2019-03-26', '2019-04-02');
insert into locacao (usuario, exemplar, retirada, entrega) values (43, 8002, '2018-02-28', '2018-03-05');
insert into locacao (usuario, exemplar, retirada, entrega) values (63, 8002, '2018-04-10', '2018-04-17');
insert into locacao (usuario, exemplar, retirada, entrega) values (18, 8002, '2018-06-24', '2018-06-25');
insert into locacao (usuario, exemplar, retirada, entrega) values (91, 8002, '2018-07-06', '2018-07-12');
insert into locacao (usuario, exemplar, retirada, entrega) values (57, 8002, '2018-07-25', '2018-07-31');
insert into locacao (usuario, exemplar, retirada, entrega) values (90, 8002, '2018-07-25', '2018-08-04');
insert into locacao (usuario, exemplar, retirada, entrega) values (25, 8002, '2018-09-25', '2018-10-02');
insert into locacao (usuario, exemplar, retirada, entrega) values (82, 8002, '2018-11-19', '2018-11-19');
insert into locacao (usuario, exemplar, retirada, entrega) values (18, 8002, '2019-01-25', '2019-02-06');
insert into locacao (usuario, exemplar, retirada, entrega) values (34, 8002, '2019-02-16', '2019-02-24');
insert into locacao (usuario, exemplar, retirada, entrega) values (70, 8002, '2019-04-22', '2019-04-25');
insert into locacao (usuario, exemplar, retirada, entrega) values (100, 8003, '2018-03-16', '2018-03-23');
insert into locacao (usuario, exemplar, retirada, entrega) values (72, 8003, '2018-05-26', '2018-05-30');
insert into locacao (usuario, exemplar, retirada, entrega) values (66, 8003, '2018-06-07', '2018-06-18');
insert into locacao (usuario, exemplar, retirada, entrega) values (56, 8003, '2018-06-29', '2018-07-06');
insert into locacao (usuario, exemplar, retirada, entrega) values (48, 8003, '2018-09-03', '2018-09-05');
insert into locacao (usuario, exemplar, retirada, entrega) values (14, 8003, '2018-11-17', '2018-11-25');
insert into locacao (usuario, exemplar, retirada, entrega) values (9, 8003, '2019-01-08', '2019-01-19');
insert into locacao (usuario, exemplar, retirada, entrega) values (88, 8003, '2019-02-19', '2019-02-27');
insert into locacao (usuario, exemplar, retirada, entrega) values (8, 8003, '2019-03-21', '2019-03-24');
insert into locacao (usuario, exemplar, retirada, entrega) values (93, 8003, '2019-04-25', '2019-05-02');
insert into locacao (usuario, exemplar, retirada, entrega) values (44, 8004, '2018-02-10', '2018-02-17');
insert into locacao (usuario, exemplar, retirada, entrega) values (67, 8004, '2018-02-19', '2018-02-19');
insert into locacao (usuario, exemplar, retirada, entrega) values (33, 8004, '2018-03-01', '2018-03-01');
insert into locacao (usuario, exemplar, retirada, entrega) values (39, 8004, '2018-03-19', '2018-03-23');
insert into locacao (usuario, exemplar, retirada, entrega) values (65, 8004, '2018-03-26', '2018-04-03');
insert into locacao (usuario, exemplar, retirada, entrega) values (28, 8004, '2018-04-15', '2018-04-26');
insert into locacao (usuario, exemplar, retirada, entrega) values (19, 8004, '2018-05-30', '2018-06-05');
insert into locacao (usuario, exemplar, retirada, entrega) values (21, 8004, '2018-09-03', '2018-09-10');
insert into locacao (usuario, exemplar, retirada, entrega) values (74, 8004, '2018-11-14', '2018-11-20');
insert into locacao (usuario, exemplar, retirada, entrega) values (1, 8004, '2018-11-21', '2018-11-29');
insert into locacao (usuario, exemplar, retirada, entrega) values (60, 8004, '2019-01-26', '2019-01-31');
insert into locacao (usuario, exemplar, retirada, entrega) values (85, 8004, '2019-02-18', '2019-03-02');
insert into locacao (usuario, exemplar, retirada, entrega) values (59, 8004, '2019-02-25', '2019-03-01');
insert into locacao (usuario, exemplar, retirada, entrega) values (47, 9001, '2018-02-13', '2018-02-26');
insert into locacao (usuario, exemplar, retirada, entrega) values (86, 9001, '2018-05-17', '2018-05-23');
insert into locacao (usuario, exemplar, retirada, entrega) values (59, 9001, '2018-07-21', '2018-07-26');
insert into locacao (usuario, exemplar, retirada, entrega) values (36, 9001, '2018-08-20', '2018-08-26');
insert into locacao (usuario, exemplar, retirada, entrega) values (10, 9001, '2018-10-22', '2018-10-23');
insert into locacao (usuario, exemplar, retirada, entrega) values (57, 9001, '2019-01-01', '2019-01-02');
insert into locacao (usuario, exemplar, retirada, entrega) values (28, 9001, '2019-03-20', '2019-03-25');
insert into locacao (usuario, exemplar, retirada, entrega) values (51, 9002, '2018-03-28', '2018-04-02');
insert into locacao (usuario, exemplar, retirada, entrega) values (28, 9002, '2018-05-04', '2018-05-09');
insert into locacao (usuario, exemplar, retirada, entrega) values (21, 9002, '2018-06-12', '2018-06-12');
insert into locacao (usuario, exemplar, retirada, entrega) values (14, 9002, '2018-09-06', '2018-09-10');
insert into locacao (usuario, exemplar, retirada, entrega) values (87, 9002, '2018-09-23', '2018-09-27');
insert into locacao (usuario, exemplar, retirada, entrega) values (35, 9002, '2018-11-01', '2018-11-04');
insert into locacao (usuario, exemplar, retirada, entrega) values (31, 9002, '2018-12-29', '2018-12-30');
insert into locacao (usuario, exemplar, retirada, entrega) values (34, 9002, '2019-03-31', '2019-04-13');
insert into locacao (usuario, exemplar, retirada, entrega) values (51, 9002, '2019-04-18', '2019-04-20');
insert into locacao (usuario, exemplar, retirada, entrega) values (74, 9003, '2018-01-06', '2018-01-13');
insert into locacao (usuario, exemplar, retirada, entrega) values (31, 9003, '2018-02-21', '2018-03-06');
insert into locacao (usuario, exemplar, retirada, entrega) values (72, 9003, '2018-05-02', '2018-05-14');
insert into locacao (usuario, exemplar, retirada, entrega) values (26, 9003, '2018-06-07', '2018-06-11');
insert into locacao (usuario, exemplar, retirada, entrega) values (99, 9003, '2018-08-23', '2018-08-26');
insert into locacao (usuario, exemplar, retirada, entrega) values (53, 9003, '2018-08-23', '2018-09-04');
insert into locacao (usuario, exemplar, retirada, entrega) values (12, 9003, '2018-11-24', '2018-12-01');
insert into locacao (usuario, exemplar, retirada, entrega) values (7, 9003, '2019-02-27', '2019-03-03');
insert into locacao (usuario, exemplar, retirada, entrega) values (51, 10001, '2018-03-16', '2018-03-16');
insert into locacao (usuario, exemplar, retirada, entrega) values (81, 10001, '2018-04-24', '2018-04-29');
insert into locacao (usuario, exemplar, retirada, entrega) values (80, 10001, '2018-07-22', '2018-07-26');
insert into locacao (usuario, exemplar, retirada, entrega) values (95, 10001, '2018-10-10', '2018-10-16');
insert into locacao (usuario, exemplar, retirada, entrega) values (76, 10001, '2018-10-12', '2018-10-22');
insert into locacao (usuario, exemplar, retirada, entrega) values (17, 10001, '2018-10-27', '2018-11-09');
insert into locacao (usuario, exemplar, retirada, entrega) values (21, 10001, '2019-02-01', '2019-02-13');
insert into locacao (usuario, exemplar, retirada, entrega) values (48, 10001, '2019-02-19', '2019-03-04');
insert into locacao (usuario, exemplar, retirada, entrega) values (6, 10002, '2018-01-16', '2018-01-23');
insert into locacao (usuario, exemplar, retirada, entrega) values (69, 10002, '2018-01-17', '2018-01-17');
insert into locacao (usuario, exemplar, retirada, entrega) values (33, 10002, '2018-02-28', '2018-03-02');
insert into locacao (usuario, exemplar, retirada, entrega) values (81, 10002, '2018-03-24', '2018-04-06');
insert into locacao (usuario, exemplar, retirada, entrega) values (23, 10002, '2018-06-02', '2018-06-15');
insert into locacao (usuario, exemplar, retirada, entrega) values (74, 10002, '2018-06-30', '2018-06-30');
insert into locacao (usuario, exemplar, retirada, entrega) values (76, 10002, '2018-08-31', '2018-09-13');
insert into locacao (usuario, exemplar, retirada, entrega) values (50, 10002, '2018-10-27', '2018-11-09');
insert into locacao (usuario, exemplar, retirada, entrega) values (32, 10002, '2019-01-08', '2019-01-16');
insert into locacao (usuario, exemplar, retirada, entrega) values (37, 10002, '2019-03-22', '2019-03-26');
insert into locacao (usuario, exemplar, retirada, entrega) values (81, 10002, '2019-04-02', '2019-04-09');
insert into locacao (usuario, exemplar, retirada, entrega) values (22, 11001, '2018-03-18', '2018-03-31');
insert into locacao (usuario, exemplar, retirada, entrega) values (98, 11001, '2018-05-27', '2018-05-27');
insert into locacao (usuario, exemplar, retirada, entrega) values (48, 11001, '2018-06-10', '2018-06-14');
insert into locacao (usuario, exemplar, retirada, entrega) values (12, 11001, '2018-06-13', '2018-06-14');
insert into locacao (usuario, exemplar, retirada, entrega) values (27, 11001, '2018-08-24', '2018-08-26');
insert into locacao (usuario, exemplar, retirada, entrega) values (81, 11001, '2018-11-02', '2018-11-02');
insert into locacao (usuario, exemplar, retirada, entrega) values (41, 11001, '2018-12-21', '2018-12-25');
insert into locacao (usuario, exemplar, retirada, entrega) values (39, 11001, '2019-01-20', '2019-01-21');
insert into locacao (usuario, exemplar, retirada, entrega) values (37, 11001, '2019-04-14', '2019-04-19');
insert into locacao (usuario, exemplar, retirada, entrega) values (2, 12001, '2018-01-01', '2018-01-06');
insert into locacao (usuario, exemplar, retirada, entrega) values (67, 12001, '2018-03-11', '2018-03-19');
insert into locacao (usuario, exemplar, retirada, entrega) values (96, 12001, '2018-05-29', '2018-05-31');
insert into locacao (usuario, exemplar, retirada, entrega) values (60, 12001, '2018-08-01', '2018-08-07');
insert into locacao (usuario, exemplar, retirada, entrega) values (4, 12001, '2018-09-11', '2018-09-18');
insert into locacao (usuario, exemplar, retirada, entrega) values (90, 12001, '2018-10-25', '2018-11-06');
insert into locacao (usuario, exemplar, retirada, entrega) values (20, 12001, '2018-12-16', '2018-12-18');
insert into locacao (usuario, exemplar, retirada, entrega) values (34, 12001, '2019-01-05', '2019-01-14');
insert into locacao (usuario, exemplar, retirada, entrega) values (69, 12001, '2019-03-29', '2019-03-29');
insert into locacao (usuario, exemplar, retirada, entrega) values (33, 12002, '2018-02-20', '2018-02-23');
insert into locacao (usuario, exemplar, retirada, entrega) values (56, 12002, '2018-04-20', '2018-04-28');
insert into locacao (usuario, exemplar, retirada, entrega) values (32, 12002, '2018-04-30', '2018-05-01');
insert into locacao (usuario, exemplar, retirada, entrega) values (62, 12002, '2018-08-01', '2018-08-01');
insert into locacao (usuario, exemplar, retirada, entrega) values (41, 12002, '2018-11-04', '2018-11-12');
insert into locacao (usuario, exemplar, retirada, entrega) values (91, 12002, '2019-01-07', '2019-01-16');
insert into locacao (usuario, exemplar, retirada, entrega) values (84, 12002, '2019-01-08', '2019-01-20');
insert into locacao (usuario, exemplar, retirada, entrega) values (3, 12002, '2019-03-26', '2019-04-01');
insert into locacao (usuario, exemplar, retirada, entrega) values (46, 13001, '2018-04-05', '2018-04-16');
insert into locacao (usuario, exemplar, retirada, entrega) values (13, 13001, '2018-06-13', '2018-06-25');
insert into locacao (usuario, exemplar, retirada, entrega) values (19, 13001, '2018-09-10', '2018-09-19');
insert into locacao (usuario, exemplar, retirada, entrega) values (20, 13001, '2018-10-10', '2018-10-13');
insert into locacao (usuario, exemplar, retirada, entrega) values (83, 13001, '2018-11-09', '2018-11-21');
insert into locacao (usuario, exemplar, retirada, entrega) values (81, 13001, '2018-12-31', '2019-01-01');
insert into locacao (usuario, exemplar, retirada, entrega) values (33, 13001, '2019-02-09', '2019-02-09');
insert into locacao (usuario, exemplar, retirada, entrega) values (95, 14001, '2018-02-26', '2018-02-27');
insert into locacao (usuario, exemplar, retirada, entrega) values (23, 14001, '2018-06-03', '2018-06-05');
insert into locacao (usuario, exemplar, retirada, entrega) values (47, 14001, '2018-08-14', '2018-08-25');
insert into locacao (usuario, exemplar, retirada, entrega) values (27, 14001, '2018-10-29', '2018-11-03');
insert into locacao (usuario, exemplar, retirada, entrega) values (76, 14001, '2019-01-21', '2019-02-01');
insert into locacao (usuario, exemplar, retirada, entrega) values (28, 14001, '2019-04-28', '2019-05-02');
insert into locacao (usuario, exemplar, retirada, entrega) values (37, 15001, '2018-01-29', '2018-02-02');
insert into locacao (usuario, exemplar, retirada, entrega) values (50, 15001, '2018-02-10', '2018-02-23');
insert into locacao (usuario, exemplar, retirada, entrega) values (94, 15001, '2018-02-21', '2018-02-25');
insert into locacao (usuario, exemplar, retirada, entrega) values (54, 15001, '2018-05-25', '2018-05-27');
insert into locacao (usuario, exemplar, retirada, entrega) values (17, 15001, '2018-05-31', '2018-06-07');
insert into locacao (usuario, exemplar, retirada, entrega) values (97, 15001, '2018-08-17', '2018-08-24');
insert into locacao (usuario, exemplar, retirada, entrega) values (40, 15001, '2018-10-01', '2018-10-13');
insert into locacao (usuario, exemplar, retirada, entrega) values (57, 15001, '2018-11-01', '2018-11-06');
insert into locacao (usuario, exemplar, retirada, entrega) values (65, 15001, '2018-11-22', '2018-12-03');
insert into locacao (usuario, exemplar, retirada, entrega) values (33, 15001, '2019-01-12', '2019-01-19');
insert into locacao (usuario, exemplar, retirada, entrega) values (94, 15001, '2019-02-25', '2019-03-05');
insert into locacao (usuario, exemplar, retirada, entrega) values (75, 16001, '2018-02-18', '2018-02-28');
insert into locacao (usuario, exemplar, retirada, entrega) values (20, 16001, '2018-02-23', '2018-02-25');
insert into locacao (usuario, exemplar, retirada, entrega) values (37, 16001, '2018-04-10', '2018-04-12');
insert into locacao (usuario, exemplar, retirada, entrega) values (89, 16001, '2018-07-14', '2018-07-25');
insert into locacao (usuario, exemplar, retirada, entrega) values (95, 16001, '2018-10-03', '2018-10-05');
insert into locacao (usuario, exemplar, retirada, entrega) values (58, 16001, '2018-11-06', '2018-11-13');
insert into locacao (usuario, exemplar, retirada, entrega) values (21, 16001, '2019-01-14', '2019-01-24');
insert into locacao (usuario, exemplar, retirada, entrega) values (60, 16001, '2019-04-03', '2019-04-05');
insert into locacao (usuario, exemplar, retirada, entrega) values (75, 16001, '2019-04-12', '2019-04-14');
insert into locacao (usuario, exemplar, retirada, entrega) values (80, 16002, '2018-04-04', '2018-04-13');
insert into locacao (usuario, exemplar, retirada, entrega) values (100, 16002, '2018-04-28', '2018-05-08');
insert into locacao (usuario, exemplar, retirada, entrega) values (85, 16002, '2018-05-06', '2018-05-07');
insert into locacao (usuario, exemplar, retirada, entrega) values (38, 16002, '2018-07-12', '2018-07-20');
insert into locacao (usuario, exemplar, retirada, entrega) values (97, 16002, '2018-08-17', '2018-08-18');
insert into locacao (usuario, exemplar, retirada, entrega) values (7, 16002, '2018-09-24', '2018-09-24');
insert into locacao (usuario, exemplar, retirada, entrega) values (23, 16002, '2018-12-09', '2018-12-18');
insert into locacao (usuario, exemplar, retirada, entrega) values (70, 16002, '2019-03-04', '2019-03-04');
insert into locacao (usuario, exemplar, retirada, entrega) values (46, 16002, '2019-03-10', '2019-03-16');
insert into locacao (usuario, exemplar, retirada, entrega) values (99, 16002, '2019-03-25', '2019-03-26');
insert into locacao (usuario, exemplar, retirada, entrega) values (21, 16002, '2019-04-20', '2019-05-02');
insert into locacao (usuario, exemplar, retirada, entrega) values (69, 16003, '2018-02-04', '2018-02-16');
insert into locacao (usuario, exemplar, retirada, entrega) values (23, 16003, '2018-03-12', '2018-03-16');
insert into locacao (usuario, exemplar, retirada, entrega) values (73, 16003, '2018-05-09', '2018-05-22');
insert into locacao (usuario, exemplar, retirada, entrega) values (79, 16003, '2018-08-16', '2018-08-28');
insert into locacao (usuario, exemplar, retirada, entrega) values (39, 16003, '2018-11-05', '2018-11-16');
insert into locacao (usuario, exemplar, retirada, entrega) values (95, 16003, '2019-01-31', '2019-02-01');
insert into locacao (usuario, exemplar, retirada, entrega) values (49, 16003, '2019-04-04', '2019-04-12');
insert into locacao (usuario, exemplar, retirada, entrega) values (25, 16003, '2019-04-18', '2019-04-30');
insert into locacao (usuario, exemplar, retirada, entrega) values (1, 16003, '2019-04-23', '2019-05-01');
insert into locacao (usuario, exemplar, retirada, entrega) values (50, 16004, '2018-03-20', '2018-04-01');
insert into locacao (usuario, exemplar, retirada, entrega) values (6, 16004, '2018-04-27', '2018-05-09');
insert into locacao (usuario, exemplar, retirada, entrega) values (22, 16004, '2018-05-15', '2018-05-15');
insert into locacao (usuario, exemplar, retirada, entrega) values (88, 16004, '2018-06-22', '2018-06-29');
insert into locacao (usuario, exemplar, retirada, entrega) values (49, 16004, '2018-07-05', '2018-07-17');
insert into locacao (usuario, exemplar, retirada, entrega) values (11, 16004, '2018-08-03', '2018-08-03');
insert into locacao (usuario, exemplar, retirada, entrega) values (41, 16004, '2018-08-10', '2018-08-12');
insert into locacao (usuario, exemplar, retirada, entrega) values (24, 16004, '2018-09-01', '2018-09-05');
insert into locacao (usuario, exemplar, retirada, entrega) values (10, 16004, '2018-11-13', '2018-11-24');
insert into locacao (usuario, exemplar, retirada, entrega) values (76, 16004, '2018-12-07', '2018-12-18');
insert into locacao (usuario, exemplar, retirada, entrega) values (76, 16004, '2019-02-15', '2019-02-27');
insert into locacao (usuario, exemplar, retirada, entrega) values (100, 16004, '2019-03-19', '2019-03-27');
insert into locacao (usuario, exemplar, retirada, entrega) values (6, 17001, '2018-03-30', '2018-04-09');
insert into locacao (usuario, exemplar, retirada, entrega) values (96, 17001, '2018-04-23', '2018-04-25');
insert into locacao (usuario, exemplar, retirada, entrega) values (59, 17001, '2018-07-23', '2018-08-03');
insert into locacao (usuario, exemplar, retirada, entrega) values (52, 17001, '2018-10-05', '2018-10-13');
insert into locacao (usuario, exemplar, retirada, entrega) values (26, 17001, '2018-10-12', '2018-10-16');
insert into locacao (usuario, exemplar, retirada, entrega) values (17, 17001, '2019-01-11', '2019-01-17');
insert into locacao (usuario, exemplar, retirada, entrega) values (66, 17001, '2019-03-23', '2019-04-03');
insert into locacao (usuario, exemplar, retirada, entrega) values (92, 18001, '2018-02-06', '2018-02-09');
insert into locacao (usuario, exemplar, retirada, entrega) values (44, 18001, '2018-02-26', '2018-03-09');
insert into locacao (usuario, exemplar, retirada, entrega) values (62, 18001, '2018-04-06', '2018-04-16');
insert into locacao (usuario, exemplar, retirada, entrega) values (82, 18001, '2018-06-26', '2018-07-04');
insert into locacao (usuario, exemplar, retirada, entrega) values (77, 18001, '2018-08-03', '2018-08-09');
insert into locacao (usuario, exemplar, retirada, entrega) values (51, 18001, '2018-10-22', '2018-10-25');
insert into locacao (usuario, exemplar, retirada, entrega) values (43, 18001, '2019-01-09', '2019-01-14');
insert into locacao (usuario, exemplar, retirada, entrega) values (48, 18001, '2019-01-14', '2019-01-14');
insert into locacao (usuario, exemplar, retirada, entrega) values (91, 18001, '2019-01-30', '2019-02-10');
insert into locacao (usuario, exemplar, retirada, entrega) values (71, 18001, '2019-03-05', '2019-03-06');
insert into locacao (usuario, exemplar, retirada, entrega) values (63, 18002, '2018-01-08', '2018-01-17');
insert into locacao (usuario, exemplar, retirada, entrega) values (95, 18002, '2018-02-22', '2018-02-27');
insert into locacao (usuario, exemplar, retirada, entrega) values (18, 18002, '2018-03-11', '2018-03-18');
insert into locacao (usuario, exemplar, retirada, entrega) values (50, 18002, '2018-06-14', '2018-06-21');
insert into locacao (usuario, exemplar, retirada, entrega) values (30, 18002, '2018-09-12', '2018-09-21');
insert into locacao (usuario, exemplar, retirada, entrega) values (83, 18002, '2018-11-12', '2018-11-18');
insert into locacao (usuario, exemplar, retirada, entrega) values (30, 18002, '2018-11-26', '2018-12-05');
insert into locacao (usuario, exemplar, retirada, entrega) values (52, 18002, '2019-02-19', '2019-02-23');
insert into locacao (usuario, exemplar, retirada, entrega) values (60, 18002, '2019-04-14', '2019-04-24');
insert into locacao (usuario, exemplar, retirada, entrega) values (28, 18003, '2018-02-08', '2018-02-15');
insert into locacao (usuario, exemplar, retirada, entrega) values (65, 18003, '2018-04-27', '2018-05-02');
insert into locacao (usuario, exemplar, retirada, entrega) values (54, 18003, '2018-05-10', '2018-05-10');
insert into locacao (usuario, exemplar, retirada, entrega) values (73, 18003, '2018-06-02', '2018-06-06');
insert into locacao (usuario, exemplar, retirada, entrega) values (80, 18003, '2018-08-31', '2018-09-11');
insert into locacao (usuario, exemplar, retirada, entrega) values (37, 18003, '2018-11-28', '2018-12-05');
insert into locacao (usuario, exemplar, retirada, entrega) values (75, 18003, '2019-01-27', '2019-01-29');
insert into locacao (usuario, exemplar, retirada, entrega) values (68, 18003, '2019-04-03', '2019-04-13');
insert into locacao (usuario, exemplar, retirada, entrega) values (41, 18003, '2019-04-04', '2019-04-05');
insert into locacao (usuario, exemplar, retirada, entrega) values (37, 18004, '2018-03-12', '2018-03-20');
insert into locacao (usuario, exemplar, retirada, entrega) values (24, 18004, '2018-03-24', '2018-03-26');
insert into locacao (usuario, exemplar, retirada, entrega) values (77, 18004, '2018-06-30', '2018-06-30');
insert into locacao (usuario, exemplar, retirada, entrega) values (31, 18004, '2018-09-03', '2018-09-08');
insert into locacao (usuario, exemplar, retirada, entrega) values (45, 18004, '2018-11-10', '2018-11-23');
insert into locacao (usuario, exemplar, retirada, entrega) values (44, 18004, '2019-02-12', '2019-02-25');
insert into locacao (usuario, exemplar, retirada, entrega) values (62, 18004, '2019-03-26', '2019-04-01');
insert into locacao (usuario, exemplar, retirada, entrega) values (40, 18005, '2018-04-01', '2018-04-05');
insert into locacao (usuario, exemplar, retirada, entrega) values (52, 18005, '2018-06-01', '2018-06-14');
insert into locacao (usuario, exemplar, retirada, entrega) values (46, 18005, '2018-06-06', '2018-06-18');
insert into locacao (usuario, exemplar, retirada, entrega) values (23, 18005, '2018-08-05', '2018-08-08');
insert into locacao (usuario, exemplar, retirada, entrega) values (58, 18005, '2018-09-10', '2018-09-14');
insert into locacao (usuario, exemplar, retirada, entrega) values (86, 18005, '2018-12-05', '2018-12-12');
insert into locacao (usuario, exemplar, retirada, entrega) values (51, 18005, '2018-12-06', '2018-12-15');
insert into locacao (usuario, exemplar, retirada, entrega) values (20, 18005, '2019-03-13', '2019-03-26');
insert into locacao (usuario, exemplar, retirada, entrega) values (37, 18005, '2019-04-15', '2019-04-21');
insert into locacao (usuario, exemplar, retirada, entrega) values (83, 19001, '2018-03-26', '2018-04-01');
insert into locacao (usuario, exemplar, retirada, entrega) values (32, 19001, '2018-04-06', '2018-04-09');
insert into locacao (usuario, exemplar, retirada, entrega) values (11, 19001, '2018-07-07', '2018-07-14');
insert into locacao (usuario, exemplar, retirada, entrega) values (75, 19001, '2018-09-02', '2018-09-06');
insert into locacao (usuario, exemplar, retirada, entrega) values (93, 19001, '2018-09-21', '2018-09-25');
insert into locacao (usuario, exemplar, retirada, entrega) values (35, 19001, '2018-12-23', '2018-12-29');
insert into locacao (usuario, exemplar, retirada, entrega) values (86, 19001, '2019-03-24', '2019-04-06');
insert into locacao (usuario, exemplar, retirada, entrega) values (84, 19002, '2018-03-07', '2018-03-19');
insert into locacao (usuario, exemplar, retirada, entrega) values (32, 19002, '2018-05-09', '2018-05-15');
insert into locacao (usuario, exemplar, retirada, entrega) values (91, 19002, '2018-07-29', '2018-08-10');
insert into locacao (usuario, exemplar, retirada, entrega) values (65, 19002, '2018-08-27', '2018-08-28');
insert into locacao (usuario, exemplar, retirada, entrega) values (67, 19002, '2018-09-17', '2018-09-24');
insert into locacao (usuario, exemplar, retirada, entrega) values (10, 19002, '2018-11-06', '2018-11-13');
insert into locacao (usuario, exemplar, retirada, entrega) values (83, 19002, '2019-01-30', '2019-02-03');
insert into locacao (usuario, exemplar, retirada, entrega) values (47, 19002, '2019-03-01', '2019-03-13');
insert into locacao (usuario, exemplar, retirada, entrega) values (84, 19003, '2018-03-13', '2018-03-16');
insert into locacao (usuario, exemplar, retirada, entrega) values (10, 19003, '2018-03-20', '2018-03-22');
insert into locacao (usuario, exemplar, retirada, entrega) values (6, 19003, '2018-04-07', '2018-04-18');
insert into locacao (usuario, exemplar, retirada, entrega) values (92, 19003, '2018-06-19', '2018-06-22');
insert into locacao (usuario, exemplar, retirada, entrega) values (66, 19003, '2018-07-23', '2018-07-23');
insert into locacao (usuario, exemplar, retirada, entrega) values (96, 19003, '2018-10-19', '2018-10-26');
insert into locacao (usuario, exemplar, retirada, entrega) values (90, 19003, '2019-01-21', '2019-01-22');
insert into locacao (usuario, exemplar, retirada, entrega) values (8, 19003, '2019-03-18', '2019-03-19');
insert into locacao (usuario, exemplar, retirada, entrega) values (88, 19004, '2018-02-19', '2018-02-23');
insert into locacao (usuario, exemplar, retirada, entrega) values (61, 19004, '2018-03-14', '2018-03-15');
insert into locacao (usuario, exemplar, retirada, entrega) values (89, 19004, '2018-03-20', '2018-03-30');
insert into locacao (usuario, exemplar, retirada, entrega) values (74, 19004, '2018-04-28', '2018-04-29');
insert into locacao (usuario, exemplar, retirada, entrega) values (40, 19004, '2018-07-21', '2018-07-29');
insert into locacao (usuario, exemplar, retirada, entrega) values (99, 19004, '2018-09-05', '2018-09-10');
insert into locacao (usuario, exemplar, retirada, entrega) values (67, 19004, '2018-09-20', '2018-10-01');
insert into locacao (usuario, exemplar, retirada, entrega) values (91, 19004, '2018-12-22', '2018-12-30');
insert into locacao (usuario, exemplar, retirada, entrega) values (23, 19004, '2019-03-30', '2019-04-04');
insert into locacao (usuario, exemplar, retirada, entrega) values (13, 20001, '2018-03-02', '2018-03-11');
insert into locacao (usuario, exemplar, retirada, entrega) values (89, 20001, '2018-05-11', '2018-05-18');
insert into locacao (usuario, exemplar, retirada, entrega) values (45, 20001, '2018-07-03', '2018-07-06');
insert into locacao (usuario, exemplar, retirada, entrega) values (2, 20001, '2018-09-21', '2018-09-21');
insert into locacao (usuario, exemplar, retirada, entrega) values (2, 20001, '2018-12-27', '2019-01-01');
insert into locacao (usuario, exemplar, retirada, entrega) values (65, 20001, '2019-03-30', '2019-04-12');
insert into locacao (usuario, exemplar, retirada, entrega) values (100, 20002, '2018-02-24', '2018-03-07');
insert into locacao (usuario, exemplar, retirada, entrega) values (70, 20002, '2018-02-26', '2018-03-10');
insert into locacao (usuario, exemplar, retirada, entrega) values (78, 20002, '2018-05-10', '2018-05-17');
insert into locacao (usuario, exemplar, retirada, entrega) values (47, 20002, '2018-08-10', '2018-08-21');
insert into locacao (usuario, exemplar, retirada, entrega) values (7, 20002, '2018-11-06', '2018-11-15');
insert into locacao (usuario, exemplar, retirada, entrega) values (7, 20002, '2018-11-22', '2018-12-02');
insert into locacao (usuario, exemplar, retirada, entrega) values (27, 20002, '2019-02-26', '2019-03-08');
insert into locacao (usuario, exemplar, retirada, entrega) values (85, 20002, '2019-03-20', '2019-03-24');
insert into locacao (usuario, exemplar, retirada, entrega) values (43, 20002, '2019-04-10', '2019-04-19');
insert into locacao (usuario, exemplar, retirada, entrega) values (31, 20002, '2019-04-15', '2019-04-16');
insert into locacao (usuario, exemplar, retirada, entrega) values (12, 20002, '2019-04-19', '2019-04-26');
insert into locacao (usuario, exemplar, retirada, entrega) values (91, 20002, '2019-04-20', '2019-04-22');
insert into locacao (usuario, exemplar, retirada, entrega) values (54, 20003, '2018-02-15', '2018-02-25');
insert into locacao (usuario, exemplar, retirada, entrega) values (42, 20003, '2018-04-23', '2018-04-25');
insert into locacao (usuario, exemplar, retirada, entrega) values (35, 20003, '2018-06-21', '2018-06-29');
insert into locacao (usuario, exemplar, retirada, entrega) values (82, 20003, '2018-08-23', '2018-09-04');
insert into locacao (usuario, exemplar, retirada, entrega) values (54, 20003, '2018-10-25', '2018-10-27');
insert into locacao (usuario, exemplar, retirada, entrega) values (78, 20003, '2019-01-12', '2019-01-21');
insert into locacao (usuario, exemplar, retirada, entrega) values (32, 20003, '2019-02-18', '2019-02-23');
insert into locacao (usuario, exemplar, retirada, entrega) values (82, 21001, '2018-02-25', '2018-03-04');
insert into locacao (usuario, exemplar, retirada, entrega) values (76, 21001, '2018-05-18', '2018-05-28');
insert into locacao (usuario, exemplar, retirada, entrega) values (65, 21001, '2018-08-15', '2018-08-20');
insert into locacao (usuario, exemplar, retirada, entrega) values (36, 21001, '2018-10-16', '2018-10-22');
insert into locacao (usuario, exemplar, retirada, entrega) values (29, 21001, '2018-11-08', '2018-11-20');
insert into locacao (usuario, exemplar, retirada, entrega) values (56, 21001, '2019-01-17', '2019-01-30');
insert into locacao (usuario, exemplar, retirada, entrega) values (46, 21001, '2019-02-12', '2019-02-19');
insert into locacao (usuario, exemplar, retirada, entrega) values (5, 21001, '2019-03-31', '2019-03-31');
insert into locacao (usuario, exemplar, retirada, entrega) values (8, 21002, '2018-01-30', '2018-02-04');
insert into locacao (usuario, exemplar, retirada, entrega) values (6, 21002, '2018-03-11', '2018-03-14');
insert into locacao (usuario, exemplar, retirada, entrega) values (13, 21002, '2018-03-20', '2018-03-27');
insert into locacao (usuario, exemplar, retirada, entrega) values (54, 21002, '2018-05-22', '2018-05-30');
insert into locacao (usuario, exemplar, retirada, entrega) values (69, 21002, '2018-06-20', '2018-06-27');
insert into locacao (usuario, exemplar, retirada, entrega) values (55, 21002, '2018-08-06', '2018-08-11');
insert into locacao (usuario, exemplar, retirada, entrega) values (94, 21002, '2018-10-21', '2018-10-28');
insert into locacao (usuario, exemplar, retirada, entrega) values (5, 21002, '2018-12-30', '2019-01-10');
insert into locacao (usuario, exemplar, retirada, entrega) values (88, 21002, '2019-01-18', '2019-01-24');
insert into locacao (usuario, exemplar, retirada, entrega) values (12, 21002, '2019-03-27', '2019-03-31');
insert into locacao (usuario, exemplar, retirada, entrega) values (70, 21003, '2018-04-09', '2018-04-22');
insert into locacao (usuario, exemplar, retirada, entrega) values (17, 21003, '2018-06-06', '2018-06-16');
insert into locacao (usuario, exemplar, retirada, entrega) values (72, 21003, '2018-07-05', '2018-07-18');
insert into locacao (usuario, exemplar, retirada, entrega) values (49, 21003, '2018-10-10', '2018-10-15');
insert into locacao (usuario, exemplar, retirada, entrega) values (30, 21003, '2018-10-17', '2018-10-20');
insert into locacao (usuario, exemplar, retirada, entrega) values (18, 21003, '2019-01-11', '2019-01-11');
insert into locacao (usuario, exemplar, retirada, entrega) values (29, 21003, '2019-01-18', '2019-01-25');
insert into locacao (usuario, exemplar, retirada, entrega) values (30, 21003, '2019-01-18', '2019-01-29');
insert into locacao (usuario, exemplar, retirada, entrega) values (77, 21003, '2019-03-20', '2019-03-27');
insert into locacao (usuario, exemplar, retirada, entrega) values (68, 21003, '2019-04-15', '2019-04-25');
insert into locacao (usuario, exemplar, retirada, entrega) values (23, 21004, '2018-01-13', '2018-01-21');
insert into locacao (usuario, exemplar, retirada, entrega) values (16, 21004, '2018-02-18', '2018-02-24');
insert into locacao (usuario, exemplar, retirada, entrega) values (72, 21004, '2018-04-11', '2018-04-20');
insert into locacao (usuario, exemplar, retirada, entrega) values (51, 21004, '2018-06-14', '2018-06-26');
insert into locacao (usuario, exemplar, retirada, entrega) values (21, 21004, '2018-08-11', '2018-08-20');
insert into locacao (usuario, exemplar, retirada, entrega) values (46, 21004, '2018-09-14', '2018-09-22');
insert into locacao (usuario, exemplar, retirada, entrega) values (71, 21004, '2018-11-12', '2018-11-12');
insert into locacao (usuario, exemplar, retirada, entrega) values (41, 21004, '2018-12-28', '2019-01-06');
insert into locacao (usuario, exemplar, retirada, entrega) values (59, 21004, '2019-02-05', '2019-02-08');
insert into locacao (usuario, exemplar, retirada, entrega) values (63, 21004, '2019-03-29', '2019-04-03');
insert into locacao (usuario, exemplar, retirada, entrega) values (71, 21004, '2019-04-30', '2019-05-07');
insert into locacao (usuario, exemplar, retirada, entrega) values (18, 22001, '2018-04-05', '2018-04-15');
insert into locacao (usuario, exemplar, retirada, entrega) values (28, 22001, '2018-04-25', '2018-05-05');
insert into locacao (usuario, exemplar, retirada, entrega) values (31, 22001, '2018-04-26', '2018-04-26');
insert into locacao (usuario, exemplar, retirada, entrega) values (62, 22001, '2018-06-11', '2018-06-24');
insert into locacao (usuario, exemplar, retirada, entrega) values (52, 22001, '2018-06-21', '2018-06-25');
insert into locacao (usuario, exemplar, retirada, entrega) values (68, 22001, '2018-07-04', '2018-07-14');
insert into locacao (usuario, exemplar, retirada, entrega) values (20, 22001, '2018-09-08', '2018-09-21');
insert into locacao (usuario, exemplar, retirada, entrega) values (10, 22001, '2018-10-25', '2018-11-06');
insert into locacao (usuario, exemplar, retirada, entrega) values (83, 22001, '2018-11-28', '2018-12-09');
insert into locacao (usuario, exemplar, retirada, entrega) values (77, 22001, '2019-01-27', '2019-02-04');
insert into locacao (usuario, exemplar, retirada, entrega) values (17, 22001, '2019-03-20', '2019-03-21');
insert into locacao (usuario, exemplar, retirada, entrega) values (64, 22001, '2019-04-11', '2019-04-20');
insert into locacao (usuario, exemplar, retirada, entrega) values (66, 23001, '2018-01-11', '2018-01-16');
insert into locacao (usuario, exemplar, retirada, entrega) values (93, 23001, '2018-01-23', '2018-01-29');
insert into locacao (usuario, exemplar, retirada, entrega) values (42, 23001, '2018-02-14', '2018-02-27');
insert into locacao (usuario, exemplar, retirada, entrega) values (53, 23001, '2018-05-13', '2018-05-15');
insert into locacao (usuario, exemplar, retirada, entrega) values (79, 23001, '2018-06-10', '2018-06-12');
insert into locacao (usuario, exemplar, retirada, entrega) values (4, 23001, '2018-06-17', '2018-06-22');
insert into locacao (usuario, exemplar, retirada, entrega) values (46, 23001, '2018-07-24', '2018-08-05');
insert into locacao (usuario, exemplar, retirada, entrega) values (41, 23001, '2018-08-11', '2018-08-21');
insert into locacao (usuario, exemplar, retirada, entrega) values (33, 23001, '2018-11-13', '2018-11-24');
insert into locacao (usuario, exemplar, retirada, entrega) values (96, 23001, '2019-01-03', '2019-01-15');
insert into locacao (usuario, exemplar, retirada, entrega) values (99, 23001, '2019-04-10', '2019-04-14');
insert into locacao (usuario, exemplar, retirada, entrega) values (51, 23002, '2018-01-02', '2018-01-08');
insert into locacao (usuario, exemplar, retirada, entrega) values (1, 23002, '2018-02-22', '2018-02-25');
insert into locacao (usuario, exemplar, retirada, entrega) values (44, 23002, '2018-02-23', '2018-03-03');
insert into locacao (usuario, exemplar, retirada, entrega) values (16, 23002, '2018-05-20', '2018-05-20');
insert into locacao (usuario, exemplar, retirada, entrega) values (88, 23002, '2018-06-14', '2018-06-27');
insert into locacao (usuario, exemplar, retirada, entrega) values (14, 23002, '2018-08-24', '2018-09-06');
insert into locacao (usuario, exemplar, retirada, entrega) values (72, 23002, '2018-10-09', '2018-10-18');
insert into locacao (usuario, exemplar, retirada, entrega) values (84, 23002, '2018-12-30', '2019-01-06');
insert into locacao (usuario, exemplar, retirada, entrega) values (67, 23002, '2019-01-17', '2019-01-18');
insert into locacao (usuario, exemplar, retirada, entrega) values (100, 23002, '2019-02-23', '2019-02-26');
insert into locacao (usuario, exemplar, retirada, entrega) values (44, 23003, '2018-03-16', '2018-03-24');
insert into locacao (usuario, exemplar, retirada, entrega) values (55, 23003, '2018-06-02', '2018-06-12');
insert into locacao (usuario, exemplar, retirada, entrega) values (33, 23003, '2018-09-02', '2018-09-14');
insert into locacao (usuario, exemplar, retirada, entrega) values (89, 23003, '2018-11-06', '2018-11-08');
insert into locacao (usuario, exemplar, retirada, entrega) values (100, 23003, '2019-01-30', '2019-02-05');
insert into locacao (usuario, exemplar, retirada, entrega) values (40, 23003, '2019-02-13', '2019-02-18');
insert into locacao (usuario, exemplar, retirada, entrega) values (24, 23003, '2019-04-24', '2019-05-05');
insert into locacao (usuario, exemplar, retirada, entrega) values (80, 23004, '2018-01-21', '2018-01-23');
insert into locacao (usuario, exemplar, retirada, entrega) values (92, 23004, '2018-02-09', '2018-02-13');
insert into locacao (usuario, exemplar, retirada, entrega) values (99, 23004, '2018-05-14', '2018-05-21');
insert into locacao (usuario, exemplar, retirada, entrega) values (41, 23004, '2018-05-14', '2018-05-20');
insert into locacao (usuario, exemplar, retirada, entrega) values (11, 23004, '2018-07-13', '2018-07-14');
insert into locacao (usuario, exemplar, retirada, entrega) values (14, 23004, '2018-10-14', '2018-10-15');
insert into locacao (usuario, exemplar, retirada, entrega) values (33, 23004, '2018-10-21', '2018-11-01');
insert into locacao (usuario, exemplar, retirada, entrega) values (25, 23004, '2018-11-09', '2018-11-15');
insert into locacao (usuario, exemplar, retirada, entrega) values (24, 23004, '2018-12-25', '2018-12-28');
insert into locacao (usuario, exemplar, retirada, entrega) values (96, 23004, '2019-01-27', '2019-01-30');
insert into locacao (usuario, exemplar, retirada, entrega) values (94, 23004, '2019-02-01', '2019-02-09');
insert into locacao (usuario, exemplar, retirada, entrega) values (17, 23004, '2019-04-26', '2019-04-26');
insert into locacao (usuario, exemplar, retirada, entrega) values (61, 23005, '2018-01-07', '2018-01-14');
insert into locacao (usuario, exemplar, retirada, entrega) values (98, 23005, '2018-04-01', '2018-04-03');
insert into locacao (usuario, exemplar, retirada, entrega) values (4, 23005, '2018-04-22', '2018-04-27');
insert into locacao (usuario, exemplar, retirada, entrega) values (83, 23005, '2018-05-10', '2018-05-12');
insert into locacao (usuario, exemplar, retirada, entrega) values (40, 23005, '2018-07-24', '2018-08-03');
insert into locacao (usuario, exemplar, retirada, entrega) values (78, 23005, '2018-07-24', '2018-07-31');
insert into locacao (usuario, exemplar, retirada, entrega) values (6, 23005, '2018-09-08', '2018-09-11');
insert into locacao (usuario, exemplar, retirada, entrega) values (35, 23005, '2018-10-14', '2018-10-14');
insert into locacao (usuario, exemplar, retirada, entrega) values (69, 23005, '2018-11-04', '2018-11-05');
insert into locacao (usuario, exemplar, retirada, entrega) values (80, 23005, '2018-11-22', '2018-11-25');
insert into locacao (usuario, exemplar, retirada, entrega) values (44, 23005, '2019-02-03', '2019-02-06');
insert into locacao (usuario, exemplar, retirada, entrega) values (86, 23005, '2019-04-12', '2019-04-22');
insert into locacao (usuario, exemplar, retirada, entrega) values (85, 23005, '2019-04-23', '2019-04-27');
insert into locacao (usuario, exemplar, retirada, entrega) values (82, 23005, '2019-04-24', '2019-04-27');
insert into locacao (usuario, exemplar, retirada, entrega) values (19, 24001, '2018-04-09', '2018-04-21');
insert into locacao (usuario, exemplar, retirada, entrega) values (71, 24001, '2018-04-23', '2018-04-26');
insert into locacao (usuario, exemplar, retirada, entrega) values (58, 24001, '2018-05-07', '2018-05-18');
insert into locacao (usuario, exemplar, retirada, entrega) values (48, 24001, '2018-06-06', '2018-06-06');
insert into locacao (usuario, exemplar, retirada, entrega) values (69, 24001, '2018-08-31', '2018-09-05');
insert into locacao (usuario, exemplar, retirada, entrega) values (67, 24001, '2018-09-25', '2018-10-06');
insert into locacao (usuario, exemplar, retirada, entrega) values (76, 24001, '2018-10-02', '2018-10-05');
insert into locacao (usuario, exemplar, retirada, entrega) values (100, 24001, '2018-12-22', '2018-12-23');
insert into locacao (usuario, exemplar, retirada, entrega) values (97, 24001, '2019-03-15', '2019-03-26');
insert into locacao (usuario, exemplar, retirada, entrega) values (17, 24001, '2019-03-24', '2019-03-25');
insert into locacao (usuario, exemplar, retirada, entrega) values (47, 25001, '2018-02-18', '2018-02-19');
insert into locacao (usuario, exemplar, retirada, entrega) values (41, 25001, '2018-04-04', '2018-04-14');
insert into locacao (usuario, exemplar, retirada, entrega) values (28, 25001, '2018-05-10', '2018-05-11');
insert into locacao (usuario, exemplar, retirada, entrega) values (46, 25001, '2018-06-10', '2018-06-13');
insert into locacao (usuario, exemplar, retirada, entrega) values (43, 25001, '2018-07-23', '2018-07-25');
insert into locacao (usuario, exemplar, retirada, entrega) values (36, 25001, '2018-09-09', '2018-09-21');
insert into locacao (usuario, exemplar, retirada, entrega) values (57, 25001, '2018-10-08', '2018-10-12');
insert into locacao (usuario, exemplar, retirada, entrega) values (35, 25001, '2019-01-13', '2019-01-24');
insert into locacao (usuario, exemplar, retirada, entrega) values (27, 25001, '2019-02-05', '2019-02-17');
insert into locacao (usuario, exemplar, retirada, entrega) values (64, 25001, '2019-02-18', '2019-02-20');
insert into locacao (usuario, exemplar, retirada, entrega) values (1, 25001, '2019-04-27', '2019-04-30');
insert into locacao (usuario, exemplar, retirada, entrega) values (59, 25002, '2018-03-13', '2018-03-22');
insert into locacao (usuario, exemplar, retirada, entrega) values (41, 25002, '2018-05-12', '2018-05-19');
insert into locacao (usuario, exemplar, retirada, entrega) values (17, 25002, '2018-06-16', '2018-06-17');
insert into locacao (usuario, exemplar, retirada, entrega) values (90, 25002, '2018-06-16', '2018-06-26');
insert into locacao (usuario, exemplar, retirada, entrega) values (12, 25002, '2018-07-22', '2018-07-30');
insert into locacao (usuario, exemplar, retirada, entrega) values (39, 25002, '2018-09-12', '2018-09-12');
insert into locacao (usuario, exemplar, retirada, entrega) values (45, 25002, '2018-12-11', '2018-12-17');
insert into locacao (usuario, exemplar, retirada, entrega) values (95, 25002, '2018-12-11', '2018-12-22');
insert into locacao (usuario, exemplar, retirada, entrega) values (83, 25002, '2019-03-05', '2019-03-18');
insert into locacao (usuario, exemplar, retirada, entrega) values (52, 25002, '2019-03-18', '2019-03-25');
insert into locacao (usuario, exemplar, retirada, entrega) values (77, 25003, '2018-03-12', '2018-03-23');
insert into locacao (usuario, exemplar, retirada, entrega) values (22, 25003, '2018-03-30', '2018-04-12');
insert into locacao (usuario, exemplar, retirada, entrega) values (45, 25003, '2018-06-21', '2018-06-26');
insert into locacao (usuario, exemplar, retirada, entrega) values (55, 25003, '2018-07-01', '2018-07-04');
insert into locacao (usuario, exemplar, retirada, entrega) values (68, 25003, '2018-09-28', '2018-10-02');
insert into locacao (usuario, exemplar, retirada, entrega) values (76, 25003, '2018-11-06', '2018-11-19');
insert into locacao (usuario, exemplar, retirada, entrega) values (54, 25003, '2019-02-01', '2019-02-03');
insert into locacao (usuario, exemplar, retirada, entrega) values (76, 25004, '2018-04-02', '2018-04-02');
insert into locacao (usuario, exemplar, retirada, entrega) values (67, 25004, '2018-04-29', '2018-05-09');
insert into locacao (usuario, exemplar, retirada, entrega) values (7, 25004, '2018-07-18', '2018-07-27');
insert into locacao (usuario, exemplar, retirada, entrega) values (37, 25004, '2018-09-14', '2018-09-15');
insert into locacao (usuario, exemplar, retirada, entrega) values (27, 25004, '2018-11-13', '2018-11-13');
insert into locacao (usuario, exemplar, retirada, entrega) values (58, 25004, '2019-01-11', '2019-01-21');
insert into locacao (usuario, exemplar, retirada, entrega) values (63, 25004, '2019-04-07', '2019-04-14');
insert into locacao (usuario, exemplar, retirada, entrega) values (98, 26001, '2018-03-23', '2018-03-25');
insert into locacao (usuario, exemplar, retirada, entrega) values (68, 26001, '2018-04-19', '2018-04-24');
insert into locacao (usuario, exemplar, retirada, entrega) values (31, 26001, '2018-05-19', '2018-05-26');
insert into locacao (usuario, exemplar, retirada, entrega) values (61, 26001, '2018-07-18', '2018-07-24');
insert into locacao (usuario, exemplar, retirada, entrega) values (23, 26001, '2018-07-20', '2018-07-24');
insert into locacao (usuario, exemplar, retirada, entrega) values (10, 26001, '2018-10-05', '2018-10-15');
insert into locacao (usuario, exemplar, retirada, entrega) values (70, 26001, '2018-11-09', '2018-11-12');
insert into locacao (usuario, exemplar, retirada, entrega) values (11, 26001, '2019-01-01', '2019-01-13');
insert into locacao (usuario, exemplar, retirada, entrega) values (17, 26001, '2019-03-23', '2019-04-01');
insert into locacao (usuario, exemplar, retirada, entrega) values (88, 26002, '2018-03-24', '2018-04-04');
insert into locacao (usuario, exemplar, retirada, entrega) values (37, 26002, '2018-05-09', '2018-05-19');
insert into locacao (usuario, exemplar, retirada, entrega) values (17, 26002, '2018-08-10', '2018-08-21');
insert into locacao (usuario, exemplar, retirada, entrega) values (51, 26002, '2018-08-26', '2018-09-01');
insert into locacao (usuario, exemplar, retirada, entrega) values (51, 26002, '2018-11-20', '2018-11-21');
insert into locacao (usuario, exemplar, retirada, entrega) values (100, 26002, '2019-02-25', '2019-03-03');
insert into locacao (usuario, exemplar, retirada, entrega) values (2, 26002, '2019-03-23', '2019-03-28');
insert into locacao (usuario, exemplar, retirada, entrega) values (26, 26003, '2018-04-07', '2018-04-08');
insert into locacao (usuario, exemplar, retirada, entrega) values (59, 26003, '2018-05-26', '2018-06-06');
insert into locacao (usuario, exemplar, retirada, entrega) values (52, 26003, '2018-06-19', '2018-06-20');
insert into locacao (usuario, exemplar, retirada, entrega) values (81, 26003, '2018-07-26', '2018-08-08');
insert into locacao (usuario, exemplar, retirada, entrega) values (21, 26003, '2018-09-13', '2018-09-22');
insert into locacao (usuario, exemplar, retirada, entrega) values (22, 26003, '2018-11-10', '2018-11-11');
insert into locacao (usuario, exemplar, retirada, entrega) values (51, 26003, '2019-01-28', '2019-02-04');
insert into locacao (usuario, exemplar, retirada, entrega) values (84, 26003, '2019-04-12', '2019-04-21');
insert into locacao (usuario, exemplar, retirada, entrega) values (57, 26004, '2018-03-27', '2018-03-28');
insert into locacao (usuario, exemplar, retirada, entrega) values (25, 26004, '2018-06-05', '2018-06-11');
insert into locacao (usuario, exemplar, retirada, entrega) values (57, 26004, '2018-08-11', '2018-08-11');
insert into locacao (usuario, exemplar, retirada, entrega) values (50, 26004, '2018-11-06', '2018-11-08');
insert into locacao (usuario, exemplar, retirada, entrega) values (45, 26004, '2018-12-24', '2018-12-24');
insert into locacao (usuario, exemplar, retirada, entrega) values (13, 26004, '2019-02-18', '2019-02-25');
insert into locacao (usuario, exemplar, retirada, entrega) values (57, 26004, '2019-03-03', '2019-03-03');
insert into locacao (usuario, exemplar, retirada, entrega) values (22, 26004, '2019-03-29', '2019-04-07');
insert into locacao (usuario, exemplar, retirada, entrega) values (80, 26004, '2019-04-23', '2019-04-26');
insert into locacao (usuario, exemplar, retirada, entrega) values (22, 26004, '2019-04-26', '2019-05-04');
insert into locacao (usuario, exemplar, retirada, entrega) values (73, 26005, '2018-04-08', '2018-04-18');
insert into locacao (usuario, exemplar, retirada, entrega) values (65, 26005, '2018-06-28', '2018-07-10');
insert into locacao (usuario, exemplar, retirada, entrega) values (46, 26005, '2018-09-04', '2018-09-08');
insert into locacao (usuario, exemplar, retirada, entrega) values (18, 26005, '2018-09-23', '2018-09-28');
insert into locacao (usuario, exemplar, retirada, entrega) values (22, 26005, '2018-10-02', '2018-10-13');
insert into locacao (usuario, exemplar, retirada, entrega) values (76, 26005, '2018-11-17', '2018-11-29');
insert into locacao (usuario, exemplar, retirada, entrega) values (28, 26005, '2019-01-27', '2019-02-08');
insert into locacao (usuario, exemplar, retirada, entrega) values (37, 26005, '2019-03-28', '2019-04-05');
insert into locacao (usuario, exemplar, retirada, entrega) values (89, 27001, '2018-02-11', '2018-02-22');
insert into locacao (usuario, exemplar, retirada, entrega) values (92, 27001, '2018-02-27', '2018-03-07');
insert into locacao (usuario, exemplar, retirada, entrega) values (10, 27001, '2018-04-27', '2018-05-09');
insert into locacao (usuario, exemplar, retirada, entrega) values (49, 27001, '2018-08-03', '2018-08-09');
insert into locacao (usuario, exemplar, retirada, entrega) values (94, 27001, '2018-09-14', '2018-09-22');
insert into locacao (usuario, exemplar, retirada, entrega) values (49, 27001, '2018-11-06', '2018-11-15');
insert into locacao (usuario, exemplar, retirada, entrega) values (32, 27001, '2018-11-22', '2018-12-05');
insert into locacao (usuario, exemplar, retirada, entrega) values (47, 27001, '2018-12-14', '2018-12-24');
insert into locacao (usuario, exemplar, retirada, entrega) values (17, 27001, '2019-02-09', '2019-02-10');
insert into locacao (usuario, exemplar, retirada, entrega) values (62, 27001, '2019-04-09', '2019-04-13');
insert into locacao (usuario, exemplar, retirada, entrega) values (42, 27002, '2018-03-05', '2018-03-14');
insert into locacao (usuario, exemplar, retirada, entrega) values (57, 27002, '2018-04-23', '2018-04-25');
insert into locacao (usuario, exemplar, retirada, entrega) values (96, 27002, '2018-07-13', '2018-07-16');
insert into locacao (usuario, exemplar, retirada, entrega) values (78, 27002, '2018-09-11', '2018-09-15');
insert into locacao (usuario, exemplar, retirada, entrega) values (47, 27002, '2018-12-09', '2018-12-22');
insert into locacao (usuario, exemplar, retirada, entrega) values (1, 27002, '2019-02-07', '2019-02-12');
insert into locacao (usuario, exemplar, retirada, entrega) values (59, 27002, '2019-03-03', '2019-03-11');
insert into locacao (usuario, exemplar, retirada, entrega) values (28, 27002, '2019-04-23', '2019-04-23');
insert into locacao (usuario, exemplar, retirada, entrega) values (25, 27002, '2019-04-26', '2019-05-07');
insert into locacao (usuario, exemplar, retirada, entrega) values (60, 28001, '2018-03-07', '2018-03-09');
insert into locacao (usuario, exemplar, retirada, entrega) values (22, 28001, '2018-06-03', '2018-06-04');
insert into locacao (usuario, exemplar, retirada, entrega) values (54, 28001, '2018-07-24', '2018-07-31');
insert into locacao (usuario, exemplar, retirada, entrega) values (81, 28001, '2018-08-05', '2018-08-17');
insert into locacao (usuario, exemplar, retirada, entrega) values (12, 28001, '2018-10-18', '2018-10-28');
insert into locacao (usuario, exemplar, retirada, entrega) values (57, 28001, '2019-01-19', '2019-01-30');
insert into locacao (usuario, exemplar, retirada, entrega) values (14, 28001, '2019-01-23', '2019-01-28');
insert into locacao (usuario, exemplar, retirada, entrega) values (87, 28001, '2019-04-25', '2019-05-08');
insert into locacao (usuario, exemplar, retirada, entrega) values (24, 28002, '2018-03-02', '2018-03-11');
insert into locacao (usuario, exemplar, retirada, entrega) values (22, 28002, '2018-04-13', '2018-04-17');
insert into locacao (usuario, exemplar, retirada, entrega) values (66, 28002, '2018-06-30', '2018-07-04');
insert into locacao (usuario, exemplar, retirada, entrega) values (3, 28002, '2018-08-27', '2018-08-28');
insert into locacao (usuario, exemplar, retirada, entrega) values (56, 28002, '2018-10-20', '2018-10-28');
insert into locacao (usuario, exemplar, retirada, entrega) values (98, 28002, '2018-12-15', '2018-12-20');
insert into locacao (usuario, exemplar, retirada, entrega) values (64, 28002, '2019-03-03', '2019-03-03');
insert into locacao (usuario, exemplar, retirada, entrega) values (53, 28002, '2019-04-17', '2019-04-22');
insert into locacao (usuario, exemplar, retirada, entrega) values (51, 28003, '2018-02-05', '2018-02-08');
insert into locacao (usuario, exemplar, retirada, entrega) values (63, 28003, '2018-04-24', '2018-05-06');
insert into locacao (usuario, exemplar, retirada, entrega) values (84, 28003, '2018-05-26', '2018-06-05');
insert into locacao (usuario, exemplar, retirada, entrega) values (96, 28003, '2018-07-06', '2018-07-14');
insert into locacao (usuario, exemplar, retirada, entrega) values (7, 28003, '2018-07-09', '2018-07-18');
insert into locacao (usuario, exemplar, retirada, entrega) values (88, 28003, '2018-09-23', '2018-09-28');
insert into locacao (usuario, exemplar, retirada, entrega) values (32, 28003, '2018-12-03', '2018-12-06');
insert into locacao (usuario, exemplar, retirada, entrega) values (50, 28003, '2019-01-26', '2019-01-31');
insert into locacao (usuario, exemplar, retirada, entrega) values (22, 28003, '2019-04-16', '2019-04-22');
insert into locacao (usuario, exemplar, retirada, entrega) values (55, 28004, '2018-03-19', '2018-03-19');
insert into locacao (usuario, exemplar, retirada, entrega) values (25, 28004, '2018-04-25', '2018-05-03');
insert into locacao (usuario, exemplar, retirada, entrega) values (55, 28004, '2018-07-25', '2018-08-07');
insert into locacao (usuario, exemplar, retirada, entrega) values (93, 28004, '2018-07-30', '2018-08-10');
insert into locacao (usuario, exemplar, retirada, entrega) values (68, 28004, '2018-08-09', '2018-08-12');
insert into locacao (usuario, exemplar, retirada, entrega) values (62, 28004, '2018-10-15', '2018-10-24');
insert into locacao (usuario, exemplar, retirada, entrega) values (60, 28004, '2019-01-06', '2019-01-16');
insert into locacao (usuario, exemplar, retirada, entrega) values (85, 28004, '2019-03-25', '2019-04-05');
insert into locacao (usuario, exemplar, retirada, entrega) values (80, 29001, '2018-02-11', '2018-02-15');
insert into locacao (usuario, exemplar, retirada, entrega) values (15, 29001, '2018-05-20', '2018-05-28');
insert into locacao (usuario, exemplar, retirada, entrega) values (69, 29001, '2018-08-27', '2018-08-31');
insert into locacao (usuario, exemplar, retirada, entrega) values (52, 29001, '2018-09-03', '2018-09-04');
insert into locacao (usuario, exemplar, retirada, entrega) values (41, 29001, '2018-11-29', '2018-12-01');
insert into locacao (usuario, exemplar, retirada, entrega) values (2, 29001, '2019-03-03', '2019-03-06');
insert into locacao (usuario, exemplar, retirada, entrega) values (74, 29001, '2019-04-26', '2019-04-27');
insert into locacao (usuario, exemplar, retirada, entrega) values (13, 29002, '2018-03-06', '2018-03-13');
insert into locacao (usuario, exemplar, retirada, entrega) values (69, 29002, '2018-04-17', '2018-04-20');
insert into locacao (usuario, exemplar, retirada, entrega) values (64, 29002, '2018-07-16', '2018-07-29');
insert into locacao (usuario, exemplar, retirada, entrega) values (15, 29002, '2018-09-14', '2018-09-20');
insert into locacao (usuario, exemplar, retirada, entrega) values (11, 29002, '2018-10-14', '2018-10-18');
insert into locacao (usuario, exemplar, retirada, entrega) values (90, 29002, '2018-10-19', '2018-10-29');
insert into locacao (usuario, exemplar, retirada, entrega) values (86, 29002, '2019-01-05', '2019-01-13');
insert into locacao (usuario, exemplar, retirada, entrega) values (46, 29002, '2019-02-06', '2019-02-07');
insert into locacao (usuario, exemplar, retirada, entrega) values (86, 29002, '2019-03-20', '2019-03-24');
insert into locacao (usuario, exemplar, retirada, entrega) values (6, 29003, '2018-01-11', '2018-01-18');
insert into locacao (usuario, exemplar, retirada, entrega) values (64, 29003, '2018-04-18', '2018-04-26');
insert into locacao (usuario, exemplar, retirada, entrega) values (52, 29003, '2018-07-09', '2018-07-11');
insert into locacao (usuario, exemplar, retirada, entrega) values (47, 29003, '2018-08-16', '2018-08-23');
insert into locacao (usuario, exemplar, retirada, entrega) values (40, 29003, '2018-11-10', '2018-11-10');
insert into locacao (usuario, exemplar, retirada, entrega) values (30, 29003, '2019-01-20', '2019-01-26');
insert into locacao (usuario, exemplar, retirada, entrega) values (8, 29003, '2019-04-02', '2019-04-02');
insert into locacao (usuario, exemplar, retirada, entrega) values (98, 29003, '2019-04-11', '2019-04-13');
insert into locacao (usuario, exemplar, retirada, entrega) values (87, 30001, '2018-02-06', '2018-02-10');
insert into locacao (usuario, exemplar, retirada, entrega) values (84, 30001, '2018-02-19', '2018-02-21');
insert into locacao (usuario, exemplar, retirada, entrega) values (74, 30001, '2018-02-19', '2018-02-22');
insert into locacao (usuario, exemplar, retirada, entrega) values (29, 30001, '2018-05-23', '2018-06-04');
insert into locacao (usuario, exemplar, retirada, entrega) values (51, 30001, '2018-08-23', '2018-08-26');
insert into locacao (usuario, exemplar, retirada, entrega) values (60, 30001, '2018-08-24', '2018-08-25');
insert into locacao (usuario, exemplar, retirada, entrega) values (94, 30001, '2018-10-10', '2018-10-14');
insert into locacao (usuario, exemplar, retirada, entrega) values (63, 30001, '2019-01-13', '2019-01-21');
insert into locacao (usuario, exemplar, retirada, entrega) values (62, 30001, '2019-04-01', '2019-04-04');
insert into locacao (usuario, exemplar, retirada, entrega) values (43, 30002, '2018-01-28', '2018-02-05');
insert into locacao (usuario, exemplar, retirada, entrega) values (83, 30002, '2018-03-27', '2018-03-27');
insert into locacao (usuario, exemplar, retirada, entrega) values (2, 30002, '2018-06-23', '2018-07-04');
insert into locacao (usuario, exemplar, retirada, entrega) values (91, 30002, '2018-09-12', '2018-09-25');
insert into locacao (usuario, exemplar, retirada, entrega) values (41, 30002, '2018-11-26', '2018-11-30');
insert into locacao (usuario, exemplar, retirada, entrega) values (15, 30002, '2019-03-03', '2019-03-16');
insert into locacao (usuario, exemplar, retirada, entrega) values (76, 30002, '2019-04-11', '2019-04-19');
insert into locacao (usuario, exemplar, retirada) values (49, 4001, '2019-05-09');
insert into locacao (usuario, exemplar, retirada) values (79, 4002, '2019-05-08');
insert into locacao (usuario, exemplar, retirada) values (3, 5002, '2019-05-09');
insert into locacao (usuario, exemplar, retirada) values (17, 9001, '2019-05-09');
insert into locacao (usuario, exemplar, retirada) values (60, 10001, '2019-05-10');
insert into locacao (usuario, exemplar, retirada) values (94, 10002, '2019-05-05');
insert into locacao (usuario, exemplar, retirada) values (23, 11001, '2019-05-07');
insert into locacao (usuario, exemplar, retirada) values (87, 12001, '2019-05-02');
insert into locacao (usuario, exemplar, retirada) values (55, 12002, '2019-05-02');
insert into locacao (usuario, exemplar, retirada) values (14, 13001, '2019-05-03');
insert into locacao (usuario, exemplar, retirada) values (96, 14001, '2019-05-04');
insert into locacao (usuario, exemplar, retirada) values (46, 18002, '2019-05-06');
insert into locacao (usuario, exemplar, retirada) values (27, 18005, '2019-05-04');
insert into locacao (usuario, exemplar, retirada) values (81, 19003, '2019-05-02');
insert into locacao (usuario, exemplar, retirada) values (3, 21004, '2019-05-08');
insert into locacao (usuario, exemplar, retirada) values (17, 23003, '2019-05-01');
insert into locacao (usuario, exemplar, retirada) values (23, 23005, '2019-05-03');
insert into locacao (usuario, exemplar, retirada) values (57, 25001, '2019-05-07');
insert into locacao (usuario, exemplar, retirada) values (86, 26002, '2019-05-10');

----------------------------------------------------------------------------------------------------

--1) Mostrar o ttulo dos livros sobre PostgreSQL no locados por alunos do Curso Superior de Tecnologia em Anlise e Desenvolvimento de Sistemas.
--2) Mostrar o nome do ltimo aluno que locou o livro PostgreSQL na prtica.
--3) Mostrar o ttulo dos livros sobre PostgreSQL menos locados.
--4) Mostrar o nome dos alunos e dos professores que locaram mais livros em maro de 2018.

