\c postgres
drop database biblioteca;
create database biblioteca;
\c biblioteca
create table usuario (codigo integer not null, nome varchar(100) not null, tipo char(1) not null check ((tipo = 'A') or (tipo = 'P') or (tipo = 'F')), curso varchar(100), primary key (codigo));
create table livro (codigo integer not null, titulo varchar(200) not null, primary key (codigo));
create table exemplar (codigo integer not null, livro integer not null references livro(codigo), primary key (codigo));
create table locacao (usuario integer not null references usuario(codigo), exemplar integer not null references exemplar(codigo), retirada date not null default now(), entrega date, primary key (usuario, exemplar, retirada));
insert into usuario (codigo, nome, tipo, curso) values (1, 'aluno 1', 'A', 'curso tecnico integrado em refrigeracao e ar condicionado');
insert into usuario (codigo, nome, tipo, curso) values (2, 'aluno 2', 'A', 'curso tecnico integrado em informatica para internet');
insert into usuario (codigo, nome, tipo) values (3, 'funcionario 3', 'F');
insert into usuario (codigo, nome, tipo, curso) values (4, 'aluno 4', 'A', 'curso superior de tecnologia em analise e desenvolvimento de sistemas');
insert into usuario (codigo, nome, tipo) values (5, 'funcionario 5', 'F');
insert into usuario (codigo, nome, tipo) values (6, 'funcionario 6', 'F');
insert into usuario (codigo, nome, tipo, curso) values (7, 'aluno 7', 'A', 'curso tecnico integrado em refrigeracao e ar condicionado');
insert into usuario (codigo, nome, tipo, curso) values (8, 'aluno 8', 'A', 'curso superior de bacharelado em engenharia mecanica');
insert into usuario (codigo, nome, tipo, curso) values (9, 'aluno 9', 'A', 'curso superior de tecnologia em analise e desenvolvimento de sistemas');
insert into usuario (codigo, nome, tipo, curso) values (10, 'aluno 10', 'A', 'curso tecnico integrado em eletrotecnica');
insert into usuario (codigo, nome, tipo, curso) values (11, 'aluno 11', 'A', 'curso tecnico integrado em refrigeracao e ar condicionado');
insert into usuario (codigo, nome, tipo) values (12, 'funcionario 12', 'F');
insert into usuario (codigo, nome, tipo, curso) values (13, 'aluno 13', 'A', 'curso tecnico integrado em informatica para internet');
insert into usuario (codigo, nome, tipo, curso) values (14, 'aluno 14', 'A', 'curso tecnico integrado em informatica para internet');
insert into usuario (codigo, nome, tipo, curso) values (15, 'aluno 15', 'A', 'curso tecnico integrado em eletrotecnica');
insert into usuario (codigo, nome, tipo, curso) values (16, 'aluno 16', 'A', 'curso tecnico integrado em refrigeracao e ar condicionado');
insert into usuario (codigo, nome, tipo, curso) values (17, 'aluno 17', 'A', 'curso superior de bacharelado em engenharia mecanica');
insert into usuario (codigo, nome, tipo, curso) values (18, 'aluno 18', 'A', 'curso tecnico integrado em eletrotecnica');
insert into usuario (codigo, nome, tipo, curso) values (19, 'aluno 19', 'A', 'curso tecnico integrado em eletrotecnica');
insert into usuario (codigo, nome, tipo, curso) values (20, 'aluno 20', 'A', 'curso superior de tecnologia em analise e desenvolvimento de sistemas');
insert into usuario (codigo, nome, tipo) values (21, 'professor 21', 'P');
insert into usuario (codigo, nome, tipo) values (22, 'professor 22', 'P');
insert into usuario (codigo, nome, tipo, curso) values (23, 'aluno 23', 'A', 'curso tecnico integrado em eletrotecnica');
insert into usuario (codigo, nome, tipo) values (24, 'funcionario 24', 'F');
insert into usuario (codigo, nome, tipo) values (25, 'funcionario 25', 'F');
insert into usuario (codigo, nome, tipo, curso) values (26, 'aluno 26', 'A', 'curso tecnico integrado em refrigeracao e ar condicionado');
insert into usuario (codigo, nome, tipo, curso) values (27, 'aluno 27', 'A', 'curso tecnico integrado em refrigeracao e ar condicionado');
insert into usuario (codigo, nome, tipo, curso) values (28, 'aluno 28', 'A', 'curso tecnico integrado em refrigeracao e ar condicionado');
insert into usuario (codigo, nome, tipo, curso) values (29, 'aluno 29', 'A', 'curso superior de tecnologia em analise e desenvolvimento de sistemas');
insert into usuario (codigo, nome, tipo, curso) values (30, 'aluno 30', 'A', 'curso superior de tecnologia em analise e desenvolvimento de sistemas');
insert into usuario (codigo, nome, tipo) values (31, 'funcionario 31', 'F');
insert into usuario (codigo, nome, tipo, curso) values (32, 'aluno 32', 'A', 'curso tecnico integrado em informatica para internet');
insert into usuario (codigo, nome, tipo) values (33, 'funcionario 33', 'F');
insert into usuario (codigo, nome, tipo, curso) values (34, 'aluno 34', 'A', 'curso tecnico integrado em eletrotecnica');
insert into usuario (codigo, nome, tipo) values (35, 'professor 35', 'P');
insert into usuario (codigo, nome, tipo) values (36, 'funcionario 36', 'F');
insert into usuario (codigo, nome, tipo) values (37, 'professor 37', 'P');
insert into usuario (codigo, nome, tipo, curso) values (38, 'aluno 38', 'A', 'curso superior de tecnologia em analise e desenvolvimento de sistemas');
insert into usuario (codigo, nome, tipo, curso) values (39, 'aluno 39', 'A', 'curso tecnico integrado em refrigeracao e ar condicionado');
insert into usuario (codigo, nome, tipo) values (40, 'professor 40', 'P');
insert into usuario (codigo, nome, tipo, curso) values (41, 'aluno 41', 'A', 'curso tecnico integrado em eletrotecnica');
insert into usuario (codigo, nome, tipo, curso) values (42, 'aluno 42', 'A', 'curso tecnico integrado em informatica para internet');
insert into usuario (codigo, nome, tipo) values (43, 'professor 43', 'P');
insert into usuario (codigo, nome, tipo, curso) values (44, 'aluno 44', 'A', 'curso superior de bacharelado em engenharia mecanica');
insert into usuario (codigo, nome, tipo, curso) values (45, 'aluno 45', 'A', 'curso superior de bacharelado em engenharia mecanica');
insert into usuario (codigo, nome, tipo) values (46, 'funcionario 46', 'F');
insert into usuario (codigo, nome, tipo) values (47, 'funcionario 47', 'F');
insert into usuario (codigo, nome, tipo) values (48, 'professor 48', 'P');
insert into usuario (codigo, nome, tipo) values (49, 'professor 49', 'P');
insert into usuario (codigo, nome, tipo, curso) values (50, 'aluno 50', 'A', 'curso tecnico integrado em refrigeracao e ar condicionado');
insert into usuario (codigo, nome, tipo, curso) values (51, 'aluno 51', 'A', 'curso tecnico integrado em refrigeracao e ar condicionado');
insert into usuario (codigo, nome, tipo) values (52, 'funcionario 52', 'F');
insert into usuario (codigo, nome, tipo, curso) values (53, 'aluno 53', 'A', 'curso superior de tecnologia em analise e desenvolvimento de sistemas');
insert into usuario (codigo, nome, tipo, curso) values (54, 'aluno 54', 'A', 'curso tecnico integrado em informatica para internet');
insert into usuario (codigo, nome, tipo, curso) values (55, 'aluno 55', 'A', 'curso tecnico integrado em informatica para internet');
insert into usuario (codigo, nome, tipo, curso) values (56, 'aluno 56', 'A', 'curso superior de tecnologia em analise e desenvolvimento de sistemas');
insert into usuario (codigo, nome, tipo, curso) values (57, 'aluno 57', 'A', 'curso superior de bacharelado em engenharia mecanica');
insert into usuario (codigo, nome, tipo, curso) values (58, 'aluno 58', 'A', 'curso superior de tecnologia em analise e desenvolvimento de sistemas');
insert into usuario (codigo, nome, tipo, curso) values (59, 'aluno 59', 'A', 'curso superior de bacharelado em engenharia mecanica');
insert into usuario (codigo, nome, tipo) values (60, 'funcionario 60', 'F');
insert into usuario (codigo, nome, tipo, curso) values (61, 'aluno 61', 'A', 'curso superior de tecnologia em analise e desenvolvimento de sistemas');
insert into usuario (codigo, nome, tipo) values (62, 'funcionario 62', 'F');
insert into usuario (codigo, nome, tipo, curso) values (63, 'aluno 63', 'A', 'curso superior de bacharelado em engenharia mecanica');
insert into usuario (codigo, nome, tipo) values (64, 'funcionario 64', 'F');
insert into usuario (codigo, nome, tipo, curso) values (65, 'aluno 65', 'A', 'curso tecnico integrado em informatica para internet');
insert into usuario (codigo, nome, tipo, curso) values (66, 'aluno 66', 'A', 'curso tecnico integrado em eletrotecnica');
insert into usuario (codigo, nome, tipo, curso) values (67, 'aluno 67', 'A', 'curso tecnico integrado em informatica para internet');
insert into usuario (codigo, nome, tipo, curso) values (68, 'aluno 68', 'A', 'curso tecnico integrado em refrigeracao e ar condicionado');
insert into usuario (codigo, nome, tipo, curso) values (69, 'aluno 69', 'A', 'curso tecnico integrado em informatica para internet');
insert into usuario (codigo, nome, tipo, curso) values (70, 'aluno 70', 'A', 'curso tecnico integrado em informatica para internet');
insert into usuario (codigo, nome, tipo) values (71, 'professor 71', 'P');
insert into usuario (codigo, nome, tipo, curso) values (72, 'aluno 72', 'A', 'curso superior de tecnologia em analise e desenvolvimento de sistemas');
insert into usuario (codigo, nome, tipo) values (73, 'funcionario 73', 'F');
insert into usuario (codigo, nome, tipo) values (74, 'professor 74', 'P');
insert into usuario (codigo, nome, tipo, curso) values (75, 'aluno 75', 'A', 'curso superior de bacharelado em engenharia mecanica');
insert into usuario (codigo, nome, tipo, curso) values (76, 'aluno 76', 'A', 'curso superior de tecnologia em analise e desenvolvimento de sistemas');
insert into usuario (codigo, nome, tipo) values (77, 'professor 77', 'P');
insert into usuario (codigo, nome, tipo, curso) values (78, 'aluno 78', 'A', 'curso superior de tecnologia em analise e desenvolvimento de sistemas');
insert into usuario (codigo, nome, tipo) values (79, 'professor 79', 'P');
insert into usuario (codigo, nome, tipo) values (80, 'funcionario 80', 'F');
insert into usuario (codigo, nome, tipo) values (81, 'funcionario 81', 'F');
insert into usuario (codigo, nome, tipo) values (82, 'funcionario 82', 'F');
insert into usuario (codigo, nome, tipo, curso) values (83, 'aluno 83', 'A', 'curso superior de bacharelado em engenharia mecanica');
insert into usuario (codigo, nome, tipo) values (84, 'professor 84', 'P');
insert into usuario (codigo, nome, tipo, curso) values (85, 'aluno 85', 'A', 'curso tecnico integrado em refrigeracao e ar condicionado');
insert into usuario (codigo, nome, tipo, curso) values (86, 'aluno 86', 'A', 'curso tecnico integrado em informatica para internet');
insert into usuario (codigo, nome, tipo, curso) values (87, 'aluno 87', 'A', 'curso tecnico integrado em eletrotecnica');
insert into usuario (codigo, nome, tipo, curso) values (88, 'aluno 88', 'A', 'curso superior de tecnologia em analise e desenvolvimento de sistemas');
insert into usuario (codigo, nome, tipo, curso) values (89, 'aluno 89', 'A', 'curso tecnico integrado em informatica para internet');
insert into usuario (codigo, nome, tipo) values (90, 'funcionario 90', 'F');
insert into usuario (codigo, nome, tipo) values (91, 'funcionario 91', 'F');
insert into usuario (codigo, nome, tipo, curso) values (92, 'aluno 92', 'A', 'curso tecnico integrado em refrigeracao e ar condicionado');
insert into usuario (codigo, nome, tipo) values (93, 'funcionario 93', 'F');
insert into usuario (codigo, nome, tipo, curso) values (94, 'aluno 94', 'A', 'curso superior de bacharelado em engenharia mecanica');
insert into usuario (codigo, nome, tipo, curso) values (95, 'aluno 95', 'A', 'curso superior de bacharelado em engenharia mecanica');
insert into usuario (codigo, nome, tipo, curso) values (96, 'aluno 96', 'A', 'curso superior de tecnologia em analise e desenvolvimento de sistemas');
insert into usuario (codigo, nome, tipo) values (97, 'professor 97', 'P');
insert into usuario (codigo, nome, tipo, curso) values (98, 'aluno 98', 'A', 'curso tecnico integrado em informatica para internet');
insert into usuario (codigo, nome, tipo, curso) values (99, 'aluno 99', 'A', 'curso tecnico integrado em informatica para internet');
insert into usuario (codigo, nome, tipo, curso) values (100, 'aluno 100', 'A', 'curso superior de tecnologia em analise e desenvolvimento de sistemas');
insert into livro (codigo, titulo) values (1, 'postgresql na pratica');
insert into livro (codigo, titulo) values (2, 'xxx postgresql 2');
insert into livro (codigo, titulo) values (3, 'xxx postgresql 3');
insert into livro (codigo, titulo) values (4, 'xxx postgresql xxx 4');
insert into livro (codigo, titulo) values (5, 'livro 5');
insert into livro (codigo, titulo) values (6, 'livro 6');
insert into livro (codigo, titulo) values (7, 'livro 7');
insert into livro (codigo, titulo) values (8, 'livro 8');
insert into livro (codigo, titulo) values (9, 'livro 9');
insert into livro (codigo, titulo) values (10, 'livro 10');
insert into livro (codigo, titulo) values (11, 'livro 11');
insert into livro (codigo, titulo) values (12, 'livro 12');
insert into livro (codigo, titulo) values (13, 'xxx postgresql 13');
insert into livro (codigo, titulo) values (14, 'livro 14');
insert into livro (codigo, titulo) values (15, 'xxx postgresql 15');
insert into livro (codigo, titulo) values (16, 'livro 16');
insert into livro (codigo, titulo) values (17, 'livro 17');
insert into livro (codigo, titulo) values (18, 'livro 18');
insert into livro (codigo, titulo) values (19, 'livro 19');
insert into livro (codigo, titulo) values (20, 'livro 20');
insert into livro (codigo, titulo) values (21, 'livro 21');
insert into livro (codigo, titulo) values (22, 'livro 22');
insert into livro (codigo, titulo) values (23, 'livro 23');
insert into livro (codigo, titulo) values (24, 'livro 24');
insert into livro (codigo, titulo) values (25, 'livro 25');
insert into livro (codigo, titulo) values (26, 'xxx postgresql xxx 26');
insert into livro (codigo, titulo) values (27, 'postgresql xxx 27');
insert into livro (codigo, titulo) values (28, 'xxx postgresql 28');
insert into livro (codigo, titulo) values (29, 'livro 29');
insert into livro (codigo, titulo) values (30, 'livro 30');
insert into exemplar (codigo, livro) values (1001, 1);
insert into exemplar (codigo, livro) values (1002, 1);
insert into exemplar (codigo, livro) values (2001, 2);
insert into exemplar (codigo, livro) values (2002, 2);
insert into exemplar (codigo, livro) values (2003, 2);
insert into exemplar (codigo, livro) values (2004, 2);
insert into exemplar (codigo, livro) values (2005, 2);
insert into exemplar (codigo, livro) values (3001, 3);
insert into exemplar (codigo, livro) values (3002, 3);
insert into exemplar (codigo, livro) values (3003, 3);
insert into exemplar (codigo, livro) values (3004, 3);
insert into exemplar (codigo, livro) values (3005, 3);
insert into exemplar (codigo, livro) values (4001, 4);
insert into exemplar (codigo, livro) values (4002, 4);
insert into exemplar (codigo, livro) values (4003, 4);
insert into exemplar (codigo, livro) values (4004, 4);
insert into exemplar (codigo, livro) values (5001, 5);
insert into exemplar (codigo, livro) values (5002, 5);
insert into exemplar (codigo, livro) values (6001, 6);
insert into exemplar (codigo, livro) values (6002, 6);
insert into exemplar (codigo, livro) values (7001, 7);
insert into exemplar (codigo, livro) values (7002, 7);
insert into exemplar (codigo, livro) values (7003, 7);
insert into exemplar (codigo, livro) values (7004, 7);
insert into exemplar (codigo, livro) values (8001, 8);
insert into exemplar (codigo, livro) values (8002, 8);
insert into exemplar (codigo, livro) values (9001, 9);
insert into exemplar (codigo, livro) values (10001, 10);
insert into exemplar (codigo, livro) values (10002, 10);
insert into exemplar (codigo, livro) values (10003, 10);
insert into exemplar (codigo, livro) values (10004, 10);
insert into exemplar (codigo, livro) values (11001, 11);
insert into exemplar (codigo, livro) values (11002, 11);
insert into exemplar (codigo, livro) values (11003, 11);
insert into exemplar (codigo, livro) values (12001, 12);
insert into exemplar (codigo, livro) values (12002, 12);
insert into exemplar (codigo, livro) values (12003, 12);
insert into exemplar (codigo, livro) values (12004, 12);
insert into exemplar (codigo, livro) values (12005, 12);
insert into exemplar (codigo, livro) values (13001, 13);
insert into exemplar (codigo, livro) values (14001, 14);
insert into exemplar (codigo, livro) values (14002, 14);
insert into exemplar (codigo, livro) values (14003, 14);
insert into exemplar (codigo, livro) values (14004, 14);
insert into exemplar (codigo, livro) values (14005, 14);
insert into exemplar (codigo, livro) values (15001, 15);
insert into exemplar (codigo, livro) values (15002, 15);
insert into exemplar (codigo, livro) values (16001, 16);
insert into exemplar (codigo, livro) values (16002, 16);
insert into exemplar (codigo, livro) values (16003, 16);
insert into exemplar (codigo, livro) values (16004, 16);
insert into exemplar (codigo, livro) values (16005, 16);
insert into exemplar (codigo, livro) values (17001, 17);
insert into exemplar (codigo, livro) values (17002, 17);
insert into exemplar (codigo, livro) values (17003, 17);
insert into exemplar (codigo, livro) values (18001, 18);
insert into exemplar (codigo, livro) values (18002, 18);
insert into exemplar (codigo, livro) values (18003, 18);
insert into exemplar (codigo, livro) values (18004, 18);
insert into exemplar (codigo, livro) values (19001, 19);
insert into exemplar (codigo, livro) values (19002, 19);
insert into exemplar (codigo, livro) values (19003, 19);
insert into exemplar (codigo, livro) values (19004, 19);
insert into exemplar (codigo, livro) values (19005, 19);
insert into exemplar (codigo, livro) values (20001, 20);
insert into exemplar (codigo, livro) values (20002, 20);
insert into exemplar (codigo, livro) values (20003, 20);
insert into exemplar (codigo, livro) values (21001, 21);
insert into exemplar (codigo, livro) values (21002, 21);
insert into exemplar (codigo, livro) values (21003, 21);
insert into exemplar (codigo, livro) values (22001, 22);
insert into exemplar (codigo, livro) values (22002, 22);
insert into exemplar (codigo, livro) values (22003, 22);
insert into exemplar (codigo, livro) values (22004, 22);
insert into exemplar (codigo, livro) values (23001, 23);
insert into exemplar (codigo, livro) values (23002, 23);
insert into exemplar (codigo, livro) values (24001, 24);
insert into exemplar (codigo, livro) values (24002, 24);
insert into exemplar (codigo, livro) values (25001, 25);
insert into exemplar (codigo, livro) values (25002, 25);
insert into exemplar (codigo, livro) values (25003, 25);
insert into exemplar (codigo, livro) values (25004, 25);
insert into exemplar (codigo, livro) values (25005, 25);
insert into exemplar (codigo, livro) values (26001, 26);
insert into exemplar (codigo, livro) values (26002, 26);
insert into exemplar (codigo, livro) values (26003, 26);
insert into exemplar (codigo, livro) values (26004, 26);
insert into exemplar (codigo, livro) values (27001, 27);
insert into exemplar (codigo, livro) values (28001, 28);
insert into exemplar (codigo, livro) values (28002, 28);
insert into exemplar (codigo, livro) values (28003, 28);
insert into exemplar (codigo, livro) values (28004, 28);
insert into exemplar (codigo, livro) values (28005, 28);
insert into exemplar (codigo, livro) values (29001, 29);
insert into exemplar (codigo, livro) values (29002, 29);
insert into exemplar (codigo, livro) values (29003, 29);
insert into exemplar (codigo, livro) values (29004, 29);
insert into exemplar (codigo, livro) values (30001, 30);
insert into locacao (usuario, exemplar, retirada, entrega) values (30, 1001, '2018-01-24', '2018-01-25');
insert into locacao (usuario, exemplar, retirada, entrega) values (59, 1001, '2018-04-15', '2018-04-28');
insert into locacao (usuario, exemplar, retirada, entrega) values (41, 1001, '2018-05-09', '2018-05-12');
insert into locacao (usuario, exemplar, retirada, entrega) values (38, 1001, '2018-06-03', '2018-06-07');
insert into locacao (usuario, exemplar, retirada, entrega) values (48, 1001, '2018-07-08', '2018-07-09');
insert into locacao (usuario, exemplar, retirada, entrega) values (25, 1001, '2018-07-31', '2018-08-04');
insert into locacao (usuario, exemplar, retirada, entrega) values (60, 1001, '2018-08-15', '2018-08-24');
insert into locacao (usuario, exemplar, retirada, entrega) values (52, 1001, '2018-09-06', '2018-09-19');
insert into locacao (usuario, exemplar, retirada, entrega) values (79, 1001, '2018-10-05', '2018-10-13');
insert into locacao (usuario, exemplar, retirada, entrega) values (49, 1001, '2018-10-19', '2018-10-22');
insert into locacao (usuario, exemplar, retirada, entrega) values (10, 1001, '2018-11-17', '2018-11-29');
insert into locacao (usuario, exemplar, retirada, entrega) values (7, 1001, '2019-01-02', '2019-01-02');
insert into locacao (usuario, exemplar, retirada, entrega) values (60, 1001, '2019-03-23', '2019-03-29');
insert into locacao (usuario, exemplar, retirada, entrega) values (67, 1002, '2018-03-21', '2018-03-25');
insert into locacao (usuario, exemplar, retirada, entrega) values (4, 1002, '2018-05-12', '2018-05-23');
insert into locacao (usuario, exemplar, retirada, entrega) values (88, 1002, '2018-06-26', '2018-06-26');
insert into locacao (usuario, exemplar, retirada, entrega) values (88, 1002, '2018-08-04', '2018-08-15');
insert into locacao (usuario, exemplar, retirada, entrega) values (45, 1002, '2018-11-03', '2018-11-11');
insert into locacao (usuario, exemplar, retirada, entrega) values (38, 1002, '2019-02-10', '2019-02-17');
insert into locacao (usuario, exemplar, retirada, entrega) values (42, 1002, '2019-02-13', '2019-02-14');
insert into locacao (usuario, exemplar, retirada, entrega) values (86, 1002, '2019-04-04', '2019-04-05');
insert into locacao (usuario, exemplar, retirada, entrega) values (34, 2001, '2018-02-19', '2018-03-01');
insert into locacao (usuario, exemplar, retirada, entrega) values (16, 2001, '2018-02-26', '2018-03-07');
insert into locacao (usuario, exemplar, retirada, entrega) values (72, 2001, '2018-05-27', '2018-05-30');
insert into locacao (usuario, exemplar, retirada, entrega) values (29, 2001, '2018-07-16', '2018-07-17');
insert into locacao (usuario, exemplar, retirada, entrega) values (96, 2001, '2018-10-10', '2018-10-19');
insert into locacao (usuario, exemplar, retirada, entrega) values (29, 2001, '2019-01-16', '2019-01-24');
insert into locacao (usuario, exemplar, retirada, entrega) values (41, 2001, '2019-03-26', '2019-03-30');
insert into locacao (usuario, exemplar, retirada, entrega) values (73, 2002, '2018-04-04', '2018-04-13');
insert into locacao (usuario, exemplar, retirada, entrega) values (60, 2002, '2018-05-29', '2018-06-01');
insert into locacao (usuario, exemplar, retirada, entrega) values (52, 2002, '2018-07-26', '2018-08-08');
insert into locacao (usuario, exemplar, retirada, entrega) values (33, 2002, '2018-09-01', '2018-09-11');
insert into locacao (usuario, exemplar, retirada, entrega) values (10, 2002, '2018-09-02', '2018-09-15');
insert into locacao (usuario, exemplar, retirada, entrega) values (52, 2002, '2018-10-21', '2018-11-01');
insert into locacao (usuario, exemplar, retirada, entrega) values (64, 2002, '2018-12-07', '2018-12-15');
insert into locacao (usuario, exemplar, retirada, entrega) values (21, 2002, '2018-12-23', '2018-12-30');
insert into locacao (usuario, exemplar, retirada, entrega) values (13, 2002, '2019-03-21', '2019-03-24');
insert into locacao (usuario, exemplar, retirada, entrega) values (8, 2003, '2018-02-03', '2018-02-06');
insert into locacao (usuario, exemplar, retirada, entrega) values (89, 2003, '2018-03-24', '2018-03-26');
insert into locacao (usuario, exemplar, retirada, entrega) values (12, 2003, '2018-04-06', '2018-04-14');
insert into locacao (usuario, exemplar, retirada, entrega) values (88, 2003, '2018-05-06', '2018-05-07');
insert into locacao (usuario, exemplar, retirada, entrega) values (75, 2003, '2018-07-21', '2018-07-24');
insert into locacao (usuario, exemplar, retirada, entrega) values (44, 2003, '2018-08-11', '2018-08-23');
insert into locacao (usuario, exemplar, retirada, entrega) values (82, 2003, '2018-10-07', '2018-10-17');
insert into locacao (usuario, exemplar, retirada, entrega) values (68, 2003, '2018-11-20', '2018-11-29');
insert into locacao (usuario, exemplar, retirada, entrega) values (10, 2003, '2019-02-18', '2019-02-25');
insert into locacao (usuario, exemplar, retirada, entrega) values (3, 2003, '2019-03-21', '2019-03-27');
insert into locacao (usuario, exemplar, retirada, entrega) values (20, 2003, '2019-03-29', '2019-03-29');
insert into locacao (usuario, exemplar, retirada, entrega) values (49, 2004, '2018-03-21', '2018-04-01');
insert into locacao (usuario, exemplar, retirada, entrega) values (13, 2004, '2018-06-07', '2018-06-12');
insert into locacao (usuario, exemplar, retirada, entrega) values (79, 2004, '2018-09-08', '2018-09-17');
insert into locacao (usuario, exemplar, retirada, entrega) values (100, 2004, '2018-10-02', '2018-10-06');
insert into locacao (usuario, exemplar, retirada, entrega) values (44, 2004, '2018-12-05', '2018-12-07');
insert into locacao (usuario, exemplar, retirada, entrega) values (49, 2004, '2019-01-04', '2019-01-06');
insert into locacao (usuario, exemplar, retirada, entrega) values (66, 2004, '2019-02-17', '2019-02-23');
insert into locacao (usuario, exemplar, retirada, entrega) values (100, 2004, '2019-02-26', '2019-02-28');
insert into locacao (usuario, exemplar, retirada, entrega) values (23, 2005, '2018-02-26', '2018-03-04');
insert into locacao (usuario, exemplar, retirada, entrega) values (41, 2005, '2018-05-03', '2018-05-15');
insert into locacao (usuario, exemplar, retirada, entrega) values (98, 2005, '2018-05-27', '2018-06-03');
insert into locacao (usuario, exemplar, retirada, entrega) values (61, 2005, '2018-05-27', '2018-05-31');
insert into locacao (usuario, exemplar, retirada, entrega) values (86, 2005, '2018-08-16', '2018-08-26');
insert into locacao (usuario, exemplar, retirada, entrega) values (16, 2005, '2018-09-29', '2018-10-11');
insert into locacao (usuario, exemplar, retirada, entrega) values (51, 2005, '2018-10-10', '2018-10-17');
insert into locacao (usuario, exemplar, retirada, entrega) values (24, 2005, '2018-10-10', '2018-10-14');
insert into locacao (usuario, exemplar, retirada, entrega) values (15, 2005, '2018-12-19', '2018-12-30');
insert into locacao (usuario, exemplar, retirada, entrega) values (47, 2005, '2019-03-27', '2019-04-01');
insert into locacao (usuario, exemplar, retirada, entrega) values (79, 2005, '2019-04-15', '2019-04-17');
insert into locacao (usuario, exemplar, retirada, entrega) values (79, 3001, '2018-02-01', '2018-02-09');
insert into locacao (usuario, exemplar, retirada, entrega) values (55, 3001, '2018-03-15', '2018-03-15');
insert into locacao (usuario, exemplar, retirada, entrega) values (94, 3001, '2018-04-25', '2018-05-04');
insert into locacao (usuario, exemplar, retirada, entrega) values (49, 3001, '2018-05-28', '2018-06-01');
insert into locacao (usuario, exemplar, retirada, entrega) values (84, 3001, '2018-07-04', '2018-07-17');
insert into locacao (usuario, exemplar, retirada, entrega) values (64, 3001, '2018-09-30', '2018-10-08');
insert into locacao (usuario, exemplar, retirada, entrega) values (67, 3001, '2018-09-30', '2018-10-10');
insert into locacao (usuario, exemplar, retirada, entrega) values (43, 3001, '2018-10-04', '2018-10-09');
insert into locacao (usuario, exemplar, retirada, entrega) values (62, 3001, '2018-10-30', '2018-11-05');
insert into locacao (usuario, exemplar, retirada, entrega) values (71, 3001, '2018-11-05', '2018-11-16');
insert into locacao (usuario, exemplar, retirada, entrega) values (83, 3001, '2018-11-06', '2018-11-10');
insert into locacao (usuario, exemplar, retirada, entrega) values (64, 3001, '2019-01-03', '2019-01-04');
insert into locacao (usuario, exemplar, retirada, entrega) values (65, 3001, '2019-01-20', '2019-01-23');
insert into locacao (usuario, exemplar, retirada, entrega) values (6, 3001, '2019-03-03', '2019-03-16');
insert into locacao (usuario, exemplar, retirada, entrega) values (11, 3002, '2018-02-13', '2018-02-17');
insert into locacao (usuario, exemplar, retirada, entrega) values (52, 3002, '2018-05-20', '2018-05-21');
insert into locacao (usuario, exemplar, retirada, entrega) values (36, 3002, '2018-08-09', '2018-08-13');
insert into locacao (usuario, exemplar, retirada, entrega) values (40, 3002, '2018-08-26', '2018-09-03');
insert into locacao (usuario, exemplar, retirada, entrega) values (59, 3002, '2018-08-31', '2018-09-04');
insert into locacao (usuario, exemplar, retirada, entrega) values (53, 3002, '2018-09-27', '2018-10-08');
insert into locacao (usuario, exemplar, retirada, entrega) values (54, 3002, '2019-01-02', '2019-01-15');
insert into locacao (usuario, exemplar, retirada, entrega) values (54, 3002, '2019-01-23', '2019-01-28');
insert into locacao (usuario, exemplar, retirada, entrega) values (81, 3002, '2019-03-12', '2019-03-22');
insert into locacao (usuario, exemplar, retirada, entrega) values (37, 3003, '2018-03-08', '2018-03-15');
insert into locacao (usuario, exemplar, retirada, entrega) values (4, 3003, '2018-05-09', '2018-05-13');
insert into locacao (usuario, exemplar, retirada, entrega) values (49, 3003, '2018-06-22', '2018-07-01');
insert into locacao (usuario, exemplar, retirada, entrega) values (41, 3003, '2018-09-28', '2018-10-06');
insert into locacao (usuario, exemplar, retirada, entrega) values (57, 3003, '2018-10-29', '2018-11-10');
insert into locacao (usuario, exemplar, retirada, entrega) values (8, 3003, '2019-01-27', '2019-02-02');
insert into locacao (usuario, exemplar, retirada, entrega) values (93, 3003, '2019-02-25', '2019-02-25');
insert into locacao (usuario, exemplar, retirada, entrega) values (48, 3004, '2018-03-12', '2018-03-14');
insert into locacao (usuario, exemplar, retirada, entrega) values (9, 3004, '2018-04-07', '2018-04-15');
insert into locacao (usuario, exemplar, retirada, entrega) values (2, 3004, '2018-05-12', '2018-05-15');
insert into locacao (usuario, exemplar, retirada, entrega) values (89, 3004, '2018-06-25', '2018-06-29');
insert into locacao (usuario, exemplar, retirada, entrega) values (100, 3004, '2018-06-26', '2018-06-28');
insert into locacao (usuario, exemplar, retirada, entrega) values (11, 3004, '2018-09-16', '2018-09-26');
insert into locacao (usuario, exemplar, retirada, entrega) values (40, 3004, '2018-11-03', '2018-11-11');
insert into locacao (usuario, exemplar, retirada, entrega) values (70, 3004, '2019-01-29', '2019-01-30');
insert into locacao (usuario, exemplar, retirada, entrega) values (100, 3004, '2019-04-28', '2019-05-06');
insert into locacao (usuario, exemplar, retirada, entrega) values (87, 3005, '2018-01-06', '2018-01-18');
insert into locacao (usuario, exemplar, retirada, entrega) values (42, 3005, '2018-02-27', '2018-03-08');
insert into locacao (usuario, exemplar, retirada, entrega) values (74, 3005, '2018-06-03', '2018-06-07');
insert into locacao (usuario, exemplar, retirada, entrega) values (58, 3005, '2018-07-17', '2018-07-22');
insert into locacao (usuario, exemplar, retirada, entrega) values (78, 3005, '2018-09-04', '2018-09-09');
insert into locacao (usuario, exemplar, retirada, entrega) values (4, 3005, '2018-11-24', '2018-11-29');
insert into locacao (usuario, exemplar, retirada, entrega) values (55, 3005, '2019-02-24', '2019-03-04');
insert into locacao (usuario, exemplar, retirada, entrega) values (83, 3005, '2019-03-09', '2019-03-19');
insert into locacao (usuario, exemplar, retirada, entrega) values (54, 3005, '2019-04-12', '2019-04-23');
insert into locacao (usuario, exemplar, retirada, entrega) values (95, 3005, '2019-04-16', '2019-04-26');
insert into locacao (usuario, exemplar, retirada, entrega) values (68, 4001, '2018-03-05', '2018-03-10');
insert into locacao (usuario, exemplar, retirada, entrega) values (11, 4001, '2018-05-08', '2018-05-08');
insert into locacao (usuario, exemplar, retirada, entrega) values (4, 4001, '2018-07-01', '2018-07-04');
insert into locacao (usuario, exemplar, retirada, entrega) values (15, 4001, '2018-08-09', '2018-08-17');
insert into locacao (usuario, exemplar, retirada, entrega) values (55, 4001, '2018-08-14', '2018-08-21');
insert into locacao (usuario, exemplar, retirada, entrega) values (54, 4001, '2018-11-07', '2018-11-08');
insert into locacao (usuario, exemplar, retirada, entrega) values (63, 4001, '2019-02-04', '2019-02-07');
insert into locacao (usuario, exemplar, retirada, entrega) values (99, 4001, '2019-02-11', '2019-02-13');
insert into locacao (usuario, exemplar, retirada, entrega) values (94, 4001, '2019-04-25', '2019-05-01');
insert into locacao (usuario, exemplar, retirada, entrega) values (32, 4002, '2018-01-01', '2018-01-13');
insert into locacao (usuario, exemplar, retirada, entrega) values (80, 4002, '2018-01-15', '2018-01-18');
insert into locacao (usuario, exemplar, retirada, entrega) values (14, 4002, '2018-03-10', '2018-03-13');
insert into locacao (usuario, exemplar, retirada, entrega) values (92, 4002, '2018-06-01', '2018-06-03');
insert into locacao (usuario, exemplar, retirada, entrega) values (10, 4002, '2018-06-16', '2018-06-27');
insert into locacao (usuario, exemplar, retirada, entrega) values (30, 4002, '2018-07-10', '2018-07-21');
insert into locacao (usuario, exemplar, retirada, entrega) values (33, 4002, '2018-10-17', '2018-10-25');
insert into locacao (usuario, exemplar, retirada, entrega) values (29, 4002, '2018-11-15', '2018-11-25');
insert into locacao (usuario, exemplar, retirada, entrega) values (42, 4002, '2018-11-30', '2018-12-10');
insert into locacao (usuario, exemplar, retirada, entrega) values (46, 4002, '2019-01-14', '2019-01-22');
insert into locacao (usuario, exemplar, retirada, entrega) values (47, 4002, '2019-03-12', '2019-03-23');
insert into locacao (usuario, exemplar, retirada, entrega) values (66, 4002, '2019-04-20', '2019-05-03');
insert into locacao (usuario, exemplar, retirada, entrega) values (73, 4003, '2018-02-13', '2018-02-15');
insert into locacao (usuario, exemplar, retirada, entrega) values (77, 4003, '2018-04-16', '2018-04-27');
insert into locacao (usuario, exemplar, retirada, entrega) values (29, 4003, '2018-06-10', '2018-06-15');
insert into locacao (usuario, exemplar, retirada, entrega) values (4, 4003, '2018-08-20', '2018-08-30');
insert into locacao (usuario, exemplar, retirada, entrega) values (11, 4003, '2018-09-13', '2018-09-20');
insert into locacao (usuario, exemplar, retirada, entrega) values (67, 4003, '2018-10-06', '2018-10-06');
insert into locacao (usuario, exemplar, retirada, entrega) values (90, 4003, '2018-12-23', '2018-12-26');
insert into locacao (usuario, exemplar, retirada, entrega) values (8, 4003, '2019-03-15', '2019-03-16');
insert into locacao (usuario, exemplar, retirada, entrega) values (29, 4003, '2019-04-15', '2019-04-26');
insert into locacao (usuario, exemplar, retirada, entrega) values (61, 4004, '2018-03-14', '2018-03-17');
insert into locacao (usuario, exemplar, retirada, entrega) values (29, 4004, '2018-03-22', '2018-03-24');
insert into locacao (usuario, exemplar, retirada, entrega) values (80, 4004, '2018-06-02', '2018-06-05');
insert into locacao (usuario, exemplar, retirada, entrega) values (29, 4004, '2018-07-30', '2018-08-04');
insert into locacao (usuario, exemplar, retirada, entrega) values (65, 4004, '2018-10-21', '2018-10-29');
insert into locacao (usuario, exemplar, retirada, entrega) values (10, 4004, '2018-11-20', '2018-12-02');
insert into locacao (usuario, exemplar, retirada, entrega) values (36, 4004, '2019-01-18', '2019-01-28');
insert into locacao (usuario, exemplar, retirada, entrega) values (77, 4004, '2019-02-26', '2019-03-10');
insert into locacao (usuario, exemplar, retirada, entrega) values (35, 5001, '2018-01-04', '2018-01-14');
insert into locacao (usuario, exemplar, retirada, entrega) values (86, 5001, '2018-02-23', '2018-03-02');
insert into locacao (usuario, exemplar, retirada, entrega) values (9, 5001, '2018-05-07', '2018-05-19');
insert into locacao (usuario, exemplar, retirada, entrega) values (96, 5001, '2018-08-10', '2018-08-18');
insert into locacao (usuario, exemplar, retirada, entrega) values (47, 5001, '2018-09-15', '2018-09-18');
insert into locacao (usuario, exemplar, retirada, entrega) values (75, 5001, '2018-10-03', '2018-10-07');
insert into locacao (usuario, exemplar, retirada, entrega) values (69, 5001, '2018-12-03', '2018-12-14');
insert into locacao (usuario, exemplar, retirada, entrega) values (72, 5001, '2019-01-10', '2019-01-19');
insert into locacao (usuario, exemplar, retirada, entrega) values (61, 5001, '2019-03-04', '2019-03-16');
insert into locacao (usuario, exemplar, retirada, entrega) values (88, 5001, '2019-03-29', '2019-04-01');
insert into locacao (usuario, exemplar, retirada, entrega) values (67, 5002, '2018-03-03', '2018-03-04');
insert into locacao (usuario, exemplar, retirada, entrega) values (54, 5002, '2018-05-16', '2018-05-27');
insert into locacao (usuario, exemplar, retirada, entrega) values (53, 5002, '2018-06-23', '2018-06-24');
insert into locacao (usuario, exemplar, retirada, entrega) values (61, 5002, '2018-07-10', '2018-07-21');
insert into locacao (usuario, exemplar, retirada, entrega) values (97, 5002, '2018-07-10', '2018-07-21');
insert into locacao (usuario, exemplar, retirada, entrega) values (95, 5002, '2018-09-20', '2018-10-03');
insert into locacao (usuario, exemplar, retirada, entrega) values (51, 5002, '2018-12-09', '2018-12-21');
insert into locacao (usuario, exemplar, retirada, entrega) values (27, 5002, '2019-01-09', '2019-01-19');
insert into locacao (usuario, exemplar, retirada, entrega) values (9, 5002, '2019-04-04', '2019-04-04');
insert into locacao (usuario, exemplar, retirada, entrega) values (79, 5002, '2019-04-28', '2019-05-02');
insert into locacao (usuario, exemplar, retirada, entrega) values (65, 6001, '2018-02-01', '2018-02-11');
insert into locacao (usuario, exemplar, retirada, entrega) values (26, 6001, '2018-03-20', '2018-03-26');
insert into locacao (usuario, exemplar, retirada, entrega) values (33, 6001, '2018-04-19', '2018-04-24');
insert into locacao (usuario, exemplar, retirada, entrega) values (6, 6001, '2018-06-07', '2018-06-07');
insert into locacao (usuario, exemplar, retirada, entrega) values (83, 6001, '2018-08-02', '2018-08-10');
insert into locacao (usuario, exemplar, retirada, entrega) values (21, 6001, '2018-08-13', '2018-08-21');
insert into locacao (usuario, exemplar, retirada, entrega) values (91, 6001, '2018-10-03', '2018-10-13');
insert into locacao (usuario, exemplar, retirada, entrega) values (9, 6001, '2018-11-24', '2018-12-02');
insert into locacao (usuario, exemplar, retirada, entrega) values (28, 6001, '2019-02-23', '2019-03-05');
insert into locacao (usuario, exemplar, retirada, entrega) values (24, 6001, '2019-04-21', '2019-04-25');
insert into locacao (usuario, exemplar, retirada, entrega) values (63, 6002, '2018-01-03', '2018-01-09');
insert into locacao (usuario, exemplar, retirada, entrega) values (94, 6002, '2018-03-05', '2018-03-07');
insert into locacao (usuario, exemplar, retirada, entrega) values (40, 6002, '2018-05-11', '2018-05-22');
insert into locacao (usuario, exemplar, retirada, entrega) values (14, 6002, '2018-05-12', '2018-05-18');
insert into locacao (usuario, exemplar, retirada, entrega) values (49, 6002, '2018-06-13', '2018-06-15');
insert into locacao (usuario, exemplar, retirada, entrega) values (84, 6002, '2018-09-16', '2018-09-16');
insert into locacao (usuario, exemplar, retirada, entrega) values (71, 6002, '2018-11-07', '2018-11-14');
insert into locacao (usuario, exemplar, retirada, entrega) values (58, 6002, '2019-01-27', '2019-02-05');
insert into locacao (usuario, exemplar, retirada, entrega) values (37, 6002, '2019-02-26', '2019-03-10');
insert into locacao (usuario, exemplar, retirada, entrega) values (23, 6002, '2019-02-27', '2019-02-28');
insert into locacao (usuario, exemplar, retirada, entrega) values (4, 6002, '2019-03-21', '2019-03-27');
insert into locacao (usuario, exemplar, retirada, entrega) values (34, 6002, '2019-03-29', '2019-04-08');
insert into locacao (usuario, exemplar, retirada, entrega) values (95, 7001, '2018-03-13', '2018-03-19');
insert into locacao (usuario, exemplar, retirada, entrega) values (20, 7001, '2018-06-19', '2018-06-25');
insert into locacao (usuario, exemplar, retirada, entrega) values (30, 7001, '2018-09-02', '2018-09-14');
insert into locacao (usuario, exemplar, retirada, entrega) values (80, 7001, '2018-09-30', '2018-10-09');
insert into locacao (usuario, exemplar, retirada, entrega) values (71, 7001, '2018-11-27', '2018-11-29');
insert into locacao (usuario, exemplar, retirada, entrega) values (85, 7001, '2018-12-18', '2018-12-27');
insert into locacao (usuario, exemplar, retirada, entrega) values (17, 7001, '2019-01-10', '2019-01-22');
insert into locacao (usuario, exemplar, retirada, entrega) values (8, 7001, '2019-03-03', '2019-03-15');
insert into locacao (usuario, exemplar, retirada, entrega) values (66, 7002, '2018-04-06', '2018-04-10');
insert into locacao (usuario, exemplar, retirada, entrega) values (10, 7002, '2018-06-21', '2018-06-28');
insert into locacao (usuario, exemplar, retirada, entrega) values (54, 7002, '2018-09-21', '2018-09-27');
insert into locacao (usuario, exemplar, retirada, entrega) values (84, 7002, '2018-10-19', '2018-10-22');
insert into locacao (usuario, exemplar, retirada, entrega) values (96, 7002, '2019-01-17', '2019-01-24');
insert into locacao (usuario, exemplar, retirada, entrega) values (34, 7002, '2019-04-09', '2019-04-20');
insert into locacao (usuario, exemplar, retirada, entrega) values (36, 7003, '2018-04-06', '2018-04-17');
insert into locacao (usuario, exemplar, retirada, entrega) values (16, 7003, '2018-04-11', '2018-04-21');
insert into locacao (usuario, exemplar, retirada, entrega) values (40, 7003, '2018-06-03', '2018-06-13');
insert into locacao (usuario, exemplar, retirada, entrega) values (98, 7003, '2018-06-13', '2018-06-19');
insert into locacao (usuario, exemplar, retirada, entrega) values (18, 7003, '2018-08-31', '2018-09-13');
insert into locacao (usuario, exemplar, retirada, entrega) values (95, 7003, '2018-09-24', '2018-09-30');
insert into locacao (usuario, exemplar, retirada, entrega) values (4, 7003, '2018-12-22', '2018-12-31');
insert into locacao (usuario, exemplar, retirada, entrega) values (78, 7003, '2019-02-22', '2019-03-05');
insert into locacao (usuario, exemplar, retirada, entrega) values (99, 7003, '2019-04-14', '2019-04-16');
insert into locacao (usuario, exemplar, retirada, entrega) values (15, 7004, '2018-01-20', '2018-01-29');
insert into locacao (usuario, exemplar, retirada, entrega) values (83, 7004, '2018-03-15', '2018-03-24');
insert into locacao (usuario, exemplar, retirada, entrega) values (18, 7004, '2018-05-25', '2018-06-02');
insert into locacao (usuario, exemplar, retirada, entrega) values (60, 7004, '2018-07-28', '2018-08-04');
insert into locacao (usuario, exemplar, retirada, entrega) values (32, 7004, '2018-08-25', '2018-08-27');
insert into locacao (usuario, exemplar, retirada, entrega) values (80, 7004, '2018-11-14', '2018-11-16');
insert into locacao (usuario, exemplar, retirada, entrega) values (17, 7004, '2019-02-05', '2019-02-17');
insert into locacao (usuario, exemplar, retirada, entrega) values (61, 7004, '2019-04-09', '2019-04-12');
insert into locacao (usuario, exemplar, retirada, entrega) values (23, 8001, '2018-04-04', '2018-04-13');
insert into locacao (usuario, exemplar, retirada, entrega) values (46, 8001, '2018-04-28', '2018-05-08');
insert into locacao (usuario, exemplar, retirada, entrega) values (82, 8001, '2018-07-25', '2018-08-01');
insert into locacao (usuario, exemplar, retirada, entrega) values (44, 8001, '2018-09-09', '2018-09-17');
insert into locacao (usuario, exemplar, retirada, entrega) values (95, 8001, '2018-10-26', '2018-11-05');
insert into locacao (usuario, exemplar, retirada, entrega) values (80, 8001, '2019-02-01', '2019-02-05');
insert into locacao (usuario, exemplar, retirada, entrega) values (30, 8001, '2019-03-05', '2019-03-10');
insert into locacao (usuario, exemplar, retirada, entrega) values (39, 8001, '2019-04-23', '2019-05-01');
insert into locacao (usuario, exemplar, retirada, entrega) values (74, 8002, '2018-01-31', '2018-02-11');
insert into locacao (usuario, exemplar, retirada, entrega) values (73, 8002, '2018-03-18', '2018-03-20');
insert into locacao (usuario, exemplar, retirada, entrega) values (75, 8002, '2018-05-13', '2018-05-16');
insert into locacao (usuario, exemplar, retirada, entrega) values (90, 8002, '2018-07-30', '2018-08-03');
insert into locacao (usuario, exemplar, retirada, entrega) values (94, 8002, '2018-09-12', '2018-09-19');
insert into locacao (usuario, exemplar, retirada, entrega) values (37, 8002, '2018-12-11', '2018-12-22');
insert into locacao (usuario, exemplar, retirada, entrega) values (4, 8002, '2019-03-08', '2019-03-19');
insert into locacao (usuario, exemplar, retirada, entrega) values (92, 8002, '2019-04-28', '2019-05-08');
insert into locacao (usuario, exemplar, retirada, entrega) values (36, 9001, '2018-03-11', '2018-03-20');
insert into locacao (usuario, exemplar, retirada, entrega) values (82, 9001, '2018-04-20', '2018-04-27');
insert into locacao (usuario, exemplar, retirada, entrega) values (73, 9001, '2018-05-06', '2018-05-10');
insert into locacao (usuario, exemplar, retirada, entrega) values (82, 9001, '2018-05-29', '2018-06-06');
insert into locacao (usuario, exemplar, retirada, entrega) values (19, 9001, '2018-08-19', '2018-08-22');
insert into locacao (usuario, exemplar, retirada, entrega) values (37, 9001, '2018-10-03', '2018-10-11');
insert into locacao (usuario, exemplar, retirada, entrega) values (24, 9001, '2018-10-07', '2018-10-16');
insert into locacao (usuario, exemplar, retirada, entrega) values (84, 9001, '2018-11-29', '2018-12-08');
insert into locacao (usuario, exemplar, retirada, entrega) values (48, 9001, '2019-01-23', '2019-02-02');
insert into locacao (usuario, exemplar, retirada, entrega) values (95, 9001, '2019-02-07', '2019-02-16');
insert into locacao (usuario, exemplar, retirada, entrega) values (29, 9001, '2019-04-11', '2019-04-17');
insert into locacao (usuario, exemplar, retirada, entrega) values (41, 10001, '2018-01-12', '2018-01-21');
insert into locacao (usuario, exemplar, retirada, entrega) values (93, 10001, '2018-04-18', '2018-04-21');
insert into locacao (usuario, exemplar, retirada, entrega) values (18, 10001, '2018-06-21', '2018-06-26');
insert into locacao (usuario, exemplar, retirada, entrega) values (7, 10001, '2018-08-02', '2018-08-07');
insert into locacao (usuario, exemplar, retirada, entrega) values (5, 10001, '2018-11-08', '2018-11-09');
insert into locacao (usuario, exemplar, retirada, entrega) values (46, 10001, '2018-11-28', '2018-11-29');
insert into locacao (usuario, exemplar, retirada, entrega) values (95, 10001, '2019-03-01', '2019-03-08');
insert into locacao (usuario, exemplar, retirada, entrega) values (25, 10002, '2018-03-07', '2018-03-16');
insert into locacao (usuario, exemplar, retirada, entrega) values (42, 10002, '2018-05-16', '2018-05-24');
insert into locacao (usuario, exemplar, retirada, entrega) values (60, 10002, '2018-06-14', '2018-06-27');
insert into locacao (usuario, exemplar, retirada, entrega) values (79, 10002, '2018-07-26', '2018-07-27');
insert into locacao (usuario, exemplar, retirada, entrega) values (95, 10002, '2018-09-22', '2018-10-02');
insert into locacao (usuario, exemplar, retirada, entrega) values (64, 10002, '2018-12-04', '2018-12-13');
insert into locacao (usuario, exemplar, retirada, entrega) values (57, 10002, '2019-02-27', '2019-03-11');
insert into locacao (usuario, exemplar, retirada, entrega) values (19, 10003, '2018-01-18', '2018-01-18');
insert into locacao (usuario, exemplar, retirada, entrega) values (19, 10003, '2018-03-28', '2018-04-07');
insert into locacao (usuario, exemplar, retirada, entrega) values (7, 10003, '2018-04-07', '2018-04-16');
insert into locacao (usuario, exemplar, retirada, entrega) values (49, 10003, '2018-07-12', '2018-07-25');
insert into locacao (usuario, exemplar, retirada, entrega) values (36, 10003, '2018-08-04', '2018-08-08');
insert into locacao (usuario, exemplar, retirada, entrega) values (84, 10003, '2018-08-04', '2018-08-10');
insert into locacao (usuario, exemplar, retirada, entrega) values (42, 10003, '2018-09-15', '2018-09-24');
insert into locacao (usuario, exemplar, retirada, entrega) values (57, 10003, '2018-10-06', '2018-10-18');
insert into locacao (usuario, exemplar, retirada, entrega) values (58, 10003, '2018-11-01', '2018-11-12');
insert into locacao (usuario, exemplar, retirada, entrega) values (6, 10003, '2019-01-19', '2019-01-26');
insert into locacao (usuario, exemplar, retirada, entrega) values (31, 10003, '2019-03-21', '2019-03-25');
insert into locacao (usuario, exemplar, retirada, entrega) values (70, 10003, '2019-04-06', '2019-04-10');
insert into locacao (usuario, exemplar, retirada, entrega) values (89, 10003, '2019-04-11', '2019-04-19');
insert into locacao (usuario, exemplar, retirada, entrega) values (1, 10003, '2019-04-18', '2019-04-27');
insert into locacao (usuario, exemplar, retirada, entrega) values (72, 10004, '2018-01-11', '2018-01-11');
insert into locacao (usuario, exemplar, retirada, entrega) values (94, 10004, '2018-01-11', '2018-01-20');
insert into locacao (usuario, exemplar, retirada, entrega) values (67, 10004, '2018-04-02', '2018-04-08');
insert into locacao (usuario, exemplar, retirada, entrega) values (80, 10004, '2018-07-05', '2018-07-13');
insert into locacao (usuario, exemplar, retirada, entrega) values (9, 10004, '2018-07-19', '2018-07-23');
insert into locacao (usuario, exemplar, retirada, entrega) values (12, 10004, '2018-08-20', '2018-08-26');
insert into locacao (usuario, exemplar, retirada, entrega) values (94, 10004, '2018-10-13', '2018-10-13');
insert into locacao (usuario, exemplar, retirada, entrega) values (86, 10004, '2018-11-10', '2018-11-12');
insert into locacao (usuario, exemplar, retirada, entrega) values (71, 10004, '2018-12-06', '2018-12-06');
insert into locacao (usuario, exemplar, retirada, entrega) values (77, 10004, '2019-01-04', '2019-01-10');
insert into locacao (usuario, exemplar, retirada, entrega) values (69, 10004, '2019-02-15', '2019-02-21');
insert into locacao (usuario, exemplar, retirada, entrega) values (43, 10004, '2019-04-06', '2019-04-13');
insert into locacao (usuario, exemplar, retirada, entrega) values (30, 11001, '2018-03-05', '2018-03-13');
insert into locacao (usuario, exemplar, retirada, entrega) values (53, 11001, '2018-04-09', '2018-04-20');
insert into locacao (usuario, exemplar, retirada, entrega) values (50, 11001, '2018-06-09', '2018-06-21');
insert into locacao (usuario, exemplar, retirada, entrega) values (19, 11001, '2018-08-27', '2018-08-27');
insert into locacao (usuario, exemplar, retirada, entrega) values (28, 11001, '2018-10-24', '2018-10-30');
insert into locacao (usuario, exemplar, retirada, entrega) values (55, 11001, '2019-01-08', '2019-01-21');
insert into locacao (usuario, exemplar, retirada, entrega) values (29, 11001, '2019-03-09', '2019-03-21');
insert into locacao (usuario, exemplar, retirada, entrega) values (1, 11001, '2019-03-10', '2019-03-15');
insert into locacao (usuario, exemplar, retirada, entrega) values (43, 11001, '2019-04-27', '2019-05-02');
insert into locacao (usuario, exemplar, retirada, entrega) values (91, 11002, '2018-04-02', '2018-04-02');
insert into locacao (usuario, exemplar, retirada, entrega) values (92, 11002, '2018-05-11', '2018-05-22');
insert into locacao (usuario, exemplar, retirada, entrega) values (9, 11002, '2018-07-18', '2018-07-28');
insert into locacao (usuario, exemplar, retirada, entrega) values (46, 11002, '2018-08-27', '2018-08-27');
insert into locacao (usuario, exemplar, retirada, entrega) values (85, 11002, '2018-10-24', '2018-11-05');
insert into locacao (usuario, exemplar, retirada, entrega) values (81, 11002, '2018-12-14', '2018-12-26');
insert into locacao (usuario, exemplar, retirada, entrega) values (30, 11002, '2019-01-13', '2019-01-23');
insert into locacao (usuario, exemplar, retirada, entrega) values (70, 11002, '2019-02-17', '2019-02-23');
insert into locacao (usuario, exemplar, retirada, entrega) values (56, 11002, '2019-04-17', '2019-04-30');
insert into locacao (usuario, exemplar, retirada, entrega) values (57, 11003, '2018-02-12', '2018-02-21');
insert into locacao (usuario, exemplar, retirada, entrega) values (59, 11003, '2018-03-28', '2018-04-08');
insert into locacao (usuario, exemplar, retirada, entrega) values (81, 11003, '2018-06-14', '2018-06-24');
insert into locacao (usuario, exemplar, retirada, entrega) values (72, 11003, '2018-08-12', '2018-08-14');
insert into locacao (usuario, exemplar, retirada, entrega) values (73, 11003, '2018-09-22', '2018-09-29');
insert into locacao (usuario, exemplar, retirada, entrega) values (35, 11003, '2018-10-28', '2018-11-10');
insert into locacao (usuario, exemplar, retirada, entrega) values (28, 11003, '2019-01-12', '2019-01-22');
insert into locacao (usuario, exemplar, retirada, entrega) values (75, 11003, '2019-03-24', '2019-03-27');
insert into locacao (usuario, exemplar, retirada, entrega) values (72, 12001, '2018-01-23', '2018-02-03');
insert into locacao (usuario, exemplar, retirada, entrega) values (46, 12001, '2018-03-30', '2018-03-31');
insert into locacao (usuario, exemplar, retirada, entrega) values (83, 12001, '2018-04-29', '2018-04-30');
insert into locacao (usuario, exemplar, retirada, entrega) values (85, 12001, '2018-05-10', '2018-05-22');
insert into locacao (usuario, exemplar, retirada, entrega) values (26, 12001, '2018-06-27', '2018-07-10');
insert into locacao (usuario, exemplar, retirada, entrega) values (71, 12001, '2018-07-25', '2018-07-25');
insert into locacao (usuario, exemplar, retirada, entrega) values (20, 12001, '2018-08-17', '2018-08-29');
insert into locacao (usuario, exemplar, retirada, entrega) values (80, 12001, '2018-10-17', '2018-10-24');
insert into locacao (usuario, exemplar, retirada, entrega) values (90, 12001, '2019-01-07', '2019-01-15');
insert into locacao (usuario, exemplar, retirada, entrega) values (57, 12001, '2019-01-26', '2019-02-04');
insert into locacao (usuario, exemplar, retirada, entrega) values (31, 12001, '2019-02-21', '2019-02-28');
insert into locacao (usuario, exemplar, retirada, entrega) values (48, 12002, '2018-04-08', '2018-04-21');
insert into locacao (usuario, exemplar, retirada, entrega) values (96, 12002, '2018-06-07', '2018-06-18');
insert into locacao (usuario, exemplar, retirada, entrega) values (2, 12002, '2018-08-24', '2018-09-03');
insert into locacao (usuario, exemplar, retirada, entrega) values (72, 12002, '2018-09-25', '2018-10-05');
insert into locacao (usuario, exemplar, retirada, entrega) values (87, 12002, '2018-12-29', '2018-12-29');
insert into locacao (usuario, exemplar, retirada, entrega) values (87, 12002, '2019-02-23', '2019-03-01');
insert into locacao (usuario, exemplar, retirada, entrega) values (66, 12002, '2019-04-16', '2019-04-23');
insert into locacao (usuario, exemplar, retirada, entrega) values (65, 12003, '2018-03-29', '2018-04-02');
insert into locacao (usuario, exemplar, retirada, entrega) values (49, 12003, '2018-03-31', '2018-04-04');
insert into locacao (usuario, exemplar, retirada, entrega) values (63, 12003, '2018-06-03', '2018-06-09');
insert into locacao (usuario, exemplar, retirada, entrega) values (100, 12003, '2018-06-30', '2018-07-01');
insert into locacao (usuario, exemplar, retirada, entrega) values (12, 12003, '2018-09-12', '2018-09-24');
insert into locacao (usuario, exemplar, retirada, entrega) values (31, 12003, '2018-10-12', '2018-10-24');
insert into locacao (usuario, exemplar, retirada, entrega) values (64, 12003, '2018-12-02', '2018-12-11');
insert into locacao (usuario, exemplar, retirada, entrega) values (96, 12003, '2019-02-14', '2019-02-24');
insert into locacao (usuario, exemplar, retirada, entrega) values (92, 12003, '2019-04-30', '2019-05-01');
insert into locacao (usuario, exemplar, retirada, entrega) values (23, 12004, '2018-03-15', '2018-03-26');
insert into locacao (usuario, exemplar, retirada, entrega) values (49, 12004, '2018-04-16', '2018-04-29');
insert into locacao (usuario, exemplar, retirada, entrega) values (36, 12004, '2018-07-06', '2018-07-18');
insert into locacao (usuario, exemplar, retirada, entrega) values (18, 12004, '2018-07-14', '2018-07-19');
insert into locacao (usuario, exemplar, retirada, entrega) values (79, 12004, '2018-08-09', '2018-08-11');
insert into locacao (usuario, exemplar, retirada, entrega) values (71, 12004, '2018-08-30', '2018-09-01');
insert into locacao (usuario, exemplar, retirada, entrega) values (46, 12004, '2018-10-18', '2018-10-29');
insert into locacao (usuario, exemplar, retirada, entrega) values (16, 12004, '2019-01-11', '2019-01-12');
insert into locacao (usuario, exemplar, retirada, entrega) values (23, 12004, '2019-01-25', '2019-01-25');
insert into locacao (usuario, exemplar, retirada, entrega) values (55, 12004, '2019-04-29', '2019-05-07');
insert into locacao (usuario, exemplar, retirada, entrega) values (100, 12005, '2018-02-21', '2018-02-23');
insert into locacao (usuario, exemplar, retirada, entrega) values (37, 12005, '2018-05-22', '2018-05-29');
insert into locacao (usuario, exemplar, retirada, entrega) values (52, 12005, '2018-05-30', '2018-05-30');
insert into locacao (usuario, exemplar, retirada, entrega) values (25, 12005, '2018-07-11', '2018-07-18');
insert into locacao (usuario, exemplar, retirada, entrega) values (65, 12005, '2018-10-14', '2018-10-25');
insert into locacao (usuario, exemplar, retirada, entrega) values (75, 12005, '2019-01-20', '2019-01-21');
insert into locacao (usuario, exemplar, retirada, entrega) values (96, 12005, '2019-02-17', '2019-02-26');
insert into locacao (usuario, exemplar, retirada, entrega) values (56, 12005, '2019-03-31', '2019-04-05');
insert into locacao (usuario, exemplar, retirada, entrega) values (4, 13001, '2018-01-03', '2018-01-16');
insert into locacao (usuario, exemplar, retirada, entrega) values (94, 13001, '2018-02-28', '2018-03-06');
insert into locacao (usuario, exemplar, retirada, entrega) values (75, 13001, '2018-06-02', '2018-06-02');
insert into locacao (usuario, exemplar, retirada, entrega) values (73, 13001, '2018-06-23', '2018-06-25');
insert into locacao (usuario, exemplar, retirada, entrega) values (88, 13001, '2018-07-30', '2018-08-02');
insert into locacao (usuario, exemplar, retirada, entrega) values (79, 13001, '2018-09-05', '2018-09-09');
insert into locacao (usuario, exemplar, retirada, entrega) values (58, 13001, '2018-09-09', '2018-09-18');
insert into locacao (usuario, exemplar, retirada, entrega) values (29, 13001, '2018-11-03', '2018-11-12');
insert into locacao (usuario, exemplar, retirada, entrega) values (54, 13001, '2019-01-07', '2019-01-19');
insert into locacao (usuario, exemplar, retirada, entrega) values (1, 13001, '2019-04-06', '2019-04-19');
insert into locacao (usuario, exemplar, retirada, entrega) values (17, 13001, '2019-04-28', '2019-05-02');
insert into locacao (usuario, exemplar, retirada, entrega) values (90, 14001, '2018-02-05', '2018-02-07');
insert into locacao (usuario, exemplar, retirada, entrega) values (96, 14001, '2018-03-11', '2018-03-23');
insert into locacao (usuario, exemplar, retirada, entrega) values (2, 14001, '2018-03-11', '2018-03-14');
insert into locacao (usuario, exemplar, retirada, entrega) values (64, 14001, '2018-04-05', '2018-04-07');
insert into locacao (usuario, exemplar, retirada, entrega) values (25, 14001, '2018-04-09', '2018-04-17');
insert into locacao (usuario, exemplar, retirada, entrega) values (54, 14001, '2018-05-27', '2018-06-03');
insert into locacao (usuario, exemplar, retirada, entrega) values (24, 14001, '2018-06-28', '2018-07-08');
insert into locacao (usuario, exemplar, retirada, entrega) values (18, 14001, '2018-07-24', '2018-07-26');
insert into locacao (usuario, exemplar, retirada, entrega) values (17, 14001, '2018-08-05', '2018-08-17');
insert into locacao (usuario, exemplar, retirada, entrega) values (65, 14001, '2018-08-17', '2018-08-22');
insert into locacao (usuario, exemplar, retirada, entrega) values (36, 14001, '2018-10-08', '2018-10-10');
insert into locacao (usuario, exemplar, retirada, entrega) values (44, 14001, '2018-12-12', '2018-12-19');
insert into locacao (usuario, exemplar, retirada, entrega) values (46, 14001, '2019-01-30', '2019-02-09');
insert into locacao (usuario, exemplar, retirada, entrega) values (56, 14001, '2019-04-30', '2019-05-06');
insert into locacao (usuario, exemplar, retirada, entrega) values (37, 14002, '2018-03-19', '2018-03-27');
insert into locacao (usuario, exemplar, retirada, entrega) values (29, 14002, '2018-06-08', '2018-06-14');
insert into locacao (usuario, exemplar, retirada, entrega) values (58, 14002, '2018-09-11', '2018-09-23');
insert into locacao (usuario, exemplar, retirada, entrega) values (31, 14002, '2018-10-15', '2018-10-15');
insert into locacao (usuario, exemplar, retirada, entrega) values (19, 14002, '2018-11-06', '2018-11-11');
insert into locacao (usuario, exemplar, retirada, entrega) values (2, 14002, '2019-01-23', '2019-02-04');
insert into locacao (usuario, exemplar, retirada, entrega) values (5, 14002, '2019-01-29', '2019-01-29');
insert into locacao (usuario, exemplar, retirada, entrega) values (18, 14002, '2019-04-01', '2019-04-03');
insert into locacao (usuario, exemplar, retirada, entrega) values (16, 14003, '2018-01-10', '2018-01-23');
insert into locacao (usuario, exemplar, retirada, entrega) values (63, 14003, '2018-04-05', '2018-04-15');
insert into locacao (usuario, exemplar, retirada, entrega) values (95, 14003, '2018-06-28', '2018-06-28');
insert into locacao (usuario, exemplar, retirada, entrega) values (9, 14003, '2018-08-22', '2018-08-29');
insert into locacao (usuario, exemplar, retirada, entrega) values (51, 14003, '2018-11-05', '2018-11-13');
insert into locacao (usuario, exemplar, retirada, entrega) values (77, 14003, '2019-01-11', '2019-01-15');
insert into locacao (usuario, exemplar, retirada, entrega) values (50, 14003, '2019-03-10', '2019-03-21');
insert into locacao (usuario, exemplar, retirada, entrega) values (56, 14003, '2019-04-29', '2019-04-29');
insert into locacao (usuario, exemplar, retirada, entrega) values (61, 14004, '2018-02-15', '2018-02-27');
insert into locacao (usuario, exemplar, retirada, entrega) values (76, 14004, '2018-05-17', '2018-05-24');
insert into locacao (usuario, exemplar, retirada, entrega) values (93, 14004, '2018-06-06', '2018-06-08');
insert into locacao (usuario, exemplar, retirada, entrega) values (35, 14004, '2018-09-13', '2018-09-23');
insert into locacao (usuario, exemplar, retirada, entrega) values (33, 14004, '2018-10-04', '2018-10-07');
insert into locacao (usuario, exemplar, retirada, entrega) values (74, 14004, '2018-10-18', '2018-10-19');
insert into locacao (usuario, exemplar, retirada, entrega) values (81, 14004, '2018-12-22', '2018-12-26');
insert into locacao (usuario, exemplar, retirada, entrega) values (82, 14004, '2019-01-11', '2019-01-13');
insert into locacao (usuario, exemplar, retirada, entrega) values (45, 14004, '2019-04-12', '2019-04-25');
insert into locacao (usuario, exemplar, retirada, entrega) values (78, 14005, '2018-02-27', '2018-02-27');
insert into locacao (usuario, exemplar, retirada, entrega) values (100, 14005, '2018-05-11', '2018-05-15');
insert into locacao (usuario, exemplar, retirada, entrega) values (66, 14005, '2018-06-01', '2018-06-08');
insert into locacao (usuario, exemplar, retirada, entrega) values (1, 14005, '2018-07-19', '2018-07-29');
insert into locacao (usuario, exemplar, retirada, entrega) values (14, 14005, '2018-08-11', '2018-08-18');
insert into locacao (usuario, exemplar, retirada, entrega) values (26, 14005, '2018-10-07', '2018-10-13');
insert into locacao (usuario, exemplar, retirada, entrega) values (58, 14005, '2018-11-14', '2018-11-17');
insert into locacao (usuario, exemplar, retirada, entrega) values (3, 14005, '2018-12-12', '2018-12-13');
insert into locacao (usuario, exemplar, retirada, entrega) values (4, 14005, '2019-03-15', '2019-03-26');
insert into locacao (usuario, exemplar, retirada, entrega) values (95, 15001, '2018-02-05', '2018-02-16');
insert into locacao (usuario, exemplar, retirada, entrega) values (90, 15001, '2018-04-13', '2018-04-24');
insert into locacao (usuario, exemplar, retirada, entrega) values (42, 15001, '2018-05-10', '2018-05-15');
insert into locacao (usuario, exemplar, retirada, entrega) values (37, 15001, '2018-07-05', '2018-07-18');
insert into locacao (usuario, exemplar, retirada, entrega) values (56, 15001, '2018-08-25', '2018-09-01');
insert into locacao (usuario, exemplar, retirada, entrega) values (83, 15001, '2018-10-02', '2018-10-06');
insert into locacao (usuario, exemplar, retirada, entrega) values (96, 15001, '2018-11-22', '2018-11-23');
insert into locacao (usuario, exemplar, retirada, entrega) values (77, 15001, '2019-02-16', '2019-02-23');
insert into locacao (usuario, exemplar, retirada, entrega) values (89, 15002, '2018-01-06', '2018-01-11');
insert into locacao (usuario, exemplar, retirada, entrega) values (74, 15002, '2018-01-08', '2018-01-18');
insert into locacao (usuario, exemplar, retirada, entrega) values (38, 15002, '2018-01-19', '2018-01-24');
insert into locacao (usuario, exemplar, retirada, entrega) values (45, 15002, '2018-01-25', '2018-01-28');
insert into locacao (usuario, exemplar, retirada, entrega) values (83, 15002, '2018-02-14', '2018-02-20');
insert into locacao (usuario, exemplar, retirada, entrega) values (25, 15002, '2018-03-12', '2018-03-12');
insert into locacao (usuario, exemplar, retirada, entrega) values (39, 15002, '2018-05-25', '2018-06-01');
insert into locacao (usuario, exemplar, retirada, entrega) values (67, 15002, '2018-07-14', '2018-07-18');
insert into locacao (usuario, exemplar, retirada, entrega) values (2, 15002, '2018-09-01', '2018-09-12');
insert into locacao (usuario, exemplar, retirada, entrega) values (61, 15002, '2018-09-08', '2018-09-17');
insert into locacao (usuario, exemplar, retirada, entrega) values (15, 15002, '2018-09-30', '2018-10-01');
insert into locacao (usuario, exemplar, retirada, entrega) values (25, 15002, '2018-10-19', '2018-10-31');
insert into locacao (usuario, exemplar, retirada, entrega) values (62, 15002, '2018-11-19', '2018-12-01');
insert into locacao (usuario, exemplar, retirada, entrega) values (21, 15002, '2019-01-15', '2019-01-24');
insert into locacao (usuario, exemplar, retirada, entrega) values (1, 15002, '2019-01-28', '2019-02-04');
insert into locacao (usuario, exemplar, retirada, entrega) values (64, 15002, '2019-03-07', '2019-03-15');
insert into locacao (usuario, exemplar, retirada, entrega) values (46, 15002, '2019-04-18', '2019-04-22');
insert into locacao (usuario, exemplar, retirada, entrega) values (99, 16001, '2018-03-05', '2018-03-12');
insert into locacao (usuario, exemplar, retirada, entrega) values (100, 16001, '2018-06-02', '2018-06-11');
insert into locacao (usuario, exemplar, retirada, entrega) values (100, 16001, '2018-07-11', '2018-07-24');
insert into locacao (usuario, exemplar, retirada, entrega) values (16, 16001, '2018-07-13', '2018-07-16');
insert into locacao (usuario, exemplar, retirada, entrega) values (99, 16001, '2018-09-19', '2018-09-30');
insert into locacao (usuario, exemplar, retirada, entrega) values (100, 16001, '2018-09-27', '2018-10-04');
insert into locacao (usuario, exemplar, retirada, entrega) values (8, 16001, '2018-09-29', '2018-10-07');
insert into locacao (usuario, exemplar, retirada, entrega) values (80, 16001, '2018-11-16', '2018-11-29');
insert into locacao (usuario, exemplar, retirada, entrega) values (52, 16001, '2018-12-01', '2018-12-10');
insert into locacao (usuario, exemplar, retirada, entrega) values (13, 16001, '2018-12-15', '2018-12-18');
insert into locacao (usuario, exemplar, retirada, entrega) values (52, 16001, '2019-01-26', '2019-02-01');
insert into locacao (usuario, exemplar, retirada, entrega) values (21, 16001, '2019-03-22', '2019-04-02');
insert into locacao (usuario, exemplar, retirada, entrega) values (68, 16002, '2018-02-19', '2018-02-28');
insert into locacao (usuario, exemplar, retirada, entrega) values (28, 16002, '2018-03-16', '2018-03-19');
insert into locacao (usuario, exemplar, retirada, entrega) values (87, 16002, '2018-06-01', '2018-06-11');
insert into locacao (usuario, exemplar, retirada, entrega) values (86, 16002, '2018-07-25', '2018-08-05');
insert into locacao (usuario, exemplar, retirada, entrega) values (69, 16002, '2018-10-30', '2018-10-30');
insert into locacao (usuario, exemplar, retirada, entrega) values (58, 16002, '2018-12-10', '2018-12-15');
insert into locacao (usuario, exemplar, retirada, entrega) values (31, 16002, '2018-12-11', '2018-12-15');
insert into locacao (usuario, exemplar, retirada, entrega) values (48, 16002, '2018-12-28', '2019-01-07');
insert into locacao (usuario, exemplar, retirada, entrega) values (45, 16002, '2019-01-17', '2019-01-19');
insert into locacao (usuario, exemplar, retirada, entrega) values (38, 16002, '2019-03-17', '2019-03-17');
insert into locacao (usuario, exemplar, retirada, entrega) values (29, 16002, '2019-04-14', '2019-04-15');
insert into locacao (usuario, exemplar, retirada, entrega) values (39, 16003, '2018-01-03', '2018-01-16');
insert into locacao (usuario, exemplar, retirada, entrega) values (99, 16003, '2018-03-22', '2018-03-22');
insert into locacao (usuario, exemplar, retirada, entrega) values (94, 16003, '2018-05-29', '2018-06-11');
insert into locacao (usuario, exemplar, retirada, entrega) values (41, 16003, '2018-08-02', '2018-08-07');
insert into locacao (usuario, exemplar, retirada, entrega) values (37, 16003, '2018-10-07', '2018-10-14');
insert into locacao (usuario, exemplar, retirada, entrega) values (91, 16003, '2018-10-27', '2018-10-28');
insert into locacao (usuario, exemplar, retirada, entrega) values (24, 16003, '2018-12-25', '2019-01-01');
insert into locacao (usuario, exemplar, retirada, entrega) values (100, 16003, '2019-03-31', '2019-04-09');
insert into locacao (usuario, exemplar, retirada, entrega) values (25, 16004, '2018-03-06', '2018-03-13');
insert into locacao (usuario, exemplar, retirada, entrega) values (92, 16004, '2018-03-18', '2018-03-22');
insert into locacao (usuario, exemplar, retirada, entrega) values (10, 16004, '2018-04-15', '2018-04-24');
insert into locacao (usuario, exemplar, retirada, entrega) values (42, 16004, '2018-05-07', '2018-05-18');
insert into locacao (usuario, exemplar, retirada, entrega) values (85, 16004, '2018-05-14', '2018-05-16');
insert into locacao (usuario, exemplar, retirada, entrega) values (4, 16004, '2018-07-04', '2018-07-08');
insert into locacao (usuario, exemplar, retirada, entrega) values (68, 16004, '2018-09-04', '2018-09-16');
insert into locacao (usuario, exemplar, retirada, entrega) values (23, 16004, '2018-11-08', '2018-11-12');
insert into locacao (usuario, exemplar, retirada, entrega) values (24, 16004, '2018-12-09', '2018-12-18');
insert into locacao (usuario, exemplar, retirada, entrega) values (43, 16004, '2019-01-27', '2019-02-01');
insert into locacao (usuario, exemplar, retirada, entrega) values (79, 16004, '2019-03-11', '2019-03-14');
insert into locacao (usuario, exemplar, retirada, entrega) values (12, 16005, '2018-01-17', '2018-01-21');
insert into locacao (usuario, exemplar, retirada, entrega) values (10, 16005, '2018-03-08', '2018-03-20');
insert into locacao (usuario, exemplar, retirada, entrega) values (31, 16005, '2018-04-14', '2018-04-25');
insert into locacao (usuario, exemplar, retirada, entrega) values (70, 16005, '2018-06-11', '2018-06-20');
insert into locacao (usuario, exemplar, retirada, entrega) values (2, 16005, '2018-07-06', '2018-07-09');
insert into locacao (usuario, exemplar, retirada, entrega) values (75, 16005, '2018-08-29', '2018-09-03');
insert into locacao (usuario, exemplar, retirada, entrega) values (14, 16005, '2018-10-15', '2018-10-27');
insert into locacao (usuario, exemplar, retirada, entrega) values (58, 16005, '2019-01-14', '2019-01-24');
insert into locacao (usuario, exemplar, retirada, entrega) values (13, 16005, '2019-01-28', '2019-02-04');
insert into locacao (usuario, exemplar, retirada, entrega) values (20, 16005, '2019-02-13', '2019-02-13');
insert into locacao (usuario, exemplar, retirada, entrega) values (96, 17001, '2018-02-22', '2018-02-24');
insert into locacao (usuario, exemplar, retirada, entrega) values (11, 17001, '2018-05-26', '2018-06-08');
insert into locacao (usuario, exemplar, retirada, entrega) values (87, 17001, '2018-07-01', '2018-07-01');
insert into locacao (usuario, exemplar, retirada, entrega) values (24, 17001, '2018-07-03', '2018-07-09');
insert into locacao (usuario, exemplar, retirada, entrega) values (1, 17001, '2018-07-16', '2018-07-20');
insert into locacao (usuario, exemplar, retirada, entrega) values (74, 17001, '2018-07-19', '2018-07-23');
insert into locacao (usuario, exemplar, retirada, entrega) values (79, 17001, '2018-08-22', '2018-08-25');
insert into locacao (usuario, exemplar, retirada, entrega) values (35, 17001, '2018-10-23', '2018-10-30');
insert into locacao (usuario, exemplar, retirada, entrega) values (86, 17001, '2018-11-26', '2018-12-06');
insert into locacao (usuario, exemplar, retirada, entrega) values (55, 17001, '2019-01-01', '2019-01-04');
insert into locacao (usuario, exemplar, retirada, entrega) values (67, 17001, '2019-03-22', '2019-03-26');
insert into locacao (usuario, exemplar, retirada, entrega) values (5, 17001, '2019-03-23', '2019-03-26');
insert into locacao (usuario, exemplar, retirada, entrega) values (19, 17002, '2018-04-09', '2018-04-11');
insert into locacao (usuario, exemplar, retirada, entrega) values (80, 17002, '2018-05-29', '2018-06-09');
insert into locacao (usuario, exemplar, retirada, entrega) values (93, 17002, '2018-06-23', '2018-06-24');
insert into locacao (usuario, exemplar, retirada, entrega) values (47, 17002, '2018-09-17', '2018-09-29');
insert into locacao (usuario, exemplar, retirada, entrega) values (41, 17002, '2018-12-07', '2018-12-13');
insert into locacao (usuario, exemplar, retirada, entrega) values (58, 17002, '2018-12-18', '2018-12-21');
insert into locacao (usuario, exemplar, retirada, entrega) values (87, 17002, '2019-02-28', '2019-03-04');
insert into locacao (usuario, exemplar, retirada, entrega) values (44, 17002, '2019-04-15', '2019-04-24');
insert into locacao (usuario, exemplar, retirada, entrega) values (91, 17003, '2018-02-16', '2018-03-01');
insert into locacao (usuario, exemplar, retirada, entrega) values (11, 17003, '2018-03-01', '2018-03-02');
insert into locacao (usuario, exemplar, retirada, entrega) values (39, 17003, '2018-03-29', '2018-04-11');
insert into locacao (usuario, exemplar, retirada, entrega) values (98, 17003, '2018-05-04', '2018-05-17');
insert into locacao (usuario, exemplar, retirada, entrega) values (15, 17003, '2018-07-22', '2018-07-30');
insert into locacao (usuario, exemplar, retirada, entrega) values (39, 17003, '2018-09-01', '2018-09-08');
insert into locacao (usuario, exemplar, retirada, entrega) values (80, 17003, '2018-09-10', '2018-09-10');
insert into locacao (usuario, exemplar, retirada, entrega) values (37, 17003, '2018-11-16', '2018-11-22');
insert into locacao (usuario, exemplar, retirada, entrega) values (67, 17003, '2019-01-26', '2019-02-06');
insert into locacao (usuario, exemplar, retirada, entrega) values (54, 17003, '2019-04-20', '2019-04-22');
insert into locacao (usuario, exemplar, retirada, entrega) values (93, 18001, '2018-01-29', '2018-02-06');
insert into locacao (usuario, exemplar, retirada, entrega) values (15, 18001, '2018-04-11', '2018-04-23');
insert into locacao (usuario, exemplar, retirada, entrega) values (72, 18001, '2018-06-05', '2018-06-18');
insert into locacao (usuario, exemplar, retirada, entrega) values (28, 18001, '2018-07-12', '2018-07-15');
insert into locacao (usuario, exemplar, retirada, entrega) values (98, 18001, '2018-09-01', '2018-09-07');
insert into locacao (usuario, exemplar, retirada, entrega) values (100, 18001, '2018-11-05', '2018-11-11');
insert into locacao (usuario, exemplar, retirada, entrega) values (16, 18001, '2018-12-31', '2019-01-07');
insert into locacao (usuario, exemplar, retirada, entrega) values (78, 18001, '2019-02-10', '2019-02-21');
insert into locacao (usuario, exemplar, retirada, entrega) values (81, 18001, '2019-04-21', '2019-04-21');
insert into locacao (usuario, exemplar, retirada, entrega) values (82, 18002, '2018-03-02', '2018-03-13');
insert into locacao (usuario, exemplar, retirada, entrega) values (83, 18002, '2018-04-03', '2018-04-08');
insert into locacao (usuario, exemplar, retirada, entrega) values (95, 18002, '2018-04-09', '2018-04-21');
insert into locacao (usuario, exemplar, retirada, entrega) values (92, 18002, '2018-05-29', '2018-05-31');
insert into locacao (usuario, exemplar, retirada, entrega) values (94, 18002, '2018-07-14', '2018-07-20');
insert into locacao (usuario, exemplar, retirada, entrega) values (80, 18002, '2018-09-20', '2018-10-03');
insert into locacao (usuario, exemplar, retirada, entrega) values (89, 18002, '2018-10-05', '2018-10-09');
insert into locacao (usuario, exemplar, retirada, entrega) values (84, 18002, '2018-11-30', '2018-12-11');
insert into locacao (usuario, exemplar, retirada, entrega) values (4, 18002, '2019-03-04', '2019-03-05');
insert into locacao (usuario, exemplar, retirada, entrega) values (90, 18003, '2018-03-27', '2018-04-09');
insert into locacao (usuario, exemplar, retirada, entrega) values (40, 18003, '2018-03-27', '2018-04-08');
insert into locacao (usuario, exemplar, retirada, entrega) values (31, 18003, '2018-06-11', '2018-06-13');
insert into locacao (usuario, exemplar, retirada, entrega) values (1, 18003, '2018-06-16', '2018-06-18');
insert into locacao (usuario, exemplar, retirada, entrega) values (32, 18003, '2018-08-06', '2018-08-09');
insert into locacao (usuario, exemplar, retirada, entrega) values (38, 18003, '2018-10-28', '2018-11-08');
insert into locacao (usuario, exemplar, retirada, entrega) values (8, 18003, '2019-01-20', '2019-02-02');
insert into locacao (usuario, exemplar, retirada, entrega) values (30, 18003, '2019-03-01', '2019-03-05');
insert into locacao (usuario, exemplar, retirada, entrega) values (92, 18003, '2019-03-17', '2019-03-23');
insert into locacao (usuario, exemplar, retirada, entrega) values (87, 18004, '2018-01-28', '2018-02-09');
insert into locacao (usuario, exemplar, retirada, entrega) values (46, 18004, '2018-02-02', '2018-02-12');
insert into locacao (usuario, exemplar, retirada, entrega) values (4, 18004, '2018-02-17', '2018-02-21');
insert into locacao (usuario, exemplar, retirada, entrega) values (97, 18004, '2018-04-13', '2018-04-17');
insert into locacao (usuario, exemplar, retirada, entrega) values (25, 18004, '2018-05-05', '2018-05-18');
insert into locacao (usuario, exemplar, retirada, entrega) values (9, 18004, '2018-06-28', '2018-07-08');
insert into locacao (usuario, exemplar, retirada, entrega) values (82, 18004, '2018-08-29', '2018-08-30');
insert into locacao (usuario, exemplar, retirada, entrega) values (59, 18004, '2018-10-14', '2018-10-14');
insert into locacao (usuario, exemplar, retirada, entrega) values (91, 18004, '2018-11-26', '2018-11-29');
insert into locacao (usuario, exemplar, retirada, entrega) values (7, 18004, '2019-03-04', '2019-03-04');
insert into locacao (usuario, exemplar, retirada, entrega) values (17, 18004, '2019-03-14', '2019-03-17');
insert into locacao (usuario, exemplar, retirada, entrega) values (33, 18004, '2019-04-24', '2019-05-05');
insert into locacao (usuario, exemplar, retirada, entrega) values (44, 18004, '2019-04-28', '2019-04-30');
insert into locacao (usuario, exemplar, retirada, entrega) values (87, 19001, '2018-02-03', '2018-02-06');
insert into locacao (usuario, exemplar, retirada, entrega) values (6, 19001, '2018-03-02', '2018-03-13');
insert into locacao (usuario, exemplar, retirada, entrega) values (53, 19001, '2018-04-28', '2018-05-10');
insert into locacao (usuario, exemplar, retirada, entrega) values (3, 19001, '2018-05-06', '2018-05-18');
insert into locacao (usuario, exemplar, retirada, entrega) values (98, 19001, '2018-07-21', '2018-07-22');
insert into locacao (usuario, exemplar, retirada, entrega) values (51, 19001, '2018-10-11', '2018-10-16');
insert into locacao (usuario, exemplar, retirada, entrega) values (49, 19001, '2018-10-13', '2018-10-22');
insert into locacao (usuario, exemplar, retirada, entrega) values (50, 19001, '2019-01-16', '2019-01-24');
insert into locacao (usuario, exemplar, retirada, entrega) values (23, 19001, '2019-04-23', '2019-04-28');
insert into locacao (usuario, exemplar, retirada, entrega) values (25, 19002, '2018-01-08', '2018-01-14');
insert into locacao (usuario, exemplar, retirada, entrega) values (29, 19002, '2018-02-25', '2018-03-01');
insert into locacao (usuario, exemplar, retirada, entrega) values (70, 19002, '2018-04-21', '2018-05-02');
insert into locacao (usuario, exemplar, retirada, entrega) values (10, 19002, '2018-06-28', '2018-07-09');
insert into locacao (usuario, exemplar, retirada, entrega) values (27, 19002, '2018-09-28', '2018-10-10');
insert into locacao (usuario, exemplar, retirada, entrega) values (44, 19002, '2018-12-12', '2018-12-12');
insert into locacao (usuario, exemplar, retirada, entrega) values (83, 19002, '2019-02-10', '2019-02-23');
insert into locacao (usuario, exemplar, retirada, entrega) values (14, 19002, '2019-02-13', '2019-02-20');
insert into locacao (usuario, exemplar, retirada, entrega) values (3, 19002, '2019-03-08', '2019-03-08');
insert into locacao (usuario, exemplar, retirada, entrega) values (24, 19003, '2018-02-11', '2018-02-11');
insert into locacao (usuario, exemplar, retirada, entrega) values (47, 19003, '2018-02-23', '2018-02-23');
insert into locacao (usuario, exemplar, retirada, entrega) values (80, 19003, '2018-04-12', '2018-04-19');
insert into locacao (usuario, exemplar, retirada, entrega) values (52, 19003, '2018-05-17', '2018-05-20');
insert into locacao (usuario, exemplar, retirada, entrega) values (80, 19003, '2018-08-18', '2018-08-20');
insert into locacao (usuario, exemplar, retirada, entrega) values (68, 19003, '2018-10-09', '2018-10-19');
insert into locacao (usuario, exemplar, retirada, entrega) values (65, 19003, '2019-01-16', '2019-01-27');
insert into locacao (usuario, exemplar, retirada, entrega) values (28, 19003, '2019-03-30', '2019-04-06');
insert into locacao (usuario, exemplar, retirada, entrega) values (92, 19003, '2019-04-09', '2019-04-16');
insert into locacao (usuario, exemplar, retirada, entrega) values (7, 19004, '2018-02-03', '2018-02-04');
insert into locacao (usuario, exemplar, retirada, entrega) values (2, 19004, '2018-03-23', '2018-03-24');
insert into locacao (usuario, exemplar, retirada, entrega) values (71, 19004, '2018-05-17', '2018-05-30');
insert into locacao (usuario, exemplar, retirada, entrega) values (58, 19004, '2018-08-07', '2018-08-10');
insert into locacao (usuario, exemplar, retirada, entrega) values (74, 19004, '2018-11-09', '2018-11-16');
insert into locacao (usuario, exemplar, retirada, entrega) values (79, 19004, '2019-01-09', '2019-01-13');
insert into locacao (usuario, exemplar, retirada, entrega) values (81, 19004, '2019-01-16', '2019-01-17');
insert into locacao (usuario, exemplar, retirada, entrega) values (85, 19004, '2019-02-01', '2019-02-13');
insert into locacao (usuario, exemplar, retirada, entrega) values (18, 19004, '2019-03-12', '2019-03-13');
insert into locacao (usuario, exemplar, retirada, entrega) values (12, 19004, '2019-04-27', '2019-04-29');
insert into locacao (usuario, exemplar, retirada, entrega) values (93, 19005, '2018-02-24', '2018-03-01');
insert into locacao (usuario, exemplar, retirada, entrega) values (79, 19005, '2018-06-02', '2018-06-06');
insert into locacao (usuario, exemplar, retirada, entrega) values (88, 19005, '2018-08-31', '2018-09-05');
insert into locacao (usuario, exemplar, retirada, entrega) values (34, 19005, '2018-11-12', '2018-11-16');
insert into locacao (usuario, exemplar, retirada, entrega) values (30, 19005, '2018-12-03', '2018-12-07');
insert into locacao (usuario, exemplar, retirada, entrega) values (60, 19005, '2018-12-03', '2018-12-09');
insert into locacao (usuario, exemplar, retirada, entrega) values (55, 19005, '2018-12-08', '2018-12-12');
insert into locacao (usuario, exemplar, retirada, entrega) values (9, 19005, '2018-12-29', '2019-01-08');
insert into locacao (usuario, exemplar, retirada, entrega) values (45, 19005, '2019-03-02', '2019-03-04');
insert into locacao (usuario, exemplar, retirada, entrega) values (11, 20001, '2018-03-09', '2018-03-13');
insert into locacao (usuario, exemplar, retirada, entrega) values (73, 20001, '2018-04-24', '2018-04-24');
insert into locacao (usuario, exemplar, retirada, entrega) values (87, 20001, '2018-06-14', '2018-06-27');
insert into locacao (usuario, exemplar, retirada, entrega) values (15, 20001, '2018-07-24', '2018-07-28');
insert into locacao (usuario, exemplar, retirada, entrega) values (30, 20001, '2018-07-28', '2018-08-07');
insert into locacao (usuario, exemplar, retirada, entrega) values (46, 20001, '2018-09-08', '2018-09-18');
insert into locacao (usuario, exemplar, retirada, entrega) values (59, 20001, '2018-11-09', '2018-11-20');
insert into locacao (usuario, exemplar, retirada, entrega) values (75, 20001, '2018-12-15', '2018-12-20');
insert into locacao (usuario, exemplar, retirada, entrega) values (54, 20001, '2019-02-16', '2019-02-22');
insert into locacao (usuario, exemplar, retirada, entrega) values (59, 20001, '2019-03-15', '2019-03-25');
insert into locacao (usuario, exemplar, retirada, entrega) values (90, 20002, '2018-04-08', '2018-04-16');
insert into locacao (usuario, exemplar, retirada, entrega) values (48, 20002, '2018-05-06', '2018-05-09');
insert into locacao (usuario, exemplar, retirada, entrega) values (20, 20002, '2018-07-09', '2018-07-18');
insert into locacao (usuario, exemplar, retirada, entrega) values (85, 20002, '2018-09-18', '2018-09-24');
insert into locacao (usuario, exemplar, retirada, entrega) values (70, 20002, '2018-10-09', '2018-10-19');
insert into locacao (usuario, exemplar, retirada, entrega) values (56, 20002, '2018-12-01', '2018-12-11');
insert into locacao (usuario, exemplar, retirada, entrega) values (21, 20002, '2019-01-07', '2019-01-11');
insert into locacao (usuario, exemplar, retirada, entrega) values (51, 20002, '2019-04-04', '2019-04-11');
insert into locacao (usuario, exemplar, retirada, entrega) values (4, 20002, '2019-04-28', '2019-04-29');
insert into locacao (usuario, exemplar, retirada, entrega) values (56, 20003, '2018-01-19', '2018-01-28');
insert into locacao (usuario, exemplar, retirada, entrega) values (58, 20003, '2018-03-03', '2018-03-08');
insert into locacao (usuario, exemplar, retirada, entrega) values (82, 20003, '2018-05-04', '2018-05-17');
insert into locacao (usuario, exemplar, retirada, entrega) values (7, 20003, '2018-07-20', '2018-07-31');
insert into locacao (usuario, exemplar, retirada, entrega) values (41, 20003, '2018-10-09', '2018-10-15');
insert into locacao (usuario, exemplar, retirada, entrega) values (56, 20003, '2018-10-30', '2018-11-11');
insert into locacao (usuario, exemplar, retirada, entrega) values (23, 20003, '2018-12-02', '2018-12-13');
insert into locacao (usuario, exemplar, retirada, entrega) values (79, 20003, '2018-12-19', '2018-12-31');
insert into locacao (usuario, exemplar, retirada, entrega) values (49, 20003, '2019-02-25', '2019-03-07');
insert into locacao (usuario, exemplar, retirada, entrega) values (33, 21001, '2018-03-09', '2018-03-09');
insert into locacao (usuario, exemplar, retirada, entrega) values (32, 21001, '2018-05-15', '2018-05-21');
insert into locacao (usuario, exemplar, retirada, entrega) values (6, 21001, '2018-07-30', '2018-08-04');
insert into locacao (usuario, exemplar, retirada, entrega) values (22, 21001, '2018-08-26', '2018-09-03');
insert into locacao (usuario, exemplar, retirada, entrega) values (55, 21001, '2018-10-08', '2018-10-08');
insert into locacao (usuario, exemplar, retirada, entrega) values (75, 21001, '2019-01-11', '2019-01-11');
insert into locacao (usuario, exemplar, retirada, entrega) values (5, 21001, '2019-04-05', '2019-04-12');
insert into locacao (usuario, exemplar, retirada, entrega) values (26, 21002, '2018-04-06', '2018-04-14');
insert into locacao (usuario, exemplar, retirada, entrega) values (74, 21002, '2018-07-03', '2018-07-03');
insert into locacao (usuario, exemplar, retirada, entrega) values (93, 21002, '2018-08-19', '2018-08-27');
insert into locacao (usuario, exemplar, retirada, entrega) values (7, 21002, '2018-11-18', '2018-11-24');
insert into locacao (usuario, exemplar, retirada, entrega) values (3, 21002, '2019-01-06', '2019-01-14');
insert into locacao (usuario, exemplar, retirada, entrega) values (73, 21002, '2019-01-29', '2019-02-02');
insert into locacao (usuario, exemplar, retirada, entrega) values (63, 21002, '2019-04-20', '2019-04-21');
insert into locacao (usuario, exemplar, retirada, entrega) values (19, 21003, '2018-03-19', '2018-03-28');
insert into locacao (usuario, exemplar, retirada, entrega) values (66, 21003, '2018-06-18', '2018-06-25');
insert into locacao (usuario, exemplar, retirada, entrega) values (44, 21003, '2018-08-25', '2018-08-27');
insert into locacao (usuario, exemplar, retirada, entrega) values (83, 21003, '2018-08-28', '2018-09-03');
insert into locacao (usuario, exemplar, retirada, entrega) values (96, 21003, '2018-09-25', '2018-10-02');
insert into locacao (usuario, exemplar, retirada, entrega) values (54, 21003, '2018-12-31', '2019-01-10');
insert into locacao (usuario, exemplar, retirada, entrega) values (24, 21003, '2019-02-24', '2019-02-26');
insert into locacao (usuario, exemplar, retirada, entrega) values (34, 21003, '2019-04-20', '2019-04-26');
insert into locacao (usuario, exemplar, retirada, entrega) values (83, 22001, '2018-02-17', '2018-02-23');
insert into locacao (usuario, exemplar, retirada, entrega) values (11, 22001, '2018-05-23', '2018-06-02');
insert into locacao (usuario, exemplar, retirada, entrega) values (54, 22001, '2018-06-05', '2018-06-10');
insert into locacao (usuario, exemplar, retirada, entrega) values (47, 22001, '2018-07-26', '2018-08-02');
insert into locacao (usuario, exemplar, retirada, entrega) values (75, 22001, '2018-10-06', '2018-10-17');
insert into locacao (usuario, exemplar, retirada, entrega) values (74, 22001, '2019-01-10', '2019-01-23');
insert into locacao (usuario, exemplar, retirada, entrega) values (86, 22001, '2019-03-23', '2019-03-25');
insert into locacao (usuario, exemplar, retirada, entrega) values (98, 22002, '2018-02-10', '2018-02-20');
insert into locacao (usuario, exemplar, retirada, entrega) values (55, 22002, '2018-02-15', '2018-02-27');
insert into locacao (usuario, exemplar, retirada, entrega) values (4, 22002, '2018-02-17', '2018-02-20');
insert into locacao (usuario, exemplar, retirada, entrega) values (22, 22002, '2018-04-25', '2018-04-27');
insert into locacao (usuario, exemplar, retirada, entrega) values (84, 22002, '2018-06-17', '2018-06-19');
insert into locacao (usuario, exemplar, retirada, entrega) values (40, 22002, '2018-07-07', '2018-07-19');
insert into locacao (usuario, exemplar, retirada, entrega) values (34, 22002, '2018-08-22', '2018-08-27');
insert into locacao (usuario, exemplar, retirada, entrega) values (43, 22002, '2018-10-06', '2018-10-10');
insert into locacao (usuario, exemplar, retirada, entrega) values (84, 22002, '2018-12-25', '2018-12-28');
insert into locacao (usuario, exemplar, retirada, entrega) values (45, 22002, '2019-02-08', '2019-02-21');
insert into locacao (usuario, exemplar, retirada, entrega) values (81, 22002, '2019-02-10', '2019-02-15');
insert into locacao (usuario, exemplar, retirada, entrega) values (24, 22002, '2019-02-12', '2019-02-21');
insert into locacao (usuario, exemplar, retirada, entrega) values (91, 22003, '2018-04-09', '2018-04-22');
insert into locacao (usuario, exemplar, retirada, entrega) values (48, 22003, '2018-07-02', '2018-07-06');
insert into locacao (usuario, exemplar, retirada, entrega) values (62, 22003, '2018-07-12', '2018-07-24');
insert into locacao (usuario, exemplar, retirada, entrega) values (94, 22003, '2018-10-05', '2018-10-08');
insert into locacao (usuario, exemplar, retirada, entrega) values (60, 22003, '2018-11-26', '2018-12-01');
insert into locacao (usuario, exemplar, retirada, entrega) values (58, 22003, '2019-01-09', '2019-01-13');
insert into locacao (usuario, exemplar, retirada, entrega) values (86, 22003, '2019-03-11', '2019-03-19');
insert into locacao (usuario, exemplar, retirada, entrega) values (5, 22003, '2019-04-23', '2019-04-24');
insert into locacao (usuario, exemplar, retirada, entrega) values (6, 22004, '2018-01-21', '2018-01-30');
insert into locacao (usuario, exemplar, retirada, entrega) values (100, 22004, '2018-03-22', '2018-04-01');
insert into locacao (usuario, exemplar, retirada, entrega) values (98, 22004, '2018-04-14', '2018-04-21');
insert into locacao (usuario, exemplar, retirada, entrega) values (10, 22004, '2018-05-05', '2018-05-11');
insert into locacao (usuario, exemplar, retirada, entrega) values (28, 22004, '2018-05-20', '2018-05-28');
insert into locacao (usuario, exemplar, retirada, entrega) values (86, 22004, '2018-07-14', '2018-07-20');
insert into locacao (usuario, exemplar, retirada, entrega) values (30, 22004, '2018-10-04', '2018-10-11');
insert into locacao (usuario, exemplar, retirada, entrega) values (22, 22004, '2018-12-14', '2018-12-15');
insert into locacao (usuario, exemplar, retirada, entrega) values (20, 22004, '2019-01-14', '2019-01-15');
insert into locacao (usuario, exemplar, retirada, entrega) values (45, 22004, '2019-02-05', '2019-02-14');
insert into locacao (usuario, exemplar, retirada, entrega) values (3, 22004, '2019-02-22', '2019-03-06');
insert into locacao (usuario, exemplar, retirada, entrega) values (92, 22004, '2019-04-04', '2019-04-08');
insert into locacao (usuario, exemplar, retirada, entrega) values (3, 23001, '2018-01-11', '2018-01-15');
insert into locacao (usuario, exemplar, retirada, entrega) values (90, 23001, '2018-03-11', '2018-03-18');
insert into locacao (usuario, exemplar, retirada, entrega) values (11, 23001, '2018-05-31', '2018-06-09');
insert into locacao (usuario, exemplar, retirada, entrega) values (27, 23001, '2018-08-19', '2018-08-20');
insert into locacao (usuario, exemplar, retirada, entrega) values (10, 23001, '2018-09-10', '2018-09-20');
insert into locacao (usuario, exemplar, retirada, entrega) values (2, 23001, '2018-10-30', '2018-11-11');
insert into locacao (usuario, exemplar, retirada, entrega) values (51, 23001, '2018-12-18', '2018-12-18');
insert into locacao (usuario, exemplar, retirada, entrega) values (30, 23001, '2018-12-31', '2019-01-05');
insert into locacao (usuario, exemplar, retirada, entrega) values (40, 23001, '2019-03-13', '2019-03-16');
insert into locacao (usuario, exemplar, retirada, entrega) values (1, 23001, '2019-04-06', '2019-04-16');
insert into locacao (usuario, exemplar, retirada, entrega) values (57, 23001, '2019-04-07', '2019-04-07');
insert into locacao (usuario, exemplar, retirada, entrega) values (7, 23002, '2018-02-18', '2018-02-19');
insert into locacao (usuario, exemplar, retirada, entrega) values (13, 23002, '2018-05-09', '2018-05-16');
insert into locacao (usuario, exemplar, retirada, entrega) values (39, 23002, '2018-08-03', '2018-08-03');
insert into locacao (usuario, exemplar, retirada, entrega) values (75, 23002, '2018-10-16', '2018-10-23');
insert into locacao (usuario, exemplar, retirada, entrega) values (50, 23002, '2018-12-22', '2018-12-26');
insert into locacao (usuario, exemplar, retirada, entrega) values (2, 23002, '2019-02-19', '2019-02-25');
insert into locacao (usuario, exemplar, retirada, entrega) values (7, 23002, '2019-03-22', '2019-03-29');
insert into locacao (usuario, exemplar, retirada, entrega) values (70, 24001, '2018-03-28', '2018-03-29');
insert into locacao (usuario, exemplar, retirada, entrega) values (54, 24001, '2018-07-05', '2018-07-18');
insert into locacao (usuario, exemplar, retirada, entrega) values (75, 24001, '2018-09-25', '2018-10-08');
insert into locacao (usuario, exemplar, retirada, entrega) values (19, 24001, '2018-12-05', '2018-12-11');
insert into locacao (usuario, exemplar, retirada, entrega) values (60, 24001, '2018-12-28', '2018-12-31');
insert into locacao (usuario, exemplar, retirada, entrega) values (96, 24001, '2019-03-23', '2019-04-05');
insert into locacao (usuario, exemplar, retirada, entrega) values (98, 24001, '2019-04-03', '2019-04-10');
insert into locacao (usuario, exemplar, retirada, entrega) values (76, 24001, '2019-04-15', '2019-04-28');
insert into locacao (usuario, exemplar, retirada, entrega) values (32, 24001, '2019-04-21', '2019-04-29');
insert into locacao (usuario, exemplar, retirada, entrega) values (8, 24002, '2018-02-03', '2018-02-11');
insert into locacao (usuario, exemplar, retirada, entrega) values (82, 24002, '2018-02-11', '2018-02-21');
insert into locacao (usuario, exemplar, retirada, entrega) values (64, 24002, '2018-05-03', '2018-05-08');
insert into locacao (usuario, exemplar, retirada, entrega) values (96, 24002, '2018-07-28', '2018-07-28');
insert into locacao (usuario, exemplar, retirada, entrega) values (42, 24002, '2018-08-14', '2018-08-16');
insert into locacao (usuario, exemplar, retirada, entrega) values (57, 24002, '2018-11-10', '2018-11-12');
insert into locacao (usuario, exemplar, retirada, entrega) values (81, 24002, '2018-11-25', '2018-12-03');
insert into locacao (usuario, exemplar, retirada, entrega) values (77, 24002, '2019-01-27', '2019-01-27');
insert into locacao (usuario, exemplar, retirada, entrega) values (51, 24002, '2019-04-19', '2019-04-22');
insert into locacao (usuario, exemplar, retirada, entrega) values (15, 25001, '2018-01-21', '2018-01-24');
insert into locacao (usuario, exemplar, retirada, entrega) values (82, 25001, '2018-03-18', '2018-03-19');
insert into locacao (usuario, exemplar, retirada, entrega) values (6, 25001, '2018-05-22', '2018-05-24');
insert into locacao (usuario, exemplar, retirada, entrega) values (35, 25001, '2018-07-18', '2018-07-31');
insert into locacao (usuario, exemplar, retirada, entrega) values (11, 25001, '2018-07-27', '2018-07-29');
insert into locacao (usuario, exemplar, retirada, entrega) values (43, 25001, '2018-10-12', '2018-10-18');
insert into locacao (usuario, exemplar, retirada, entrega) values (16, 25001, '2018-12-04', '2018-12-05');
insert into locacao (usuario, exemplar, retirada, entrega) values (12, 25001, '2018-12-21', '2018-12-26');
insert into locacao (usuario, exemplar, retirada, entrega) values (49, 25001, '2019-03-28', '2019-04-09');
insert into locacao (usuario, exemplar, retirada, entrega) values (99, 25001, '2019-04-13', '2019-04-13');
insert into locacao (usuario, exemplar, retirada, entrega) values (4, 25001, '2019-04-18', '2019-04-21');
insert into locacao (usuario, exemplar, retirada, entrega) values (12, 25002, '2018-03-18', '2018-03-25');
insert into locacao (usuario, exemplar, retirada, entrega) values (18, 25002, '2018-06-04', '2018-06-06');
insert into locacao (usuario, exemplar, retirada, entrega) values (86, 25002, '2018-07-16', '2018-07-26');
insert into locacao (usuario, exemplar, retirada, entrega) values (37, 25002, '2018-09-09', '2018-09-22');
insert into locacao (usuario, exemplar, retirada, entrega) values (28, 25002, '2018-12-03', '2018-12-03');
insert into locacao (usuario, exemplar, retirada, entrega) values (18, 25002, '2019-02-24', '2019-03-01');
insert into locacao (usuario, exemplar, retirada, entrega) values (68, 25003, '2018-03-03', '2018-03-13');
insert into locacao (usuario, exemplar, retirada, entrega) values (31, 25003, '2018-03-05', '2018-03-15');
insert into locacao (usuario, exemplar, retirada, entrega) values (99, 25003, '2018-04-20', '2018-05-01');
insert into locacao (usuario, exemplar, retirada, entrega) values (72, 25003, '2018-06-21', '2018-07-03');
insert into locacao (usuario, exemplar, retirada, entrega) values (81, 25003, '2018-09-14', '2018-09-15');
insert into locacao (usuario, exemplar, retirada, entrega) values (4, 25003, '2018-10-11', '2018-10-19');
insert into locacao (usuario, exemplar, retirada, entrega) values (18, 25003, '2018-10-11', '2018-10-21');
insert into locacao (usuario, exemplar, retirada, entrega) values (93, 25003, '2018-12-13', '2018-12-22');
insert into locacao (usuario, exemplar, retirada, entrega) values (91, 25003, '2019-01-01', '2019-01-14');
insert into locacao (usuario, exemplar, retirada, entrega) values (33, 25003, '2019-04-04', '2019-04-14');
insert into locacao (usuario, exemplar, retirada, entrega) values (70, 25003, '2019-04-23', '2019-04-23');
insert into locacao (usuario, exemplar, retirada, entrega) values (43, 25004, '2018-02-15', '2018-02-16');
insert into locacao (usuario, exemplar, retirada, entrega) values (37, 25004, '2018-05-02', '2018-05-06');
insert into locacao (usuario, exemplar, retirada, entrega) values (6, 25004, '2018-07-18', '2018-07-26');
insert into locacao (usuario, exemplar, retirada, entrega) values (55, 25004, '2018-09-23', '2018-09-23');
insert into locacao (usuario, exemplar, retirada, entrega) values (49, 25004, '2018-12-24', '2018-12-28');
insert into locacao (usuario, exemplar, retirada, entrega) values (93, 25004, '2019-02-09', '2019-02-22');
insert into locacao (usuario, exemplar, retirada, entrega) values (94, 25004, '2019-02-20', '2019-02-27');
insert into locacao (usuario, exemplar, retirada, entrega) values (43, 25004, '2019-03-28', '2019-04-04');
insert into locacao (usuario, exemplar, retirada, entrega) values (93, 25005, '2018-02-22', '2018-02-27');
insert into locacao (usuario, exemplar, retirada, entrega) values (60, 25005, '2018-03-19', '2018-03-23');
insert into locacao (usuario, exemplar, retirada, entrega) values (55, 25005, '2018-06-19', '2018-06-21');
insert into locacao (usuario, exemplar, retirada, entrega) values (44, 25005, '2018-06-30', '2018-07-11');
insert into locacao (usuario, exemplar, retirada, entrega) values (1, 25005, '2018-08-09', '2018-08-11');
insert into locacao (usuario, exemplar, retirada, entrega) values (21, 25005, '2018-09-05', '2018-09-18');
insert into locacao (usuario, exemplar, retirada, entrega) values (75, 25005, '2018-09-12', '2018-09-21');
insert into locacao (usuario, exemplar, retirada, entrega) values (21, 25005, '2018-12-06', '2018-12-16');
insert into locacao (usuario, exemplar, retirada, entrega) values (99, 25005, '2019-01-28', '2019-02-01');
insert into locacao (usuario, exemplar, retirada, entrega) values (80, 25005, '2019-02-15', '2019-02-23');
insert into locacao (usuario, exemplar, retirada, entrega) values (51, 26001, '2018-01-01', '2018-01-12');
insert into locacao (usuario, exemplar, retirada, entrega) values (9, 26001, '2018-04-09', '2018-04-15');
insert into locacao (usuario, exemplar, retirada, entrega) values (90, 26001, '2018-05-29', '2018-06-09');
insert into locacao (usuario, exemplar, retirada, entrega) values (31, 26001, '2018-07-31', '2018-08-09');
insert into locacao (usuario, exemplar, retirada, entrega) values (3, 26001, '2018-09-15', '2018-09-26');
insert into locacao (usuario, exemplar, retirada, entrega) values (44, 26001, '2018-11-25', '2018-12-08');
insert into locacao (usuario, exemplar, retirada, entrega) values (10, 26001, '2018-12-10', '2018-12-14');
insert into locacao (usuario, exemplar, retirada, entrega) values (61, 26001, '2019-01-20', '2019-01-30');
insert into locacao (usuario, exemplar, retirada, entrega) values (22, 26001, '2019-03-03', '2019-03-10');
insert into locacao (usuario, exemplar, retirada, entrega) values (36, 26002, '2018-01-12', '2018-01-19');
insert into locacao (usuario, exemplar, retirada, entrega) values (35, 26002, '2018-03-14', '2018-03-15');
insert into locacao (usuario, exemplar, retirada, entrega) values (54, 26002, '2018-05-25', '2018-06-04');
insert into locacao (usuario, exemplar, retirada, entrega) values (27, 26002, '2018-07-22', '2018-07-23');
insert into locacao (usuario, exemplar, retirada, entrega) values (100, 26002, '2018-07-31', '2018-08-01');
insert into locacao (usuario, exemplar, retirada, entrega) values (83, 26002, '2018-10-09', '2018-10-17');
insert into locacao (usuario, exemplar, retirada, entrega) values (60, 26002, '2018-12-25', '2019-01-02');
insert into locacao (usuario, exemplar, retirada, entrega) values (31, 26002, '2019-03-18', '2019-03-28');
insert into locacao (usuario, exemplar, retirada, entrega) values (59, 26002, '2019-04-24', '2019-05-06');
insert into locacao (usuario, exemplar, retirada, entrega) values (67, 26003, '2018-01-17', '2018-01-17');
insert into locacao (usuario, exemplar, retirada, entrega) values (18, 26003, '2018-02-05', '2018-02-06');
insert into locacao (usuario, exemplar, retirada, entrega) values (68, 26003, '2018-04-27', '2018-05-03');
insert into locacao (usuario, exemplar, retirada, entrega) values (42, 26003, '2018-06-26', '2018-07-02');
insert into locacao (usuario, exemplar, retirada, entrega) values (99, 26003, '2018-08-03', '2018-08-11');
insert into locacao (usuario, exemplar, retirada, entrega) values (83, 26003, '2018-09-03', '2018-09-08');
insert into locacao (usuario, exemplar, retirada, entrega) values (39, 26003, '2018-10-09', '2018-10-12');
insert into locacao (usuario, exemplar, retirada, entrega) values (98, 26003, '2018-10-16', '2018-10-22');
insert into locacao (usuario, exemplar, retirada, entrega) values (93, 26003, '2018-10-20', '2018-10-27');
insert into locacao (usuario, exemplar, retirada, entrega) values (21, 26003, '2018-12-03', '2018-12-10');
insert into locacao (usuario, exemplar, retirada, entrega) values (98, 26003, '2018-12-19', '2018-12-23');
insert into locacao (usuario, exemplar, retirada, entrega) values (13, 26003, '2019-01-26', '2019-02-03');
insert into locacao (usuario, exemplar, retirada, entrega) values (93, 26003, '2019-04-02', '2019-04-06');
insert into locacao (usuario, exemplar, retirada, entrega) values (29, 26003, '2019-04-13', '2019-04-18');
insert into locacao (usuario, exemplar, retirada, entrega) values (11, 26004, '2018-01-08', '2018-01-11');
insert into locacao (usuario, exemplar, retirada, entrega) values (4, 26004, '2018-01-16', '2018-01-17');
insert into locacao (usuario, exemplar, retirada, entrega) values (14, 26004, '2018-04-12', '2018-04-12');
insert into locacao (usuario, exemplar, retirada, entrega) values (6, 26004, '2018-04-15', '2018-04-27');
insert into locacao (usuario, exemplar, retirada, entrega) values (46, 26004, '2018-06-13', '2018-06-14');
insert into locacao (usuario, exemplar, retirada, entrega) values (76, 26004, '2018-07-07', '2018-07-16');
insert into locacao (usuario, exemplar, retirada, entrega) values (72, 26004, '2018-09-25', '2018-09-29');
insert into locacao (usuario, exemplar, retirada, entrega) values (58, 26004, '2018-12-31', '2019-01-05');
insert into locacao (usuario, exemplar, retirada, entrega) values (74, 26004, '2019-04-02', '2019-04-02');
insert into locacao (usuario, exemplar, retirada, entrega) values (79, 27001, '2018-03-20', '2018-03-27');
insert into locacao (usuario, exemplar, retirada, entrega) values (85, 27001, '2018-04-23', '2018-05-05');
insert into locacao (usuario, exemplar, retirada, entrega) values (19, 27001, '2018-07-14', '2018-07-27');
insert into locacao (usuario, exemplar, retirada, entrega) values (97, 27001, '2018-09-04', '2018-09-11');
insert into locacao (usuario, exemplar, retirada, entrega) values (14, 27001, '2018-11-11', '2018-11-22');
insert into locacao (usuario, exemplar, retirada, entrega) values (42, 27001, '2019-01-01', '2019-01-07');
insert into locacao (usuario, exemplar, retirada, entrega) values (2, 27001, '2019-01-10', '2019-01-16');
insert into locacao (usuario, exemplar, retirada, entrega) values (58, 27001, '2019-03-18', '2019-03-29');
insert into locacao (usuario, exemplar, retirada, entrega) values (6, 27001, '2019-03-18', '2019-03-19');
insert into locacao (usuario, exemplar, retirada, entrega) values (12, 27001, '2019-04-14', '2019-04-15');
insert into locacao (usuario, exemplar, retirada, entrega) values (19, 28001, '2018-01-07', '2018-01-08');
insert into locacao (usuario, exemplar, retirada, entrega) values (36, 28001, '2018-01-23', '2018-02-04');
insert into locacao (usuario, exemplar, retirada, entrega) values (27, 28001, '2018-04-15', '2018-04-28');
insert into locacao (usuario, exemplar, retirada, entrega) values (96, 28001, '2018-07-01', '2018-07-06');
insert into locacao (usuario, exemplar, retirada, entrega) values (21, 28001, '2018-07-11', '2018-07-20');
insert into locacao (usuario, exemplar, retirada, entrega) values (67, 28001, '2018-10-06', '2018-10-18');
insert into locacao (usuario, exemplar, retirada, entrega) values (11, 28001, '2018-12-13', '2018-12-17');
insert into locacao (usuario, exemplar, retirada, entrega) values (12, 28001, '2019-02-10', '2019-02-13');
insert into locacao (usuario, exemplar, retirada, entrega) values (22, 28002, '2018-01-15', '2018-01-26');
insert into locacao (usuario, exemplar, retirada, entrega) values (29, 28002, '2018-03-28', '2018-04-09');
insert into locacao (usuario, exemplar, retirada, entrega) values (43, 28002, '2018-06-18', '2018-06-27');
insert into locacao (usuario, exemplar, retirada, entrega) values (3, 28002, '2018-07-25', '2018-08-05');
insert into locacao (usuario, exemplar, retirada, entrega) values (71, 28002, '2018-10-06', '2018-10-10');
insert into locacao (usuario, exemplar, retirada, entrega) values (79, 28002, '2018-11-28', '2018-12-02');
insert into locacao (usuario, exemplar, retirada, entrega) values (32, 28002, '2018-11-28', '2018-12-05');
insert into locacao (usuario, exemplar, retirada, entrega) values (88, 28002, '2019-02-02', '2019-02-08');
insert into locacao (usuario, exemplar, retirada, entrega) values (54, 28002, '2019-04-28', '2019-05-08');
insert into locacao (usuario, exemplar, retirada, entrega) values (84, 28003, '2018-03-27', '2018-04-08');
insert into locacao (usuario, exemplar, retirada, entrega) values (2, 28003, '2018-06-26', '2018-07-05');
insert into locacao (usuario, exemplar, retirada, entrega) values (70, 28003, '2018-09-13', '2018-09-16');
insert into locacao (usuario, exemplar, retirada, entrega) values (98, 28003, '2018-10-19', '2018-10-26');
insert into locacao (usuario, exemplar, retirada, entrega) values (79, 28003, '2018-11-25', '2018-11-29');
insert into locacao (usuario, exemplar, retirada, entrega) values (46, 28003, '2019-02-17', '2019-02-20');
insert into locacao (usuario, exemplar, retirada, entrega) values (40, 28003, '2019-02-23', '2019-03-04');
insert into locacao (usuario, exemplar, retirada, entrega) values (60, 28003, '2019-03-16', '2019-03-20');
insert into locacao (usuario, exemplar, retirada, entrega) values (97, 28004, '2018-02-23', '2018-03-07');
insert into locacao (usuario, exemplar, retirada, entrega) values (66, 28004, '2018-04-02', '2018-04-09');
insert into locacao (usuario, exemplar, retirada, entrega) values (34, 28004, '2018-06-02', '2018-06-03');
insert into locacao (usuario, exemplar, retirada, entrega) values (3, 28004, '2018-06-17', '2018-06-26');
insert into locacao (usuario, exemplar, retirada, entrega) values (90, 28004, '2018-06-21', '2018-06-28');
insert into locacao (usuario, exemplar, retirada, entrega) values (80, 28004, '2018-08-06', '2018-08-14');
insert into locacao (usuario, exemplar, retirada, entrega) values (95, 28004, '2018-09-14', '2018-09-23');
insert into locacao (usuario, exemplar, retirada, entrega) values (46, 28004, '2018-11-17', '2018-11-19');
insert into locacao (usuario, exemplar, retirada, entrega) values (92, 28004, '2019-01-07', '2019-01-08');
insert into locacao (usuario, exemplar, retirada, entrega) values (76, 28004, '2019-04-03', '2019-04-12');
insert into locacao (usuario, exemplar, retirada, entrega) values (91, 28004, '2019-04-06', '2019-04-17');
insert into locacao (usuario, exemplar, retirada, entrega) values (57, 28005, '2018-04-03', '2018-04-09');
insert into locacao (usuario, exemplar, retirada, entrega) values (67, 28005, '2018-04-05', '2018-04-12');
insert into locacao (usuario, exemplar, retirada, entrega) values (36, 28005, '2018-07-13', '2018-07-14');
insert into locacao (usuario, exemplar, retirada, entrega) values (14, 28005, '2018-09-30', '2018-10-08');
insert into locacao (usuario, exemplar, retirada, entrega) values (28, 28005, '2018-10-11', '2018-10-16');
insert into locacao (usuario, exemplar, retirada, entrega) values (84, 28005, '2018-11-16', '2018-11-20');
insert into locacao (usuario, exemplar, retirada, entrega) values (54, 28005, '2018-11-20', '2018-11-24');
insert into locacao (usuario, exemplar, retirada, entrega) values (89, 28005, '2019-01-30', '2019-01-30');
insert into locacao (usuario, exemplar, retirada, entrega) values (7, 29001, '2018-03-02', '2018-03-03');
insert into locacao (usuario, exemplar, retirada, entrega) values (11, 29001, '2018-05-20', '2018-05-28');
insert into locacao (usuario, exemplar, retirada, entrega) values (32, 29001, '2018-08-03', '2018-08-04');
insert into locacao (usuario, exemplar, retirada, entrega) values (95, 29001, '2018-09-14', '2018-09-16');
insert into locacao (usuario, exemplar, retirada, entrega) values (19, 29001, '2018-10-14', '2018-10-22');
insert into locacao (usuario, exemplar, retirada, entrega) values (81, 29001, '2019-01-08', '2019-01-12');
insert into locacao (usuario, exemplar, retirada, entrega) values (60, 29001, '2019-02-18', '2019-02-20');
insert into locacao (usuario, exemplar, retirada, entrega) values (62, 29001, '2019-03-08', '2019-03-18');
insert into locacao (usuario, exemplar, retirada, entrega) values (81, 29001, '2019-03-26', '2019-03-28');
insert into locacao (usuario, exemplar, retirada, entrega) values (53, 29001, '2019-04-10', '2019-04-20');
insert into locacao (usuario, exemplar, retirada, entrega) values (100, 29002, '2018-01-07', '2018-01-07');
insert into locacao (usuario, exemplar, retirada, entrega) values (98, 29002, '2018-01-11', '2018-01-13');
insert into locacao (usuario, exemplar, retirada, entrega) values (79, 29002, '2018-02-09', '2018-02-17');
insert into locacao (usuario, exemplar, retirada, entrega) values (99, 29002, '2018-04-08', '2018-04-14');
insert into locacao (usuario, exemplar, retirada, entrega) values (39, 29002, '2018-06-13', '2018-06-17');
insert into locacao (usuario, exemplar, retirada, entrega) values (25, 29002, '2018-07-20', '2018-07-24');
insert into locacao (usuario, exemplar, retirada, entrega) values (84, 29002, '2018-08-12', '2018-08-16');
insert into locacao (usuario, exemplar, retirada, entrega) values (57, 29002, '2018-08-14', '2018-08-21');
insert into locacao (usuario, exemplar, retirada, entrega) values (92, 29002, '2018-10-03', '2018-10-10');
insert into locacao (usuario, exemplar, retirada, entrega) values (15, 29002, '2018-11-25', '2018-11-29');
insert into locacao (usuario, exemplar, retirada, entrega) values (61, 29002, '2018-11-28', '2018-12-09');
insert into locacao (usuario, exemplar, retirada, entrega) values (85, 29002, '2019-03-02', '2019-03-12');
insert into locacao (usuario, exemplar, retirada, entrega) values (85, 29002, '2019-04-14', '2019-04-18');
insert into locacao (usuario, exemplar, retirada, entrega) values (18, 29003, '2018-01-01', '2018-01-10');
insert into locacao (usuario, exemplar, retirada, entrega) values (7, 29003, '2018-03-31', '2018-04-02');
insert into locacao (usuario, exemplar, retirada, entrega) values (25, 29003, '2018-05-04', '2018-05-09');
insert into locacao (usuario, exemplar, retirada, entrega) values (81, 29003, '2018-05-30', '2018-05-31');
insert into locacao (usuario, exemplar, retirada, entrega) values (55, 29003, '2018-08-27', '2018-08-29');
insert into locacao (usuario, exemplar, retirada, entrega) values (6, 29003, '2018-10-23', '2018-10-24');
insert into locacao (usuario, exemplar, retirada, entrega) values (84, 29003, '2019-01-27', '2019-02-01');
insert into locacao (usuario, exemplar, retirada, entrega) values (69, 29003, '2019-03-20', '2019-03-22');
insert into locacao (usuario, exemplar, retirada, entrega) values (42, 29004, '2018-04-06', '2018-04-18');
insert into locacao (usuario, exemplar, retirada, entrega) values (11, 29004, '2018-05-01', '2018-05-07');
insert into locacao (usuario, exemplar, retirada, entrega) values (86, 29004, '2018-05-03', '2018-05-09');
insert into locacao (usuario, exemplar, retirada, entrega) values (22, 29004, '2018-05-05', '2018-05-16');
insert into locacao (usuario, exemplar, retirada, entrega) values (65, 29004, '2018-05-07', '2018-05-16');
insert into locacao (usuario, exemplar, retirada, entrega) values (12, 29004, '2018-06-04', '2018-06-15');
insert into locacao (usuario, exemplar, retirada, entrega) values (57, 29004, '2018-06-29', '2018-07-07');
insert into locacao (usuario, exemplar, retirada, entrega) values (92, 29004, '2018-08-18', '2018-08-19');
insert into locacao (usuario, exemplar, retirada, entrega) values (58, 29004, '2018-11-12', '2018-11-23');
insert into locacao (usuario, exemplar, retirada, entrega) values (12, 29004, '2018-12-29', '2018-12-29');
insert into locacao (usuario, exemplar, retirada, entrega) values (28, 29004, '2019-04-01', '2019-04-14');
insert into locacao (usuario, exemplar, retirada, entrega) values (46, 30001, '2018-01-06', '2018-01-18');
insert into locacao (usuario, exemplar, retirada, entrega) values (53, 30001, '2018-03-14', '2018-03-20');
insert into locacao (usuario, exemplar, retirada, entrega) values (62, 30001, '2018-05-13', '2018-05-24');
insert into locacao (usuario, exemplar, retirada, entrega) values (59, 30001, '2018-06-24', '2018-07-06');
insert into locacao (usuario, exemplar, retirada, entrega) values (55, 30001, '2018-07-03', '2018-07-03');
insert into locacao (usuario, exemplar, retirada, entrega) values (60, 30001, '2018-09-30', '2018-10-04');
insert into locacao (usuario, exemplar, retirada, entrega) values (6, 30001, '2018-11-13', '2018-11-15');
insert into locacao (usuario, exemplar, retirada, entrega) values (83, 30001, '2018-11-27', '2018-11-27');
insert into locacao (usuario, exemplar, retirada, entrega) values (44, 30001, '2019-03-06', '2019-03-19');
insert into locacao (usuario, exemplar, retirada, entrega) values (1, 30001, '2019-03-16', '2019-03-21');
insert into locacao (usuario, exemplar, retirada, entrega) values (6, 30001, '2019-04-19', '2019-04-30');
insert into locacao (usuario, exemplar, retirada) values (45, 2004, '2019-05-05');
insert into locacao (usuario, exemplar, retirada) values (95, 3002, '2019-05-06');
insert into locacao (usuario, exemplar, retirada) values (51, 4001, '2019-05-06');
insert into locacao (usuario, exemplar, retirada) values (77, 7001, '2019-05-08');
insert into locacao (usuario, exemplar, retirada) values (36, 7004, '2019-05-02');
insert into locacao (usuario, exemplar, retirada) values (58, 9001, '2019-05-07');
insert into locacao (usuario, exemplar, retirada) values (58, 10003, '2019-05-01');
insert into locacao (usuario, exemplar, retirada) values (23, 11001, '2019-05-01');
insert into locacao (usuario, exemplar, retirada) values (19, 11002, '2019-05-10');
insert into locacao (usuario, exemplar, retirada) values (17, 12005, '2019-05-06');
insert into locacao (usuario, exemplar, retirada) values (18, 16002, '2019-05-10');
insert into locacao (usuario, exemplar, retirada) values (46, 16004, '2019-05-04');
insert into locacao (usuario, exemplar, retirada) values (80, 19002, '2019-05-05');
insert into locacao (usuario, exemplar, retirada) values (50, 19005, '2019-05-01');
insert into locacao (usuario, exemplar, retirada) values (46, 20001, '2019-05-02');
insert into locacao (usuario, exemplar, retirada) values (34, 21001, '2019-05-07');
insert into locacao (usuario, exemplar, retirada) values (75, 23002, '2019-05-07');
insert into locacao (usuario, exemplar, retirada) values (63, 26001, '2019-05-11');

----------------------------------------------------------------------------------------------------

--1) Mostrar o ttulo dos livros sobre PostgreSQL no locados por alunos do Curso Superior de Tecnologia em Anlise e Desenvolvimento de Sistemas.
--2) Mostrar o nome do ltimo aluno que locou o livro PostgreSQL na prtica.
--3) Mostrar o ttulo dos livros sobre PostgreSQL menos locados.
--4) Mostrar o nome dos alunos e dos professores que locaram mais livros em maro de 2018.

