\c postgres
drop database biblioteca;
create database biblioteca;
\c biblioteca
create table usuario (codigo integer not null, nome varchar(100) not null, tipo char(1) not null check ((tipo = 'A') or (tipo = 'P') or (tipo = 'F')), curso varchar(100), primary key (codigo));
create table livro (codigo integer not null, titulo varchar(200) not null, primary key (codigo));
create table exemplar (codigo integer not null, livro integer not null references livro(codigo), primary key (codigo));
create table locacao (usuario integer not null references usuario(codigo), exemplar integer not null references exemplar(codigo), retirada date not null default now(), entrega date, primary key (usuario, exemplar, retirada));
insert into usuario (codigo, nome, tipo, curso) values (1, 'aluno 1', 'A', 'curso tecnico integrado em informatica para internet');
insert into usuario (codigo, nome, tipo, curso) values (2, 'aluno 2', 'A', 'curso superior de bacharelado em engenharia mecanica');
insert into usuario (codigo, nome, tipo, curso) values (3, 'aluno 3', 'A', 'curso superior de bacharelado em engenharia mecanica');
insert into usuario (codigo, nome, tipo, curso) values (4, 'aluno 4', 'A', 'curso superior de tecnologia em analise e desenvolvimento de sistemas');
insert into usuario (codigo, nome, tipo, curso) values (5, 'aluno 5', 'A', 'curso superior de tecnologia em analise e desenvolvimento de sistemas');
insert into usuario (codigo, nome, tipo, curso) values (6, 'aluno 6', 'A', 'curso superior de bacharelado em engenharia mecanica');
insert into usuario (codigo, nome, tipo) values (7, 'funcionario 7', 'F');
insert into usuario (codigo, nome, tipo, curso) values (8, 'aluno 8', 'A', 'curso tecnico integrado em informatica para internet');
insert into usuario (codigo, nome, tipo, curso) values (9, 'aluno 9', 'A', 'curso tecnico integrado em refrigeracao e ar condicionado');
insert into usuario (codigo, nome, tipo, curso) values (10, 'aluno 10', 'A', 'curso superior de bacharelado em engenharia mecanica');
insert into usuario (codigo, nome, tipo, curso) values (11, 'aluno 11', 'A', 'curso tecnico integrado em refrigeracao e ar condicionado');
insert into usuario (codigo, nome, tipo) values (12, 'professor 12', 'P');
insert into usuario (codigo, nome, tipo, curso) values (13, 'aluno 13', 'A', 'curso superior de tecnologia em analise e desenvolvimento de sistemas');
insert into usuario (codigo, nome, tipo) values (14, 'funcionario 14', 'F');
insert into usuario (codigo, nome, tipo) values (15, 'funcionario 15', 'F');
insert into usuario (codigo, nome, tipo, curso) values (16, 'aluno 16', 'A', 'curso superior de tecnologia em analise e desenvolvimento de sistemas');
insert into usuario (codigo, nome, tipo, curso) values (17, 'aluno 17', 'A', 'curso tecnico integrado em informatica para internet');
insert into usuario (codigo, nome, tipo, curso) values (18, 'aluno 18', 'A', 'curso tecnico integrado em refrigeracao e ar condicionado');
insert into usuario (codigo, nome, tipo) values (19, 'funcionario 19', 'F');
insert into usuario (codigo, nome, tipo) values (20, 'professor 20', 'P');
insert into usuario (codigo, nome, tipo) values (21, 'funcionario 21', 'F');
insert into usuario (codigo, nome, tipo) values (22, 'funcionario 22', 'F');
insert into usuario (codigo, nome, tipo, curso) values (23, 'aluno 23', 'A', 'curso tecnico integrado em informatica para internet');
insert into usuario (codigo, nome, tipo, curso) values (24, 'aluno 24', 'A', 'curso tecnico integrado em refrigeracao e ar condicionado');
insert into usuario (codigo, nome, tipo) values (25, 'professor 25', 'P');
insert into usuario (codigo, nome, tipo) values (26, 'professor 26', 'P');
insert into usuario (codigo, nome, tipo, curso) values (27, 'aluno 27', 'A', 'curso tecnico integrado em informatica para internet');
insert into usuario (codigo, nome, tipo) values (28, 'professor 28', 'P');
insert into usuario (codigo, nome, tipo, curso) values (29, 'aluno 29', 'A', 'curso superior de bacharelado em engenharia mecanica');
insert into usuario (codigo, nome, tipo) values (30, 'professor 30', 'P');
insert into usuario (codigo, nome, tipo, curso) values (31, 'aluno 31', 'A', 'curso tecnico integrado em eletrotecnica');
insert into usuario (codigo, nome, tipo) values (32, 'funcionario 32', 'F');
insert into usuario (codigo, nome, tipo) values (33, 'funcionario 33', 'F');
insert into usuario (codigo, nome, tipo, curso) values (34, 'aluno 34', 'A', 'curso tecnico integrado em refrigeracao e ar condicionado');
insert into usuario (codigo, nome, tipo, curso) values (35, 'aluno 35', 'A', 'curso tecnico integrado em refrigeracao e ar condicionado');
insert into usuario (codigo, nome, tipo) values (36, 'funcionario 36', 'F');
insert into usuario (codigo, nome, tipo) values (37, 'professor 37', 'P');
insert into usuario (codigo, nome, tipo, curso) values (38, 'aluno 38', 'A', 'curso superior de bacharelado em engenharia mecanica');
insert into usuario (codigo, nome, tipo, curso) values (39, 'aluno 39', 'A', 'curso superior de tecnologia em analise e desenvolvimento de sistemas');
insert into usuario (codigo, nome, tipo, curso) values (40, 'aluno 40', 'A', 'curso tecnico integrado em eletrotecnica');
insert into usuario (codigo, nome, tipo) values (41, 'funcionario 41', 'F');
insert into usuario (codigo, nome, tipo, curso) values (42, 'aluno 42', 'A', 'curso superior de tecnologia em analise e desenvolvimento de sistemas');
insert into usuario (codigo, nome, tipo, curso) values (43, 'aluno 43', 'A', 'curso superior de tecnologia em analise e desenvolvimento de sistemas');
insert into usuario (codigo, nome, tipo, curso) values (44, 'aluno 44', 'A', 'curso superior de bacharelado em engenharia mecanica');
insert into usuario (codigo, nome, tipo, curso) values (45, 'aluno 45', 'A', 'curso tecnico integrado em refrigeracao e ar condicionado');
insert into usuario (codigo, nome, tipo) values (46, 'funcionario 46', 'F');
insert into usuario (codigo, nome, tipo, curso) values (47, 'aluno 47', 'A', 'curso tecnico integrado em eletrotecnica');
insert into usuario (codigo, nome, tipo) values (48, 'funcionario 48', 'F');
insert into usuario (codigo, nome, tipo) values (49, 'professor 49', 'P');
insert into usuario (codigo, nome, tipo, curso) values (50, 'aluno 50', 'A', 'curso superior de bacharelado em engenharia mecanica');
insert into usuario (codigo, nome, tipo, curso) values (51, 'aluno 51', 'A', 'curso superior de bacharelado em engenharia mecanica');
insert into usuario (codigo, nome, tipo) values (52, 'funcionario 52', 'F');
insert into usuario (codigo, nome, tipo) values (53, 'professor 53', 'P');
insert into usuario (codigo, nome, tipo, curso) values (54, 'aluno 54', 'A', 'curso tecnico integrado em eletrotecnica');
insert into usuario (codigo, nome, tipo) values (55, 'funcionario 55', 'F');
insert into usuario (codigo, nome, tipo) values (56, 'professor 56', 'P');
insert into usuario (codigo, nome, tipo) values (57, 'professor 57', 'P');
insert into usuario (codigo, nome, tipo, curso) values (58, 'aluno 58', 'A', 'curso superior de bacharelado em engenharia mecanica');
insert into usuario (codigo, nome, tipo, curso) values (59, 'aluno 59', 'A', 'curso superior de tecnologia em analise e desenvolvimento de sistemas');
insert into usuario (codigo, nome, tipo, curso) values (60, 'aluno 60', 'A', 'curso tecnico integrado em informatica para internet');
insert into usuario (codigo, nome, tipo) values (61, 'funcionario 61', 'F');
insert into usuario (codigo, nome, tipo, curso) values (62, 'aluno 62', 'A', 'curso superior de tecnologia em analise e desenvolvimento de sistemas');
insert into usuario (codigo, nome, tipo, curso) values (63, 'aluno 63', 'A', 'curso tecnico integrado em refrigeracao e ar condicionado');
insert into usuario (codigo, nome, tipo, curso) values (64, 'aluno 64', 'A', 'curso tecnico integrado em refrigeracao e ar condicionado');
insert into usuario (codigo, nome, tipo) values (65, 'professor 65', 'P');
insert into usuario (codigo, nome, tipo, curso) values (66, 'aluno 66', 'A', 'curso tecnico integrado em informatica para internet');
insert into usuario (codigo, nome, tipo, curso) values (67, 'aluno 67', 'A', 'curso tecnico integrado em informatica para internet');
insert into usuario (codigo, nome, tipo) values (68, 'funcionario 68', 'F');
insert into usuario (codigo, nome, tipo, curso) values (69, 'aluno 69', 'A', 'curso tecnico integrado em informatica para internet');
insert into usuario (codigo, nome, tipo, curso) values (70, 'aluno 70', 'A', 'curso tecnico integrado em informatica para internet');
insert into usuario (codigo, nome, tipo, curso) values (71, 'aluno 71', 'A', 'curso tecnico integrado em eletrotecnica');
insert into usuario (codigo, nome, tipo, curso) values (72, 'aluno 72', 'A', 'curso superior de bacharelado em engenharia mecanica');
insert into usuario (codigo, nome, tipo) values (73, 'funcionario 73', 'F');
insert into usuario (codigo, nome, tipo) values (74, 'professor 74', 'P');
insert into usuario (codigo, nome, tipo) values (75, 'funcionario 75', 'F');
insert into usuario (codigo, nome, tipo) values (76, 'funcionario 76', 'F');
insert into usuario (codigo, nome, tipo) values (77, 'professor 77', 'P');
insert into usuario (codigo, nome, tipo) values (78, 'funcionario 78', 'F');
insert into usuario (codigo, nome, tipo, curso) values (79, 'aluno 79', 'A', 'curso tecnico integrado em informatica para internet');
insert into usuario (codigo, nome, tipo, curso) values (80, 'aluno 80', 'A', 'curso superior de bacharelado em engenharia mecanica');
insert into usuario (codigo, nome, tipo, curso) values (81, 'aluno 81', 'A', 'curso superior de tecnologia em analise e desenvolvimento de sistemas');
insert into usuario (codigo, nome, tipo, curso) values (82, 'aluno 82', 'A', 'curso tecnico integrado em informatica para internet');
insert into usuario (codigo, nome, tipo, curso) values (83, 'aluno 83', 'A', 'curso superior de bacharelado em engenharia mecanica');
insert into usuario (codigo, nome, tipo, curso) values (84, 'aluno 84', 'A', 'curso superior de tecnologia em analise e desenvolvimento de sistemas');
insert into usuario (codigo, nome, tipo) values (85, 'funcionario 85', 'F');
insert into usuario (codigo, nome, tipo, curso) values (86, 'aluno 86', 'A', 'curso tecnico integrado em informatica para internet');
insert into usuario (codigo, nome, tipo, curso) values (87, 'aluno 87', 'A', 'curso superior de bacharelado em engenharia mecanica');
insert into usuario (codigo, nome, tipo) values (88, 'professor 88', 'P');
insert into usuario (codigo, nome, tipo, curso) values (89, 'aluno 89', 'A', 'curso superior de bacharelado em engenharia mecanica');
insert into usuario (codigo, nome, tipo, curso) values (90, 'aluno 90', 'A', 'curso tecnico integrado em informatica para internet');
insert into usuario (codigo, nome, tipo, curso) values (91, 'aluno 91', 'A', 'curso tecnico integrado em eletrotecnica');
insert into usuario (codigo, nome, tipo) values (92, 'professor 92', 'P');
insert into usuario (codigo, nome, tipo) values (93, 'professor 93', 'P');
insert into usuario (codigo, nome, tipo) values (94, 'funcionario 94', 'F');
insert into usuario (codigo, nome, tipo) values (95, 'professor 95', 'P');
insert into usuario (codigo, nome, tipo) values (96, 'funcionario 96', 'F');
insert into usuario (codigo, nome, tipo) values (97, 'professor 97', 'P');
insert into usuario (codigo, nome, tipo) values (98, 'funcionario 98', 'F');
insert into usuario (codigo, nome, tipo) values (99, 'funcionario 99', 'F');
insert into usuario (codigo, nome, tipo) values (100, 'professor 100', 'P');
insert into livro (codigo, titulo) values (1, 'postgresql na pratica');
insert into livro (codigo, titulo) values (2, 'livro 2');
insert into livro (codigo, titulo) values (3, 'livro 3');
insert into livro (codigo, titulo) values (4, 'xxx postgresql 4');
insert into livro (codigo, titulo) values (5, 'livro 5');
insert into livro (codigo, titulo) values (6, 'livro 6');
insert into livro (codigo, titulo) values (7, 'livro 7');
insert into livro (codigo, titulo) values (8, 'livro 8');
insert into livro (codigo, titulo) values (9, 'livro 9');
insert into livro (codigo, titulo) values (10, 'livro 10');
insert into livro (codigo, titulo) values (11, 'livro 11');
insert into livro (codigo, titulo) values (12, 'livro 12');
insert into livro (codigo, titulo) values (13, 'xxx postgresql 13');
insert into livro (codigo, titulo) values (14, 'livro 14');
insert into livro (codigo, titulo) values (15, 'livro 15');
insert into livro (codigo, titulo) values (16, 'livro 16');
insert into livro (codigo, titulo) values (17, 'livro 17');
insert into livro (codigo, titulo) values (18, 'xxx postgresql 18');
insert into livro (codigo, titulo) values (19, 'postgresql xxx 19');
insert into livro (codigo, titulo) values (20, 'livro 20');
insert into livro (codigo, titulo) values (21, 'livro 21');
insert into livro (codigo, titulo) values (22, 'livro 22');
insert into livro (codigo, titulo) values (23, 'livro 23');
insert into livro (codigo, titulo) values (24, 'livro 24');
insert into livro (codigo, titulo) values (25, 'livro 25');
insert into livro (codigo, titulo) values (26, 'livro 26');
insert into livro (codigo, titulo) values (27, 'livro 27');
insert into livro (codigo, titulo) values (28, 'livro 28');
insert into livro (codigo, titulo) values (29, 'postgresql xxx 29');
insert into livro (codigo, titulo) values (30, 'livro 30');
insert into exemplar (codigo, livro) values (1001, 1);
insert into exemplar (codigo, livro) values (1002, 1);
insert into exemplar (codigo, livro) values (1003, 1);
insert into exemplar (codigo, livro) values (1004, 1);
insert into exemplar (codigo, livro) values (2001, 2);
insert into exemplar (codigo, livro) values (2002, 2);
insert into exemplar (codigo, livro) values (2003, 2);
insert into exemplar (codigo, livro) values (3001, 3);
insert into exemplar (codigo, livro) values (4001, 4);
insert into exemplar (codigo, livro) values (4002, 4);
insert into exemplar (codigo, livro) values (5001, 5);
insert into exemplar (codigo, livro) values (5002, 5);
insert into exemplar (codigo, livro) values (5003, 5);
insert into exemplar (codigo, livro) values (5004, 5);
insert into exemplar (codigo, livro) values (5005, 5);
insert into exemplar (codigo, livro) values (6001, 6);
insert into exemplar (codigo, livro) values (6002, 6);
insert into exemplar (codigo, livro) values (6003, 6);
insert into exemplar (codigo, livro) values (6004, 6);
insert into exemplar (codigo, livro) values (6005, 6);
insert into exemplar (codigo, livro) values (7001, 7);
insert into exemplar (codigo, livro) values (8001, 8);
insert into exemplar (codigo, livro) values (8002, 8);
insert into exemplar (codigo, livro) values (9001, 9);
insert into exemplar (codigo, livro) values (9002, 9);
insert into exemplar (codigo, livro) values (9003, 9);
insert into exemplar (codigo, livro) values (10001, 10);
insert into exemplar (codigo, livro) values (10002, 10);
insert into exemplar (codigo, livro) values (10003, 10);
insert into exemplar (codigo, livro) values (10004, 10);
insert into exemplar (codigo, livro) values (11001, 11);
insert into exemplar (codigo, livro) values (11002, 11);
insert into exemplar (codigo, livro) values (11003, 11);
insert into exemplar (codigo, livro) values (12001, 12);
insert into exemplar (codigo, livro) values (12002, 12);
insert into exemplar (codigo, livro) values (12003, 12);
insert into exemplar (codigo, livro) values (12004, 12);
insert into exemplar (codigo, livro) values (13001, 13);
insert into exemplar (codigo, livro) values (13002, 13);
insert into exemplar (codigo, livro) values (13003, 13);
insert into exemplar (codigo, livro) values (13004, 13);
insert into exemplar (codigo, livro) values (13005, 13);
insert into exemplar (codigo, livro) values (14001, 14);
insert into exemplar (codigo, livro) values (14002, 14);
insert into exemplar (codigo, livro) values (14003, 14);
insert into exemplar (codigo, livro) values (14004, 14);
insert into exemplar (codigo, livro) values (15001, 15);
insert into exemplar (codigo, livro) values (15002, 15);
insert into exemplar (codigo, livro) values (15003, 15);
insert into exemplar (codigo, livro) values (15004, 15);
insert into exemplar (codigo, livro) values (16001, 16);
insert into exemplar (codigo, livro) values (17001, 17);
insert into exemplar (codigo, livro) values (18001, 18);
insert into exemplar (codigo, livro) values (18002, 18);
insert into exemplar (codigo, livro) values (18003, 18);
insert into exemplar (codigo, livro) values (18004, 18);
insert into exemplar (codigo, livro) values (18005, 18);
insert into exemplar (codigo, livro) values (19001, 19);
insert into exemplar (codigo, livro) values (20001, 20);
insert into exemplar (codigo, livro) values (20002, 20);
insert into exemplar (codigo, livro) values (21001, 21);
insert into exemplar (codigo, livro) values (21002, 21);
insert into exemplar (codigo, livro) values (21003, 21);
insert into exemplar (codigo, livro) values (21004, 21);
insert into exemplar (codigo, livro) values (22001, 22);
insert into exemplar (codigo, livro) values (22002, 22);
insert into exemplar (codigo, livro) values (22003, 22);
insert into exemplar (codigo, livro) values (22004, 22);
insert into exemplar (codigo, livro) values (23001, 23);
insert into exemplar (codigo, livro) values (23002, 23);
insert into exemplar (codigo, livro) values (23003, 23);
insert into exemplar (codigo, livro) values (23004, 23);
insert into exemplar (codigo, livro) values (23005, 23);
insert into exemplar (codigo, livro) values (24001, 24);
insert into exemplar (codigo, livro) values (24002, 24);
insert into exemplar (codigo, livro) values (24003, 24);
insert into exemplar (codigo, livro) values (24004, 24);
insert into exemplar (codigo, livro) values (24005, 24);
insert into exemplar (codigo, livro) values (25001, 25);
insert into exemplar (codigo, livro) values (25002, 25);
insert into exemplar (codigo, livro) values (25003, 25);
insert into exemplar (codigo, livro) values (25004, 25);
insert into exemplar (codigo, livro) values (26001, 26);
insert into exemplar (codigo, livro) values (27001, 27);
insert into exemplar (codigo, livro) values (27002, 27);
insert into exemplar (codigo, livro) values (27003, 27);
insert into exemplar (codigo, livro) values (28001, 28);
insert into exemplar (codigo, livro) values (28002, 28);
insert into exemplar (codigo, livro) values (29001, 29);
insert into exemplar (codigo, livro) values (29002, 29);
insert into exemplar (codigo, livro) values (29003, 29);
insert into exemplar (codigo, livro) values (29004, 29);
insert into exemplar (codigo, livro) values (29005, 29);
insert into exemplar (codigo, livro) values (30001, 30);
insert into locacao (usuario, exemplar, retirada, entrega) values (68, 1001, '2018-03-16', '2018-03-26');
insert into locacao (usuario, exemplar, retirada, entrega) values (33, 1001, '2018-04-16', '2018-04-21');
insert into locacao (usuario, exemplar, retirada, entrega) values (41, 1001, '2018-05-28', '2018-06-05');
insert into locacao (usuario, exemplar, retirada, entrega) values (94, 1001, '2018-08-26', '2018-09-03');
insert into locacao (usuario, exemplar, retirada, entrega) values (43, 1001, '2018-10-04', '2018-10-17');
insert into locacao (usuario, exemplar, retirada, entrega) values (75, 1001, '2018-10-27', '2018-10-31');
insert into locacao (usuario, exemplar, retirada, entrega) values (4, 1001, '2019-01-25', '2019-02-07');
insert into locacao (usuario, exemplar, retirada, entrega) values (16, 1001, '2019-02-20', '2019-02-21');
insert into locacao (usuario, exemplar, retirada, entrega) values (28, 1001, '2019-04-20', '2019-05-02');
insert into locacao (usuario, exemplar, retirada, entrega) values (95, 1002, '2018-01-10', '2018-01-10');
insert into locacao (usuario, exemplar, retirada, entrega) values (62, 1002, '2018-03-15', '2018-03-27');
insert into locacao (usuario, exemplar, retirada, entrega) values (57, 1002, '2018-04-05', '2018-04-11');
insert into locacao (usuario, exemplar, retirada, entrega) values (60, 1002, '2018-04-27', '2018-04-28');
insert into locacao (usuario, exemplar, retirada, entrega) values (42, 1002, '2018-05-26', '2018-06-03');
insert into locacao (usuario, exemplar, retirada, entrega) values (19, 1002, '2018-06-29', '2018-07-04');
insert into locacao (usuario, exemplar, retirada, entrega) values (15, 1002, '2018-08-14', '2018-08-18');
insert into locacao (usuario, exemplar, retirada, entrega) values (81, 1002, '2018-10-12', '2018-10-25');
insert into locacao (usuario, exemplar, retirada, entrega) values (93, 1002, '2018-10-26', '2018-10-28');
insert into locacao (usuario, exemplar, retirada, entrega) values (66, 1002, '2018-12-23', '2018-12-30');
insert into locacao (usuario, exemplar, retirada, entrega) values (95, 1002, '2019-03-04', '2019-03-15');
insert into locacao (usuario, exemplar, retirada, entrega) values (74, 1002, '2019-03-08', '2019-03-11');
insert into locacao (usuario, exemplar, retirada, entrega) values (63, 1003, '2018-04-09', '2018-04-19');
insert into locacao (usuario, exemplar, retirada, entrega) values (65, 1003, '2018-05-27', '2018-05-29');
insert into locacao (usuario, exemplar, retirada, entrega) values (54, 1003, '2018-08-26', '2018-09-02');
insert into locacao (usuario, exemplar, retirada, entrega) values (72, 1003, '2018-08-27', '2018-09-07');
insert into locacao (usuario, exemplar, retirada, entrega) values (96, 1003, '2018-11-28', '2018-12-02');
insert into locacao (usuario, exemplar, retirada, entrega) values (3, 1003, '2019-01-19', '2019-01-25');
insert into locacao (usuario, exemplar, retirada, entrega) values (49, 1003, '2019-02-17', '2019-02-17');
insert into locacao (usuario, exemplar, retirada, entrega) values (45, 1003, '2019-03-17', '2019-03-30');
insert into locacao (usuario, exemplar, retirada, entrega) values (59, 1004, '2018-04-01', '2018-04-10');
insert into locacao (usuario, exemplar, retirada, entrega) values (26, 1004, '2018-05-12', '2018-05-16');
insert into locacao (usuario, exemplar, retirada, entrega) values (70, 1004, '2018-06-17', '2018-06-18');
insert into locacao (usuario, exemplar, retirada, entrega) values (30, 1004, '2018-08-19', '2018-08-29');
insert into locacao (usuario, exemplar, retirada, entrega) values (19, 1004, '2018-09-24', '2018-09-25');
insert into locacao (usuario, exemplar, retirada, entrega) values (43, 1004, '2018-10-16', '2018-10-27');
insert into locacao (usuario, exemplar, retirada, entrega) values (51, 1004, '2019-01-19', '2019-01-21');
insert into locacao (usuario, exemplar, retirada, entrega) values (51, 1004, '2019-03-04', '2019-03-07');
insert into locacao (usuario, exemplar, retirada, entrega) values (57, 1004, '2019-03-05', '2019-03-14');
insert into locacao (usuario, exemplar, retirada, entrega) values (28, 2001, '2018-03-30', '2018-04-11');
insert into locacao (usuario, exemplar, retirada, entrega) values (72, 2001, '2018-06-19', '2018-06-30');
insert into locacao (usuario, exemplar, retirada, entrega) values (86, 2001, '2018-08-29', '2018-09-08');
insert into locacao (usuario, exemplar, retirada, entrega) values (48, 2001, '2018-10-02', '2018-10-06');
insert into locacao (usuario, exemplar, retirada, entrega) values (61, 2001, '2018-11-12', '2018-11-17');
insert into locacao (usuario, exemplar, retirada, entrega) values (29, 2001, '2019-01-28', '2019-02-07');
insert into locacao (usuario, exemplar, retirada, entrega) values (15, 2001, '2019-04-25', '2019-04-27');
insert into locacao (usuario, exemplar, retirada, entrega) values (90, 2002, '2018-02-28', '2018-02-28');
insert into locacao (usuario, exemplar, retirada, entrega) values (66, 2002, '2018-04-29', '2018-05-09');
insert into locacao (usuario, exemplar, retirada, entrega) values (35, 2002, '2018-07-31', '2018-08-12');
insert into locacao (usuario, exemplar, retirada, entrega) values (77, 2002, '2018-10-27', '2018-10-27');
insert into locacao (usuario, exemplar, retirada, entrega) values (52, 2002, '2018-12-20', '2018-12-26');
insert into locacao (usuario, exemplar, retirada, entrega) values (8, 2002, '2019-01-19', '2019-01-30');
insert into locacao (usuario, exemplar, retirada, entrega) values (98, 2002, '2019-04-01', '2019-04-12');
insert into locacao (usuario, exemplar, retirada, entrega) values (40, 2002, '2019-04-20', '2019-04-28');
insert into locacao (usuario, exemplar, retirada, entrega) values (30, 2003, '2018-01-15', '2018-01-22');
insert into locacao (usuario, exemplar, retirada, entrega) values (9, 2003, '2018-04-17', '2018-04-30');
insert into locacao (usuario, exemplar, retirada, entrega) values (5, 2003, '2018-06-13', '2018-06-24');
insert into locacao (usuario, exemplar, retirada, entrega) values (89, 2003, '2018-07-11', '2018-07-16');
insert into locacao (usuario, exemplar, retirada, entrega) values (28, 2003, '2018-08-31', '2018-09-01');
insert into locacao (usuario, exemplar, retirada, entrega) values (22, 2003, '2018-10-14', '2018-10-19');
insert into locacao (usuario, exemplar, retirada, entrega) values (57, 2003, '2018-10-14', '2018-10-23');
insert into locacao (usuario, exemplar, retirada, entrega) values (98, 2003, '2018-12-12', '2018-12-24');
insert into locacao (usuario, exemplar, retirada, entrega) values (100, 2003, '2019-02-16', '2019-02-23');
insert into locacao (usuario, exemplar, retirada, entrega) values (12, 2003, '2019-04-10', '2019-04-13');
insert into locacao (usuario, exemplar, retirada, entrega) values (54, 3001, '2018-02-05', '2018-02-15');
insert into locacao (usuario, exemplar, retirada, entrega) values (76, 3001, '2018-02-09', '2018-02-18');
insert into locacao (usuario, exemplar, retirada, entrega) values (43, 3001, '2018-03-25', '2018-04-07');
insert into locacao (usuario, exemplar, retirada, entrega) values (19, 3001, '2018-04-28', '2018-05-05');
insert into locacao (usuario, exemplar, retirada, entrega) values (53, 3001, '2018-06-28', '2018-07-06');
insert into locacao (usuario, exemplar, retirada, entrega) values (96, 3001, '2018-09-25', '2018-10-01');
insert into locacao (usuario, exemplar, retirada, entrega) values (12, 3001, '2018-10-04', '2018-10-09');
insert into locacao (usuario, exemplar, retirada, entrega) values (74, 3001, '2019-01-01', '2019-01-13');
insert into locacao (usuario, exemplar, retirada, entrega) values (62, 3001, '2019-01-08', '2019-01-09');
insert into locacao (usuario, exemplar, retirada, entrega) values (76, 3001, '2019-03-21', '2019-03-25');
insert into locacao (usuario, exemplar, retirada, entrega) values (61, 4001, '2018-01-14', '2018-01-23');
insert into locacao (usuario, exemplar, retirada, entrega) values (92, 4001, '2018-04-21', '2018-04-23');
insert into locacao (usuario, exemplar, retirada, entrega) values (13, 4001, '2018-05-19', '2018-05-25');
insert into locacao (usuario, exemplar, retirada, entrega) values (40, 4001, '2018-06-11', '2018-06-24');
insert into locacao (usuario, exemplar, retirada, entrega) values (25, 4001, '2018-06-20', '2018-06-30');
insert into locacao (usuario, exemplar, retirada, entrega) values (9, 4001, '2018-08-03', '2018-08-15');
insert into locacao (usuario, exemplar, retirada, entrega) values (11, 4001, '2018-10-10', '2018-10-20');
insert into locacao (usuario, exemplar, retirada, entrega) values (4, 4001, '2019-01-01', '2019-01-02');
insert into locacao (usuario, exemplar, retirada, entrega) values (12, 4001, '2019-02-15', '2019-02-22');
insert into locacao (usuario, exemplar, retirada, entrega) values (33, 4001, '2019-02-17', '2019-02-21');
insert into locacao (usuario, exemplar, retirada, entrega) values (50, 4001, '2019-04-01', '2019-04-04');
insert into locacao (usuario, exemplar, retirada, entrega) values (57, 4002, '2018-01-23', '2018-01-31');
insert into locacao (usuario, exemplar, retirada, entrega) values (49, 4002, '2018-02-03', '2018-02-07');
insert into locacao (usuario, exemplar, retirada, entrega) values (79, 4002, '2018-04-30', '2018-04-30');
insert into locacao (usuario, exemplar, retirada, entrega) values (12, 4002, '2018-06-20', '2018-06-20');
insert into locacao (usuario, exemplar, retirada, entrega) values (17, 4002, '2018-07-01', '2018-07-04');
insert into locacao (usuario, exemplar, retirada, entrega) values (80, 4002, '2018-07-27', '2018-08-01');
insert into locacao (usuario, exemplar, retirada, entrega) values (23, 4002, '2018-09-06', '2018-09-11');
insert into locacao (usuario, exemplar, retirada, entrega) values (91, 4002, '2018-12-01', '2018-12-08');
insert into locacao (usuario, exemplar, retirada, entrega) values (84, 4002, '2018-12-25', '2018-12-28');
insert into locacao (usuario, exemplar, retirada, entrega) values (97, 4002, '2019-03-02', '2019-03-14');
insert into locacao (usuario, exemplar, retirada, entrega) values (90, 4002, '2019-04-24', '2019-04-30');
insert into locacao (usuario, exemplar, retirada, entrega) values (43, 5001, '2018-03-28', '2018-04-10');
insert into locacao (usuario, exemplar, retirada, entrega) values (4, 5001, '2018-05-16', '2018-05-18');
insert into locacao (usuario, exemplar, retirada, entrega) values (84, 5001, '2018-07-27', '2018-08-07');
insert into locacao (usuario, exemplar, retirada, entrega) values (90, 5001, '2018-11-02', '2018-11-03');
insert into locacao (usuario, exemplar, retirada, entrega) values (44, 5001, '2019-01-04', '2019-01-13');
insert into locacao (usuario, exemplar, retirada, entrega) values (48, 5001, '2019-01-14', '2019-01-14');
insert into locacao (usuario, exemplar, retirada, entrega) values (82, 5001, '2019-01-23', '2019-01-31');
insert into locacao (usuario, exemplar, retirada, entrega) values (54, 5001, '2019-04-29', '2019-05-04');
insert into locacao (usuario, exemplar, retirada, entrega) values (16, 5002, '2018-04-03', '2018-04-10');
insert into locacao (usuario, exemplar, retirada, entrega) values (85, 5002, '2018-04-13', '2018-04-19');
insert into locacao (usuario, exemplar, retirada, entrega) values (38, 5002, '2018-07-15', '2018-07-28');
insert into locacao (usuario, exemplar, retirada, entrega) values (88, 5002, '2018-08-22', '2018-08-27');
insert into locacao (usuario, exemplar, retirada, entrega) values (80, 5002, '2018-08-27', '2018-09-02');
insert into locacao (usuario, exemplar, retirada, entrega) values (97, 5002, '2018-10-08', '2018-10-20');
insert into locacao (usuario, exemplar, retirada, entrega) values (33, 5002, '2018-11-18', '2018-11-20');
insert into locacao (usuario, exemplar, retirada, entrega) values (36, 5002, '2018-12-10', '2018-12-17');
insert into locacao (usuario, exemplar, retirada, entrega) values (73, 5002, '2019-02-02', '2019-02-11');
insert into locacao (usuario, exemplar, retirada, entrega) values (72, 5002, '2019-04-01', '2019-04-02');
insert into locacao (usuario, exemplar, retirada, entrega) values (81, 5003, '2018-03-09', '2018-03-20');
insert into locacao (usuario, exemplar, retirada, entrega) values (24, 5003, '2018-05-04', '2018-05-08');
insert into locacao (usuario, exemplar, retirada, entrega) values (9, 5003, '2018-07-30', '2018-08-10');
insert into locacao (usuario, exemplar, retirada, entrega) values (39, 5003, '2018-09-03', '2018-09-14');
insert into locacao (usuario, exemplar, retirada, entrega) values (83, 5003, '2018-11-25', '2018-12-07');
insert into locacao (usuario, exemplar, retirada, entrega) values (26, 5003, '2019-01-25', '2019-02-03');
insert into locacao (usuario, exemplar, retirada, entrega) values (17, 5003, '2019-03-08', '2019-03-13');
insert into locacao (usuario, exemplar, retirada, entrega) values (47, 5004, '2018-02-19', '2018-02-24');
insert into locacao (usuario, exemplar, retirada, entrega) values (32, 5004, '2018-05-19', '2018-05-21');
insert into locacao (usuario, exemplar, retirada, entrega) values (45, 5004, '2018-06-01', '2018-06-13');
insert into locacao (usuario, exemplar, retirada, entrega) values (60, 5004, '2018-08-13', '2018-08-19');
insert into locacao (usuario, exemplar, retirada, entrega) values (48, 5004, '2018-10-05', '2018-10-18');
insert into locacao (usuario, exemplar, retirada, entrega) values (4, 5004, '2019-01-10', '2019-01-12');
insert into locacao (usuario, exemplar, retirada, entrega) values (44, 5004, '2019-02-14', '2019-02-25');
insert into locacao (usuario, exemplar, retirada, entrega) values (15, 5004, '2019-03-02', '2019-03-08');
insert into locacao (usuario, exemplar, retirada, entrega) values (55, 5004, '2019-04-14', '2019-04-15');
insert into locacao (usuario, exemplar, retirada, entrega) values (15, 5005, '2018-02-19', '2018-02-28');
insert into locacao (usuario, exemplar, retirada, entrega) values (25, 5005, '2018-04-21', '2018-04-29');
insert into locacao (usuario, exemplar, retirada, entrega) values (72, 5005, '2018-06-26', '2018-06-30');
insert into locacao (usuario, exemplar, retirada, entrega) values (34, 5005, '2018-09-23', '2018-10-01');
insert into locacao (usuario, exemplar, retirada, entrega) values (52, 5005, '2018-12-16', '2018-12-27');
insert into locacao (usuario, exemplar, retirada, entrega) values (39, 5005, '2019-02-28', '2019-03-06');
insert into locacao (usuario, exemplar, retirada, entrega) values (43, 5005, '2019-04-27', '2019-05-04');
insert into locacao (usuario, exemplar, retirada, entrega) values (42, 6001, '2018-03-16', '2018-03-24');
insert into locacao (usuario, exemplar, retirada, entrega) values (99, 6001, '2018-05-14', '2018-05-25');
insert into locacao (usuario, exemplar, retirada, entrega) values (2, 6001, '2018-06-01', '2018-06-12');
insert into locacao (usuario, exemplar, retirada, entrega) values (29, 6001, '2018-07-13', '2018-07-19');
insert into locacao (usuario, exemplar, retirada, entrega) values (31, 6001, '2018-07-25', '2018-08-01');
insert into locacao (usuario, exemplar, retirada, entrega) values (11, 6001, '2018-07-30', '2018-08-04');
insert into locacao (usuario, exemplar, retirada, entrega) values (40, 6001, '2018-09-16', '2018-09-23');
insert into locacao (usuario, exemplar, retirada, entrega) values (67, 6001, '2018-09-21', '2018-10-02');
insert into locacao (usuario, exemplar, retirada, entrega) values (72, 6001, '2018-09-28', '2018-09-30');
insert into locacao (usuario, exemplar, retirada, entrega) values (9, 6001, '2018-11-20', '2018-11-28');
insert into locacao (usuario, exemplar, retirada, entrega) values (77, 6001, '2018-12-03', '2018-12-04');
insert into locacao (usuario, exemplar, retirada, entrega) values (81, 6001, '2019-02-08', '2019-02-13');
insert into locacao (usuario, exemplar, retirada, entrega) values (80, 6001, '2019-04-20', '2019-04-23');
insert into locacao (usuario, exemplar, retirada, entrega) values (58, 6002, '2018-02-02', '2018-02-11');
insert into locacao (usuario, exemplar, retirada, entrega) values (32, 6002, '2018-04-26', '2018-05-04');
insert into locacao (usuario, exemplar, retirada, entrega) values (52, 6002, '2018-06-30', '2018-07-09');
insert into locacao (usuario, exemplar, retirada, entrega) values (81, 6002, '2018-09-12', '2018-09-24');
insert into locacao (usuario, exemplar, retirada, entrega) values (44, 6002, '2018-10-23', '2018-10-24');
insert into locacao (usuario, exemplar, retirada, entrega) values (63, 6002, '2018-11-03', '2018-11-10');
insert into locacao (usuario, exemplar, retirada, entrega) values (96, 6002, '2018-11-20', '2018-11-29');
insert into locacao (usuario, exemplar, retirada, entrega) values (28, 6002, '2019-02-12', '2019-02-20');
insert into locacao (usuario, exemplar, retirada, entrega) values (6, 6002, '2019-04-17', '2019-04-27');
insert into locacao (usuario, exemplar, retirada, entrega) values (67, 6003, '2018-03-29', '2018-04-04');
insert into locacao (usuario, exemplar, retirada, entrega) values (83, 6003, '2018-05-18', '2018-05-31');
insert into locacao (usuario, exemplar, retirada, entrega) values (80, 6003, '2018-08-11', '2018-08-21');
insert into locacao (usuario, exemplar, retirada, entrega) values (80, 6003, '2018-10-07', '2018-10-08');
insert into locacao (usuario, exemplar, retirada, entrega) values (73, 6003, '2018-12-08', '2018-12-12');
insert into locacao (usuario, exemplar, retirada, entrega) values (57, 6003, '2019-02-28', '2019-03-02');
insert into locacao (usuario, exemplar, retirada, entrega) values (61, 6003, '2019-03-10', '2019-03-18');
insert into locacao (usuario, exemplar, retirada, entrega) values (89, 6003, '2019-04-20', '2019-04-29');
insert into locacao (usuario, exemplar, retirada, entrega) values (23, 6003, '2019-04-20', '2019-05-01');
insert into locacao (usuario, exemplar, retirada, entrega) values (25, 6003, '2019-04-20', '2019-04-20');
insert into locacao (usuario, exemplar, retirada, entrega) values (91, 6004, '2018-03-04', '2018-03-15');
insert into locacao (usuario, exemplar, retirada, entrega) values (26, 6004, '2018-04-01', '2018-04-08');
insert into locacao (usuario, exemplar, retirada, entrega) values (5, 6004, '2018-07-06', '2018-07-19');
insert into locacao (usuario, exemplar, retirada, entrega) values (47, 6004, '2018-08-28', '2018-09-06');
insert into locacao (usuario, exemplar, retirada, entrega) values (47, 6004, '2018-11-29', '2018-12-06');
insert into locacao (usuario, exemplar, retirada, entrega) values (7, 6004, '2019-02-06', '2019-02-18');
insert into locacao (usuario, exemplar, retirada, entrega) values (88, 6004, '2019-03-02', '2019-03-08');
insert into locacao (usuario, exemplar, retirada, entrega) values (14, 6004, '2019-03-28', '2019-03-29');
insert into locacao (usuario, exemplar, retirada, entrega) values (94, 6004, '2019-04-25', '2019-05-05');
insert into locacao (usuario, exemplar, retirada, entrega) values (49, 6005, '2018-04-08', '2018-04-17');
insert into locacao (usuario, exemplar, retirada, entrega) values (37, 6005, '2018-07-14', '2018-07-24');
insert into locacao (usuario, exemplar, retirada, entrega) values (61, 6005, '2018-10-20', '2018-10-25');
insert into locacao (usuario, exemplar, retirada, entrega) values (74, 6005, '2018-12-03', '2018-12-12');
insert into locacao (usuario, exemplar, retirada, entrega) values (55, 6005, '2018-12-04', '2018-12-08');
insert into locacao (usuario, exemplar, retirada, entrega) values (78, 6005, '2019-01-02', '2019-01-05');
insert into locacao (usuario, exemplar, retirada, entrega) values (88, 6005, '2019-03-09', '2019-03-15');
insert into locacao (usuario, exemplar, retirada, entrega) values (41, 6005, '2019-03-21', '2019-04-02');
insert into locacao (usuario, exemplar, retirada, entrega) values (28, 6005, '2019-04-16', '2019-04-28');
insert into locacao (usuario, exemplar, retirada, entrega) values (51, 7001, '2018-01-16', '2018-01-18');
insert into locacao (usuario, exemplar, retirada, entrega) values (41, 7001, '2018-03-03', '2018-03-08');
insert into locacao (usuario, exemplar, retirada, entrega) values (50, 7001, '2018-05-29', '2018-05-31');
insert into locacao (usuario, exemplar, retirada, entrega) values (50, 7001, '2018-06-27', '2018-07-07');
insert into locacao (usuario, exemplar, retirada, entrega) values (93, 7001, '2018-09-23', '2018-10-03');
insert into locacao (usuario, exemplar, retirada, entrega) values (29, 7001, '2018-12-21', '2018-12-26');
insert into locacao (usuario, exemplar, retirada, entrega) values (82, 7001, '2019-03-18', '2019-03-29');
insert into locacao (usuario, exemplar, retirada, entrega) values (73, 7001, '2019-04-19', '2019-05-02');
insert into locacao (usuario, exemplar, retirada, entrega) values (39, 8001, '2018-03-23', '2018-03-29');
insert into locacao (usuario, exemplar, retirada, entrega) values (19, 8001, '2018-06-19', '2018-06-28');
insert into locacao (usuario, exemplar, retirada, entrega) values (78, 8001, '2018-08-01', '2018-08-03');
insert into locacao (usuario, exemplar, retirada, entrega) values (34, 8001, '2018-11-02', '2018-11-07');
insert into locacao (usuario, exemplar, retirada, entrega) values (69, 8001, '2018-11-22', '2018-12-04');
insert into locacao (usuario, exemplar, retirada, entrega) values (81, 8001, '2019-02-23', '2019-03-08');
insert into locacao (usuario, exemplar, retirada, entrega) values (19, 8002, '2018-01-03', '2018-01-08');
insert into locacao (usuario, exemplar, retirada, entrega) values (46, 8002, '2018-03-29', '2018-04-10');
insert into locacao (usuario, exemplar, retirada, entrega) values (5, 8002, '2018-06-08', '2018-06-16');
insert into locacao (usuario, exemplar, retirada, entrega) values (98, 8002, '2018-06-22', '2018-06-30');
insert into locacao (usuario, exemplar, retirada, entrega) values (12, 8002, '2018-09-04', '2018-09-05');
insert into locacao (usuario, exemplar, retirada, entrega) values (55, 8002, '2018-10-16', '2018-10-25');
insert into locacao (usuario, exemplar, retirada, entrega) values (57, 8002, '2018-12-26', '2018-12-28');
insert into locacao (usuario, exemplar, retirada, entrega) values (24, 8002, '2019-02-18', '2019-02-22');
insert into locacao (usuario, exemplar, retirada, entrega) values (75, 8002, '2019-03-10', '2019-03-16');
insert into locacao (usuario, exemplar, retirada, entrega) values (85, 9001, '2018-01-03', '2018-01-10');
insert into locacao (usuario, exemplar, retirada, entrega) values (18, 9001, '2018-03-20', '2018-03-23');
insert into locacao (usuario, exemplar, retirada, entrega) values (89, 9001, '2018-05-12', '2018-05-16');
insert into locacao (usuario, exemplar, retirada, entrega) values (36, 9001, '2018-07-02', '2018-07-03');
insert into locacao (usuario, exemplar, retirada, entrega) values (65, 9001, '2018-09-04', '2018-09-09');
insert into locacao (usuario, exemplar, retirada, entrega) values (99, 9001, '2018-11-12', '2018-11-22');
insert into locacao (usuario, exemplar, retirada, entrega) values (57, 9001, '2019-02-01', '2019-02-06');
insert into locacao (usuario, exemplar, retirada, entrega) values (42, 9001, '2019-03-02', '2019-03-03');
insert into locacao (usuario, exemplar, retirada, entrega) values (78, 9001, '2019-04-21', '2019-04-25');
insert into locacao (usuario, exemplar, retirada, entrega) values (7, 9002, '2018-03-24', '2018-04-05');
insert into locacao (usuario, exemplar, retirada, entrega) values (72, 9002, '2018-05-09', '2018-05-13');
insert into locacao (usuario, exemplar, retirada, entrega) values (24, 9002, '2018-08-01', '2018-08-03');
insert into locacao (usuario, exemplar, retirada, entrega) values (52, 9002, '2018-09-25', '2018-09-30');
insert into locacao (usuario, exemplar, retirada, entrega) values (61, 9002, '2018-11-09', '2018-11-09');
insert into locacao (usuario, exemplar, retirada, entrega) values (19, 9002, '2019-01-02', '2019-01-15');
insert into locacao (usuario, exemplar, retirada, entrega) values (95, 9002, '2019-04-11', '2019-04-23');
insert into locacao (usuario, exemplar, retirada, entrega) values (8, 9002, '2019-04-17', '2019-04-27');
insert into locacao (usuario, exemplar, retirada, entrega) values (68, 9003, '2018-03-24', '2018-03-31');
insert into locacao (usuario, exemplar, retirada, entrega) values (100, 9003, '2018-06-30', '2018-06-30');
insert into locacao (usuario, exemplar, retirada, entrega) values (16, 9003, '2018-09-13', '2018-09-23');
insert into locacao (usuario, exemplar, retirada, entrega) values (22, 9003, '2018-10-05', '2018-10-15');
insert into locacao (usuario, exemplar, retirada, entrega) values (18, 9003, '2019-01-04', '2019-01-10');
insert into locacao (usuario, exemplar, retirada, entrega) values (61, 9003, '2019-03-04', '2019-03-06');
insert into locacao (usuario, exemplar, retirada, entrega) values (93, 9003, '2019-03-12', '2019-03-18');
insert into locacao (usuario, exemplar, retirada, entrega) values (38, 10001, '2018-02-05', '2018-02-06');
insert into locacao (usuario, exemplar, retirada, entrega) values (95, 10001, '2018-04-30', '2018-05-13');
insert into locacao (usuario, exemplar, retirada, entrega) values (68, 10001, '2018-05-26', '2018-05-26');
insert into locacao (usuario, exemplar, retirada, entrega) values (71, 10001, '2018-07-25', '2018-08-01');
insert into locacao (usuario, exemplar, retirada, entrega) values (70, 10001, '2018-09-03', '2018-09-09');
insert into locacao (usuario, exemplar, retirada, entrega) values (29, 10001, '2018-10-14', '2018-10-16');
insert into locacao (usuario, exemplar, retirada, entrega) values (42, 10001, '2018-11-24', '2018-11-26');
insert into locacao (usuario, exemplar, retirada, entrega) values (28, 10001, '2019-02-21', '2019-02-26');
insert into locacao (usuario, exemplar, retirada, entrega) values (24, 10001, '2019-02-22', '2019-02-27');
insert into locacao (usuario, exemplar, retirada, entrega) values (90, 10001, '2019-03-02', '2019-03-04');
insert into locacao (usuario, exemplar, retirada, entrega) values (74, 10001, '2019-03-05', '2019-03-10');
insert into locacao (usuario, exemplar, retirada, entrega) values (40, 10002, '2018-03-10', '2018-03-21');
insert into locacao (usuario, exemplar, retirada, entrega) values (3, 10002, '2018-05-14', '2018-05-25');
insert into locacao (usuario, exemplar, retirada, entrega) values (58, 10002, '2018-06-20', '2018-06-24');
insert into locacao (usuario, exemplar, retirada, entrega) values (13, 10002, '2018-09-25', '2018-10-02');
insert into locacao (usuario, exemplar, retirada, entrega) values (55, 10002, '2018-11-23', '2018-12-02');
insert into locacao (usuario, exemplar, retirada, entrega) values (91, 10002, '2019-02-04', '2019-02-16');
insert into locacao (usuario, exemplar, retirada, entrega) values (10, 10002, '2019-03-05', '2019-03-16');
insert into locacao (usuario, exemplar, retirada, entrega) values (22, 10003, '2018-02-01', '2018-02-07');
insert into locacao (usuario, exemplar, retirada, entrega) values (61, 10003, '2018-04-27', '2018-05-04');
insert into locacao (usuario, exemplar, retirada, entrega) values (66, 10003, '2018-06-26', '2018-07-06');
insert into locacao (usuario, exemplar, retirada, entrega) values (15, 10003, '2018-08-24', '2018-08-31');
insert into locacao (usuario, exemplar, retirada, entrega) values (20, 10003, '2018-09-26', '2018-10-07');
insert into locacao (usuario, exemplar, retirada, entrega) values (22, 10003, '2018-12-07', '2018-12-11');
insert into locacao (usuario, exemplar, retirada, entrega) values (98, 10003, '2019-03-05', '2019-03-13');
insert into locacao (usuario, exemplar, retirada, entrega) values (45, 10003, '2019-04-17', '2019-04-17');
insert into locacao (usuario, exemplar, retirada, entrega) values (26, 10004, '2018-02-23', '2018-02-28');
insert into locacao (usuario, exemplar, retirada, entrega) values (56, 10004, '2018-03-11', '2018-03-19');
insert into locacao (usuario, exemplar, retirada, entrega) values (87, 10004, '2018-03-22', '2018-04-01');
insert into locacao (usuario, exemplar, retirada, entrega) values (39, 10004, '2018-04-16', '2018-04-27');
insert into locacao (usuario, exemplar, retirada, entrega) values (64, 10004, '2018-06-22', '2018-06-25');
insert into locacao (usuario, exemplar, retirada, entrega) values (73, 10004, '2018-07-29', '2018-08-01');
insert into locacao (usuario, exemplar, retirada, entrega) values (64, 10004, '2018-09-05', '2018-09-18');
insert into locacao (usuario, exemplar, retirada, entrega) values (24, 10004, '2018-10-04', '2018-10-08');
insert into locacao (usuario, exemplar, retirada, entrega) values (74, 10004, '2018-11-10', '2018-11-19');
insert into locacao (usuario, exemplar, retirada, entrega) values (37, 10004, '2019-01-02', '2019-01-03');
insert into locacao (usuario, exemplar, retirada, entrega) values (93, 10004, '2019-03-14', '2019-03-14');
insert into locacao (usuario, exemplar, retirada, entrega) values (27, 11001, '2018-02-07', '2018-02-13');
insert into locacao (usuario, exemplar, retirada, entrega) values (26, 11001, '2018-03-26', '2018-04-03');
insert into locacao (usuario, exemplar, retirada, entrega) values (69, 11001, '2018-04-10', '2018-04-19');
insert into locacao (usuario, exemplar, retirada, entrega) values (71, 11001, '2018-07-17', '2018-07-18');
insert into locacao (usuario, exemplar, retirada, entrega) values (57, 11001, '2018-09-14', '2018-09-14');
insert into locacao (usuario, exemplar, retirada, entrega) values (81, 11001, '2018-11-19', '2018-11-22');
insert into locacao (usuario, exemplar, retirada, entrega) values (73, 11001, '2018-11-27', '2018-11-27');
insert into locacao (usuario, exemplar, retirada, entrega) values (30, 11001, '2018-12-13', '2018-12-13');
insert into locacao (usuario, exemplar, retirada, entrega) values (82, 11001, '2019-01-20', '2019-01-28');
insert into locacao (usuario, exemplar, retirada, entrega) values (92, 11001, '2019-01-25', '2019-01-28');
insert into locacao (usuario, exemplar, retirada, entrega) values (43, 11001, '2019-03-29', '2019-04-04');
insert into locacao (usuario, exemplar, retirada, entrega) values (12, 11001, '2019-04-20', '2019-05-03');
insert into locacao (usuario, exemplar, retirada, entrega) values (10, 11002, '2018-03-29', '2018-03-30');
insert into locacao (usuario, exemplar, retirada, entrega) values (90, 11002, '2018-04-15', '2018-04-24');
insert into locacao (usuario, exemplar, retirada, entrega) values (79, 11002, '2018-05-23', '2018-05-24');
insert into locacao (usuario, exemplar, retirada, entrega) values (19, 11002, '2018-08-09', '2018-08-22');
insert into locacao (usuario, exemplar, retirada, entrega) values (22, 11002, '2018-08-26', '2018-09-02');
insert into locacao (usuario, exemplar, retirada, entrega) values (59, 11002, '2018-09-16', '2018-09-26');
insert into locacao (usuario, exemplar, retirada, entrega) values (14, 11002, '2018-11-19', '2018-11-29');
insert into locacao (usuario, exemplar, retirada, entrega) values (87, 11002, '2019-02-12', '2019-02-19');
insert into locacao (usuario, exemplar, retirada, entrega) values (68, 11002, '2019-03-15', '2019-03-25');
insert into locacao (usuario, exemplar, retirada, entrega) values (57, 11002, '2019-04-02', '2019-04-11');
insert into locacao (usuario, exemplar, retirada, entrega) values (20, 11003, '2018-03-25', '2018-03-26');
insert into locacao (usuario, exemplar, retirada, entrega) values (20, 11003, '2018-06-06', '2018-06-07');
insert into locacao (usuario, exemplar, retirada, entrega) values (98, 11003, '2018-06-06', '2018-06-15');
insert into locacao (usuario, exemplar, retirada, entrega) values (12, 11003, '2018-07-03', '2018-07-14');
insert into locacao (usuario, exemplar, retirada, entrega) values (18, 11003, '2018-07-07', '2018-07-11');
insert into locacao (usuario, exemplar, retirada, entrega) values (66, 11003, '2018-09-20', '2018-09-28');
insert into locacao (usuario, exemplar, retirada, entrega) values (97, 11003, '2018-10-22', '2018-11-03');
insert into locacao (usuario, exemplar, retirada, entrega) values (79, 11003, '2019-01-26', '2019-01-30');
insert into locacao (usuario, exemplar, retirada, entrega) values (5, 11003, '2019-02-12', '2019-02-25');
insert into locacao (usuario, exemplar, retirada, entrega) values (91, 12001, '2018-03-15', '2018-03-28');
insert into locacao (usuario, exemplar, retirada, entrega) values (1, 12001, '2018-04-30', '2018-05-05');
insert into locacao (usuario, exemplar, retirada, entrega) values (42, 12001, '2018-07-12', '2018-07-16');
insert into locacao (usuario, exemplar, retirada, entrega) values (95, 12001, '2018-08-09', '2018-08-17');
insert into locacao (usuario, exemplar, retirada, entrega) values (5, 12001, '2018-09-24', '2018-09-26');
insert into locacao (usuario, exemplar, retirada, entrega) values (81, 12001, '2018-10-04', '2018-10-13');
insert into locacao (usuario, exemplar, retirada, entrega) values (14, 12001, '2018-10-16', '2018-10-28');
insert into locacao (usuario, exemplar, retirada, entrega) values (14, 12001, '2018-11-20', '2018-11-23');
insert into locacao (usuario, exemplar, retirada, entrega) values (53, 12001, '2019-02-24', '2019-03-09');
insert into locacao (usuario, exemplar, retirada, entrega) values (97, 12001, '2019-03-27', '2019-03-29');
insert into locacao (usuario, exemplar, retirada, entrega) values (20, 12002, '2018-03-18', '2018-03-29');
insert into locacao (usuario, exemplar, retirada, entrega) values (69, 12002, '2018-05-31', '2018-06-08');
insert into locacao (usuario, exemplar, retirada, entrega) values (18, 12002, '2018-08-23', '2018-09-02');
insert into locacao (usuario, exemplar, retirada, entrega) values (25, 12002, '2018-11-01', '2018-11-07');
insert into locacao (usuario, exemplar, retirada, entrega) values (78, 12002, '2018-12-11', '2018-12-12');
insert into locacao (usuario, exemplar, retirada, entrega) values (90, 12002, '2019-02-25', '2019-02-25');
insert into locacao (usuario, exemplar, retirada, entrega) values (56, 12002, '2019-02-27', '2019-03-03');
insert into locacao (usuario, exemplar, retirada, entrega) values (31, 12002, '2019-03-18', '2019-03-25');
insert into locacao (usuario, exemplar, retirada, entrega) values (46, 12003, '2018-02-06', '2018-02-09');
insert into locacao (usuario, exemplar, retirada, entrega) values (2, 12003, '2018-04-29', '2018-05-05');
insert into locacao (usuario, exemplar, retirada, entrega) values (7, 12003, '2018-05-24', '2018-06-01');
insert into locacao (usuario, exemplar, retirada, entrega) values (89, 12003, '2018-08-01', '2018-08-06');
insert into locacao (usuario, exemplar, retirada, entrega) values (4, 12003, '2018-08-22', '2018-08-27');
insert into locacao (usuario, exemplar, retirada, entrega) values (59, 12003, '2018-11-27', '2018-12-05');
insert into locacao (usuario, exemplar, retirada, entrega) values (38, 12003, '2019-02-09', '2019-02-13');
insert into locacao (usuario, exemplar, retirada, entrega) values (10, 12003, '2019-02-18', '2019-03-03');
insert into locacao (usuario, exemplar, retirada, entrega) values (64, 12004, '2018-02-12', '2018-02-13');
insert into locacao (usuario, exemplar, retirada, entrega) values (87, 12004, '2018-05-03', '2018-05-13');
insert into locacao (usuario, exemplar, retirada, entrega) values (58, 12004, '2018-06-28', '2018-06-29');
insert into locacao (usuario, exemplar, retirada, entrega) values (41, 12004, '2018-09-26', '2018-10-02');
insert into locacao (usuario, exemplar, retirada, entrega) values (78, 12004, '2018-11-26', '2018-11-29');
insert into locacao (usuario, exemplar, retirada, entrega) values (54, 12004, '2019-02-10', '2019-02-15');
insert into locacao (usuario, exemplar, retirada, entrega) values (66, 12004, '2019-02-16', '2019-02-18');
insert into locacao (usuario, exemplar, retirada, entrega) values (46, 12004, '2019-03-06', '2019-03-15');
insert into locacao (usuario, exemplar, retirada, entrega) values (29, 12004, '2019-03-08', '2019-03-08');
insert into locacao (usuario, exemplar, retirada, entrega) values (23, 13001, '2018-03-02', '2018-03-11');
insert into locacao (usuario, exemplar, retirada, entrega) values (93, 13001, '2018-03-29', '2018-04-07');
insert into locacao (usuario, exemplar, retirada, entrega) values (3, 13001, '2018-06-05', '2018-06-12');
insert into locacao (usuario, exemplar, retirada, entrega) values (95, 13001, '2018-07-21', '2018-07-30');
insert into locacao (usuario, exemplar, retirada, entrega) values (71, 13001, '2018-08-16', '2018-08-20');
insert into locacao (usuario, exemplar, retirada, entrega) values (38, 13001, '2018-10-30', '2018-11-01');
insert into locacao (usuario, exemplar, retirada, entrega) values (2, 13001, '2019-02-03', '2019-02-15');
insert into locacao (usuario, exemplar, retirada, entrega) values (89, 13001, '2019-04-05', '2019-04-06');
insert into locacao (usuario, exemplar, retirada, entrega) values (73, 13001, '2019-04-12', '2019-04-12');
insert into locacao (usuario, exemplar, retirada, entrega) values (57, 13002, '2018-02-03', '2018-02-11');
insert into locacao (usuario, exemplar, retirada, entrega) values (21, 13002, '2018-05-10', '2018-05-11');
insert into locacao (usuario, exemplar, retirada, entrega) values (50, 13002, '2018-07-29', '2018-08-08');
insert into locacao (usuario, exemplar, retirada, entrega) values (17, 13002, '2018-08-22', '2018-08-28');
insert into locacao (usuario, exemplar, retirada, entrega) values (29, 13002, '2018-10-12', '2018-10-24');
insert into locacao (usuario, exemplar, retirada, entrega) values (50, 13002, '2018-12-12', '2018-12-19');
insert into locacao (usuario, exemplar, retirada, entrega) values (6, 13002, '2019-03-08', '2019-03-19');
insert into locacao (usuario, exemplar, retirada, entrega) values (37, 13003, '2018-02-05', '2018-02-14');
insert into locacao (usuario, exemplar, retirada, entrega) values (80, 13003, '2018-05-10', '2018-05-13');
insert into locacao (usuario, exemplar, retirada, entrega) values (67, 13003, '2018-05-12', '2018-05-12');
insert into locacao (usuario, exemplar, retirada, entrega) values (59, 13003, '2018-05-23', '2018-06-04');
insert into locacao (usuario, exemplar, retirada, entrega) values (74, 13003, '2018-08-16', '2018-08-27');
insert into locacao (usuario, exemplar, retirada, entrega) values (48, 13003, '2018-09-27', '2018-10-04');
insert into locacao (usuario, exemplar, retirada, entrega) values (35, 13003, '2018-09-27', '2018-10-09');
insert into locacao (usuario, exemplar, retirada, entrega) values (90, 13003, '2018-10-03', '2018-10-09');
insert into locacao (usuario, exemplar, retirada, entrega) values (53, 13003, '2018-12-12', '2018-12-16');
insert into locacao (usuario, exemplar, retirada, entrega) values (33, 13003, '2019-01-25', '2019-01-30');
insert into locacao (usuario, exemplar, retirada, entrega) values (70, 13003, '2019-02-25', '2019-03-07');
insert into locacao (usuario, exemplar, retirada, entrega) values (62, 13003, '2019-04-03', '2019-04-14');
insert into locacao (usuario, exemplar, retirada, entrega) values (66, 13003, '2019-04-06', '2019-04-18');
insert into locacao (usuario, exemplar, retirada, entrega) values (86, 13003, '2019-04-20', '2019-04-22');
insert into locacao (usuario, exemplar, retirada, entrega) values (34, 13004, '2018-01-10', '2018-01-11');
insert into locacao (usuario, exemplar, retirada, entrega) values (44, 13004, '2018-01-30', '2018-02-10');
insert into locacao (usuario, exemplar, retirada, entrega) values (9, 13004, '2018-04-11', '2018-04-18');
insert into locacao (usuario, exemplar, retirada, entrega) values (57, 13004, '2018-06-09', '2018-06-22');
insert into locacao (usuario, exemplar, retirada, entrega) values (77, 13004, '2018-06-27', '2018-07-06');
insert into locacao (usuario, exemplar, retirada, entrega) values (69, 13004, '2018-09-17', '2018-09-30');
insert into locacao (usuario, exemplar, retirada, entrega) values (66, 13004, '2018-12-10', '2018-12-19');
insert into locacao (usuario, exemplar, retirada, entrega) values (64, 13004, '2018-12-11', '2018-12-22');
insert into locacao (usuario, exemplar, retirada, entrega) values (27, 13004, '2018-12-19', '2018-12-28');
insert into locacao (usuario, exemplar, retirada, entrega) values (75, 13004, '2019-03-28', '2019-04-05');
insert into locacao (usuario, exemplar, retirada, entrega) values (47, 13005, '2018-04-09', '2018-04-10');
insert into locacao (usuario, exemplar, retirada, entrega) values (93, 13005, '2018-06-05', '2018-06-09');
insert into locacao (usuario, exemplar, retirada, entrega) values (74, 13005, '2018-06-06', '2018-06-10');
insert into locacao (usuario, exemplar, retirada, entrega) values (4, 13005, '2018-08-09', '2018-08-15');
insert into locacao (usuario, exemplar, retirada, entrega) values (32, 13005, '2018-11-15', '2018-11-28');
insert into locacao (usuario, exemplar, retirada, entrega) values (25, 13005, '2019-02-04', '2019-02-10');
insert into locacao (usuario, exemplar, retirada, entrega) values (29, 13005, '2019-04-02', '2019-04-05');
insert into locacao (usuario, exemplar, retirada, entrega) values (77, 13005, '2019-04-18', '2019-04-18');
insert into locacao (usuario, exemplar, retirada, entrega) values (9, 13005, '2019-04-24', '2019-04-24');
insert into locacao (usuario, exemplar, retirada, entrega) values (85, 14001, '2018-01-19', '2018-01-22');
insert into locacao (usuario, exemplar, retirada, entrega) values (55, 14001, '2018-02-02', '2018-02-10');
insert into locacao (usuario, exemplar, retirada, entrega) values (24, 14001, '2018-02-13', '2018-02-21');
insert into locacao (usuario, exemplar, retirada, entrega) values (48, 14001, '2018-03-24', '2018-03-28');
insert into locacao (usuario, exemplar, retirada, entrega) values (30, 14001, '2018-06-25', '2018-06-25');
insert into locacao (usuario, exemplar, retirada, entrega) values (47, 14001, '2018-07-28', '2018-08-03');
insert into locacao (usuario, exemplar, retirada, entrega) values (42, 14001, '2018-10-26', '2018-11-08');
insert into locacao (usuario, exemplar, retirada, entrega) values (99, 14001, '2019-01-29', '2019-02-01');
insert into locacao (usuario, exemplar, retirada, entrega) values (90, 14001, '2019-04-22', '2019-04-27');
insert into locacao (usuario, exemplar, retirada, entrega) values (2, 14002, '2018-03-13', '2018-03-15');
insert into locacao (usuario, exemplar, retirada, entrega) values (4, 14002, '2018-05-15', '2018-05-22');
insert into locacao (usuario, exemplar, retirada, entrega) values (87, 14002, '2018-08-16', '2018-08-18');
insert into locacao (usuario, exemplar, retirada, entrega) values (65, 14002, '2018-10-17', '2018-10-25');
insert into locacao (usuario, exemplar, retirada, entrega) values (70, 14002, '2018-12-11', '2018-12-12');
insert into locacao (usuario, exemplar, retirada, entrega) values (94, 14002, '2019-01-22', '2019-01-23');
insert into locacao (usuario, exemplar, retirada, entrega) values (89, 14002, '2019-03-18', '2019-03-25');
insert into locacao (usuario, exemplar, retirada, entrega) values (51, 14002, '2019-04-11', '2019-04-24');
insert into locacao (usuario, exemplar, retirada, entrega) values (26, 14003, '2018-03-01', '2018-03-09');
insert into locacao (usuario, exemplar, retirada, entrega) values (68, 14003, '2018-04-08', '2018-04-10');
insert into locacao (usuario, exemplar, retirada, entrega) values (11, 14003, '2018-07-04', '2018-07-17');
insert into locacao (usuario, exemplar, retirada, entrega) values (89, 14003, '2018-10-03', '2018-10-03');
insert into locacao (usuario, exemplar, retirada, entrega) values (43, 14003, '2019-01-02', '2019-01-02');
insert into locacao (usuario, exemplar, retirada, entrega) values (71, 14003, '2019-03-12', '2019-03-20');
insert into locacao (usuario, exemplar, retirada, entrega) values (9, 14004, '2018-03-01', '2018-03-11');
insert into locacao (usuario, exemplar, retirada, entrega) values (5, 14004, '2018-03-15', '2018-03-20');
insert into locacao (usuario, exemplar, retirada, entrega) values (37, 14004, '2018-05-08', '2018-05-19');
insert into locacao (usuario, exemplar, retirada, entrega) values (50, 14004, '2018-05-20', '2018-05-28');
insert into locacao (usuario, exemplar, retirada, entrega) values (5, 14004, '2018-06-17', '2018-06-29');
insert into locacao (usuario, exemplar, retirada, entrega) values (84, 14004, '2018-07-22', '2018-08-04');
insert into locacao (usuario, exemplar, retirada, entrega) values (42, 14004, '2018-09-02', '2018-09-14');
insert into locacao (usuario, exemplar, retirada, entrega) values (82, 14004, '2018-12-05', '2018-12-16');
insert into locacao (usuario, exemplar, retirada, entrega) values (73, 14004, '2018-12-31', '2019-01-10');
insert into locacao (usuario, exemplar, retirada, entrega) values (28, 14004, '2019-01-17', '2019-01-20');
insert into locacao (usuario, exemplar, retirada, entrega) values (18, 14004, '2019-03-03', '2019-03-14');
insert into locacao (usuario, exemplar, retirada, entrega) values (80, 14004, '2019-03-24', '2019-03-27');
insert into locacao (usuario, exemplar, retirada, entrega) values (5, 14004, '2019-04-11', '2019-04-11');
insert into locacao (usuario, exemplar, retirada, entrega) values (93, 15001, '2018-01-25', '2018-01-25');
insert into locacao (usuario, exemplar, retirada, entrega) values (18, 15001, '2018-03-15', '2018-03-16');
insert into locacao (usuario, exemplar, retirada, entrega) values (57, 15001, '2018-03-17', '2018-03-24');
insert into locacao (usuario, exemplar, retirada, entrega) values (48, 15001, '2018-03-28', '2018-04-02');
insert into locacao (usuario, exemplar, retirada, entrega) values (52, 15001, '2018-06-08', '2018-06-10');
insert into locacao (usuario, exemplar, retirada, entrega) values (42, 15001, '2018-09-09', '2018-09-18');
insert into locacao (usuario, exemplar, retirada, entrega) values (75, 15001, '2018-10-17', '2018-10-25');
insert into locacao (usuario, exemplar, retirada, entrega) values (43, 15001, '2018-11-27', '2018-12-01');
insert into locacao (usuario, exemplar, retirada, entrega) values (57, 15001, '2019-03-06', '2019-03-10');
insert into locacao (usuario, exemplar, retirada, entrega) values (40, 15002, '2018-03-10', '2018-03-19');
insert into locacao (usuario, exemplar, retirada, entrega) values (68, 15002, '2018-06-13', '2018-06-24');
insert into locacao (usuario, exemplar, retirada, entrega) values (3, 15002, '2018-09-20', '2018-09-27');
insert into locacao (usuario, exemplar, retirada, entrega) values (59, 15002, '2018-11-10', '2018-11-20');
insert into locacao (usuario, exemplar, retirada, entrega) values (77, 15002, '2019-01-31', '2019-02-06');
insert into locacao (usuario, exemplar, retirada, entrega) values (63, 15002, '2019-02-13', '2019-02-22');
insert into locacao (usuario, exemplar, retirada, entrega) values (61, 15002, '2019-02-21', '2019-03-04');
insert into locacao (usuario, exemplar, retirada, entrega) values (93, 15002, '2019-04-05', '2019-04-14');
insert into locacao (usuario, exemplar, retirada, entrega) values (68, 15002, '2019-04-23', '2019-05-04');
insert into locacao (usuario, exemplar, retirada, entrega) values (52, 15003, '2018-02-22', '2018-03-01');
insert into locacao (usuario, exemplar, retirada, entrega) values (10, 15003, '2018-04-07', '2018-04-16');
insert into locacao (usuario, exemplar, retirada, entrega) values (71, 15003, '2018-06-28', '2018-07-05');
insert into locacao (usuario, exemplar, retirada, entrega) values (83, 15003, '2018-06-29', '2018-06-30');
insert into locacao (usuario, exemplar, retirada, entrega) values (22, 15003, '2018-07-23', '2018-07-26');
insert into locacao (usuario, exemplar, retirada, entrega) values (43, 15003, '2018-08-27', '2018-08-28');
insert into locacao (usuario, exemplar, retirada, entrega) values (15, 15003, '2018-12-04', '2018-12-07');
insert into locacao (usuario, exemplar, retirada, entrega) values (74, 15003, '2019-03-05', '2019-03-17');
insert into locacao (usuario, exemplar, retirada, entrega) values (66, 15003, '2019-04-16', '2019-04-26');
insert into locacao (usuario, exemplar, retirada, entrega) values (92, 15004, '2018-02-07', '2018-02-12');
insert into locacao (usuario, exemplar, retirada, entrega) values (92, 15004, '2018-03-29', '2018-04-05');
insert into locacao (usuario, exemplar, retirada, entrega) values (86, 15004, '2018-05-21', '2018-05-23');
insert into locacao (usuario, exemplar, retirada, entrega) values (74, 15004, '2018-08-25', '2018-08-30');
insert into locacao (usuario, exemplar, retirada, entrega) values (40, 15004, '2018-10-28', '2018-11-07');
insert into locacao (usuario, exemplar, retirada, entrega) values (31, 15004, '2019-01-29', '2019-02-07');
insert into locacao (usuario, exemplar, retirada, entrega) values (7, 15004, '2019-03-05', '2019-03-05');
insert into locacao (usuario, exemplar, retirada, entrega) values (91, 15004, '2019-04-09', '2019-04-10');
insert into locacao (usuario, exemplar, retirada, entrega) values (2, 16001, '2018-01-13', '2018-01-17');
insert into locacao (usuario, exemplar, retirada, entrega) values (14, 16001, '2018-02-06', '2018-02-19');
insert into locacao (usuario, exemplar, retirada, entrega) values (67, 16001, '2018-03-05', '2018-03-08');
insert into locacao (usuario, exemplar, retirada, entrega) values (41, 16001, '2018-06-10', '2018-06-17');
insert into locacao (usuario, exemplar, retirada, entrega) values (30, 16001, '2018-09-12', '2018-09-15');
insert into locacao (usuario, exemplar, retirada, entrega) values (37, 16001, '2018-11-23', '2018-11-28');
insert into locacao (usuario, exemplar, retirada, entrega) values (32, 16001, '2018-12-27', '2018-12-29');
insert into locacao (usuario, exemplar, retirada, entrega) values (9, 16001, '2019-01-11', '2019-01-18');
insert into locacao (usuario, exemplar, retirada, entrega) values (80, 16001, '2019-04-17', '2019-04-25');
insert into locacao (usuario, exemplar, retirada, entrega) values (96, 17001, '2018-01-27', '2018-02-06');
insert into locacao (usuario, exemplar, retirada, entrega) values (92, 17001, '2018-04-05', '2018-04-09');
insert into locacao (usuario, exemplar, retirada, entrega) values (10, 17001, '2018-05-23', '2018-05-23');
insert into locacao (usuario, exemplar, retirada, entrega) values (82, 17001, '2018-08-09', '2018-08-16');
insert into locacao (usuario, exemplar, retirada, entrega) values (65, 17001, '2018-08-23', '2018-08-24');
insert into locacao (usuario, exemplar, retirada, entrega) values (12, 17001, '2018-10-27', '2018-10-27');
insert into locacao (usuario, exemplar, retirada, entrega) values (44, 17001, '2018-11-25', '2018-11-29');
insert into locacao (usuario, exemplar, retirada, entrega) values (9, 17001, '2018-12-20', '2018-12-20');
insert into locacao (usuario, exemplar, retirada, entrega) values (28, 17001, '2019-02-11', '2019-02-20');
insert into locacao (usuario, exemplar, retirada, entrega) values (89, 17001, '2019-03-29', '2019-04-05');
insert into locacao (usuario, exemplar, retirada, entrega) values (15, 18001, '2018-01-17', '2018-01-21');
insert into locacao (usuario, exemplar, retirada, entrega) values (21, 18001, '2018-03-11', '2018-03-16');
insert into locacao (usuario, exemplar, retirada, entrega) values (43, 18001, '2018-06-08', '2018-06-16');
insert into locacao (usuario, exemplar, retirada, entrega) values (4, 18001, '2018-08-09', '2018-08-20');
insert into locacao (usuario, exemplar, retirada, entrega) values (11, 18001, '2018-09-01', '2018-09-14');
insert into locacao (usuario, exemplar, retirada, entrega) values (69, 18001, '2018-11-16', '2018-11-20');
insert into locacao (usuario, exemplar, retirada, entrega) values (73, 18001, '2019-02-11', '2019-02-24');
insert into locacao (usuario, exemplar, retirada, entrega) values (9, 18001, '2019-03-13', '2019-03-13');
insert into locacao (usuario, exemplar, retirada, entrega) values (99, 18002, '2018-03-08', '2018-03-19');
insert into locacao (usuario, exemplar, retirada, entrega) values (6, 18002, '2018-05-29', '2018-05-30');
insert into locacao (usuario, exemplar, retirada, entrega) values (16, 18002, '2018-06-20', '2018-06-20');
insert into locacao (usuario, exemplar, retirada, entrega) values (26, 18002, '2018-08-20', '2018-08-23');
insert into locacao (usuario, exemplar, retirada, entrega) values (8, 18002, '2018-09-28', '2018-10-03');
insert into locacao (usuario, exemplar, retirada, entrega) values (67, 18002, '2019-01-03', '2019-01-15');
insert into locacao (usuario, exemplar, retirada, entrega) values (67, 18002, '2019-02-25', '2019-02-26');
insert into locacao (usuario, exemplar, retirada, entrega) values (78, 18002, '2019-04-22', '2019-04-22');
insert into locacao (usuario, exemplar, retirada, entrega) values (60, 18003, '2018-03-29', '2018-03-30');
insert into locacao (usuario, exemplar, retirada, entrega) values (31, 18003, '2018-04-05', '2018-04-06');
insert into locacao (usuario, exemplar, retirada, entrega) values (74, 18003, '2018-04-10', '2018-04-13');
insert into locacao (usuario, exemplar, retirada, entrega) values (76, 18003, '2018-04-19', '2018-04-27');
insert into locacao (usuario, exemplar, retirada, entrega) values (21, 18003, '2018-04-30', '2018-05-12');
insert into locacao (usuario, exemplar, retirada, entrega) values (38, 18003, '2018-07-21', '2018-07-31');
insert into locacao (usuario, exemplar, retirada, entrega) values (63, 18003, '2018-09-20', '2018-09-30');
insert into locacao (usuario, exemplar, retirada, entrega) values (37, 18003, '2018-12-05', '2018-12-16');
insert into locacao (usuario, exemplar, retirada, entrega) values (20, 18003, '2019-01-15', '2019-01-20');
insert into locacao (usuario, exemplar, retirada, entrega) values (15, 18003, '2019-03-16', '2019-03-22');
insert into locacao (usuario, exemplar, retirada, entrega) values (20, 18003, '2019-04-04', '2019-04-13');
insert into locacao (usuario, exemplar, retirada, entrega) values (100, 18004, '2018-04-05', '2018-04-09');
insert into locacao (usuario, exemplar, retirada, entrega) values (52, 18004, '2018-05-02', '2018-05-03');
insert into locacao (usuario, exemplar, retirada, entrega) values (62, 18004, '2018-08-01', '2018-08-08');
insert into locacao (usuario, exemplar, retirada, entrega) values (31, 18004, '2018-09-09', '2018-09-12');
insert into locacao (usuario, exemplar, retirada, entrega) values (11, 18004, '2018-12-16', '2018-12-24');
insert into locacao (usuario, exemplar, retirada, entrega) values (28, 18004, '2019-02-28', '2019-03-09');
insert into locacao (usuario, exemplar, retirada, entrega) values (12, 18004, '2019-03-30', '2019-04-12');
insert into locacao (usuario, exemplar, retirada, entrega) values (86, 18005, '2018-02-26', '2018-02-28');
insert into locacao (usuario, exemplar, retirada, entrega) values (64, 18005, '2018-04-23', '2018-04-24');
insert into locacao (usuario, exemplar, retirada, entrega) values (43, 18005, '2018-05-27', '2018-05-27');
insert into locacao (usuario, exemplar, retirada, entrega) values (80, 18005, '2018-06-10', '2018-06-10');
insert into locacao (usuario, exemplar, retirada, entrega) values (96, 18005, '2018-08-27', '2018-09-09');
insert into locacao (usuario, exemplar, retirada, entrega) values (55, 18005, '2018-09-28', '2018-09-29');
insert into locacao (usuario, exemplar, retirada, entrega) values (60, 18005, '2018-12-17', '2018-12-20');
insert into locacao (usuario, exemplar, retirada, entrega) values (39, 18005, '2019-01-02', '2019-01-13');
insert into locacao (usuario, exemplar, retirada, entrega) values (74, 18005, '2019-02-23', '2019-03-08');
insert into locacao (usuario, exemplar, retirada, entrega) values (25, 19001, '2018-04-09', '2018-04-16');
insert into locacao (usuario, exemplar, retirada, entrega) values (30, 19001, '2018-06-27', '2018-07-05');
insert into locacao (usuario, exemplar, retirada, entrega) values (95, 19001, '2018-09-12', '2018-09-23');
insert into locacao (usuario, exemplar, retirada, entrega) values (79, 19001, '2018-12-07', '2018-12-11');
insert into locacao (usuario, exemplar, retirada, entrega) values (65, 19001, '2019-03-08', '2019-03-18');
insert into locacao (usuario, exemplar, retirada, entrega) values (5, 20001, '2018-02-16', '2018-02-24');
insert into locacao (usuario, exemplar, retirada, entrega) values (8, 20001, '2018-04-19', '2018-04-22');
insert into locacao (usuario, exemplar, retirada, entrega) values (95, 20001, '2018-05-06', '2018-05-13');
insert into locacao (usuario, exemplar, retirada, entrega) values (10, 20001, '2018-05-29', '2018-06-06');
insert into locacao (usuario, exemplar, retirada, entrega) values (67, 20001, '2018-07-12', '2018-07-15');
insert into locacao (usuario, exemplar, retirada, entrega) values (72, 20001, '2018-08-13', '2018-08-19');
insert into locacao (usuario, exemplar, retirada, entrega) values (83, 20001, '2018-10-18', '2018-10-31');
insert into locacao (usuario, exemplar, retirada, entrega) values (31, 20001, '2018-11-02', '2018-11-11');
insert into locacao (usuario, exemplar, retirada, entrega) values (59, 20001, '2019-02-07', '2019-02-14');
insert into locacao (usuario, exemplar, retirada, entrega) values (5, 20001, '2019-04-13', '2019-04-21');
insert into locacao (usuario, exemplar, retirada, entrega) values (77, 20002, '2018-01-01', '2018-01-03');
insert into locacao (usuario, exemplar, retirada, entrega) values (61, 20002, '2018-02-23', '2018-03-03');
insert into locacao (usuario, exemplar, retirada, entrega) values (72, 20002, '2018-05-01', '2018-05-11');
insert into locacao (usuario, exemplar, retirada, entrega) values (31, 20002, '2018-08-05', '2018-08-15');
insert into locacao (usuario, exemplar, retirada, entrega) values (67, 20002, '2018-10-06', '2018-10-16');
insert into locacao (usuario, exemplar, retirada, entrega) values (77, 20002, '2018-10-17', '2018-10-23');
insert into locacao (usuario, exemplar, retirada, entrega) values (93, 20002, '2018-12-22', '2018-12-25');
insert into locacao (usuario, exemplar, retirada, entrega) values (80, 20002, '2019-01-03', '2019-01-03');
insert into locacao (usuario, exemplar, retirada, entrega) values (92, 20002, '2019-01-25', '2019-01-27');
insert into locacao (usuario, exemplar, retirada, entrega) values (85, 20002, '2019-02-14', '2019-02-18');
insert into locacao (usuario, exemplar, retirada, entrega) values (42, 20002, '2019-03-28', '2019-04-02');
insert into locacao (usuario, exemplar, retirada, entrega) values (92, 21001, '2018-01-03', '2018-01-12');
insert into locacao (usuario, exemplar, retirada, entrega) values (44, 21001, '2018-02-17', '2018-02-21');
insert into locacao (usuario, exemplar, retirada, entrega) values (68, 21001, '2018-04-22', '2018-05-04');
insert into locacao (usuario, exemplar, retirada, entrega) values (17, 21001, '2018-05-18', '2018-05-23');
insert into locacao (usuario, exemplar, retirada, entrega) values (69, 21001, '2018-08-09', '2018-08-21');
insert into locacao (usuario, exemplar, retirada, entrega) values (24, 21001, '2018-10-14', '2018-10-18');
insert into locacao (usuario, exemplar, retirada, entrega) values (72, 21001, '2019-01-15', '2019-01-19');
insert into locacao (usuario, exemplar, retirada, entrega) values (76, 21001, '2019-01-28', '2019-01-30');
insert into locacao (usuario, exemplar, retirada, entrega) values (27, 21001, '2019-04-21', '2019-05-04');
insert into locacao (usuario, exemplar, retirada, entrega) values (67, 21001, '2019-04-25', '2019-05-08');
insert into locacao (usuario, exemplar, retirada, entrega) values (41, 21002, '2018-03-05', '2018-03-18');
insert into locacao (usuario, exemplar, retirada, entrega) values (9, 21002, '2018-05-04', '2018-05-14');
insert into locacao (usuario, exemplar, retirada, entrega) values (17, 21002, '2018-05-06', '2018-05-11');
insert into locacao (usuario, exemplar, retirada, entrega) values (43, 21002, '2018-05-07', '2018-05-20');
insert into locacao (usuario, exemplar, retirada, entrega) values (96, 21002, '2018-06-03', '2018-06-16');
insert into locacao (usuario, exemplar, retirada, entrega) values (97, 21002, '2018-07-16', '2018-07-27');
insert into locacao (usuario, exemplar, retirada, entrega) values (24, 21002, '2018-08-08', '2018-08-11');
insert into locacao (usuario, exemplar, retirada, entrega) values (87, 21002, '2018-08-18', '2018-08-22');
insert into locacao (usuario, exemplar, retirada, entrega) values (56, 21002, '2018-11-12', '2018-11-25');
insert into locacao (usuario, exemplar, retirada, entrega) values (19, 21002, '2019-02-10', '2019-02-17');
insert into locacao (usuario, exemplar, retirada, entrega) values (50, 21003, '2018-02-22', '2018-03-01');
insert into locacao (usuario, exemplar, retirada, entrega) values (97, 21003, '2018-03-14', '2018-03-27');
insert into locacao (usuario, exemplar, retirada, entrega) values (22, 21003, '2018-05-22', '2018-05-23');
insert into locacao (usuario, exemplar, retirada, entrega) values (96, 21003, '2018-06-02', '2018-06-09');
insert into locacao (usuario, exemplar, retirada, entrega) values (53, 21003, '2018-07-13', '2018-07-21');
insert into locacao (usuario, exemplar, retirada, entrega) values (55, 21003, '2018-10-15', '2018-10-16');
insert into locacao (usuario, exemplar, retirada, entrega) values (48, 21003, '2018-12-09', '2018-12-17');
insert into locacao (usuario, exemplar, retirada, entrega) values (12, 21003, '2019-03-10', '2019-03-23');
insert into locacao (usuario, exemplar, retirada, entrega) values (2, 21003, '2019-04-10', '2019-04-19');
insert into locacao (usuario, exemplar, retirada, entrega) values (73, 21004, '2018-02-01', '2018-02-05');
insert into locacao (usuario, exemplar, retirada, entrega) values (89, 21004, '2018-04-01', '2018-04-09');
insert into locacao (usuario, exemplar, retirada, entrega) values (39, 21004, '2018-05-14', '2018-05-26');
insert into locacao (usuario, exemplar, retirada, entrega) values (20, 21004, '2018-06-25', '2018-06-29');
insert into locacao (usuario, exemplar, retirada, entrega) values (64, 21004, '2018-08-29', '2018-09-09');
insert into locacao (usuario, exemplar, retirada, entrega) values (58, 21004, '2018-10-29', '2018-11-01');
insert into locacao (usuario, exemplar, retirada, entrega) values (24, 21004, '2018-12-13', '2018-12-22');
insert into locacao (usuario, exemplar, retirada, entrega) values (90, 21004, '2019-02-06', '2019-02-06');
insert into locacao (usuario, exemplar, retirada, entrega) values (4, 21004, '2019-03-23', '2019-03-26');
insert into locacao (usuario, exemplar, retirada, entrega) values (12, 21004, '2019-04-03', '2019-04-03');
insert into locacao (usuario, exemplar, retirada, entrega) values (47, 22001, '2018-01-29', '2018-02-03');
insert into locacao (usuario, exemplar, retirada, entrega) values (78, 22001, '2018-02-08', '2018-02-17');
insert into locacao (usuario, exemplar, retirada, entrega) values (52, 22001, '2018-05-14', '2018-05-19');
insert into locacao (usuario, exemplar, retirada, entrega) values (35, 22001, '2018-08-13', '2018-08-24');
insert into locacao (usuario, exemplar, retirada, entrega) values (27, 22001, '2018-09-23', '2018-09-26');
insert into locacao (usuario, exemplar, retirada, entrega) values (1, 22001, '2018-10-31', '2018-11-04');
insert into locacao (usuario, exemplar, retirada, entrega) values (55, 22001, '2018-11-11', '2018-11-15');
insert into locacao (usuario, exemplar, retirada, entrega) values (54, 22001, '2018-12-20', '2018-12-26');
insert into locacao (usuario, exemplar, retirada, entrega) values (78, 22001, '2019-02-24', '2019-02-28');
insert into locacao (usuario, exemplar, retirada, entrega) values (69, 22002, '2018-01-23', '2018-01-28');
insert into locacao (usuario, exemplar, retirada, entrega) values (48, 22002, '2018-02-17', '2018-03-01');
insert into locacao (usuario, exemplar, retirada, entrega) values (90, 22002, '2018-04-04', '2018-04-17');
insert into locacao (usuario, exemplar, retirada, entrega) values (24, 22002, '2018-06-18', '2018-07-01');
insert into locacao (usuario, exemplar, retirada, entrega) values (89, 22002, '2018-07-15', '2018-07-25');
insert into locacao (usuario, exemplar, retirada, entrega) values (8, 22002, '2018-10-17', '2018-10-28');
insert into locacao (usuario, exemplar, retirada, entrega) values (61, 22002, '2018-12-23', '2019-01-01');
insert into locacao (usuario, exemplar, retirada, entrega) values (79, 22002, '2019-02-19', '2019-03-02');
insert into locacao (usuario, exemplar, retirada, entrega) values (65, 22002, '2019-04-11', '2019-04-12');
insert into locacao (usuario, exemplar, retirada, entrega) values (73, 22003, '2018-02-16', '2018-02-21');
insert into locacao (usuario, exemplar, retirada, entrega) values (45, 22003, '2018-03-29', '2018-04-06');
insert into locacao (usuario, exemplar, retirada, entrega) values (81, 22003, '2018-03-30', '2018-04-12');
insert into locacao (usuario, exemplar, retirada, entrega) values (83, 22003, '2018-06-22', '2018-06-30');
insert into locacao (usuario, exemplar, retirada, entrega) values (21, 22003, '2018-07-04', '2018-07-13');
insert into locacao (usuario, exemplar, retirada, entrega) values (20, 22003, '2018-10-04', '2018-10-04');
insert into locacao (usuario, exemplar, retirada, entrega) values (1, 22003, '2018-10-11', '2018-10-16');
insert into locacao (usuario, exemplar, retirada, entrega) values (91, 22003, '2018-11-14', '2018-11-17');
insert into locacao (usuario, exemplar, retirada, entrega) values (69, 22003, '2018-11-28', '2018-12-07');
insert into locacao (usuario, exemplar, retirada, entrega) values (17, 22003, '2019-01-11', '2019-01-23');
insert into locacao (usuario, exemplar, retirada, entrega) values (29, 22003, '2019-04-10', '2019-04-17');
insert into locacao (usuario, exemplar, retirada, entrega) values (82, 22004, '2018-01-11', '2018-01-13');
insert into locacao (usuario, exemplar, retirada, entrega) values (24, 22004, '2018-02-28', '2018-03-04');
insert into locacao (usuario, exemplar, retirada, entrega) values (54, 22004, '2018-05-07', '2018-05-12');
insert into locacao (usuario, exemplar, retirada, entrega) values (22, 22004, '2018-06-02', '2018-06-04');
insert into locacao (usuario, exemplar, retirada, entrega) values (42, 22004, '2018-06-09', '2018-06-16');
insert into locacao (usuario, exemplar, retirada, entrega) values (96, 22004, '2018-08-25', '2018-09-07');
insert into locacao (usuario, exemplar, retirada, entrega) values (75, 22004, '2018-10-26', '2018-10-26');
insert into locacao (usuario, exemplar, retirada, entrega) values (21, 22004, '2018-11-24', '2018-12-04');
insert into locacao (usuario, exemplar, retirada, entrega) values (67, 22004, '2019-01-14', '2019-01-18');
insert into locacao (usuario, exemplar, retirada, entrega) values (91, 22004, '2019-04-20', '2019-04-24');
insert into locacao (usuario, exemplar, retirada, entrega) values (57, 23001, '2018-02-02', '2018-02-08');
insert into locacao (usuario, exemplar, retirada, entrega) values (96, 23001, '2018-03-12', '2018-03-16');
insert into locacao (usuario, exemplar, retirada, entrega) values (73, 23001, '2018-04-10', '2018-04-21');
insert into locacao (usuario, exemplar, retirada, entrega) values (42, 23001, '2018-04-12', '2018-04-19');
insert into locacao (usuario, exemplar, retirada, entrega) values (70, 23001, '2018-06-14', '2018-06-18');
insert into locacao (usuario, exemplar, retirada, entrega) values (33, 23001, '2018-08-08', '2018-08-16');
insert into locacao (usuario, exemplar, retirada, entrega) values (30, 23001, '2018-10-18', '2018-10-25');
insert into locacao (usuario, exemplar, retirada, entrega) values (36, 23001, '2018-12-30', '2019-01-10');
insert into locacao (usuario, exemplar, retirada, entrega) values (5, 23001, '2019-02-14', '2019-02-21');
insert into locacao (usuario, exemplar, retirada, entrega) values (13, 23002, '2018-02-01', '2018-02-03');
insert into locacao (usuario, exemplar, retirada, entrega) values (6, 23002, '2018-02-11', '2018-02-14');
insert into locacao (usuario, exemplar, retirada, entrega) values (6, 23002, '2018-02-26', '2018-03-06');
insert into locacao (usuario, exemplar, retirada, entrega) values (62, 23002, '2018-05-24', '2018-05-25');
insert into locacao (usuario, exemplar, retirada, entrega) values (45, 23002, '2018-06-26', '2018-07-02');
insert into locacao (usuario, exemplar, retirada, entrega) values (78, 23002, '2018-07-27', '2018-08-09');
insert into locacao (usuario, exemplar, retirada, entrega) values (67, 23002, '2018-10-24', '2018-10-26');
insert into locacao (usuario, exemplar, retirada, entrega) values (65, 23002, '2018-11-05', '2018-11-17');
insert into locacao (usuario, exemplar, retirada, entrega) values (87, 23002, '2018-12-05', '2018-12-17');
insert into locacao (usuario, exemplar, retirada, entrega) values (5, 23002, '2019-01-18', '2019-01-19');
insert into locacao (usuario, exemplar, retirada, entrega) values (23, 23002, '2019-03-24', '2019-03-26');
insert into locacao (usuario, exemplar, retirada, entrega) values (7, 23002, '2019-04-07', '2019-04-19');
insert into locacao (usuario, exemplar, retirada, entrega) values (64, 23003, '2018-03-26', '2018-04-01');
insert into locacao (usuario, exemplar, retirada, entrega) values (87, 23003, '2018-04-16', '2018-04-20');
insert into locacao (usuario, exemplar, retirada, entrega) values (97, 23003, '2018-06-19', '2018-06-21');
insert into locacao (usuario, exemplar, retirada, entrega) values (91, 23003, '2018-09-16', '2018-09-16');
insert into locacao (usuario, exemplar, retirada, entrega) values (25, 23003, '2018-12-13', '2018-12-23');
insert into locacao (usuario, exemplar, retirada, entrega) values (82, 23003, '2019-02-18', '2019-02-28');
insert into locacao (usuario, exemplar, retirada, entrega) values (26, 23004, '2018-03-07', '2018-03-11');
insert into locacao (usuario, exemplar, retirada, entrega) values (96, 23004, '2018-04-08', '2018-04-15');
insert into locacao (usuario, exemplar, retirada, entrega) values (95, 23004, '2018-05-25', '2018-05-26');
insert into locacao (usuario, exemplar, retirada, entrega) values (86, 23004, '2018-08-17', '2018-08-27');
insert into locacao (usuario, exemplar, retirada, entrega) values (45, 23004, '2018-10-20', '2018-11-01');
insert into locacao (usuario, exemplar, retirada, entrega) values (52, 23004, '2018-11-23', '2018-11-27');
insert into locacao (usuario, exemplar, retirada, entrega) values (51, 23004, '2019-02-24', '2019-03-03');
insert into locacao (usuario, exemplar, retirada, entrega) values (15, 23005, '2018-03-07', '2018-03-12');
insert into locacao (usuario, exemplar, retirada, entrega) values (94, 23005, '2018-05-25', '2018-05-26');
insert into locacao (usuario, exemplar, retirada, entrega) values (53, 23005, '2018-07-31', '2018-08-12');
insert into locacao (usuario, exemplar, retirada, entrega) values (43, 23005, '2018-09-04', '2018-09-05');
insert into locacao (usuario, exemplar, retirada, entrega) values (80, 23005, '2018-10-25', '2018-11-02');
insert into locacao (usuario, exemplar, retirada, entrega) values (70, 23005, '2018-12-08', '2018-12-14');
insert into locacao (usuario, exemplar, retirada, entrega) values (74, 23005, '2019-01-20', '2019-01-22');
insert into locacao (usuario, exemplar, retirada, entrega) values (31, 23005, '2019-04-11', '2019-04-12');
insert into locacao (usuario, exemplar, retirada, entrega) values (1, 24001, '2018-01-20', '2018-01-28');
insert into locacao (usuario, exemplar, retirada, entrega) values (48, 24001, '2018-03-12', '2018-03-18');
insert into locacao (usuario, exemplar, retirada, entrega) values (28, 24001, '2018-03-31', '2018-04-11');
insert into locacao (usuario, exemplar, retirada, entrega) values (80, 24001, '2018-04-28', '2018-05-09');
insert into locacao (usuario, exemplar, retirada, entrega) values (92, 24001, '2018-07-30', '2018-08-09');
insert into locacao (usuario, exemplar, retirada, entrega) values (52, 24001, '2018-10-26', '2018-11-02');
insert into locacao (usuario, exemplar, retirada, entrega) values (58, 24001, '2019-01-18', '2019-01-20');
insert into locacao (usuario, exemplar, retirada, entrega) values (20, 24001, '2019-01-22', '2019-02-02');
insert into locacao (usuario, exemplar, retirada, entrega) values (75, 24001, '2019-03-12', '2019-03-17');
insert into locacao (usuario, exemplar, retirada, entrega) values (10, 24002, '2018-03-30', '2018-04-03');
insert into locacao (usuario, exemplar, retirada, entrega) values (12, 24002, '2018-05-10', '2018-05-16');
insert into locacao (usuario, exemplar, retirada, entrega) values (85, 24002, '2018-05-16', '2018-05-28');
insert into locacao (usuario, exemplar, retirada, entrega) values (55, 24002, '2018-05-23', '2018-05-26');
insert into locacao (usuario, exemplar, retirada, entrega) values (64, 24002, '2018-06-22', '2018-06-25');
insert into locacao (usuario, exemplar, retirada, entrega) values (56, 24002, '2018-07-26', '2018-08-01');
insert into locacao (usuario, exemplar, retirada, entrega) values (12, 24002, '2018-08-18', '2018-08-27');
insert into locacao (usuario, exemplar, retirada, entrega) values (37, 24002, '2018-08-29', '2018-09-05');
insert into locacao (usuario, exemplar, retirada, entrega) values (80, 24002, '2018-10-01', '2018-10-01');
insert into locacao (usuario, exemplar, retirada, entrega) values (85, 24002, '2018-12-17', '2018-12-29');
insert into locacao (usuario, exemplar, retirada, entrega) values (28, 24002, '2019-01-06', '2019-01-17');
insert into locacao (usuario, exemplar, retirada, entrega) values (89, 24002, '2019-02-05', '2019-02-08');
insert into locacao (usuario, exemplar, retirada, entrega) values (60, 24002, '2019-04-11', '2019-04-21');
insert into locacao (usuario, exemplar, retirada, entrega) values (47, 24002, '2019-04-13', '2019-04-13');
insert into locacao (usuario, exemplar, retirada, entrega) values (54, 24003, '2018-01-05', '2018-01-05');
insert into locacao (usuario, exemplar, retirada, entrega) values (52, 24003, '2018-03-28', '2018-04-02');
insert into locacao (usuario, exemplar, retirada, entrega) values (11, 24003, '2018-05-08', '2018-05-14');
insert into locacao (usuario, exemplar, retirada, entrega) values (56, 24003, '2018-06-08', '2018-06-14');
insert into locacao (usuario, exemplar, retirada, entrega) values (66, 24003, '2018-08-09', '2018-08-15');
insert into locacao (usuario, exemplar, retirada, entrega) values (54, 24003, '2018-08-15', '2018-08-22');
insert into locacao (usuario, exemplar, retirada, entrega) values (41, 24003, '2018-09-02', '2018-09-06');
insert into locacao (usuario, exemplar, retirada, entrega) values (66, 24003, '2018-11-03', '2018-11-13');
insert into locacao (usuario, exemplar, retirada, entrega) values (83, 24003, '2018-12-17', '2018-12-22');
insert into locacao (usuario, exemplar, retirada, entrega) values (61, 24003, '2019-01-21', '2019-01-22');
insert into locacao (usuario, exemplar, retirada, entrega) values (33, 24003, '2019-04-12', '2019-04-24');
insert into locacao (usuario, exemplar, retirada, entrega) values (79, 24004, '2018-03-11', '2018-03-18');
insert into locacao (usuario, exemplar, retirada, entrega) values (27, 24004, '2018-04-05', '2018-04-06');
insert into locacao (usuario, exemplar, retirada, entrega) values (37, 24004, '2018-07-04', '2018-07-15');
insert into locacao (usuario, exemplar, retirada, entrega) values (93, 24004, '2018-07-26', '2018-08-07');
insert into locacao (usuario, exemplar, retirada, entrega) values (17, 24004, '2018-08-12', '2018-08-23');
insert into locacao (usuario, exemplar, retirada, entrega) values (84, 24004, '2018-11-09', '2018-11-16');
insert into locacao (usuario, exemplar, retirada, entrega) values (26, 24004, '2018-11-29', '2018-12-05');
insert into locacao (usuario, exemplar, retirada, entrega) values (73, 24004, '2018-12-02', '2018-12-13');
insert into locacao (usuario, exemplar, retirada, entrega) values (18, 24004, '2018-12-07', '2018-12-14');
insert into locacao (usuario, exemplar, retirada, entrega) values (47, 24004, '2019-01-11', '2019-01-24');
insert into locacao (usuario, exemplar, retirada, entrega) values (99, 24004, '2019-01-13', '2019-01-20');
insert into locacao (usuario, exemplar, retirada, entrega) values (42, 24004, '2019-02-13', '2019-02-26');
insert into locacao (usuario, exemplar, retirada, entrega) values (3, 24004, '2019-03-12', '2019-03-20');
insert into locacao (usuario, exemplar, retirada, entrega) values (55, 24005, '2018-03-06', '2018-03-07');
insert into locacao (usuario, exemplar, retirada, entrega) values (25, 24005, '2018-03-20', '2018-03-29');
insert into locacao (usuario, exemplar, retirada, entrega) values (71, 24005, '2018-05-02', '2018-05-14');
insert into locacao (usuario, exemplar, retirada, entrega) values (40, 24005, '2018-07-28', '2018-08-02');
insert into locacao (usuario, exemplar, retirada, entrega) values (1, 24005, '2018-09-19', '2018-09-21');
insert into locacao (usuario, exemplar, retirada, entrega) values (75, 24005, '2018-11-08', '2018-11-11');
insert into locacao (usuario, exemplar, retirada, entrega) values (90, 24005, '2019-01-23', '2019-02-01');
insert into locacao (usuario, exemplar, retirada, entrega) values (89, 24005, '2019-02-16', '2019-02-17');
insert into locacao (usuario, exemplar, retirada, entrega) values (56, 24005, '2019-04-11', '2019-04-15');
insert into locacao (usuario, exemplar, retirada, entrega) values (79, 25001, '2018-03-20', '2018-03-21');
insert into locacao (usuario, exemplar, retirada, entrega) values (62, 25001, '2018-04-17', '2018-04-22');
insert into locacao (usuario, exemplar, retirada, entrega) values (70, 25001, '2018-05-01', '2018-05-14');
insert into locacao (usuario, exemplar, retirada, entrega) values (55, 25001, '2018-07-31', '2018-08-09');
insert into locacao (usuario, exemplar, retirada, entrega) values (7, 25001, '2018-08-29', '2018-09-09');
insert into locacao (usuario, exemplar, retirada, entrega) values (89, 25001, '2018-10-24', '2018-10-31');
insert into locacao (usuario, exemplar, retirada, entrega) values (5, 25001, '2018-11-16', '2018-11-16');
insert into locacao (usuario, exemplar, retirada, entrega) values (38, 25001, '2018-12-17', '2018-12-22');
insert into locacao (usuario, exemplar, retirada, entrega) values (95, 25001, '2019-01-07', '2019-01-20');
insert into locacao (usuario, exemplar, retirada, entrega) values (61, 25001, '2019-03-19', '2019-03-21');
insert into locacao (usuario, exemplar, retirada, entrega) values (75, 25002, '2018-01-20', '2018-01-21');
insert into locacao (usuario, exemplar, retirada, entrega) values (1, 25002, '2018-04-24', '2018-04-25');
insert into locacao (usuario, exemplar, retirada, entrega) values (47, 25002, '2018-05-21', '2018-05-27');
insert into locacao (usuario, exemplar, retirada, entrega) values (94, 25002, '2018-06-26', '2018-06-27');
insert into locacao (usuario, exemplar, retirada, entrega) values (92, 25002, '2018-09-11', '2018-09-16');
insert into locacao (usuario, exemplar, retirada, entrega) values (24, 25002, '2018-11-01', '2018-11-11');
insert into locacao (usuario, exemplar, retirada, entrega) values (98, 25002, '2018-11-01', '2018-11-03');
insert into locacao (usuario, exemplar, retirada, entrega) values (64, 25002, '2019-01-31', '2019-02-02');
insert into locacao (usuario, exemplar, retirada, entrega) values (32, 25002, '2019-04-21', '2019-04-27');
insert into locacao (usuario, exemplar, retirada, entrega) values (96, 25003, '2018-01-23', '2018-01-27');
insert into locacao (usuario, exemplar, retirada, entrega) values (28, 25003, '2018-03-11', '2018-03-24');
insert into locacao (usuario, exemplar, retirada, entrega) values (43, 25003, '2018-06-01', '2018-06-03');
insert into locacao (usuario, exemplar, retirada, entrega) values (61, 25003, '2018-07-31', '2018-08-04');
insert into locacao (usuario, exemplar, retirada, entrega) values (77, 25003, '2018-10-26', '2018-11-04');
insert into locacao (usuario, exemplar, retirada, entrega) values (59, 25003, '2019-01-18', '2019-01-21');
insert into locacao (usuario, exemplar, retirada, entrega) values (12, 25003, '2019-02-26', '2019-02-26');
insert into locacao (usuario, exemplar, retirada, entrega) values (66, 25003, '2019-04-28', '2019-05-08');
insert into locacao (usuario, exemplar, retirada, entrega) values (58, 25004, '2018-02-28', '2018-03-12');
insert into locacao (usuario, exemplar, retirada, entrega) values (61, 25004, '2018-05-30', '2018-06-02');
insert into locacao (usuario, exemplar, retirada, entrega) values (48, 25004, '2018-07-16', '2018-07-17');
insert into locacao (usuario, exemplar, retirada, entrega) values (61, 25004, '2018-09-03', '2018-09-11');
insert into locacao (usuario, exemplar, retirada, entrega) values (38, 25004, '2018-10-22', '2018-10-30');
insert into locacao (usuario, exemplar, retirada, entrega) values (97, 25004, '2018-10-25', '2018-11-05');
insert into locacao (usuario, exemplar, retirada, entrega) values (32, 25004, '2018-11-13', '2018-11-20');
insert into locacao (usuario, exemplar, retirada, entrega) values (44, 25004, '2018-12-19', '2018-12-31');
insert into locacao (usuario, exemplar, retirada, entrega) values (28, 25004, '2019-01-25', '2019-01-31');
insert into locacao (usuario, exemplar, retirada, entrega) values (54, 25004, '2019-03-07', '2019-03-18');
insert into locacao (usuario, exemplar, retirada, entrega) values (90, 25004, '2019-04-14', '2019-04-23');
insert into locacao (usuario, exemplar, retirada, entrega) values (83, 26001, '2018-02-18', '2018-02-20');
insert into locacao (usuario, exemplar, retirada, entrega) values (43, 26001, '2018-03-15', '2018-03-27');
insert into locacao (usuario, exemplar, retirada, entrega) values (7, 26001, '2018-04-15', '2018-04-19');
insert into locacao (usuario, exemplar, retirada, entrega) values (30, 26001, '2018-06-17', '2018-06-21');
insert into locacao (usuario, exemplar, retirada, entrega) values (73, 26001, '2018-07-17', '2018-07-24');
insert into locacao (usuario, exemplar, retirada, entrega) values (82, 26001, '2018-10-04', '2018-10-08');
insert into locacao (usuario, exemplar, retirada, entrega) values (96, 26001, '2018-10-23', '2018-10-31');
insert into locacao (usuario, exemplar, retirada, entrega) values (56, 26001, '2019-01-16', '2019-01-17');
insert into locacao (usuario, exemplar, retirada, entrega) values (34, 26001, '2019-01-26', '2019-01-29');
insert into locacao (usuario, exemplar, retirada, entrega) values (56, 26001, '2019-04-15', '2019-04-26');
insert into locacao (usuario, exemplar, retirada, entrega) values (62, 27001, '2018-03-01', '2018-03-02');
insert into locacao (usuario, exemplar, retirada, entrega) values (54, 27001, '2018-06-05', '2018-06-17');
insert into locacao (usuario, exemplar, retirada, entrega) values (53, 27001, '2018-08-02', '2018-08-13');
insert into locacao (usuario, exemplar, retirada, entrega) values (84, 27001, '2018-08-31', '2018-09-09');
insert into locacao (usuario, exemplar, retirada, entrega) values (50, 27001, '2018-09-14', '2018-09-23');
insert into locacao (usuario, exemplar, retirada, entrega) values (4, 27001, '2018-10-13', '2018-10-25');
insert into locacao (usuario, exemplar, retirada, entrega) values (46, 27001, '2018-11-17', '2018-11-29');
insert into locacao (usuario, exemplar, retirada, entrega) values (94, 27001, '2019-02-11', '2019-02-19');
insert into locacao (usuario, exemplar, retirada, entrega) values (72, 27001, '2019-02-13', '2019-02-19');
insert into locacao (usuario, exemplar, retirada, entrega) values (60, 27001, '2019-03-16', '2019-03-26');
insert into locacao (usuario, exemplar, retirada, entrega) values (9, 27002, '2018-02-04', '2018-02-16');
insert into locacao (usuario, exemplar, retirada, entrega) values (37, 27002, '2018-05-12', '2018-05-22');
insert into locacao (usuario, exemplar, retirada, entrega) values (36, 27002, '2018-08-03', '2018-08-05');
insert into locacao (usuario, exemplar, retirada, entrega) values (98, 27002, '2018-08-20', '2018-08-29');
insert into locacao (usuario, exemplar, retirada, entrega) values (45, 27002, '2018-10-03', '2018-10-12');
insert into locacao (usuario, exemplar, retirada, entrega) values (67, 27002, '2018-12-31', '2019-01-04');
insert into locacao (usuario, exemplar, retirada, entrega) values (52, 27002, '2019-01-26', '2019-02-03');
insert into locacao (usuario, exemplar, retirada, entrega) values (79, 27002, '2019-03-02', '2019-03-06');
insert into locacao (usuario, exemplar, retirada, entrega) values (89, 27002, '2019-04-19', '2019-04-20');
insert into locacao (usuario, exemplar, retirada, entrega) values (75, 27003, '2018-01-18', '2018-01-23');
insert into locacao (usuario, exemplar, retirada, entrega) values (74, 27003, '2018-02-24', '2018-02-28');
insert into locacao (usuario, exemplar, retirada, entrega) values (62, 27003, '2018-05-18', '2018-05-26');
insert into locacao (usuario, exemplar, retirada, entrega) values (41, 27003, '2018-06-06', '2018-06-19');
insert into locacao (usuario, exemplar, retirada, entrega) values (68, 27003, '2018-08-15', '2018-08-23');
insert into locacao (usuario, exemplar, retirada, entrega) values (84, 27003, '2018-09-16', '2018-09-22');
insert into locacao (usuario, exemplar, retirada, entrega) values (47, 27003, '2018-10-30', '2018-11-03');
insert into locacao (usuario, exemplar, retirada, entrega) values (3, 27003, '2018-10-30', '2018-10-30');
insert into locacao (usuario, exemplar, retirada, entrega) values (14, 27003, '2019-02-05', '2019-02-11');
insert into locacao (usuario, exemplar, retirada, entrega) values (29, 27003, '2019-04-27', '2019-04-30');
insert into locacao (usuario, exemplar, retirada, entrega) values (49, 28001, '2018-03-10', '2018-03-20');
insert into locacao (usuario, exemplar, retirada, entrega) values (10, 28001, '2018-04-02', '2018-04-04');
insert into locacao (usuario, exemplar, retirada, entrega) values (49, 28001, '2018-04-29', '2018-05-04');
insert into locacao (usuario, exemplar, retirada, entrega) values (97, 28001, '2018-05-03', '2018-05-09');
insert into locacao (usuario, exemplar, retirada, entrega) values (20, 28001, '2018-07-20', '2018-07-29');
insert into locacao (usuario, exemplar, retirada, entrega) values (19, 28001, '2018-08-20', '2018-08-22');
insert into locacao (usuario, exemplar, retirada, entrega) values (48, 28001, '2018-10-15', '2018-10-16');
insert into locacao (usuario, exemplar, retirada, entrega) values (48, 28001, '2018-11-12', '2018-11-12');
insert into locacao (usuario, exemplar, retirada, entrega) values (40, 28001, '2018-12-25', '2018-12-27');
insert into locacao (usuario, exemplar, retirada, entrega) values (92, 28001, '2019-02-04', '2019-02-12');
insert into locacao (usuario, exemplar, retirada, entrega) values (27, 28001, '2019-02-16', '2019-02-19');
insert into locacao (usuario, exemplar, retirada, entrega) values (75, 28001, '2019-03-24', '2019-04-04');
insert into locacao (usuario, exemplar, retirada, entrega) values (10, 28001, '2019-04-12', '2019-04-21');
insert into locacao (usuario, exemplar, retirada, entrega) values (29, 28001, '2019-04-20', '2019-04-22');
insert into locacao (usuario, exemplar, retirada, entrega) values (94, 28002, '2018-01-25', '2018-01-29');
insert into locacao (usuario, exemplar, retirada, entrega) values (63, 28002, '2018-04-24', '2018-04-30');
insert into locacao (usuario, exemplar, retirada, entrega) values (28, 28002, '2018-07-20', '2018-07-26');
insert into locacao (usuario, exemplar, retirada, entrega) values (89, 28002, '2018-09-26', '2018-09-30');
insert into locacao (usuario, exemplar, retirada, entrega) values (24, 28002, '2018-12-15', '2018-12-16');
insert into locacao (usuario, exemplar, retirada, entrega) values (53, 28002, '2019-01-30', '2019-02-07');
insert into locacao (usuario, exemplar, retirada, entrega) values (97, 28002, '2019-02-17', '2019-02-27');
insert into locacao (usuario, exemplar, retirada, entrega) values (12, 28002, '2019-03-04', '2019-03-15');
insert into locacao (usuario, exemplar, retirada, entrega) values (41, 28002, '2019-04-07', '2019-04-13');
insert into locacao (usuario, exemplar, retirada, entrega) values (91, 28002, '2019-04-17', '2019-04-22');
insert into locacao (usuario, exemplar, retirada, entrega) values (42, 29001, '2018-01-25', '2018-02-02');
insert into locacao (usuario, exemplar, retirada, entrega) values (13, 29001, '2018-02-06', '2018-02-16');
insert into locacao (usuario, exemplar, retirada, entrega) values (8, 29001, '2018-02-19', '2018-02-22');
insert into locacao (usuario, exemplar, retirada, entrega) values (31, 29001, '2018-03-17', '2018-03-22');
insert into locacao (usuario, exemplar, retirada, entrega) values (5, 29001, '2018-04-28', '2018-05-07');
insert into locacao (usuario, exemplar, retirada, entrega) values (69, 29001, '2018-06-12', '2018-06-12');
insert into locacao (usuario, exemplar, retirada, entrega) values (42, 29001, '2018-06-16', '2018-06-27');
insert into locacao (usuario, exemplar, retirada, entrega) values (35, 29001, '2018-07-13', '2018-07-17');
insert into locacao (usuario, exemplar, retirada, entrega) values (51, 29001, '2018-08-29', '2018-09-04');
insert into locacao (usuario, exemplar, retirada, entrega) values (42, 29001, '2018-10-31', '2018-11-11');
insert into locacao (usuario, exemplar, retirada, entrega) values (64, 29001, '2019-01-08', '2019-01-08');
insert into locacao (usuario, exemplar, retirada, entrega) values (37, 29001, '2019-01-10', '2019-01-22');
insert into locacao (usuario, exemplar, retirada, entrega) values (98, 29001, '2019-02-19', '2019-02-23');
insert into locacao (usuario, exemplar, retirada, entrega) values (75, 29001, '2019-04-29', '2019-05-08');
insert into locacao (usuario, exemplar, retirada, entrega) values (59, 29002, '2018-01-23', '2018-01-24');
insert into locacao (usuario, exemplar, retirada, entrega) values (89, 29002, '2018-05-01', '2018-05-12');
insert into locacao (usuario, exemplar, retirada, entrega) values (11, 29002, '2018-06-23', '2018-07-04');
insert into locacao (usuario, exemplar, retirada, entrega) values (30, 29002, '2018-07-24', '2018-07-24');
insert into locacao (usuario, exemplar, retirada, entrega) values (63, 29002, '2018-09-10', '2018-09-15');
insert into locacao (usuario, exemplar, retirada, entrega) values (32, 29002, '2018-09-28', '2018-10-03');
insert into locacao (usuario, exemplar, retirada, entrega) values (58, 29002, '2018-12-17', '2018-12-24');
insert into locacao (usuario, exemplar, retirada, entrega) values (68, 29002, '2019-02-26', '2019-03-03');
insert into locacao (usuario, exemplar, retirada, entrega) values (91, 29003, '2018-03-29', '2018-04-07');
insert into locacao (usuario, exemplar, retirada, entrega) values (67, 29003, '2018-06-28', '2018-07-08');
insert into locacao (usuario, exemplar, retirada, entrega) values (33, 29003, '2018-06-28', '2018-07-01');
insert into locacao (usuario, exemplar, retirada, entrega) values (50, 29003, '2018-09-13', '2018-09-21');
insert into locacao (usuario, exemplar, retirada, entrega) values (3, 29003, '2018-10-20', '2018-10-20');
insert into locacao (usuario, exemplar, retirada, entrega) values (91, 29003, '2018-10-24', '2018-10-27');
insert into locacao (usuario, exemplar, retirada, entrega) values (59, 29003, '2019-01-13', '2019-01-25');
insert into locacao (usuario, exemplar, retirada, entrega) values (100, 29003, '2019-03-13', '2019-03-22');
insert into locacao (usuario, exemplar, retirada, entrega) values (44, 29003, '2019-03-19', '2019-03-19');
insert into locacao (usuario, exemplar, retirada, entrega) values (90, 29004, '2018-04-06', '2018-04-15');
insert into locacao (usuario, exemplar, retirada, entrega) values (2, 29004, '2018-06-21', '2018-06-28');
insert into locacao (usuario, exemplar, retirada, entrega) values (77, 29004, '2018-07-24', '2018-07-28');
insert into locacao (usuario, exemplar, retirada, entrega) values (87, 29004, '2018-07-30', '2018-07-31');
insert into locacao (usuario, exemplar, retirada, entrega) values (68, 29004, '2018-08-03', '2018-08-13');
insert into locacao (usuario, exemplar, retirada, entrega) values (21, 29004, '2018-09-01', '2018-09-13');
insert into locacao (usuario, exemplar, retirada, entrega) values (28, 29004, '2018-09-08', '2018-09-15');
insert into locacao (usuario, exemplar, retirada, entrega) values (24, 29004, '2018-11-23', '2018-12-06');
insert into locacao (usuario, exemplar, retirada, entrega) values (71, 29004, '2018-11-30', '2018-12-11');
insert into locacao (usuario, exemplar, retirada, entrega) values (39, 29004, '2018-12-15', '2018-12-18');
insert into locacao (usuario, exemplar, retirada, entrega) values (83, 29004, '2018-12-17', '2018-12-17');
insert into locacao (usuario, exemplar, retirada, entrega) values (18, 29004, '2019-02-16', '2019-02-22');
insert into locacao (usuario, exemplar, retirada, entrega) values (62, 29004, '2019-02-27', '2019-03-11');
insert into locacao (usuario, exemplar, retirada, entrega) values (87, 29004, '2019-03-01', '2019-03-08');
insert into locacao (usuario, exemplar, retirada, entrega) values (34, 29004, '2019-03-28', '2019-04-06');
insert into locacao (usuario, exemplar, retirada, entrega) values (53, 29004, '2019-04-18', '2019-04-24');
insert into locacao (usuario, exemplar, retirada, entrega) values (56, 29004, '2019-04-28', '2019-05-06');
insert into locacao (usuario, exemplar, retirada, entrega) values (78, 29005, '2018-01-02', '2018-01-12');
insert into locacao (usuario, exemplar, retirada, entrega) values (17, 29005, '2018-03-13', '2018-03-22');
insert into locacao (usuario, exemplar, retirada, entrega) values (69, 29005, '2018-04-25', '2018-05-04');
insert into locacao (usuario, exemplar, retirada, entrega) values (90, 29005, '2018-05-04', '2018-05-17');
insert into locacao (usuario, exemplar, retirada, entrega) values (63, 29005, '2018-07-25', '2018-07-27');
insert into locacao (usuario, exemplar, retirada, entrega) values (78, 29005, '2018-09-04', '2018-09-05');
insert into locacao (usuario, exemplar, retirada, entrega) values (61, 29005, '2018-11-12', '2018-11-21');
insert into locacao (usuario, exemplar, retirada, entrega) values (12, 29005, '2019-01-25', '2019-02-03');
insert into locacao (usuario, exemplar, retirada, entrega) values (6, 29005, '2019-03-25', '2019-04-03');
insert into locacao (usuario, exemplar, retirada, entrega) values (59, 29005, '2019-03-29', '2019-04-01');
insert into locacao (usuario, exemplar, retirada, entrega) values (87, 29005, '2019-03-29', '2019-04-10');
insert into locacao (usuario, exemplar, retirada, entrega) values (14, 30001, '2018-04-04', '2018-04-06');
insert into locacao (usuario, exemplar, retirada, entrega) values (40, 30001, '2018-04-28', '2018-04-29');
insert into locacao (usuario, exemplar, retirada, entrega) values (50, 30001, '2018-07-17', '2018-07-30');
insert into locacao (usuario, exemplar, retirada, entrega) values (19, 30001, '2018-08-26', '2018-08-30');
insert into locacao (usuario, exemplar, retirada, entrega) values (26, 30001, '2018-10-01', '2018-10-11');
insert into locacao (usuario, exemplar, retirada, entrega) values (84, 30001, '2018-10-26', '2018-10-28');
insert into locacao (usuario, exemplar, retirada, entrega) values (28, 30001, '2018-12-05', '2018-12-15');
insert into locacao (usuario, exemplar, retirada, entrega) values (8, 30001, '2018-12-24', '2019-01-06');
insert into locacao (usuario, exemplar, retirada, entrega) values (20, 30001, '2019-02-17', '2019-02-27');
insert into locacao (usuario, exemplar, retirada) values (30, 1002, '2019-05-01');
insert into locacao (usuario, exemplar, retirada) values (65, 2003, '2019-05-08');
insert into locacao (usuario, exemplar, retirada) values (76, 4002, '2019-05-10');
insert into locacao (usuario, exemplar, retirada) values (40, 5004, '2019-05-01');
insert into locacao (usuario, exemplar, retirada) values (77, 6002, '2019-05-11');
insert into locacao (usuario, exemplar, retirada) values (43, 8001, '2019-05-07');
insert into locacao (usuario, exemplar, retirada) values (67, 9001, '2019-05-07');
insert into locacao (usuario, exemplar, retirada) values (17, 9002, '2019-05-04');
insert into locacao (usuario, exemplar, retirada) values (7, 11001, '2019-05-08');
insert into locacao (usuario, exemplar, retirada) values (83, 12001, '2019-05-01');
insert into locacao (usuario, exemplar, retirada) values (46, 12002, '2019-05-04');
insert into locacao (usuario, exemplar, retirada) values (66, 15004, '2019-05-02');
insert into locacao (usuario, exemplar, retirada) values (63, 18003, '2019-05-08');
insert into locacao (usuario, exemplar, retirada) values (99, 18004, '2019-05-01');
insert into locacao (usuario, exemplar, retirada) values (79, 19001, '2019-05-08');
insert into locacao (usuario, exemplar, retirada) values (38, 21004, '2019-05-11');
insert into locacao (usuario, exemplar, retirada) values (45, 23004, '2019-05-03');
insert into locacao (usuario, exemplar, retirada) values (22, 24001, '2019-05-01');
insert into locacao (usuario, exemplar, retirada) values (23, 24005, '2019-05-02');
insert into locacao (usuario, exemplar, retirada) values (88, 25001, '2019-05-05');
insert into locacao (usuario, exemplar, retirada) values (58, 28002, '2019-05-01');
insert into locacao (usuario, exemplar, retirada) values (12, 29001, '2019-05-06');
insert into locacao (usuario, exemplar, retirada) values (14, 29002, '2019-05-07');
insert into locacao (usuario, exemplar, retirada) values (91, 29004, '2019-05-06');

----------------------------------------------------------------------------------------------------

--1) Mostrar o ttulo dos livros sobre PostgreSQL no locados por alunos do Curso Superior de Tecnologia em Anlise e Desenvolvimento de Sistemas.
--2) Mostrar o nome do ltimo aluno que locou o livro PostgreSQL na prtica.
--3) Mostrar o ttulo dos livros sobre PostgreSQL menos locados.
--4) Mostrar o nome dos alunos e dos professores que locaram mais livros em maro de 2018.

