\c postgres
drop database biblioteca;
create database biblioteca;
\c biblioteca
create table usuario (codigo integer not null, nome varchar(100) not null, tipo char(1) not null check ((tipo = 'A') or (tipo = 'P') or (tipo = 'F')), curso varchar(100), primary key (codigo));
create table livro (codigo integer not null, titulo varchar(200) not null, primary key (codigo));
create table exemplar (codigo integer not null, livro integer not null references livro(codigo), primary key (codigo));
create table locacao (usuario integer not null references usuario(codigo), exemplar integer not null references exemplar(codigo), retirada date not null default now(), entrega date, primary key (usuario, exemplar, retirada));
insert into usuario (codigo, nome, tipo, curso) values (1, 'aluno 1', 'A', 'curso tecnico integrado em informatica para internet');
insert into usuario (codigo, nome, tipo, curso) values (2, 'aluno 2', 'A', 'curso superior de tecnologia em analise e desenvolvimento de sistemas');
insert into usuario (codigo, nome, tipo) values (3, 'professor 3', 'P');
insert into usuario (codigo, nome, tipo) values (4, 'professor 4', 'P');
insert into usuario (codigo, nome, tipo, curso) values (5, 'aluno 5', 'A', 'curso tecnico integrado em informatica para internet');
insert into usuario (codigo, nome, tipo) values (6, 'professor 6', 'P');
insert into usuario (codigo, nome, tipo, curso) values (7, 'aluno 7', 'A', 'curso tecnico integrado em refrigeracao e ar condicionado');
insert into usuario (codigo, nome, tipo, curso) values (8, 'aluno 8', 'A', 'curso tecnico integrado em refrigeracao e ar condicionado');
insert into usuario (codigo, nome, tipo, curso) values (9, 'aluno 9', 'A', 'curso tecnico integrado em informatica para internet');
insert into usuario (codigo, nome, tipo, curso) values (10, 'aluno 10', 'A', 'curso superior de bacharelado em engenharia mecanica');
insert into usuario (codigo, nome, tipo, curso) values (11, 'aluno 11', 'A', 'curso tecnico integrado em eletrotecnica');
insert into usuario (codigo, nome, tipo) values (12, 'funcionario 12', 'F');
insert into usuario (codigo, nome, tipo) values (13, 'funcionario 13', 'F');
insert into usuario (codigo, nome, tipo) values (14, 'professor 14', 'P');
insert into usuario (codigo, nome, tipo) values (15, 'professor 15', 'P');
insert into usuario (codigo, nome, tipo, curso) values (16, 'aluno 16', 'A', 'curso tecnico integrado em informatica para internet');
insert into usuario (codigo, nome, tipo, curso) values (17, 'aluno 17', 'A', 'curso superior de tecnologia em analise e desenvolvimento de sistemas');
insert into usuario (codigo, nome, tipo, curso) values (18, 'aluno 18', 'A', 'curso tecnico integrado em refrigeracao e ar condicionado');
insert into usuario (codigo, nome, tipo) values (19, 'funcionario 19', 'F');
insert into usuario (codigo, nome, tipo, curso) values (20, 'aluno 20', 'A', 'curso tecnico integrado em refrigeracao e ar condicionado');
insert into usuario (codigo, nome, tipo) values (21, 'funcionario 21', 'F');
insert into usuario (codigo, nome, tipo, curso) values (22, 'aluno 22', 'A', 'curso tecnico integrado em eletrotecnica');
insert into usuario (codigo, nome, tipo, curso) values (23, 'aluno 23', 'A', 'curso tecnico integrado em informatica para internet');
insert into usuario (codigo, nome, tipo) values (24, 'professor 24', 'P');
insert into usuario (codigo, nome, tipo) values (25, 'funcionario 25', 'F');
insert into usuario (codigo, nome, tipo, curso) values (26, 'aluno 26', 'A', 'curso tecnico integrado em eletrotecnica');
insert into usuario (codigo, nome, tipo) values (27, 'funcionario 27', 'F');
insert into usuario (codigo, nome, tipo, curso) values (28, 'aluno 28', 'A', 'curso superior de tecnologia em analise e desenvolvimento de sistemas');
insert into usuario (codigo, nome, tipo, curso) values (29, 'aluno 29', 'A', 'curso tecnico integrado em eletrotecnica');
insert into usuario (codigo, nome, tipo, curso) values (30, 'aluno 30', 'A', 'curso superior de bacharelado em engenharia mecanica');
insert into usuario (codigo, nome, tipo) values (31, 'professor 31', 'P');
insert into usuario (codigo, nome, tipo, curso) values (32, 'aluno 32', 'A', 'curso tecnico integrado em eletrotecnica');
insert into usuario (codigo, nome, tipo, curso) values (33, 'aluno 33', 'A', 'curso superior de tecnologia em analise e desenvolvimento de sistemas');
insert into usuario (codigo, nome, tipo) values (34, 'funcionario 34', 'F');
insert into usuario (codigo, nome, tipo, curso) values (35, 'aluno 35', 'A', 'curso tecnico integrado em eletrotecnica');
insert into usuario (codigo, nome, tipo, curso) values (36, 'aluno 36', 'A', 'curso superior de tecnologia em analise e desenvolvimento de sistemas');
insert into usuario (codigo, nome, tipo, curso) values (37, 'aluno 37', 'A', 'curso superior de tecnologia em analise e desenvolvimento de sistemas');
insert into usuario (codigo, nome, tipo) values (38, 'funcionario 38', 'F');
insert into usuario (codigo, nome, tipo, curso) values (39, 'aluno 39', 'A', 'curso tecnico integrado em eletrotecnica');
insert into usuario (codigo, nome, tipo, curso) values (40, 'aluno 40', 'A', 'curso tecnico integrado em refrigeracao e ar condicionado');
insert into usuario (codigo, nome, tipo, curso) values (41, 'aluno 41', 'A', 'curso tecnico integrado em informatica para internet');
insert into usuario (codigo, nome, tipo, curso) values (42, 'aluno 42', 'A', 'curso superior de tecnologia em analise e desenvolvimento de sistemas');
insert into usuario (codigo, nome, tipo) values (43, 'professor 43', 'P');
insert into usuario (codigo, nome, tipo) values (44, 'funcionario 44', 'F');
insert into usuario (codigo, nome, tipo) values (45, 'professor 45', 'P');
insert into usuario (codigo, nome, tipo) values (46, 'professor 46', 'P');
insert into usuario (codigo, nome, tipo) values (47, 'professor 47', 'P');
insert into usuario (codigo, nome, tipo, curso) values (48, 'aluno 48', 'A', 'curso tecnico integrado em refrigeracao e ar condicionado');
insert into usuario (codigo, nome, tipo) values (49, 'funcionario 49', 'F');
insert into usuario (codigo, nome, tipo) values (50, 'funcionario 50', 'F');
insert into usuario (codigo, nome, tipo) values (51, 'professor 51', 'P');
insert into usuario (codigo, nome, tipo, curso) values (52, 'aluno 52', 'A', 'curso tecnico integrado em refrigeracao e ar condicionado');
insert into usuario (codigo, nome, tipo) values (53, 'funcionario 53', 'F');
insert into usuario (codigo, nome, tipo, curso) values (54, 'aluno 54', 'A', 'curso tecnico integrado em refrigeracao e ar condicionado');
insert into usuario (codigo, nome, tipo, curso) values (55, 'aluno 55', 'A', 'curso superior de bacharelado em engenharia mecanica');
insert into usuario (codigo, nome, tipo) values (56, 'funcionario 56', 'F');
insert into usuario (codigo, nome, tipo) values (57, 'professor 57', 'P');
insert into usuario (codigo, nome, tipo) values (58, 'professor 58', 'P');
insert into usuario (codigo, nome, tipo) values (59, 'professor 59', 'P');
insert into usuario (codigo, nome, tipo, curso) values (60, 'aluno 60', 'A', 'curso superior de bacharelado em engenharia mecanica');
insert into usuario (codigo, nome, tipo, curso) values (61, 'aluno 61', 'A', 'curso superior de tecnologia em analise e desenvolvimento de sistemas');
insert into usuario (codigo, nome, tipo, curso) values (62, 'aluno 62', 'A', 'curso tecnico integrado em informatica para internet');
insert into usuario (codigo, nome, tipo, curso) values (63, 'aluno 63', 'A', 'curso tecnico integrado em eletrotecnica');
insert into usuario (codigo, nome, tipo) values (64, 'funcionario 64', 'F');
insert into usuario (codigo, nome, tipo, curso) values (65, 'aluno 65', 'A', 'curso tecnico integrado em eletrotecnica');
insert into usuario (codigo, nome, tipo, curso) values (66, 'aluno 66', 'A', 'curso tecnico integrado em eletrotecnica');
insert into usuario (codigo, nome, tipo, curso) values (67, 'aluno 67', 'A', 'curso tecnico integrado em informatica para internet');
insert into usuario (codigo, nome, tipo) values (68, 'professor 68', 'P');
insert into usuario (codigo, nome, tipo) values (69, 'professor 69', 'P');
insert into usuario (codigo, nome, tipo, curso) values (70, 'aluno 70', 'A', 'curso tecnico integrado em refrigeracao e ar condicionado');
insert into usuario (codigo, nome, tipo) values (71, 'professor 71', 'P');
insert into usuario (codigo, nome, tipo, curso) values (72, 'aluno 72', 'A', 'curso superior de bacharelado em engenharia mecanica');
insert into usuario (codigo, nome, tipo) values (73, 'professor 73', 'P');
insert into usuario (codigo, nome, tipo) values (74, 'funcionario 74', 'F');
insert into usuario (codigo, nome, tipo, curso) values (75, 'aluno 75', 'A', 'curso tecnico integrado em eletrotecnica');
insert into usuario (codigo, nome, tipo, curso) values (76, 'aluno 76', 'A', 'curso tecnico integrado em informatica para internet');
insert into usuario (codigo, nome, tipo, curso) values (77, 'aluno 77', 'A', 'curso tecnico integrado em informatica para internet');
insert into usuario (codigo, nome, tipo, curso) values (78, 'aluno 78', 'A', 'curso tecnico integrado em informatica para internet');
insert into usuario (codigo, nome, tipo) values (79, 'funcionario 79', 'F');
insert into usuario (codigo, nome, tipo, curso) values (80, 'aluno 80', 'A', 'curso superior de bacharelado em engenharia mecanica');
insert into usuario (codigo, nome, tipo) values (81, 'funcionario 81', 'F');
insert into usuario (codigo, nome, tipo, curso) values (82, 'aluno 82', 'A', 'curso tecnico integrado em informatica para internet');
insert into usuario (codigo, nome, tipo, curso) values (83, 'aluno 83', 'A', 'curso tecnico integrado em eletrotecnica');
insert into usuario (codigo, nome, tipo, curso) values (84, 'aluno 84', 'A', 'curso superior de tecnologia em analise e desenvolvimento de sistemas');
insert into usuario (codigo, nome, tipo, curso) values (85, 'aluno 85', 'A', 'curso tecnico integrado em eletrotecnica');
insert into usuario (codigo, nome, tipo, curso) values (86, 'aluno 86', 'A', 'curso superior de tecnologia em analise e desenvolvimento de sistemas');
insert into usuario (codigo, nome, tipo, curso) values (87, 'aluno 87', 'A', 'curso tecnico integrado em informatica para internet');
insert into usuario (codigo, nome, tipo) values (88, 'professor 88', 'P');
insert into usuario (codigo, nome, tipo, curso) values (89, 'aluno 89', 'A', 'curso superior de tecnologia em analise e desenvolvimento de sistemas');
insert into usuario (codigo, nome, tipo, curso) values (90, 'aluno 90', 'A', 'curso superior de bacharelado em engenharia mecanica');
insert into usuario (codigo, nome, tipo, curso) values (91, 'aluno 91', 'A', 'curso tecnico integrado em eletrotecnica');
insert into usuario (codigo, nome, tipo, curso) values (92, 'aluno 92', 'A', 'curso tecnico integrado em refrigeracao e ar condicionado');
insert into usuario (codigo, nome, tipo) values (93, 'professor 93', 'P');
insert into usuario (codigo, nome, tipo) values (94, 'professor 94', 'P');
insert into usuario (codigo, nome, tipo, curso) values (95, 'aluno 95', 'A', 'curso tecnico integrado em informatica para internet');
insert into usuario (codigo, nome, tipo, curso) values (96, 'aluno 96', 'A', 'curso superior de bacharelado em engenharia mecanica');
insert into usuario (codigo, nome, tipo, curso) values (97, 'aluno 97', 'A', 'curso superior de tecnologia em analise e desenvolvimento de sistemas');
insert into usuario (codigo, nome, tipo, curso) values (98, 'aluno 98', 'A', 'curso tecnico integrado em informatica para internet');
insert into usuario (codigo, nome, tipo, curso) values (99, 'aluno 99', 'A', 'curso superior de bacharelado em engenharia mecanica');
insert into usuario (codigo, nome, tipo, curso) values (100, 'aluno 100', 'A', 'curso superior de bacharelado em engenharia mecanica');
insert into livro (codigo, titulo) values (1, 'livro 1');
insert into livro (codigo, titulo) values (2, 'livro 2');
insert into livro (codigo, titulo) values (3, 'xxx postgresql 3');
insert into livro (codigo, titulo) values (4, 'livro 4');
insert into livro (codigo, titulo) values (5, 'postgresql xxx 5');
insert into livro (codigo, titulo) values (6, 'postgresql xxx 6');
insert into livro (codigo, titulo) values (7, 'livro 7');
insert into livro (codigo, titulo) values (8, 'xxx postgresql xxx 8');
insert into livro (codigo, titulo) values (9, 'livro 9');
insert into livro (codigo, titulo) values (10, 'livro 10');
insert into livro (codigo, titulo) values (11, 'livro 11');
insert into livro (codigo, titulo) values (12, 'postgresql xxx 12');
insert into livro (codigo, titulo) values (13, 'livro 13');
insert into livro (codigo, titulo) values (14, 'postgresql xxx 14');
insert into livro (codigo, titulo) values (15, 'livro 15');
insert into livro (codigo, titulo) values (16, 'livro 16');
insert into livro (codigo, titulo) values (17, 'livro 17');
insert into livro (codigo, titulo) values (18, 'livro 18');
insert into livro (codigo, titulo) values (19, 'postgresql xxx 19');
insert into livro (codigo, titulo) values (20, 'livro 20');
insert into livro (codigo, titulo) values (21, 'livro 21');
insert into livro (codigo, titulo) values (22, 'livro 22');
insert into livro (codigo, titulo) values (23, 'xxx postgresql 23');
insert into livro (codigo, titulo) values (24, 'livro 24');
insert into livro (codigo, titulo) values (25, 'livro 25');
insert into livro (codigo, titulo) values (26, 'livro 26');
insert into livro (codigo, titulo) values (27, 'livro 27');
insert into livro (codigo, titulo) values (28, 'livro 28');
insert into livro (codigo, titulo) values (29, 'livro 29');
insert into livro (codigo, titulo) values (30, 'livro 30');
insert into exemplar (codigo, livro) values (1001, 1);
insert into exemplar (codigo, livro) values (2001, 2);
insert into exemplar (codigo, livro) values (2002, 2);
insert into exemplar (codigo, livro) values (2003, 2);
insert into exemplar (codigo, livro) values (2004, 2);
insert into exemplar (codigo, livro) values (2005, 2);
insert into exemplar (codigo, livro) values (3001, 3);
insert into exemplar (codigo, livro) values (3002, 3);
insert into exemplar (codigo, livro) values (3003, 3);
insert into exemplar (codigo, livro) values (3004, 3);
insert into exemplar (codigo, livro) values (4001, 4);
insert into exemplar (codigo, livro) values (4002, 4);
insert into exemplar (codigo, livro) values (4003, 4);
insert into exemplar (codigo, livro) values (5001, 5);
insert into exemplar (codigo, livro) values (6001, 6);
insert into exemplar (codigo, livro) values (6002, 6);
insert into exemplar (codigo, livro) values (6003, 6);
insert into exemplar (codigo, livro) values (7001, 7);
insert into exemplar (codigo, livro) values (8001, 8);
insert into exemplar (codigo, livro) values (8002, 8);
insert into exemplar (codigo, livro) values (9001, 9);
insert into exemplar (codigo, livro) values (9002, 9);
insert into exemplar (codigo, livro) values (9003, 9);
insert into exemplar (codigo, livro) values (9004, 9);
insert into exemplar (codigo, livro) values (9005, 9);
insert into exemplar (codigo, livro) values (10001, 10);
insert into exemplar (codigo, livro) values (10002, 10);
insert into exemplar (codigo, livro) values (11001, 11);
insert into exemplar (codigo, livro) values (11002, 11);
insert into exemplar (codigo, livro) values (11003, 11);
insert into exemplar (codigo, livro) values (12001, 12);
insert into exemplar (codigo, livro) values (12002, 12);
insert into exemplar (codigo, livro) values (12003, 12);
insert into exemplar (codigo, livro) values (12004, 12);
insert into exemplar (codigo, livro) values (12005, 12);
insert into exemplar (codigo, livro) values (13001, 13);
insert into exemplar (codigo, livro) values (14001, 14);
insert into exemplar (codigo, livro) values (14002, 14);
insert into exemplar (codigo, livro) values (14003, 14);
insert into exemplar (codigo, livro) values (14004, 14);
insert into exemplar (codigo, livro) values (15001, 15);
insert into exemplar (codigo, livro) values (15002, 15);
insert into exemplar (codigo, livro) values (15003, 15);
insert into exemplar (codigo, livro) values (15004, 15);
insert into exemplar (codigo, livro) values (16001, 16);
insert into exemplar (codigo, livro) values (16002, 16);
insert into exemplar (codigo, livro) values (17001, 17);
insert into exemplar (codigo, livro) values (17002, 17);
insert into exemplar (codigo, livro) values (17003, 17);
insert into exemplar (codigo, livro) values (17004, 17);
insert into exemplar (codigo, livro) values (18001, 18);
insert into exemplar (codigo, livro) values (18002, 18);
insert into exemplar (codigo, livro) values (18003, 18);
insert into exemplar (codigo, livro) values (18004, 18);
insert into exemplar (codigo, livro) values (19001, 19);
insert into exemplar (codigo, livro) values (20001, 20);
insert into exemplar (codigo, livro) values (21001, 21);
insert into exemplar (codigo, livro) values (21002, 21);
insert into exemplar (codigo, livro) values (22001, 22);
insert into exemplar (codigo, livro) values (22002, 22);
insert into exemplar (codigo, livro) values (23001, 23);
insert into exemplar (codigo, livro) values (23002, 23);
insert into exemplar (codigo, livro) values (23003, 23);
insert into exemplar (codigo, livro) values (24001, 24);
insert into exemplar (codigo, livro) values (24002, 24);
insert into exemplar (codigo, livro) values (24003, 24);
insert into exemplar (codigo, livro) values (24004, 24);
insert into exemplar (codigo, livro) values (24005, 24);
insert into exemplar (codigo, livro) values (25001, 25);
insert into exemplar (codigo, livro) values (25002, 25);
insert into exemplar (codigo, livro) values (25003, 25);
insert into exemplar (codigo, livro) values (26001, 26);
insert into exemplar (codigo, livro) values (26002, 26);
insert into exemplar (codigo, livro) values (26003, 26);
insert into exemplar (codigo, livro) values (26004, 26);
insert into exemplar (codigo, livro) values (26005, 26);
insert into exemplar (codigo, livro) values (27001, 27);
insert into exemplar (codigo, livro) values (27002, 27);
insert into exemplar (codigo, livro) values (28001, 28);
insert into exemplar (codigo, livro) values (28002, 28);
insert into exemplar (codigo, livro) values (29001, 29);
insert into exemplar (codigo, livro) values (30001, 30);
insert into exemplar (codigo, livro) values (30002, 30);
insert into exemplar (codigo, livro) values (30003, 30);
insert into exemplar (codigo, livro) values (30004, 30);
insert into exemplar (codigo, livro) values (30005, 30);
insert into locacao (usuario, exemplar, retirada, entrega) values (78, 1001, '2018-03-05', '2018-03-05');
insert into locacao (usuario, exemplar, retirada, entrega) values (97, 1001, '2018-04-09', '2018-04-17');
insert into locacao (usuario, exemplar, retirada, entrega) values (52, 1001, '2018-07-16', '2018-07-16');
insert into locacao (usuario, exemplar, retirada, entrega) values (11, 1001, '2018-10-17', '2018-10-18');
insert into locacao (usuario, exemplar, retirada, entrega) values (24, 1001, '2018-11-01', '2018-11-06');
insert into locacao (usuario, exemplar, retirada, entrega) values (92, 1001, '2019-01-09', '2019-01-22');
insert into locacao (usuario, exemplar, retirada, entrega) values (53, 1001, '2019-03-19', '2019-03-26');
insert into locacao (usuario, exemplar, retirada, entrega) values (63, 2001, '2018-03-06', '2018-03-07');
insert into locacao (usuario, exemplar, retirada, entrega) values (49, 2001, '2018-05-24', '2018-05-25');
insert into locacao (usuario, exemplar, retirada, entrega) values (16, 2001, '2018-06-29', '2018-07-04');
insert into locacao (usuario, exemplar, retirada, entrega) values (22, 2001, '2018-07-03', '2018-07-08');
insert into locacao (usuario, exemplar, retirada, entrega) values (38, 2001, '2018-07-09', '2018-07-18');
insert into locacao (usuario, exemplar, retirada, entrega) values (75, 2001, '2018-09-04', '2018-09-15');
insert into locacao (usuario, exemplar, retirada, entrega) values (83, 2001, '2018-11-10', '2018-11-18');
insert into locacao (usuario, exemplar, retirada, entrega) values (33, 2001, '2018-12-27', '2019-01-05');
insert into locacao (usuario, exemplar, retirada, entrega) values (78, 2001, '2019-02-04', '2019-02-10');
insert into locacao (usuario, exemplar, retirada, entrega) values (14, 2002, '2018-03-03', '2018-03-04');
insert into locacao (usuario, exemplar, retirada, entrega) values (44, 2002, '2018-03-07', '2018-03-20');
insert into locacao (usuario, exemplar, retirada, entrega) values (7, 2002, '2018-06-10', '2018-06-16');
insert into locacao (usuario, exemplar, retirada, entrega) values (13, 2002, '2018-07-30', '2018-08-07');
insert into locacao (usuario, exemplar, retirada, entrega) values (98, 2002, '2018-09-09', '2018-09-16');
insert into locacao (usuario, exemplar, retirada, entrega) values (89, 2002, '2018-10-31', '2018-11-08');
insert into locacao (usuario, exemplar, retirada, entrega) values (52, 2002, '2018-11-20', '2018-11-26');
insert into locacao (usuario, exemplar, retirada, entrega) values (34, 2002, '2018-11-30', '2018-11-30');
insert into locacao (usuario, exemplar, retirada, entrega) values (18, 2002, '2019-02-13', '2019-02-15');
insert into locacao (usuario, exemplar, retirada, entrega) values (78, 2002, '2019-03-01', '2019-03-05');
insert into locacao (usuario, exemplar, retirada, entrega) values (33, 2003, '2018-03-15', '2018-03-19');
insert into locacao (usuario, exemplar, retirada, entrega) values (39, 2003, '2018-03-25', '2018-04-03');
insert into locacao (usuario, exemplar, retirada, entrega) values (90, 2003, '2018-05-09', '2018-05-20');
insert into locacao (usuario, exemplar, retirada, entrega) values (33, 2003, '2018-05-13', '2018-05-26');
insert into locacao (usuario, exemplar, retirada, entrega) values (38, 2003, '2018-07-29', '2018-08-01');
insert into locacao (usuario, exemplar, retirada, entrega) values (80, 2003, '2018-08-02', '2018-08-14');
insert into locacao (usuario, exemplar, retirada, entrega) values (62, 2003, '2018-08-15', '2018-08-27');
insert into locacao (usuario, exemplar, retirada, entrega) values (62, 2003, '2018-09-25', '2018-10-01');
insert into locacao (usuario, exemplar, retirada, entrega) values (37, 2003, '2018-11-01', '2018-11-08');
insert into locacao (usuario, exemplar, retirada, entrega) values (28, 2003, '2018-12-11', '2018-12-23');
insert into locacao (usuario, exemplar, retirada, entrega) values (74, 2003, '2019-01-03', '2019-01-08');
insert into locacao (usuario, exemplar, retirada, entrega) values (53, 2003, '2019-01-07', '2019-01-15');
insert into locacao (usuario, exemplar, retirada, entrega) values (84, 2004, '2018-02-24', '2018-03-05');
insert into locacao (usuario, exemplar, retirada, entrega) values (55, 2004, '2018-03-13', '2018-03-15');
insert into locacao (usuario, exemplar, retirada, entrega) values (54, 2004, '2018-05-05', '2018-05-05');
insert into locacao (usuario, exemplar, retirada, entrega) values (46, 2004, '2018-05-31', '2018-06-05');
insert into locacao (usuario, exemplar, retirada, entrega) values (7, 2004, '2018-07-21', '2018-07-31');
insert into locacao (usuario, exemplar, retirada, entrega) values (59, 2004, '2018-07-30', '2018-08-11');
insert into locacao (usuario, exemplar, retirada, entrega) values (25, 2004, '2018-08-04', '2018-08-04');
insert into locacao (usuario, exemplar, retirada, entrega) values (85, 2004, '2018-08-14', '2018-08-18');
insert into locacao (usuario, exemplar, retirada, entrega) values (26, 2004, '2018-09-09', '2018-09-21');
insert into locacao (usuario, exemplar, retirada, entrega) values (77, 2004, '2018-09-18', '2018-09-20');
insert into locacao (usuario, exemplar, retirada, entrega) values (35, 2004, '2018-12-25', '2018-12-29');
insert into locacao (usuario, exemplar, retirada, entrega) values (49, 2004, '2019-03-27', '2019-04-05');
insert into locacao (usuario, exemplar, retirada, entrega) values (70, 2005, '2018-03-08', '2018-03-19');
insert into locacao (usuario, exemplar, retirada, entrega) values (40, 2005, '2018-03-11', '2018-03-24');
insert into locacao (usuario, exemplar, retirada, entrega) values (23, 2005, '2018-06-16', '2018-06-20');
insert into locacao (usuario, exemplar, retirada, entrega) values (53, 2005, '2018-07-04', '2018-07-17');
insert into locacao (usuario, exemplar, retirada, entrega) values (56, 2005, '2018-09-13', '2018-09-23');
insert into locacao (usuario, exemplar, retirada, entrega) values (59, 2005, '2018-12-03', '2018-12-15');
insert into locacao (usuario, exemplar, retirada, entrega) values (6, 2005, '2018-12-19', '2018-12-25');
insert into locacao (usuario, exemplar, retirada, entrega) values (62, 2005, '2018-12-30', '2019-01-07');
insert into locacao (usuario, exemplar, retirada, entrega) values (3, 2005, '2019-03-30', '2019-04-03');
insert into locacao (usuario, exemplar, retirada, entrega) values (10, 3001, '2018-01-25', '2018-02-03');
insert into locacao (usuario, exemplar, retirada, entrega) values (10, 3001, '2018-04-14', '2018-04-19');
insert into locacao (usuario, exemplar, retirada, entrega) values (48, 3001, '2018-05-08', '2018-05-21');
insert into locacao (usuario, exemplar, retirada, entrega) values (43, 3001, '2018-05-19', '2018-05-31');
insert into locacao (usuario, exemplar, retirada, entrega) values (39, 3001, '2018-07-05', '2018-07-10');
insert into locacao (usuario, exemplar, retirada, entrega) values (40, 3001, '2018-08-12', '2018-08-12');
insert into locacao (usuario, exemplar, retirada, entrega) values (2, 3001, '2018-10-01', '2018-10-12');
insert into locacao (usuario, exemplar, retirada, entrega) values (91, 3001, '2018-11-09', '2018-11-20');
insert into locacao (usuario, exemplar, retirada, entrega) values (54, 3001, '2018-11-16', '2018-11-22');
insert into locacao (usuario, exemplar, retirada, entrega) values (27, 3001, '2019-02-08', '2019-02-14');
insert into locacao (usuario, exemplar, retirada, entrega) values (24, 3001, '2019-03-03', '2019-03-11');
insert into locacao (usuario, exemplar, retirada, entrega) values (11, 3002, '2018-03-29', '2018-03-31');
insert into locacao (usuario, exemplar, retirada, entrega) values (27, 3002, '2018-05-02', '2018-05-15');
insert into locacao (usuario, exemplar, retirada, entrega) values (100, 3002, '2018-08-07', '2018-08-07');
insert into locacao (usuario, exemplar, retirada, entrega) values (72, 3002, '2018-09-11', '2018-09-13');
insert into locacao (usuario, exemplar, retirada, entrega) values (36, 3002, '2018-09-15', '2018-09-22');
insert into locacao (usuario, exemplar, retirada, entrega) values (61, 3002, '2018-10-16', '2018-10-18');
insert into locacao (usuario, exemplar, retirada, entrega) values (9, 3002, '2018-10-28', '2018-11-01');
insert into locacao (usuario, exemplar, retirada, entrega) values (95, 3002, '2019-01-16', '2019-01-18');
insert into locacao (usuario, exemplar, retirada, entrega) values (6, 3002, '2019-02-10', '2019-02-12');
insert into locacao (usuario, exemplar, retirada, entrega) values (29, 3003, '2018-01-08', '2018-01-11');
insert into locacao (usuario, exemplar, retirada, entrega) values (13, 3003, '2018-04-10', '2018-04-19');
insert into locacao (usuario, exemplar, retirada, entrega) values (52, 3003, '2018-05-08', '2018-05-12');
insert into locacao (usuario, exemplar, retirada, entrega) values (54, 3003, '2018-06-23', '2018-07-05');
insert into locacao (usuario, exemplar, retirada, entrega) values (7, 3003, '2018-07-23', '2018-08-04');
insert into locacao (usuario, exemplar, retirada, entrega) values (65, 3003, '2018-09-26', '2018-09-26');
insert into locacao (usuario, exemplar, retirada, entrega) values (5, 3003, '2018-11-24', '2018-11-28');
insert into locacao (usuario, exemplar, retirada, entrega) values (73, 3003, '2019-02-16', '2019-02-28');
insert into locacao (usuario, exemplar, retirada, entrega) values (45, 3003, '2019-03-09', '2019-03-09');
insert into locacao (usuario, exemplar, retirada, entrega) values (37, 3004, '2018-01-21', '2018-01-29');
insert into locacao (usuario, exemplar, retirada, entrega) values (26, 3004, '2018-02-04', '2018-02-13');
insert into locacao (usuario, exemplar, retirada, entrega) values (23, 3004, '2018-03-05', '2018-03-16');
insert into locacao (usuario, exemplar, retirada, entrega) values (41, 3004, '2018-04-27', '2018-05-05');
insert into locacao (usuario, exemplar, retirada, entrega) values (94, 3004, '2018-06-07', '2018-06-20');
insert into locacao (usuario, exemplar, retirada, entrega) values (1, 3004, '2018-07-23', '2018-07-29');
insert into locacao (usuario, exemplar, retirada, entrega) values (24, 3004, '2018-09-17', '2018-09-23');
insert into locacao (usuario, exemplar, retirada, entrega) values (75, 3004, '2018-12-02', '2018-12-06');
insert into locacao (usuario, exemplar, retirada, entrega) values (14, 3004, '2019-01-27', '2019-01-28');
insert into locacao (usuario, exemplar, retirada, entrega) values (68, 3004, '2019-02-09', '2019-02-20');
insert into locacao (usuario, exemplar, retirada, entrega) values (93, 4001, '2018-03-01', '2018-03-13');
insert into locacao (usuario, exemplar, retirada, entrega) values (73, 4001, '2018-03-04', '2018-03-13');
insert into locacao (usuario, exemplar, retirada, entrega) values (76, 4001, '2018-05-02', '2018-05-03');
insert into locacao (usuario, exemplar, retirada, entrega) values (97, 4001, '2018-05-29', '2018-06-10');
insert into locacao (usuario, exemplar, retirada, entrega) values (93, 4001, '2018-06-29', '2018-06-29');
insert into locacao (usuario, exemplar, retirada, entrega) values (54, 4001, '2018-09-16', '2018-09-29');
insert into locacao (usuario, exemplar, retirada, entrega) values (21, 4001, '2018-11-11', '2018-11-14');
insert into locacao (usuario, exemplar, retirada, entrega) values (10, 4001, '2019-01-31', '2019-02-02');
insert into locacao (usuario, exemplar, retirada, entrega) values (10, 4002, '2018-01-10', '2018-01-17');
insert into locacao (usuario, exemplar, retirada, entrega) values (24, 4002, '2018-03-17', '2018-03-21');
insert into locacao (usuario, exemplar, retirada, entrega) values (84, 4002, '2018-05-12', '2018-05-20');
insert into locacao (usuario, exemplar, retirada, entrega) values (13, 4002, '2018-06-30', '2018-07-05');
insert into locacao (usuario, exemplar, retirada, entrega) values (21, 4002, '2018-07-09', '2018-07-19');
insert into locacao (usuario, exemplar, retirada, entrega) values (26, 4002, '2018-09-22', '2018-09-27');
insert into locacao (usuario, exemplar, retirada, entrega) values (15, 4002, '2018-09-28', '2018-10-11');
insert into locacao (usuario, exemplar, retirada, entrega) values (26, 4002, '2018-11-13', '2018-11-25');
insert into locacao (usuario, exemplar, retirada, entrega) values (23, 4002, '2019-01-28', '2019-02-05');
insert into locacao (usuario, exemplar, retirada, entrega) values (95, 4002, '2019-03-21', '2019-04-01');
insert into locacao (usuario, exemplar, retirada, entrega) values (31, 4003, '2018-01-27', '2018-01-30');
insert into locacao (usuario, exemplar, retirada, entrega) values (63, 4003, '2018-02-03', '2018-02-09');
insert into locacao (usuario, exemplar, retirada, entrega) values (34, 4003, '2018-04-04', '2018-04-07');
insert into locacao (usuario, exemplar, retirada, entrega) values (98, 4003, '2018-05-07', '2018-05-10');
insert into locacao (usuario, exemplar, retirada, entrega) values (44, 4003, '2018-07-13', '2018-07-22');
insert into locacao (usuario, exemplar, retirada, entrega) values (16, 4003, '2018-08-22', '2018-09-03');
insert into locacao (usuario, exemplar, retirada, entrega) values (19, 4003, '2018-09-26', '2018-09-28');
insert into locacao (usuario, exemplar, retirada, entrega) values (6, 4003, '2018-11-17', '2018-11-27');
insert into locacao (usuario, exemplar, retirada, entrega) values (58, 4003, '2018-11-30', '2018-12-12');
insert into locacao (usuario, exemplar, retirada, entrega) values (80, 4003, '2019-01-16', '2019-01-17');
insert into locacao (usuario, exemplar, retirada, entrega) values (69, 4003, '2019-02-06', '2019-02-14');
insert into locacao (usuario, exemplar, retirada, entrega) values (74, 4003, '2019-03-24', '2019-04-01');
insert into locacao (usuario, exemplar, retirada, entrega) values (17, 5001, '2018-01-03', '2018-01-12');
insert into locacao (usuario, exemplar, retirada, entrega) values (38, 5001, '2018-03-13', '2018-03-24');
insert into locacao (usuario, exemplar, retirada, entrega) values (49, 5001, '2018-03-27', '2018-03-30');
insert into locacao (usuario, exemplar, retirada, entrega) values (84, 5001, '2018-04-16', '2018-04-24');
insert into locacao (usuario, exemplar, retirada, entrega) values (40, 5001, '2018-06-12', '2018-06-12');
insert into locacao (usuario, exemplar, retirada, entrega) values (33, 5001, '2018-06-17', '2018-06-23');
insert into locacao (usuario, exemplar, retirada, entrega) values (42, 5001, '2018-06-26', '2018-07-02');
insert into locacao (usuario, exemplar, retirada, entrega) values (85, 5001, '2018-09-20', '2018-09-30');
insert into locacao (usuario, exemplar, retirada, entrega) values (80, 5001, '2018-10-14', '2018-10-21');
insert into locacao (usuario, exemplar, retirada, entrega) values (3, 5001, '2018-10-28', '2018-11-07');
insert into locacao (usuario, exemplar, retirada, entrega) values (2, 5001, '2019-01-07', '2019-01-07');
insert into locacao (usuario, exemplar, retirada, entrega) values (91, 6001, '2018-02-22', '2018-02-23');
insert into locacao (usuario, exemplar, retirada, entrega) values (49, 6001, '2018-04-03', '2018-04-05');
insert into locacao (usuario, exemplar, retirada, entrega) values (71, 6001, '2018-05-26', '2018-06-07');
insert into locacao (usuario, exemplar, retirada, entrega) values (90, 6001, '2018-06-06', '2018-06-19');
insert into locacao (usuario, exemplar, retirada, entrega) values (36, 6001, '2018-08-20', '2018-09-02');
insert into locacao (usuario, exemplar, retirada, entrega) values (19, 6001, '2018-08-25', '2018-09-03');
insert into locacao (usuario, exemplar, retirada, entrega) values (24, 6001, '2018-09-05', '2018-09-09');
insert into locacao (usuario, exemplar, retirada, entrega) values (62, 6001, '2018-11-03', '2018-11-07');
insert into locacao (usuario, exemplar, retirada, entrega) values (33, 6001, '2018-12-03', '2018-12-04');
insert into locacao (usuario, exemplar, retirada, entrega) values (80, 6001, '2019-02-04', '2019-02-07');
insert into locacao (usuario, exemplar, retirada, entrega) values (39, 6002, '2018-03-20', '2018-03-24');
insert into locacao (usuario, exemplar, retirada, entrega) values (99, 6002, '2018-06-22', '2018-06-23');
insert into locacao (usuario, exemplar, retirada, entrega) values (98, 6002, '2018-09-04', '2018-09-10');
insert into locacao (usuario, exemplar, retirada, entrega) values (35, 6002, '2018-11-27', '2018-12-05');
insert into locacao (usuario, exemplar, retirada, entrega) values (23, 6002, '2018-12-02', '2018-12-14');
insert into locacao (usuario, exemplar, retirada, entrega) values (92, 6002, '2019-02-20', '2019-03-01');
insert into locacao (usuario, exemplar, retirada, entrega) values (25, 6003, '2018-03-15', '2018-03-24');
insert into locacao (usuario, exemplar, retirada, entrega) values (76, 6003, '2018-05-28', '2018-06-07');
insert into locacao (usuario, exemplar, retirada, entrega) values (64, 6003, '2018-06-25', '2018-06-28');
insert into locacao (usuario, exemplar, retirada, entrega) values (2, 6003, '2018-07-14', '2018-07-26');
insert into locacao (usuario, exemplar, retirada, entrega) values (71, 6003, '2018-08-04', '2018-08-14');
insert into locacao (usuario, exemplar, retirada, entrega) values (73, 6003, '2018-10-09', '2018-10-18');
insert into locacao (usuario, exemplar, retirada, entrega) values (14, 6003, '2018-10-09', '2018-10-22');
insert into locacao (usuario, exemplar, retirada, entrega) values (63, 6003, '2018-11-24', '2018-12-04');
insert into locacao (usuario, exemplar, retirada, entrega) values (71, 6003, '2019-02-24', '2019-03-09');
insert into locacao (usuario, exemplar, retirada, entrega) values (26, 6003, '2019-03-14', '2019-03-23');
insert into locacao (usuario, exemplar, retirada, entrega) values (68, 6003, '2019-03-23', '2019-04-04');
insert into locacao (usuario, exemplar, retirada, entrega) values (54, 7001, '2018-01-26', '2018-01-26');
insert into locacao (usuario, exemplar, retirada, entrega) values (65, 7001, '2018-04-22', '2018-05-01');
insert into locacao (usuario, exemplar, retirada, entrega) values (97, 7001, '2018-07-23', '2018-08-02');
insert into locacao (usuario, exemplar, retirada, entrega) values (33, 7001, '2018-08-11', '2018-08-14');
insert into locacao (usuario, exemplar, retirada, entrega) values (94, 7001, '2018-08-16', '2018-08-29');
insert into locacao (usuario, exemplar, retirada, entrega) values (18, 7001, '2018-10-20', '2018-10-27');
insert into locacao (usuario, exemplar, retirada, entrega) values (70, 7001, '2018-11-17', '2018-11-30');
insert into locacao (usuario, exemplar, retirada, entrega) values (95, 7001, '2019-01-07', '2019-01-16');
insert into locacao (usuario, exemplar, retirada, entrega) values (11, 7001, '2019-01-30', '2019-02-04');
insert into locacao (usuario, exemplar, retirada, entrega) values (64, 7001, '2019-03-22', '2019-03-23');
insert into locacao (usuario, exemplar, retirada, entrega) values (45, 8001, '2018-04-03', '2018-04-10');
insert into locacao (usuario, exemplar, retirada, entrega) values (61, 8001, '2018-04-11', '2018-04-23');
insert into locacao (usuario, exemplar, retirada, entrega) values (2, 8001, '2018-06-08', '2018-06-21');
insert into locacao (usuario, exemplar, retirada, entrega) values (17, 8001, '2018-09-11', '2018-09-23');
insert into locacao (usuario, exemplar, retirada, entrega) values (72, 8001, '2018-10-17', '2018-10-25');
insert into locacao (usuario, exemplar, retirada, entrega) values (44, 8001, '2019-01-04', '2019-01-17');
insert into locacao (usuario, exemplar, retirada, entrega) values (91, 8001, '2019-01-26', '2019-01-30');
insert into locacao (usuario, exemplar, retirada, entrega) values (91, 8001, '2019-02-13', '2019-02-14');
insert into locacao (usuario, exemplar, retirada, entrega) values (33, 8002, '2018-01-04', '2018-01-05');
insert into locacao (usuario, exemplar, retirada, entrega) values (32, 8002, '2018-02-10', '2018-02-22');
insert into locacao (usuario, exemplar, retirada, entrega) values (58, 8002, '2018-03-28', '2018-04-07');
insert into locacao (usuario, exemplar, retirada, entrega) values (56, 8002, '2018-04-07', '2018-04-09');
insert into locacao (usuario, exemplar, retirada, entrega) values (16, 8002, '2018-06-10', '2018-06-18');
insert into locacao (usuario, exemplar, retirada, entrega) values (18, 8002, '2018-07-21', '2018-07-31');
insert into locacao (usuario, exemplar, retirada, entrega) values (60, 8002, '2018-09-22', '2018-10-01');
insert into locacao (usuario, exemplar, retirada, entrega) values (12, 8002, '2018-12-09', '2018-12-18');
insert into locacao (usuario, exemplar, retirada, entrega) values (51, 8002, '2018-12-21', '2018-12-26');
insert into locacao (usuario, exemplar, retirada, entrega) values (24, 8002, '2019-02-10', '2019-02-11');
insert into locacao (usuario, exemplar, retirada, entrega) values (25, 8002, '2019-03-30', '2019-04-10');
insert into locacao (usuario, exemplar, retirada, entrega) values (7, 9001, '2018-01-22', '2018-01-23');
insert into locacao (usuario, exemplar, retirada, entrega) values (95, 9001, '2018-02-05', '2018-02-15');
insert into locacao (usuario, exemplar, retirada, entrega) values (92, 9001, '2018-03-14', '2018-03-27');
insert into locacao (usuario, exemplar, retirada, entrega) values (85, 9001, '2018-03-17', '2018-03-21');
insert into locacao (usuario, exemplar, retirada, entrega) values (92, 9001, '2018-05-04', '2018-05-15');
insert into locacao (usuario, exemplar, retirada, entrega) values (20, 9001, '2018-06-17', '2018-06-21');
insert into locacao (usuario, exemplar, retirada, entrega) values (63, 9001, '2018-06-25', '2018-07-04');
insert into locacao (usuario, exemplar, retirada, entrega) values (55, 9001, '2018-08-18', '2018-08-28');
insert into locacao (usuario, exemplar, retirada, entrega) values (94, 9001, '2018-10-09', '2018-10-22');
insert into locacao (usuario, exemplar, retirada, entrega) values (14, 9001, '2018-10-23', '2018-11-04');
insert into locacao (usuario, exemplar, retirada, entrega) values (49, 9001, '2018-11-19', '2018-11-26');
insert into locacao (usuario, exemplar, retirada, entrega) values (17, 9001, '2018-12-03', '2018-12-04');
insert into locacao (usuario, exemplar, retirada, entrega) values (31, 9001, '2019-02-05', '2019-02-15');
insert into locacao (usuario, exemplar, retirada, entrega) values (32, 9001, '2019-02-20', '2019-02-25');
insert into locacao (usuario, exemplar, retirada, entrega) values (4, 9002, '2018-02-27', '2018-03-11');
insert into locacao (usuario, exemplar, retirada, entrega) values (93, 9002, '2018-05-28', '2018-06-10');
insert into locacao (usuario, exemplar, retirada, entrega) values (33, 9002, '2018-08-11', '2018-08-15');
insert into locacao (usuario, exemplar, retirada, entrega) values (13, 9002, '2018-09-02', '2018-09-13');
insert into locacao (usuario, exemplar, retirada, entrega) values (12, 9002, '2018-10-01', '2018-10-06');
insert into locacao (usuario, exemplar, retirada, entrega) values (28, 9002, '2018-11-23', '2018-11-24');
insert into locacao (usuario, exemplar, retirada, entrega) values (1, 9002, '2019-01-27', '2019-02-03');
insert into locacao (usuario, exemplar, retirada, entrega) values (75, 9003, '2018-01-13', '2018-01-14');
insert into locacao (usuario, exemplar, retirada, entrega) values (1, 9003, '2018-04-02', '2018-04-02');
insert into locacao (usuario, exemplar, retirada, entrega) values (10, 9003, '2018-06-10', '2018-06-23');
insert into locacao (usuario, exemplar, retirada, entrega) values (18, 9003, '2018-07-25', '2018-08-02');
insert into locacao (usuario, exemplar, retirada, entrega) values (23, 9003, '2018-09-06', '2018-09-13');
insert into locacao (usuario, exemplar, retirada, entrega) values (38, 9003, '2018-09-17', '2018-09-19');
insert into locacao (usuario, exemplar, retirada, entrega) values (84, 9003, '2018-09-26', '2018-09-26');
insert into locacao (usuario, exemplar, retirada, entrega) values (73, 9003, '2018-11-04', '2018-11-11');
insert into locacao (usuario, exemplar, retirada, entrega) values (31, 9003, '2019-01-19', '2019-01-20');
insert into locacao (usuario, exemplar, retirada, entrega) values (63, 9004, '2018-03-20', '2018-04-02');
insert into locacao (usuario, exemplar, retirada, entrega) values (63, 9004, '2018-04-13', '2018-04-14');
insert into locacao (usuario, exemplar, retirada, entrega) values (16, 9004, '2018-05-02', '2018-05-08');
insert into locacao (usuario, exemplar, retirada, entrega) values (62, 9004, '2018-07-21', '2018-07-23');
insert into locacao (usuario, exemplar, retirada, entrega) values (4, 9004, '2018-09-21', '2018-09-30');
insert into locacao (usuario, exemplar, retirada, entrega) values (65, 9004, '2018-12-22', '2019-01-03');
insert into locacao (usuario, exemplar, retirada, entrega) values (89, 9004, '2019-01-13', '2019-01-16');
insert into locacao (usuario, exemplar, retirada, entrega) values (66, 9005, '2018-01-05', '2018-01-05');
insert into locacao (usuario, exemplar, retirada, entrega) values (50, 9005, '2018-01-27', '2018-01-31');
insert into locacao (usuario, exemplar, retirada, entrega) values (53, 9005, '2018-02-23', '2018-03-07');
insert into locacao (usuario, exemplar, retirada, entrega) values (71, 9005, '2018-05-30', '2018-06-07');
insert into locacao (usuario, exemplar, retirada, entrega) values (43, 9005, '2018-07-11', '2018-07-24');
insert into locacao (usuario, exemplar, retirada, entrega) values (90, 9005, '2018-08-30', '2018-09-05');
insert into locacao (usuario, exemplar, retirada, entrega) values (99, 9005, '2018-10-04', '2018-10-16');
insert into locacao (usuario, exemplar, retirada, entrega) values (23, 9005, '2018-12-19', '2019-01-01');
insert into locacao (usuario, exemplar, retirada, entrega) values (12, 9005, '2019-03-25', '2019-03-27');
insert into locacao (usuario, exemplar, retirada, entrega) values (58, 10001, '2018-03-10', '2018-03-22');
insert into locacao (usuario, exemplar, retirada, entrega) values (52, 10001, '2018-05-26', '2018-06-01');
insert into locacao (usuario, exemplar, retirada, entrega) values (36, 10001, '2018-07-03', '2018-07-12');
insert into locacao (usuario, exemplar, retirada, entrega) values (11, 10001, '2018-09-30', '2018-10-04');
insert into locacao (usuario, exemplar, retirada, entrega) values (83, 10001, '2018-11-04', '2018-11-15');
insert into locacao (usuario, exemplar, retirada, entrega) values (100, 10001, '2018-12-19', '2018-12-26');
insert into locacao (usuario, exemplar, retirada, entrega) values (51, 10001, '2019-03-19', '2019-03-29');
insert into locacao (usuario, exemplar, retirada, entrega) values (65, 10002, '2018-02-19', '2018-02-20');
insert into locacao (usuario, exemplar, retirada, entrega) values (24, 10002, '2018-05-06', '2018-05-17');
insert into locacao (usuario, exemplar, retirada, entrega) values (4, 10002, '2018-06-09', '2018-06-18');
insert into locacao (usuario, exemplar, retirada, entrega) values (16, 10002, '2018-07-19', '2018-07-28');
insert into locacao (usuario, exemplar, retirada, entrega) values (88, 10002, '2018-10-16', '2018-10-26');
insert into locacao (usuario, exemplar, retirada, entrega) values (63, 10002, '2018-12-08', '2018-12-10');
insert into locacao (usuario, exemplar, retirada, entrega) values (64, 10002, '2019-01-02', '2019-01-12');
insert into locacao (usuario, exemplar, retirada, entrega) values (6, 10002, '2019-02-28', '2019-02-28');
insert into locacao (usuario, exemplar, retirada, entrega) values (39, 11001, '2018-02-18', '2018-02-26');
insert into locacao (usuario, exemplar, retirada, entrega) values (95, 11001, '2018-04-23', '2018-04-30');
insert into locacao (usuario, exemplar, retirada, entrega) values (19, 11001, '2018-06-24', '2018-06-29');
insert into locacao (usuario, exemplar, retirada, entrega) values (58, 11001, '2018-09-06', '2018-09-13');
insert into locacao (usuario, exemplar, retirada, entrega) values (41, 11001, '2018-09-30', '2018-10-09');
insert into locacao (usuario, exemplar, retirada, entrega) values (31, 11001, '2018-11-16', '2018-11-27');
insert into locacao (usuario, exemplar, retirada, entrega) values (89, 11001, '2019-02-06', '2019-02-08');
insert into locacao (usuario, exemplar, retirada, entrega) values (96, 11001, '2019-02-13', '2019-02-23');
insert into locacao (usuario, exemplar, retirada, entrega) values (100, 11002, '2018-01-26', '2018-02-01');
insert into locacao (usuario, exemplar, retirada, entrega) values (53, 11002, '2018-02-06', '2018-02-19');
insert into locacao (usuario, exemplar, retirada, entrega) values (14, 11002, '2018-03-21', '2018-04-01');
insert into locacao (usuario, exemplar, retirada, entrega) values (87, 11002, '2018-06-04', '2018-06-16');
insert into locacao (usuario, exemplar, retirada, entrega) values (33, 11002, '2018-09-02', '2018-09-10');
insert into locacao (usuario, exemplar, retirada, entrega) values (43, 11002, '2018-09-09', '2018-09-22');
insert into locacao (usuario, exemplar, retirada, entrega) values (12, 11002, '2018-10-09', '2018-10-14');
insert into locacao (usuario, exemplar, retirada, entrega) values (44, 11002, '2018-11-10', '2018-11-18');
insert into locacao (usuario, exemplar, retirada, entrega) values (29, 11002, '2018-12-12', '2018-12-20');
insert into locacao (usuario, exemplar, retirada, entrega) values (41, 11002, '2018-12-17', '2018-12-29');
insert into locacao (usuario, exemplar, retirada, entrega) values (81, 11002, '2019-01-20', '2019-01-23');
insert into locacao (usuario, exemplar, retirada, entrega) values (27, 11002, '2019-01-21', '2019-01-31');
insert into locacao (usuario, exemplar, retirada, entrega) values (68, 11002, '2019-03-03', '2019-03-11');
insert into locacao (usuario, exemplar, retirada, entrega) values (3, 11002, '2019-03-20', '2019-04-01');
insert into locacao (usuario, exemplar, retirada, entrega) values (27, 11003, '2018-01-11', '2018-01-11');
insert into locacao (usuario, exemplar, retirada, entrega) values (38, 11003, '2018-04-15', '2018-04-27');
insert into locacao (usuario, exemplar, retirada, entrega) values (3, 11003, '2018-04-18', '2018-04-29');
insert into locacao (usuario, exemplar, retirada, entrega) values (16, 11003, '2018-04-27', '2018-05-02');
insert into locacao (usuario, exemplar, retirada, entrega) values (58, 11003, '2018-06-10', '2018-06-12');
insert into locacao (usuario, exemplar, retirada, entrega) values (33, 11003, '2018-08-11', '2018-08-12');
insert into locacao (usuario, exemplar, retirada, entrega) values (66, 11003, '2018-09-29', '2018-10-08');
insert into locacao (usuario, exemplar, retirada, entrega) values (88, 11003, '2018-10-16', '2018-10-27');
insert into locacao (usuario, exemplar, retirada, entrega) values (98, 11003, '2018-11-06', '2018-11-16');
insert into locacao (usuario, exemplar, retirada, entrega) values (75, 11003, '2018-11-15', '2018-11-23');
insert into locacao (usuario, exemplar, retirada, entrega) values (10, 11003, '2019-02-17', '2019-02-24');
insert into locacao (usuario, exemplar, retirada, entrega) values (17, 12001, '2018-03-20', '2018-03-28');
insert into locacao (usuario, exemplar, retirada, entrega) values (58, 12001, '2018-06-03', '2018-06-13');
insert into locacao (usuario, exemplar, retirada, entrega) values (7, 12001, '2018-07-19', '2018-07-21');
insert into locacao (usuario, exemplar, retirada, entrega) values (42, 12001, '2018-09-08', '2018-09-20');
insert into locacao (usuario, exemplar, retirada, entrega) values (75, 12001, '2018-09-29', '2018-10-11');
insert into locacao (usuario, exemplar, retirada, entrega) values (24, 12001, '2018-11-12', '2018-11-15');
insert into locacao (usuario, exemplar, retirada, entrega) values (7, 12001, '2019-02-07', '2019-02-10');
insert into locacao (usuario, exemplar, retirada, entrega) values (51, 12002, '2018-02-21', '2018-03-05');
insert into locacao (usuario, exemplar, retirada, entrega) values (43, 12002, '2018-04-07', '2018-04-13');
insert into locacao (usuario, exemplar, retirada, entrega) values (33, 12002, '2018-04-26', '2018-05-04');
insert into locacao (usuario, exemplar, retirada, entrega) values (83, 12002, '2018-06-07', '2018-06-19');
insert into locacao (usuario, exemplar, retirada, entrega) values (9, 12002, '2018-08-28', '2018-09-04');
insert into locacao (usuario, exemplar, retirada, entrega) values (99, 12002, '2018-10-06', '2018-10-14');
insert into locacao (usuario, exemplar, retirada, entrega) values (77, 12002, '2018-12-03', '2018-12-16');
insert into locacao (usuario, exemplar, retirada, entrega) values (97, 12002, '2019-01-15', '2019-01-17');
insert into locacao (usuario, exemplar, retirada, entrega) values (46, 12002, '2019-03-07', '2019-03-12');
insert into locacao (usuario, exemplar, retirada, entrega) values (5, 12003, '2018-03-01', '2018-03-14');
insert into locacao (usuario, exemplar, retirada, entrega) values (1, 12003, '2018-05-20', '2018-05-24');
insert into locacao (usuario, exemplar, retirada, entrega) values (41, 12003, '2018-08-02', '2018-08-13');
insert into locacao (usuario, exemplar, retirada, entrega) values (22, 12003, '2018-08-27', '2018-08-27');
insert into locacao (usuario, exemplar, retirada, entrega) values (17, 12003, '2018-09-21', '2018-10-03');
insert into locacao (usuario, exemplar, retirada, entrega) values (1, 12003, '2018-11-14', '2018-11-14');
insert into locacao (usuario, exemplar, retirada, entrega) values (41, 12003, '2018-12-25', '2018-12-26');
insert into locacao (usuario, exemplar, retirada, entrega) values (97, 12003, '2019-02-28', '2019-02-28');
insert into locacao (usuario, exemplar, retirada, entrega) values (26, 12004, '2018-03-22', '2018-03-28');
insert into locacao (usuario, exemplar, retirada, entrega) values (8, 12004, '2018-04-16', '2018-04-17');
insert into locacao (usuario, exemplar, retirada, entrega) values (32, 12004, '2018-04-22', '2018-05-05');
insert into locacao (usuario, exemplar, retirada, entrega) values (39, 12004, '2018-05-25', '2018-06-07');
insert into locacao (usuario, exemplar, retirada, entrega) values (57, 12004, '2018-08-09', '2018-08-22');
insert into locacao (usuario, exemplar, retirada, entrega) values (62, 12004, '2018-10-21', '2018-10-27');
insert into locacao (usuario, exemplar, retirada, entrega) values (92, 12004, '2018-11-24', '2018-12-01');
insert into locacao (usuario, exemplar, retirada, entrega) values (90, 12004, '2019-02-09', '2019-02-20');
insert into locacao (usuario, exemplar, retirada, entrega) values (7, 12004, '2019-03-23', '2019-04-01');
insert into locacao (usuario, exemplar, retirada, entrega) values (11, 12005, '2018-03-28', '2018-04-10');
insert into locacao (usuario, exemplar, retirada, entrega) values (28, 12005, '2018-06-26', '2018-07-06');
insert into locacao (usuario, exemplar, retirada, entrega) values (64, 12005, '2018-09-11', '2018-09-22');
insert into locacao (usuario, exemplar, retirada, entrega) values (70, 12005, '2018-09-25', '2018-10-06');
insert into locacao (usuario, exemplar, retirada, entrega) values (89, 12005, '2018-11-09', '2018-11-16');
insert into locacao (usuario, exemplar, retirada, entrega) values (1, 12005, '2019-02-03', '2019-02-08');
insert into locacao (usuario, exemplar, retirada, entrega) values (71, 12005, '2019-03-13', '2019-03-13');
insert into locacao (usuario, exemplar, retirada, entrega) values (26, 13001, '2018-03-01', '2018-03-10');
insert into locacao (usuario, exemplar, retirada, entrega) values (79, 13001, '2018-05-12', '2018-05-15');
insert into locacao (usuario, exemplar, retirada, entrega) values (9, 13001, '2018-07-13', '2018-07-20');
insert into locacao (usuario, exemplar, retirada, entrega) values (34, 13001, '2018-08-12', '2018-08-20');
insert into locacao (usuario, exemplar, retirada, entrega) values (1, 13001, '2018-10-04', '2018-10-14');
insert into locacao (usuario, exemplar, retirada, entrega) values (40, 13001, '2018-10-15', '2018-10-17');
insert into locacao (usuario, exemplar, retirada, entrega) values (24, 13001, '2018-11-15', '2018-11-17');
insert into locacao (usuario, exemplar, retirada, entrega) values (38, 13001, '2018-12-16', '2018-12-19');
insert into locacao (usuario, exemplar, retirada, entrega) values (96, 13001, '2019-02-18', '2019-02-27');
insert into locacao (usuario, exemplar, retirada, entrega) values (34, 14001, '2018-03-19', '2018-03-24');
insert into locacao (usuario, exemplar, retirada, entrega) values (42, 14001, '2018-04-25', '2018-04-25');
insert into locacao (usuario, exemplar, retirada, entrega) values (29, 14001, '2018-06-18', '2018-06-18');
insert into locacao (usuario, exemplar, retirada, entrega) values (11, 14001, '2018-08-31', '2018-09-11');
insert into locacao (usuario, exemplar, retirada, entrega) values (57, 14001, '2018-09-17', '2018-09-24');
insert into locacao (usuario, exemplar, retirada, entrega) values (50, 14001, '2018-11-09', '2018-11-22');
insert into locacao (usuario, exemplar, retirada, entrega) values (7, 14001, '2018-12-13', '2018-12-14');
insert into locacao (usuario, exemplar, retirada, entrega) values (18, 14001, '2019-02-06', '2019-02-15');
insert into locacao (usuario, exemplar, retirada, entrega) values (81, 14002, '2018-03-06', '2018-03-14');
insert into locacao (usuario, exemplar, retirada, entrega) values (78, 14002, '2018-06-02', '2018-06-03');
insert into locacao (usuario, exemplar, retirada, entrega) values (5, 14002, '2018-06-21', '2018-06-29');
insert into locacao (usuario, exemplar, retirada, entrega) values (69, 14002, '2018-08-02', '2018-08-12');
insert into locacao (usuario, exemplar, retirada, entrega) values (89, 14002, '2018-10-28', '2018-11-05');
insert into locacao (usuario, exemplar, retirada, entrega) values (51, 14002, '2018-11-23', '2018-12-04');
insert into locacao (usuario, exemplar, retirada, entrega) values (18, 14002, '2019-01-24', '2019-02-04');
insert into locacao (usuario, exemplar, retirada, entrega) values (27, 14002, '2019-03-19', '2019-04-01');
insert into locacao (usuario, exemplar, retirada, entrega) values (35, 14003, '2018-04-05', '2018-04-17');
insert into locacao (usuario, exemplar, retirada, entrega) values (20, 14003, '2018-06-14', '2018-06-22');
insert into locacao (usuario, exemplar, retirada, entrega) values (5, 14003, '2018-06-28', '2018-07-08');
insert into locacao (usuario, exemplar, retirada, entrega) values (73, 14003, '2018-07-27', '2018-08-04');
insert into locacao (usuario, exemplar, retirada, entrega) values (71, 14003, '2018-07-27', '2018-08-06');
insert into locacao (usuario, exemplar, retirada, entrega) values (42, 14003, '2018-10-30', '2018-11-03');
insert into locacao (usuario, exemplar, retirada, entrega) values (65, 14003, '2019-01-14', '2019-01-25');
insert into locacao (usuario, exemplar, retirada, entrega) values (58, 14003, '2019-01-24', '2019-01-29');
insert into locacao (usuario, exemplar, retirada, entrega) values (69, 14003, '2019-03-02', '2019-03-06');
insert into locacao (usuario, exemplar, retirada, entrega) values (96, 14003, '2019-03-03', '2019-03-16');
insert into locacao (usuario, exemplar, retirada, entrega) values (78, 14004, '2018-01-14', '2018-01-23');
insert into locacao (usuario, exemplar, retirada, entrega) values (36, 14004, '2018-02-14', '2018-02-14');
insert into locacao (usuario, exemplar, retirada, entrega) values (43, 14004, '2018-03-28', '2018-03-29');
insert into locacao (usuario, exemplar, retirada, entrega) values (98, 14004, '2018-06-16', '2018-06-25');
insert into locacao (usuario, exemplar, retirada, entrega) values (74, 14004, '2018-07-16', '2018-07-19');
insert into locacao (usuario, exemplar, retirada, entrega) values (22, 14004, '2018-09-09', '2018-09-13');
insert into locacao (usuario, exemplar, retirada, entrega) values (78, 14004, '2018-09-18', '2018-09-24');
insert into locacao (usuario, exemplar, retirada, entrega) values (36, 14004, '2018-09-18', '2018-09-30');
insert into locacao (usuario, exemplar, retirada, entrega) values (92, 14004, '2018-10-05', '2018-10-17');
insert into locacao (usuario, exemplar, retirada, entrega) values (92, 14004, '2018-12-23', '2018-12-24');
insert into locacao (usuario, exemplar, retirada, entrega) values (93, 14004, '2019-01-09', '2019-01-11');
insert into locacao (usuario, exemplar, retirada, entrega) values (69, 15001, '2018-03-13', '2018-03-24');
insert into locacao (usuario, exemplar, retirada, entrega) values (12, 15001, '2018-06-20', '2018-07-03');
insert into locacao (usuario, exemplar, retirada, entrega) values (61, 15001, '2018-09-01', '2018-09-04');
insert into locacao (usuario, exemplar, retirada, entrega) values (46, 15001, '2018-10-08', '2018-10-12');
insert into locacao (usuario, exemplar, retirada, entrega) values (62, 15001, '2018-10-27', '2018-11-07');
insert into locacao (usuario, exemplar, retirada, entrega) values (31, 15001, '2018-12-12', '2018-12-23');
insert into locacao (usuario, exemplar, retirada, entrega) values (42, 15001, '2018-12-27', '2018-12-29');
insert into locacao (usuario, exemplar, retirada, entrega) values (10, 15001, '2019-03-10', '2019-03-18');
insert into locacao (usuario, exemplar, retirada, entrega) values (93, 15002, '2018-01-22', '2018-02-04');
insert into locacao (usuario, exemplar, retirada, entrega) values (11, 15002, '2018-03-13', '2018-03-20');
insert into locacao (usuario, exemplar, retirada, entrega) values (32, 15002, '2018-04-03', '2018-04-12');
insert into locacao (usuario, exemplar, retirada, entrega) values (51, 15002, '2018-05-31', '2018-06-11');
insert into locacao (usuario, exemplar, retirada, entrega) values (39, 15002, '2018-08-16', '2018-08-23');
insert into locacao (usuario, exemplar, retirada, entrega) values (38, 15002, '2018-11-03', '2018-11-16');
insert into locacao (usuario, exemplar, retirada, entrega) values (68, 15002, '2019-01-20', '2019-01-29');
insert into locacao (usuario, exemplar, retirada, entrega) values (83, 15002, '2019-02-20', '2019-02-26');
insert into locacao (usuario, exemplar, retirada, entrega) values (100, 15003, '2018-02-15', '2018-02-17');
insert into locacao (usuario, exemplar, retirada, entrega) values (28, 15003, '2018-03-17', '2018-03-17');
insert into locacao (usuario, exemplar, retirada, entrega) values (79, 15003, '2018-03-23', '2018-03-24');
insert into locacao (usuario, exemplar, retirada, entrega) values (13, 15003, '2018-04-11', '2018-04-11');
insert into locacao (usuario, exemplar, retirada, entrega) values (39, 15003, '2018-07-05', '2018-07-11');
insert into locacao (usuario, exemplar, retirada, entrega) values (5, 15003, '2018-08-09', '2018-08-15');
insert into locacao (usuario, exemplar, retirada, entrega) values (71, 15003, '2018-08-23', '2018-08-23');
insert into locacao (usuario, exemplar, retirada, entrega) values (50, 15003, '2018-09-23', '2018-09-30');
insert into locacao (usuario, exemplar, retirada, entrega) values (30, 15003, '2018-10-23', '2018-10-24');
insert into locacao (usuario, exemplar, retirada, entrega) values (95, 15003, '2018-12-06', '2018-12-18');
insert into locacao (usuario, exemplar, retirada, entrega) values (69, 15003, '2019-01-05', '2019-01-12');
insert into locacao (usuario, exemplar, retirada, entrega) values (73, 15003, '2019-01-17', '2019-01-17');
insert into locacao (usuario, exemplar, retirada, entrega) values (56, 15003, '2019-01-21', '2019-01-29');
insert into locacao (usuario, exemplar, retirada, entrega) values (56, 15003, '2019-02-16', '2019-02-22');
insert into locacao (usuario, exemplar, retirada, entrega) values (66, 15003, '2019-03-28', '2019-04-07');
insert into locacao (usuario, exemplar, retirada, entrega) values (43, 15004, '2018-02-10', '2018-02-18');
insert into locacao (usuario, exemplar, retirada, entrega) values (68, 15004, '2018-03-24', '2018-03-29');
insert into locacao (usuario, exemplar, retirada, entrega) values (38, 15004, '2018-05-06', '2018-05-07');
insert into locacao (usuario, exemplar, retirada, entrega) values (23, 15004, '2018-06-06', '2018-06-17');
insert into locacao (usuario, exemplar, retirada, entrega) values (7, 15004, '2018-07-29', '2018-08-07');
insert into locacao (usuario, exemplar, retirada, entrega) values (79, 15004, '2018-10-10', '2018-10-13');
insert into locacao (usuario, exemplar, retirada, entrega) values (31, 15004, '2018-11-18', '2018-11-27');
insert into locacao (usuario, exemplar, retirada, entrega) values (95, 15004, '2019-01-04', '2019-01-12');
insert into locacao (usuario, exemplar, retirada, entrega) values (1, 15004, '2019-03-24', '2019-04-04');
insert into locacao (usuario, exemplar, retirada, entrega) values (76, 16001, '2018-01-20', '2018-01-29');
insert into locacao (usuario, exemplar, retirada, entrega) values (23, 16001, '2018-02-06', '2018-02-16');
insert into locacao (usuario, exemplar, retirada, entrega) values (52, 16001, '2018-04-05', '2018-04-18');
insert into locacao (usuario, exemplar, retirada, entrega) values (96, 16001, '2018-05-21', '2018-05-30');
insert into locacao (usuario, exemplar, retirada, entrega) values (10, 16001, '2018-08-15', '2018-08-22');
insert into locacao (usuario, exemplar, retirada, entrega) values (32, 16001, '2018-09-20', '2018-09-29');
insert into locacao (usuario, exemplar, retirada, entrega) values (15, 16001, '2018-11-23', '2018-11-25');
insert into locacao (usuario, exemplar, retirada, entrega) values (71, 16001, '2019-01-06', '2019-01-15');
insert into locacao (usuario, exemplar, retirada, entrega) values (90, 16002, '2018-01-21', '2018-01-30');
insert into locacao (usuario, exemplar, retirada, entrega) values (60, 16002, '2018-02-13', '2018-02-20');
insert into locacao (usuario, exemplar, retirada, entrega) values (31, 16002, '2018-03-12', '2018-03-16');
insert into locacao (usuario, exemplar, retirada, entrega) values (34, 16002, '2018-06-02', '2018-06-13');
insert into locacao (usuario, exemplar, retirada, entrega) values (33, 16002, '2018-08-27', '2018-09-09');
insert into locacao (usuario, exemplar, retirada, entrega) values (46, 16002, '2018-10-02', '2018-10-15');
insert into locacao (usuario, exemplar, retirada, entrega) values (17, 16002, '2018-12-09', '2018-12-10');
insert into locacao (usuario, exemplar, retirada, entrega) values (22, 16002, '2019-01-13', '2019-01-14');
insert into locacao (usuario, exemplar, retirada, entrega) values (33, 16002, '2019-01-25', '2019-02-04');
insert into locacao (usuario, exemplar, retirada, entrega) values (23, 16002, '2019-03-15', '2019-03-24');
insert into locacao (usuario, exemplar, retirada, entrega) values (76, 16002, '2019-03-23', '2019-03-30');
insert into locacao (usuario, exemplar, retirada, entrega) values (42, 17001, '2018-01-22', '2018-01-27');
insert into locacao (usuario, exemplar, retirada, entrega) values (91, 17001, '2018-02-20', '2018-03-01');
insert into locacao (usuario, exemplar, retirada, entrega) values (81, 17001, '2018-04-06', '2018-04-16');
insert into locacao (usuario, exemplar, retirada, entrega) values (2, 17001, '2018-04-09', '2018-04-20');
insert into locacao (usuario, exemplar, retirada, entrega) values (73, 17001, '2018-04-25', '2018-04-28');
insert into locacao (usuario, exemplar, retirada, entrega) values (94, 17001, '2018-05-18', '2018-05-31');
insert into locacao (usuario, exemplar, retirada, entrega) values (83, 17001, '2018-08-07', '2018-08-18');
insert into locacao (usuario, exemplar, retirada, entrega) values (20, 17001, '2018-08-22', '2018-09-02');
insert into locacao (usuario, exemplar, retirada, entrega) values (20, 17001, '2018-11-29', '2018-12-07');
insert into locacao (usuario, exemplar, retirada, entrega) values (86, 17001, '2019-01-27', '2019-02-08');
insert into locacao (usuario, exemplar, retirada, entrega) values (34, 17001, '2019-03-19', '2019-03-28');
insert into locacao (usuario, exemplar, retirada, entrega) values (98, 17002, '2018-04-09', '2018-04-11');
insert into locacao (usuario, exemplar, retirada, entrega) values (22, 17002, '2018-06-04', '2018-06-10');
insert into locacao (usuario, exemplar, retirada, entrega) values (65, 17002, '2018-09-05', '2018-09-18');
insert into locacao (usuario, exemplar, retirada, entrega) values (62, 17002, '2018-11-27', '2018-12-02');
insert into locacao (usuario, exemplar, retirada, entrega) values (21, 17002, '2019-01-29', '2019-02-10');
insert into locacao (usuario, exemplar, retirada, entrega) values (29, 17003, '2018-01-25', '2018-01-30');
insert into locacao (usuario, exemplar, retirada, entrega) values (36, 17003, '2018-05-03', '2018-05-05');
insert into locacao (usuario, exemplar, retirada, entrega) values (46, 17003, '2018-06-21', '2018-06-25');
insert into locacao (usuario, exemplar, retirada, entrega) values (4, 17003, '2018-07-13', '2018-07-15');
insert into locacao (usuario, exemplar, retirada, entrega) values (81, 17003, '2018-09-10', '2018-09-10');
insert into locacao (usuario, exemplar, retirada, entrega) values (12, 17003, '2018-11-10', '2018-11-23');
insert into locacao (usuario, exemplar, retirada, entrega) values (69, 17003, '2019-02-01', '2019-02-03');
insert into locacao (usuario, exemplar, retirada, entrega) values (77, 17003, '2019-02-05', '2019-02-07');
insert into locacao (usuario, exemplar, retirada, entrega) values (32, 17004, '2018-02-23', '2018-03-03');
insert into locacao (usuario, exemplar, retirada, entrega) values (92, 17004, '2018-03-29', '2018-04-02');
insert into locacao (usuario, exemplar, retirada, entrega) values (79, 17004, '2018-04-29', '2018-04-29');
insert into locacao (usuario, exemplar, retirada, entrega) values (6, 17004, '2018-06-06', '2018-06-10');
insert into locacao (usuario, exemplar, retirada, entrega) values (45, 17004, '2018-07-02', '2018-07-10');
insert into locacao (usuario, exemplar, retirada, entrega) values (45, 17004, '2018-09-23', '2018-09-29');
insert into locacao (usuario, exemplar, retirada, entrega) values (80, 17004, '2018-12-20', '2019-01-01');
insert into locacao (usuario, exemplar, retirada, entrega) values (49, 17004, '2019-01-21', '2019-02-02');
insert into locacao (usuario, exemplar, retirada, entrega) values (64, 17004, '2019-03-07', '2019-03-14');
insert into locacao (usuario, exemplar, retirada, entrega) values (55, 18001, '2018-01-20', '2018-02-02');
insert into locacao (usuario, exemplar, retirada, entrega) values (11, 18001, '2018-04-07', '2018-04-12');
insert into locacao (usuario, exemplar, retirada, entrega) values (91, 18001, '2018-05-02', '2018-05-04');
insert into locacao (usuario, exemplar, retirada, entrega) values (87, 18001, '2018-06-22', '2018-06-29');
insert into locacao (usuario, exemplar, retirada, entrega) values (79, 18001, '2018-09-19', '2018-09-30');
insert into locacao (usuario, exemplar, retirada, entrega) values (89, 18001, '2018-10-13', '2018-10-18');
insert into locacao (usuario, exemplar, retirada, entrega) values (64, 18001, '2018-11-26', '2018-12-08');
insert into locacao (usuario, exemplar, retirada, entrega) values (8, 18001, '2019-01-21', '2019-01-22');
insert into locacao (usuario, exemplar, retirada, entrega) values (47, 18002, '2018-03-19', '2018-03-21');
insert into locacao (usuario, exemplar, retirada, entrega) values (12, 18002, '2018-03-25', '2018-03-30');
insert into locacao (usuario, exemplar, retirada, entrega) values (76, 18002, '2018-04-24', '2018-04-25');
insert into locacao (usuario, exemplar, retirada, entrega) values (4, 18002, '2018-05-03', '2018-05-03');
insert into locacao (usuario, exemplar, retirada, entrega) values (1, 18002, '2018-07-23', '2018-08-05');
insert into locacao (usuario, exemplar, retirada, entrega) values (23, 18002, '2018-09-20', '2018-09-28');
insert into locacao (usuario, exemplar, retirada, entrega) values (73, 18002, '2018-11-26', '2018-12-04');
insert into locacao (usuario, exemplar, retirada, entrega) values (11, 18002, '2019-01-31', '2019-02-01');
insert into locacao (usuario, exemplar, retirada, entrega) values (29, 18002, '2019-03-11', '2019-03-13');
insert into locacao (usuario, exemplar, retirada, entrega) values (67, 18003, '2018-02-07', '2018-02-10');
insert into locacao (usuario, exemplar, retirada, entrega) values (59, 18003, '2018-03-03', '2018-03-07');
insert into locacao (usuario, exemplar, retirada, entrega) values (78, 18003, '2018-06-03', '2018-06-14');
insert into locacao (usuario, exemplar, retirada, entrega) values (20, 18003, '2018-06-03', '2018-06-06');
insert into locacao (usuario, exemplar, retirada, entrega) values (44, 18003, '2018-07-23', '2018-08-05');
insert into locacao (usuario, exemplar, retirada, entrega) values (76, 18003, '2018-10-11', '2018-10-15');
insert into locacao (usuario, exemplar, retirada, entrega) values (36, 18003, '2018-11-22', '2018-12-02');
insert into locacao (usuario, exemplar, retirada, entrega) values (86, 18003, '2019-01-13', '2019-01-18');
insert into locacao (usuario, exemplar, retirada, entrega) values (25, 18003, '2019-02-18', '2019-02-25');
insert into locacao (usuario, exemplar, retirada, entrega) values (24, 18004, '2018-03-14', '2018-03-16');
insert into locacao (usuario, exemplar, retirada, entrega) values (73, 18004, '2018-04-29', '2018-05-10');
insert into locacao (usuario, exemplar, retirada, entrega) values (100, 18004, '2018-06-19', '2018-06-22');
insert into locacao (usuario, exemplar, retirada, entrega) values (44, 18004, '2018-09-12', '2018-09-21');
insert into locacao (usuario, exemplar, retirada, entrega) values (23, 18004, '2018-09-24', '2018-10-05');
insert into locacao (usuario, exemplar, retirada, entrega) values (27, 18004, '2018-12-04', '2018-12-16');
insert into locacao (usuario, exemplar, retirada, entrega) values (2, 18004, '2019-02-09', '2019-02-17');
insert into locacao (usuario, exemplar, retirada, entrega) values (73, 19001, '2018-03-16', '2018-03-25');
insert into locacao (usuario, exemplar, retirada, entrega) values (17, 19001, '2018-05-22', '2018-05-24');
insert into locacao (usuario, exemplar, retirada, entrega) values (21, 19001, '2018-06-17', '2018-06-22');
insert into locacao (usuario, exemplar, retirada, entrega) values (56, 19001, '2018-08-29', '2018-09-08');
insert into locacao (usuario, exemplar, retirada, entrega) values (51, 19001, '2018-09-13', '2018-09-18');
insert into locacao (usuario, exemplar, retirada, entrega) values (69, 19001, '2018-11-08', '2018-11-14');
insert into locacao (usuario, exemplar, retirada, entrega) values (68, 19001, '2018-12-01', '2018-12-01');
insert into locacao (usuario, exemplar, retirada, entrega) values (53, 19001, '2019-01-10', '2019-01-20');
insert into locacao (usuario, exemplar, retirada, entrega) values (77, 19001, '2019-03-05', '2019-03-11');
insert into locacao (usuario, exemplar, retirada, entrega) values (79, 20001, '2018-03-19', '2018-03-30');
insert into locacao (usuario, exemplar, retirada, entrega) values (63, 20001, '2018-05-22', '2018-05-25');
insert into locacao (usuario, exemplar, retirada, entrega) values (57, 20001, '2018-08-28', '2018-08-31');
insert into locacao (usuario, exemplar, retirada, entrega) values (12, 20001, '2018-11-26', '2018-11-27');
insert into locacao (usuario, exemplar, retirada, entrega) values (44, 20001, '2019-02-10', '2019-02-14');
insert into locacao (usuario, exemplar, retirada, entrega) values (77, 21001, '2018-02-09', '2018-02-17');
insert into locacao (usuario, exemplar, retirada, entrega) values (51, 21001, '2018-02-12', '2018-02-14');
insert into locacao (usuario, exemplar, retirada, entrega) values (90, 21001, '2018-04-23', '2018-04-30');
insert into locacao (usuario, exemplar, retirada, entrega) values (16, 21001, '2018-06-18', '2018-06-24');
insert into locacao (usuario, exemplar, retirada, entrega) values (71, 21001, '2018-08-21', '2018-09-01');
insert into locacao (usuario, exemplar, retirada, entrega) values (82, 21001, '2018-09-05', '2018-09-06');
insert into locacao (usuario, exemplar, retirada, entrega) values (17, 21001, '2018-09-30', '2018-10-12');
insert into locacao (usuario, exemplar, retirada, entrega) values (74, 21001, '2019-01-04', '2019-01-09');
insert into locacao (usuario, exemplar, retirada, entrega) values (93, 21001, '2019-02-23', '2019-03-02');
insert into locacao (usuario, exemplar, retirada, entrega) values (61, 21002, '2018-03-30', '2018-04-01');
insert into locacao (usuario, exemplar, retirada, entrega) values (90, 21002, '2018-06-10', '2018-06-18');
insert into locacao (usuario, exemplar, retirada, entrega) values (62, 21002, '2018-06-13', '2018-06-26');
insert into locacao (usuario, exemplar, retirada, entrega) values (92, 21002, '2018-08-24', '2018-08-27');
insert into locacao (usuario, exemplar, retirada, entrega) values (32, 21002, '2018-09-17', '2018-09-17');
insert into locacao (usuario, exemplar, retirada, entrega) values (55, 21002, '2018-10-31', '2018-11-13');
insert into locacao (usuario, exemplar, retirada, entrega) values (51, 21002, '2018-12-25', '2018-12-29');
insert into locacao (usuario, exemplar, retirada, entrega) values (35, 21002, '2019-02-22', '2019-03-02');
insert into locacao (usuario, exemplar, retirada, entrega) values (91, 21002, '2019-03-28', '2019-03-31');
insert into locacao (usuario, exemplar, retirada, entrega) values (39, 22001, '2018-03-13', '2018-03-14');
insert into locacao (usuario, exemplar, retirada, entrega) values (72, 22001, '2018-05-29', '2018-06-08');
insert into locacao (usuario, exemplar, retirada, entrega) values (21, 22001, '2018-06-17', '2018-06-25');
insert into locacao (usuario, exemplar, retirada, entrega) values (1, 22001, '2018-08-03', '2018-08-13');
insert into locacao (usuario, exemplar, retirada, entrega) values (63, 22001, '2018-08-08', '2018-08-11');
insert into locacao (usuario, exemplar, retirada, entrega) values (29, 22001, '2018-08-10', '2018-08-12');
insert into locacao (usuario, exemplar, retirada, entrega) values (95, 22001, '2018-10-25', '2018-11-06');
insert into locacao (usuario, exemplar, retirada, entrega) values (52, 22001, '2019-01-30', '2019-02-09');
insert into locacao (usuario, exemplar, retirada, entrega) values (3, 22001, '2019-03-14', '2019-03-17');
insert into locacao (usuario, exemplar, retirada, entrega) values (15, 22002, '2018-03-23', '2018-04-05');
insert into locacao (usuario, exemplar, retirada, entrega) values (44, 22002, '2018-04-10', '2018-04-13');
insert into locacao (usuario, exemplar, retirada, entrega) values (82, 22002, '2018-07-18', '2018-07-29');
insert into locacao (usuario, exemplar, retirada, entrega) values (28, 22002, '2018-10-20', '2018-10-30');
insert into locacao (usuario, exemplar, retirada, entrega) values (65, 22002, '2018-12-04', '2018-12-07');
insert into locacao (usuario, exemplar, retirada, entrega) values (31, 22002, '2018-12-09', '2018-12-14');
insert into locacao (usuario, exemplar, retirada, entrega) values (26, 22002, '2019-01-15', '2019-01-20');
insert into locacao (usuario, exemplar, retirada, entrega) values (23, 22002, '2019-03-20', '2019-03-29');
insert into locacao (usuario, exemplar, retirada, entrega) values (12, 23001, '2018-03-15', '2018-03-28');
insert into locacao (usuario, exemplar, retirada, entrega) values (15, 23001, '2018-05-21', '2018-06-02');
insert into locacao (usuario, exemplar, retirada, entrega) values (18, 23001, '2018-05-27', '2018-06-02');
insert into locacao (usuario, exemplar, retirada, entrega) values (40, 23001, '2018-08-03', '2018-08-11');
insert into locacao (usuario, exemplar, retirada, entrega) values (39, 23001, '2018-11-10', '2018-11-16');
insert into locacao (usuario, exemplar, retirada, entrega) values (59, 23001, '2018-11-30', '2018-12-01');
insert into locacao (usuario, exemplar, retirada, entrega) values (83, 23001, '2018-12-13', '2018-12-21');
insert into locacao (usuario, exemplar, retirada, entrega) values (37, 23001, '2019-01-11', '2019-01-23');
insert into locacao (usuario, exemplar, retirada, entrega) values (33, 23001, '2019-01-13', '2019-01-17');
insert into locacao (usuario, exemplar, retirada, entrega) values (20, 23001, '2019-03-13', '2019-03-23');
insert into locacao (usuario, exemplar, retirada, entrega) values (60, 23002, '2018-03-11', '2018-03-13');
insert into locacao (usuario, exemplar, retirada, entrega) values (97, 23002, '2018-04-09', '2018-04-17');
insert into locacao (usuario, exemplar, retirada, entrega) values (8, 23002, '2018-06-04', '2018-06-04');
insert into locacao (usuario, exemplar, retirada, entrega) values (35, 23002, '2018-08-24', '2018-09-02');
insert into locacao (usuario, exemplar, retirada, entrega) values (54, 23002, '2018-10-24', '2018-10-29');
insert into locacao (usuario, exemplar, retirada, entrega) values (46, 23002, '2018-11-23', '2018-11-26');
insert into locacao (usuario, exemplar, retirada, entrega) values (22, 23002, '2019-02-12', '2019-02-13');
insert into locacao (usuario, exemplar, retirada, entrega) values (74, 23002, '2019-02-12', '2019-02-18');
insert into locacao (usuario, exemplar, retirada, entrega) values (16, 23003, '2018-03-07', '2018-03-10');
insert into locacao (usuario, exemplar, retirada, entrega) values (36, 23003, '2018-04-19', '2018-04-21');
insert into locacao (usuario, exemplar, retirada, entrega) values (10, 23003, '2018-06-18', '2018-06-29');
insert into locacao (usuario, exemplar, retirada, entrega) values (85, 23003, '2018-09-02', '2018-09-04');
insert into locacao (usuario, exemplar, retirada, entrega) values (34, 23003, '2018-10-18', '2018-10-21');
insert into locacao (usuario, exemplar, retirada, entrega) values (88, 23003, '2018-11-03', '2018-11-07');
insert into locacao (usuario, exemplar, retirada, entrega) values (92, 23003, '2019-02-01', '2019-02-05');
insert into locacao (usuario, exemplar, retirada, entrega) values (52, 23003, '2019-03-27', '2019-04-08');
insert into locacao (usuario, exemplar, retirada, entrega) values (67, 24001, '2018-03-04', '2018-03-07');
insert into locacao (usuario, exemplar, retirada, entrega) values (26, 24001, '2018-04-08', '2018-04-13');
insert into locacao (usuario, exemplar, retirada, entrega) values (15, 24001, '2018-07-04', '2018-07-11');
insert into locacao (usuario, exemplar, retirada, entrega) values (67, 24001, '2018-09-05', '2018-09-11');
insert into locacao (usuario, exemplar, retirada, entrega) values (77, 24001, '2018-09-27', '2018-09-30');
insert into locacao (usuario, exemplar, retirada, entrega) values (1, 24001, '2018-12-19', '2019-01-01');
insert into locacao (usuario, exemplar, retirada, entrega) values (11, 24001, '2019-03-06', '2019-03-09');
insert into locacao (usuario, exemplar, retirada, entrega) values (9, 24002, '2018-03-06', '2018-03-06');
insert into locacao (usuario, exemplar, retirada, entrega) values (2, 24002, '2018-03-20', '2018-03-27');
insert into locacao (usuario, exemplar, retirada, entrega) values (12, 24002, '2018-04-15', '2018-04-24');
insert into locacao (usuario, exemplar, retirada, entrega) values (1, 24002, '2018-05-11', '2018-05-21');
insert into locacao (usuario, exemplar, retirada, entrega) values (74, 24002, '2018-08-08', '2018-08-13');
insert into locacao (usuario, exemplar, retirada, entrega) values (29, 24002, '2018-11-10', '2018-11-10');
insert into locacao (usuario, exemplar, retirada, entrega) values (43, 24002, '2018-12-05', '2018-12-11');
insert into locacao (usuario, exemplar, retirada, entrega) values (12, 24002, '2018-12-08', '2018-12-10');
insert into locacao (usuario, exemplar, retirada, entrega) values (40, 24002, '2019-02-22', '2019-02-23');
insert into locacao (usuario, exemplar, retirada, entrega) values (39, 24002, '2019-03-02', '2019-03-04');
insert into locacao (usuario, exemplar, retirada, entrega) values (53, 24002, '2019-03-13', '2019-03-25');
insert into locacao (usuario, exemplar, retirada, entrega) values (40, 24003, '2018-02-26', '2018-03-04');
insert into locacao (usuario, exemplar, retirada, entrega) values (71, 24003, '2018-02-28', '2018-03-12');
insert into locacao (usuario, exemplar, retirada, entrega) values (92, 24003, '2018-04-12', '2018-04-22');
insert into locacao (usuario, exemplar, retirada, entrega) values (98, 24003, '2018-04-24', '2018-04-25');
insert into locacao (usuario, exemplar, retirada, entrega) values (22, 24003, '2018-06-16', '2018-06-19');
insert into locacao (usuario, exemplar, retirada, entrega) values (12, 24003, '2018-08-01', '2018-08-07');
insert into locacao (usuario, exemplar, retirada, entrega) values (36, 24003, '2018-10-24', '2018-10-26');
insert into locacao (usuario, exemplar, retirada, entrega) values (87, 24003, '2018-11-04', '2018-11-17');
insert into locacao (usuario, exemplar, retirada, entrega) values (89, 24003, '2018-11-13', '2018-11-14');
insert into locacao (usuario, exemplar, retirada, entrega) values (99, 24003, '2019-01-04', '2019-01-16');
insert into locacao (usuario, exemplar, retirada, entrega) values (21, 24003, '2019-01-18', '2019-01-22');
insert into locacao (usuario, exemplar, retirada, entrega) values (73, 24003, '2019-03-28', '2019-04-02');
insert into locacao (usuario, exemplar, retirada, entrega) values (64, 24004, '2018-02-17', '2018-02-18');
insert into locacao (usuario, exemplar, retirada, entrega) values (1, 24004, '2018-04-06', '2018-04-09');
insert into locacao (usuario, exemplar, retirada, entrega) values (33, 24004, '2018-07-11', '2018-07-24');
insert into locacao (usuario, exemplar, retirada, entrega) values (18, 24004, '2018-08-19', '2018-08-21');
insert into locacao (usuario, exemplar, retirada, entrega) values (94, 24004, '2018-09-26', '2018-10-09');
insert into locacao (usuario, exemplar, retirada, entrega) values (34, 24004, '2018-09-28', '2018-10-01');
insert into locacao (usuario, exemplar, retirada, entrega) values (78, 24004, '2018-10-26', '2018-11-01');
insert into locacao (usuario, exemplar, retirada, entrega) values (72, 24004, '2018-10-27', '2018-10-27');
insert into locacao (usuario, exemplar, retirada, entrega) values (17, 24004, '2019-01-27', '2019-02-09');
insert into locacao (usuario, exemplar, retirada, entrega) values (8, 24005, '2018-03-05', '2018-03-07');
insert into locacao (usuario, exemplar, retirada, entrega) values (45, 24005, '2018-05-01', '2018-05-07');
insert into locacao (usuario, exemplar, retirada, entrega) values (74, 24005, '2018-06-28', '2018-07-07');
insert into locacao (usuario, exemplar, retirada, entrega) values (100, 24005, '2018-09-15', '2018-09-24');
insert into locacao (usuario, exemplar, retirada, entrega) values (25, 24005, '2018-11-12', '2018-11-25');
insert into locacao (usuario, exemplar, retirada, entrega) values (6, 24005, '2019-01-03', '2019-01-14');
insert into locacao (usuario, exemplar, retirada, entrega) values (45, 24005, '2019-02-10', '2019-02-15');
insert into locacao (usuario, exemplar, retirada, entrega) values (91, 25001, '2018-01-20', '2018-01-27');
insert into locacao (usuario, exemplar, retirada, entrega) values (29, 25001, '2018-02-26', '2018-03-06');
insert into locacao (usuario, exemplar, retirada, entrega) values (14, 25001, '2018-05-28', '2018-06-02');
insert into locacao (usuario, exemplar, retirada, entrega) values (69, 25001, '2018-09-02', '2018-09-10');
insert into locacao (usuario, exemplar, retirada, entrega) values (78, 25001, '2018-11-01', '2018-11-14');
insert into locacao (usuario, exemplar, retirada, entrega) values (39, 25001, '2018-12-10', '2018-12-19');
insert into locacao (usuario, exemplar, retirada, entrega) values (61, 25001, '2019-02-08', '2019-02-13');
insert into locacao (usuario, exemplar, retirada, entrega) values (13, 25002, '2018-01-15', '2018-01-28');
insert into locacao (usuario, exemplar, retirada, entrega) values (51, 25002, '2018-04-13', '2018-04-14');
insert into locacao (usuario, exemplar, retirada, entrega) values (44, 25002, '2018-04-23', '2018-04-26');
insert into locacao (usuario, exemplar, retirada, entrega) values (98, 25002, '2018-04-26', '2018-05-03');
insert into locacao (usuario, exemplar, retirada, entrega) values (47, 25002, '2018-07-28', '2018-08-07');
insert into locacao (usuario, exemplar, retirada, entrega) values (64, 25002, '2018-08-02', '2018-08-06');
insert into locacao (usuario, exemplar, retirada, entrega) values (8, 25002, '2018-09-20', '2018-09-25');
insert into locacao (usuario, exemplar, retirada, entrega) values (64, 25002, '2018-09-20', '2018-09-28');
insert into locacao (usuario, exemplar, retirada, entrega) values (4, 25002, '2018-10-23', '2018-10-29');
insert into locacao (usuario, exemplar, retirada, entrega) values (26, 25002, '2019-01-17', '2019-01-29');
insert into locacao (usuario, exemplar, retirada, entrega) values (98, 25002, '2019-02-05', '2019-02-07');
insert into locacao (usuario, exemplar, retirada, entrega) values (1, 25002, '2019-03-24', '2019-04-04');
insert into locacao (usuario, exemplar, retirada, entrega) values (99, 25003, '2018-03-09', '2018-03-14');
insert into locacao (usuario, exemplar, retirada, entrega) values (69, 25003, '2018-04-18', '2018-04-21');
insert into locacao (usuario, exemplar, retirada, entrega) values (34, 25003, '2018-06-21', '2018-06-25');
insert into locacao (usuario, exemplar, retirada, entrega) values (62, 25003, '2018-07-17', '2018-07-17');
insert into locacao (usuario, exemplar, retirada, entrega) values (98, 25003, '2018-08-11', '2018-08-19');
insert into locacao (usuario, exemplar, retirada, entrega) values (96, 25003, '2018-09-02', '2018-09-12');
insert into locacao (usuario, exemplar, retirada, entrega) values (21, 25003, '2018-09-02', '2018-09-12');
insert into locacao (usuario, exemplar, retirada, entrega) values (40, 25003, '2018-11-22', '2018-11-28');
insert into locacao (usuario, exemplar, retirada, entrega) values (39, 25003, '2018-12-22', '2019-01-04');
insert into locacao (usuario, exemplar, retirada, entrega) values (77, 25003, '2019-01-23', '2019-01-30');
insert into locacao (usuario, exemplar, retirada, entrega) values (87, 25003, '2019-01-29', '2019-02-06');
insert into locacao (usuario, exemplar, retirada, entrega) values (49, 25003, '2019-02-02', '2019-02-05');
insert into locacao (usuario, exemplar, retirada, entrega) values (57, 26001, '2018-01-16', '2018-01-29');
insert into locacao (usuario, exemplar, retirada, entrega) values (99, 26001, '2018-03-24', '2018-03-28');
insert into locacao (usuario, exemplar, retirada, entrega) values (66, 26001, '2018-04-01', '2018-04-07');
insert into locacao (usuario, exemplar, retirada, entrega) values (65, 26001, '2018-05-03', '2018-05-05');
insert into locacao (usuario, exemplar, retirada, entrega) values (23, 26001, '2018-06-26', '2018-06-27');
insert into locacao (usuario, exemplar, retirada, entrega) values (87, 26001, '2018-07-08', '2018-07-17');
insert into locacao (usuario, exemplar, retirada, entrega) values (14, 26001, '2018-09-24', '2018-10-05');
insert into locacao (usuario, exemplar, retirada, entrega) values (85, 26001, '2018-10-31', '2018-11-08');
insert into locacao (usuario, exemplar, retirada, entrega) values (52, 26001, '2018-11-07', '2018-11-13');
insert into locacao (usuario, exemplar, retirada, entrega) values (87, 26001, '2018-11-17', '2018-11-25');
insert into locacao (usuario, exemplar, retirada, entrega) values (48, 26001, '2019-02-12', '2019-02-18');
insert into locacao (usuario, exemplar, retirada, entrega) values (53, 26002, '2018-02-08', '2018-02-17');
insert into locacao (usuario, exemplar, retirada, entrega) values (26, 26002, '2018-03-11', '2018-03-17');
insert into locacao (usuario, exemplar, retirada, entrega) values (11, 26002, '2018-06-13', '2018-06-19');
insert into locacao (usuario, exemplar, retirada, entrega) values (42, 26002, '2018-08-07', '2018-08-14');
insert into locacao (usuario, exemplar, retirada, entrega) values (97, 26002, '2018-10-21', '2018-10-22');
insert into locacao (usuario, exemplar, retirada, entrega) values (58, 26002, '2018-11-27', '2018-12-01');
insert into locacao (usuario, exemplar, retirada, entrega) values (89, 26002, '2019-02-14', '2019-02-14');
insert into locacao (usuario, exemplar, retirada, entrega) values (69, 26003, '2018-04-06', '2018-04-19');
insert into locacao (usuario, exemplar, retirada, entrega) values (11, 26003, '2018-06-25', '2018-07-01');
insert into locacao (usuario, exemplar, retirada, entrega) values (49, 26003, '2018-08-13', '2018-08-23');
insert into locacao (usuario, exemplar, retirada, entrega) values (79, 26003, '2018-09-23', '2018-10-04');
insert into locacao (usuario, exemplar, retirada, entrega) values (36, 26003, '2018-11-04', '2018-11-09');
insert into locacao (usuario, exemplar, retirada, entrega) values (43, 26003, '2019-01-27', '2019-02-05');
insert into locacao (usuario, exemplar, retirada, entrega) values (51, 26003, '2019-03-22', '2019-03-23');
insert into locacao (usuario, exemplar, retirada, entrega) values (69, 26004, '2018-03-15', '2018-03-21');
insert into locacao (usuario, exemplar, retirada, entrega) values (81, 26004, '2018-05-17', '2018-05-26');
insert into locacao (usuario, exemplar, retirada, entrega) values (25, 26004, '2018-06-19', '2018-06-25');
insert into locacao (usuario, exemplar, retirada, entrega) values (19, 26004, '2018-08-15', '2018-08-27');
insert into locacao (usuario, exemplar, retirada, entrega) values (49, 26004, '2018-10-22', '2018-10-30');
insert into locacao (usuario, exemplar, retirada, entrega) values (75, 26004, '2018-12-12', '2018-12-24');
insert into locacao (usuario, exemplar, retirada, entrega) values (89, 26004, '2019-02-09', '2019-02-21');
insert into locacao (usuario, exemplar, retirada, entrega) values (11, 26005, '2018-03-13', '2018-03-25');
insert into locacao (usuario, exemplar, retirada, entrega) values (20, 26005, '2018-06-11', '2018-06-20');
insert into locacao (usuario, exemplar, retirada, entrega) values (55, 26005, '2018-09-10', '2018-09-15');
insert into locacao (usuario, exemplar, retirada, entrega) values (2, 26005, '2018-11-02', '2018-11-07');
insert into locacao (usuario, exemplar, retirada, entrega) values (49, 26005, '2019-02-02', '2019-02-03');
insert into locacao (usuario, exemplar, retirada, entrega) values (3, 27001, '2018-01-15', '2018-01-26');
insert into locacao (usuario, exemplar, retirada, entrega) values (58, 27001, '2018-03-14', '2018-03-23');
insert into locacao (usuario, exemplar, retirada, entrega) values (48, 27001, '2018-06-08', '2018-06-10');
insert into locacao (usuario, exemplar, retirada, entrega) values (69, 27001, '2018-08-22', '2018-08-27');
insert into locacao (usuario, exemplar, retirada, entrega) values (47, 27001, '2018-10-10', '2018-10-17');
insert into locacao (usuario, exemplar, retirada, entrega) values (53, 27001, '2018-12-27', '2019-01-04');
insert into locacao (usuario, exemplar, retirada, entrega) values (14, 27002, '2018-02-16', '2018-02-25');
insert into locacao (usuario, exemplar, retirada, entrega) values (87, 27002, '2018-04-18', '2018-04-25');
insert into locacao (usuario, exemplar, retirada, entrega) values (20, 27002, '2018-05-29', '2018-06-01');
insert into locacao (usuario, exemplar, retirada, entrega) values (6, 27002, '2018-08-27', '2018-09-02');
insert into locacao (usuario, exemplar, retirada, entrega) values (56, 27002, '2018-09-12', '2018-09-17');
insert into locacao (usuario, exemplar, retirada, entrega) values (65, 27002, '2018-09-19', '2018-09-23');
insert into locacao (usuario, exemplar, retirada, entrega) values (21, 27002, '2018-10-04', '2018-10-05');
insert into locacao (usuario, exemplar, retirada, entrega) values (89, 27002, '2018-11-19', '2018-11-20');
insert into locacao (usuario, exemplar, retirada, entrega) values (71, 27002, '2018-12-09', '2018-12-10');
insert into locacao (usuario, exemplar, retirada, entrega) values (90, 27002, '2019-03-15', '2019-03-18');
insert into locacao (usuario, exemplar, retirada, entrega) values (13, 28001, '2018-03-03', '2018-03-04');
insert into locacao (usuario, exemplar, retirada, entrega) values (17, 28001, '2018-05-16', '2018-05-20');
insert into locacao (usuario, exemplar, retirada, entrega) values (97, 28001, '2018-05-20', '2018-06-02');
insert into locacao (usuario, exemplar, retirada, entrega) values (37, 28001, '2018-06-16', '2018-06-19');
insert into locacao (usuario, exemplar, retirada, entrega) values (32, 28001, '2018-08-18', '2018-08-21');
insert into locacao (usuario, exemplar, retirada, entrega) values (48, 28001, '2018-09-14', '2018-09-25');
insert into locacao (usuario, exemplar, retirada, entrega) values (53, 28001, '2018-09-21', '2018-10-03');
insert into locacao (usuario, exemplar, retirada, entrega) values (80, 28001, '2018-10-23', '2018-10-23');
insert into locacao (usuario, exemplar, retirada, entrega) values (25, 28001, '2018-11-14', '2018-11-18');
insert into locacao (usuario, exemplar, retirada, entrega) values (90, 28001, '2018-12-28', '2018-12-31');
insert into locacao (usuario, exemplar, retirada, entrega) values (28, 28001, '2019-01-10', '2019-01-10');
insert into locacao (usuario, exemplar, retirada, entrega) values (43, 28001, '2019-03-02', '2019-03-13');
insert into locacao (usuario, exemplar, retirada, entrega) values (56, 28002, '2018-04-03', '2018-04-09');
insert into locacao (usuario, exemplar, retirada, entrega) values (48, 28002, '2018-05-26', '2018-06-05');
insert into locacao (usuario, exemplar, retirada, entrega) values (16, 28002, '2018-08-06', '2018-08-19');
insert into locacao (usuario, exemplar, retirada, entrega) values (82, 28002, '2018-09-20', '2018-09-26');
insert into locacao (usuario, exemplar, retirada, entrega) values (29, 28002, '2018-10-23', '2018-10-29');
insert into locacao (usuario, exemplar, retirada, entrega) values (1, 28002, '2019-01-27', '2019-02-09');
insert into locacao (usuario, exemplar, retirada, entrega) values (79, 28002, '2019-02-13', '2019-02-21');
insert into locacao (usuario, exemplar, retirada, entrega) values (50, 29001, '2018-04-09', '2018-04-20');
insert into locacao (usuario, exemplar, retirada, entrega) values (35, 29001, '2018-04-22', '2018-05-01');
insert into locacao (usuario, exemplar, retirada, entrega) values (96, 29001, '2018-06-22', '2018-06-25');
insert into locacao (usuario, exemplar, retirada, entrega) values (5, 29001, '2018-09-07', '2018-09-11');
insert into locacao (usuario, exemplar, retirada, entrega) values (23, 29001, '2018-09-12', '2018-09-24');
insert into locacao (usuario, exemplar, retirada, entrega) values (4, 29001, '2018-10-20', '2018-11-01');
insert into locacao (usuario, exemplar, retirada, entrega) values (54, 29001, '2018-10-20', '2018-10-26');
insert into locacao (usuario, exemplar, retirada, entrega) values (94, 29001, '2018-12-31', '2019-01-11');
insert into locacao (usuario, exemplar, retirada, entrega) values (70, 29001, '2019-02-08', '2019-02-11');
insert into locacao (usuario, exemplar, retirada, entrega) values (5, 30001, '2018-01-25', '2018-01-29');
insert into locacao (usuario, exemplar, retirada, entrega) values (23, 30001, '2018-04-11', '2018-04-19');
insert into locacao (usuario, exemplar, retirada, entrega) values (71, 30001, '2018-07-19', '2018-07-19');
insert into locacao (usuario, exemplar, retirada, entrega) values (82, 30001, '2018-10-22', '2018-10-30');
insert into locacao (usuario, exemplar, retirada, entrega) values (38, 30001, '2019-01-18', '2019-01-20');
insert into locacao (usuario, exemplar, retirada, entrega) values (24, 30001, '2019-01-26', '2019-02-02');
insert into locacao (usuario, exemplar, retirada, entrega) values (62, 30002, '2018-03-27', '2018-03-31');
insert into locacao (usuario, exemplar, retirada, entrega) values (51, 30002, '2018-05-10', '2018-05-13');
insert into locacao (usuario, exemplar, retirada, entrega) values (51, 30002, '2018-07-23', '2018-07-28');
insert into locacao (usuario, exemplar, retirada, entrega) values (43, 30002, '2018-10-23', '2018-10-25');
insert into locacao (usuario, exemplar, retirada, entrega) values (47, 30002, '2018-11-30', '2018-12-06');
insert into locacao (usuario, exemplar, retirada, entrega) values (42, 30002, '2019-01-29', '2019-01-29');
insert into locacao (usuario, exemplar, retirada, entrega) values (33, 30002, '2019-03-07', '2019-03-14');
insert into locacao (usuario, exemplar, retirada, entrega) values (37, 30003, '2018-03-31', '2018-04-07');
insert into locacao (usuario, exemplar, retirada, entrega) values (31, 30003, '2018-05-12', '2018-05-24');
insert into locacao (usuario, exemplar, retirada, entrega) values (47, 30003, '2018-08-15', '2018-08-16');
insert into locacao (usuario, exemplar, retirada, entrega) values (71, 30003, '2018-11-21', '2018-11-29');
insert into locacao (usuario, exemplar, retirada, entrega) values (63, 30003, '2019-01-25', '2019-02-02');
insert into locacao (usuario, exemplar, retirada, entrega) values (35, 30003, '2019-02-14', '2019-02-14');
insert into locacao (usuario, exemplar, retirada, entrega) values (39, 30003, '2019-03-06', '2019-03-13');
insert into locacao (usuario, exemplar, retirada, entrega) values (26, 30004, '2018-03-22', '2018-04-02');
insert into locacao (usuario, exemplar, retirada, entrega) values (97, 30004, '2018-05-27', '2018-06-04');
insert into locacao (usuario, exemplar, retirada, entrega) values (93, 30004, '2018-07-29', '2018-08-09');
insert into locacao (usuario, exemplar, retirada, entrega) values (31, 30004, '2018-09-16', '2018-09-16');
insert into locacao (usuario, exemplar, retirada, entrega) values (93, 30004, '2018-12-19', '2018-12-23');
insert into locacao (usuario, exemplar, retirada, entrega) values (45, 30004, '2018-12-29', '2019-01-05');
insert into locacao (usuario, exemplar, retirada, entrega) values (45, 30004, '2019-01-28', '2019-01-31');
insert into locacao (usuario, exemplar, retirada, entrega) values (58, 30004, '2019-03-15', '2019-03-22');
insert into locacao (usuario, exemplar, retirada, entrega) values (27, 30004, '2019-03-17', '2019-03-22');
insert into locacao (usuario, exemplar, retirada, entrega) values (76, 30005, '2018-01-14', '2018-01-27');
insert into locacao (usuario, exemplar, retirada, entrega) values (100, 30005, '2018-02-26', '2018-03-03');
insert into locacao (usuario, exemplar, retirada, entrega) values (40, 30005, '2018-03-18', '2018-03-24');
insert into locacao (usuario, exemplar, retirada, entrega) values (47, 30005, '2018-04-24', '2018-05-03');
insert into locacao (usuario, exemplar, retirada, entrega) values (80, 30005, '2018-05-10', '2018-05-12');
insert into locacao (usuario, exemplar, retirada, entrega) values (43, 30005, '2018-07-21', '2018-07-29');
insert into locacao (usuario, exemplar, retirada, entrega) values (26, 30005, '2018-08-18', '2018-08-19');
insert into locacao (usuario, exemplar, retirada, entrega) values (91, 30005, '2018-09-30', '2018-10-08');
insert into locacao (usuario, exemplar, retirada, entrega) values (68, 30005, '2018-10-01', '2018-10-02');
insert into locacao (usuario, exemplar, retirada, entrega) values (78, 30005, '2018-11-01', '2018-11-10');
insert into locacao (usuario, exemplar, retirada, entrega) values (76, 30005, '2018-12-27', '2019-01-09');
insert into locacao (usuario, exemplar, retirada, entrega) values (44, 30005, '2018-12-27', '2019-01-04');
insert into locacao (usuario, exemplar, retirada, entrega) values (34, 30005, '2019-01-19', '2019-02-01');
insert into locacao (usuario, exemplar, retirada, entrega) values (15, 30005, '2019-01-27', '2019-02-04');
insert into locacao (usuario, exemplar, retirada, entrega) values (61, 30005, '2019-03-18', '2019-03-27');
insert into locacao (usuario, exemplar, retirada) values (42, 1001, '2019-04-24');
insert into locacao (usuario, exemplar, retirada) values (29, 2002, '2019-04-12');
insert into locacao (usuario, exemplar, retirada) values (18, 3001, '2019-04-13');
insert into locacao (usuario, exemplar, retirada) values (62, 3004, '2019-04-02');
insert into locacao (usuario, exemplar, retirada) values (38, 4002, '2019-04-15');
insert into locacao (usuario, exemplar, retirada) values (50, 6001, '2019-04-05');
insert into locacao (usuario, exemplar, retirada) values (68, 6003, '2019-04-13');
insert into locacao (usuario, exemplar, retirada) values (12, 9002, '2019-04-08');
insert into locacao (usuario, exemplar, retirada) values (11, 9004, '2019-04-20');
insert into locacao (usuario, exemplar, retirada) values (96, 11001, '2019-04-21');
insert into locacao (usuario, exemplar, retirada) values (32, 12001, '2019-04-23');
insert into locacao (usuario, exemplar, retirada) values (88, 14004, '2019-04-14');
insert into locacao (usuario, exemplar, retirada) values (30, 18001, '2019-04-27');
insert into locacao (usuario, exemplar, retirada) values (23, 18002, '2019-04-21');
insert into locacao (usuario, exemplar, retirada) values (53, 18004, '2019-04-20');
insert into locacao (usuario, exemplar, retirada) values (51, 19001, '2019-04-13');
insert into locacao (usuario, exemplar, retirada) values (23, 24001, '2019-04-28');
insert into locacao (usuario, exemplar, retirada) values (90, 25003, '2019-04-15');
insert into locacao (usuario, exemplar, retirada) values (29, 26004, '2019-04-26');
insert into locacao (usuario, exemplar, retirada) values (97, 28001, '2019-04-06');
insert into locacao (usuario, exemplar, retirada) values (77, 30001, '2019-04-20');
insert into locacao (usuario, exemplar, retirada) values (26, 30003, '2019-04-25');

----------------------------------------------------------------------------------------------------
--1) Mostrar o nome e o curso dos alunos de cursos tcnicos que locaram livros sobre PostgreSQL nos ltimos 3 meses.
--2) Mostrar o ranking dos livros mais locados por curso no ano passado.
--3) Mostrar o nome dos alunos do Curso Superior de Tecnologia em Anlise e Desenvolvimento de Sistemas que locaram mais de uma vez o mesmo livro sobre PostgreSQL.
--4) Mostrar o ttulo dos livros sobre PostgreSQL no locados nos ltimos 3 meses.
--5) Mostrar o tempo mdio das locaes de alunos do Curso Superior de Tecnologia em Anlise e Desenvolvimento de Sistemas.

