\c postgres
drop database biblioteca;
create database biblioteca;
\c biblioteca
create table usuario (codigo integer not null, nome varchar(100) not null, tipo char(1) not null check ((tipo = 'A') or (tipo = 'P') or (tipo = 'F')), curso varchar(100), primary key (codigo));
create table livro (codigo integer not null, titulo varchar(200) not null, primary key (codigo));
create table exemplar (codigo integer not null, livro integer not null references livro(codigo), primary key (codigo));
create table locacao (usuario integer not null references usuario(codigo), exemplar integer not null references exemplar(codigo), retirada date not null default now(), entrega date, primary key (usuario, exemplar, retirada));
insert into usuario (codigo, nome, tipo, curso) values (1, 'aluno 1', 'A', 'curso tecnico integrado em informatica para internet');
insert into usuario (codigo, nome, tipo) values (2, 'professor 2', 'P');
insert into usuario (codigo, nome, tipo, curso) values (3, 'aluno 3', 'A', 'curso tecnico integrado em eletrotecnica');
insert into usuario (codigo, nome, tipo, curso) values (4, 'aluno 4', 'A', 'curso superior de bacharelado em engenharia mecanica');
insert into usuario (codigo, nome, tipo, curso) values (5, 'aluno 5', 'A', 'curso superior de bacharelado em engenharia mecanica');
insert into usuario (codigo, nome, tipo, curso) values (6, 'aluno 6', 'A', 'curso superior de bacharelado em engenharia mecanica');
insert into usuario (codigo, nome, tipo, curso) values (7, 'aluno 7', 'A', 'curso tecnico integrado em eletrotecnica');
insert into usuario (codigo, nome, tipo, curso) values (8, 'aluno 8', 'A', 'curso superior de bacharelado em engenharia mecanica');
insert into usuario (codigo, nome, tipo, curso) values (9, 'aluno 9', 'A', 'curso superior de tecnologia em analise e desenvolvimento de sistemas');
insert into usuario (codigo, nome, tipo, curso) values (10, 'aluno 10', 'A', 'curso tecnico integrado em informatica para internet');
insert into usuario (codigo, nome, tipo, curso) values (11, 'aluno 11', 'A', 'curso superior de tecnologia em analise e desenvolvimento de sistemas');
insert into usuario (codigo, nome, tipo, curso) values (12, 'aluno 12', 'A', 'curso superior de tecnologia em analise e desenvolvimento de sistemas');
insert into usuario (codigo, nome, tipo) values (13, 'funcionario 13', 'F');
insert into usuario (codigo, nome, tipo, curso) values (14, 'aluno 14', 'A', 'curso tecnico integrado em informatica para internet');
insert into usuario (codigo, nome, tipo) values (15, 'funcionario 15', 'F');
insert into usuario (codigo, nome, tipo) values (16, 'professor 16', 'P');
insert into usuario (codigo, nome, tipo) values (17, 'professor 17', 'P');
insert into usuario (codigo, nome, tipo, curso) values (18, 'aluno 18', 'A', 'curso superior de tecnologia em analise e desenvolvimento de sistemas');
insert into usuario (codigo, nome, tipo, curso) values (19, 'aluno 19', 'A', 'curso superior de tecnologia em analise e desenvolvimento de sistemas');
insert into usuario (codigo, nome, tipo, curso) values (20, 'aluno 20', 'A', 'curso tecnico integrado em refrigeracao e ar condicionado');
insert into usuario (codigo, nome, tipo, curso) values (21, 'aluno 21', 'A', 'curso tecnico integrado em eletrotecnica');
insert into usuario (codigo, nome, tipo, curso) values (22, 'aluno 22', 'A', 'curso tecnico integrado em refrigeracao e ar condicionado');
insert into usuario (codigo, nome, tipo) values (23, 'professor 23', 'P');
insert into usuario (codigo, nome, tipo) values (24, 'professor 24', 'P');
insert into usuario (codigo, nome, tipo, curso) values (25, 'aluno 25', 'A', 'curso tecnico integrado em refrigeracao e ar condicionado');
insert into usuario (codigo, nome, tipo, curso) values (26, 'aluno 26', 'A', 'curso tecnico integrado em informatica para internet');
insert into usuario (codigo, nome, tipo) values (27, 'funcionario 27', 'F');
insert into usuario (codigo, nome, tipo, curso) values (28, 'aluno 28', 'A', 'curso tecnico integrado em eletrotecnica');
insert into usuario (codigo, nome, tipo) values (29, 'professor 29', 'P');
insert into usuario (codigo, nome, tipo, curso) values (30, 'aluno 30', 'A', 'curso tecnico integrado em eletrotecnica');
insert into usuario (codigo, nome, tipo) values (31, 'funcionario 31', 'F');
insert into usuario (codigo, nome, tipo, curso) values (32, 'aluno 32', 'A', 'curso superior de tecnologia em analise e desenvolvimento de sistemas');
insert into usuario (codigo, nome, tipo, curso) values (33, 'aluno 33', 'A', 'curso superior de tecnologia em analise e desenvolvimento de sistemas');
insert into usuario (codigo, nome, tipo, curso) values (34, 'aluno 34', 'A', 'curso tecnico integrado em eletrotecnica');
insert into usuario (codigo, nome, tipo) values (35, 'funcionario 35', 'F');
insert into usuario (codigo, nome, tipo) values (36, 'professor 36', 'P');
insert into usuario (codigo, nome, tipo, curso) values (37, 'aluno 37', 'A', 'curso tecnico integrado em informatica para internet');
insert into usuario (codigo, nome, tipo, curso) values (38, 'aluno 38', 'A', 'curso tecnico integrado em eletrotecnica');
insert into usuario (codigo, nome, tipo, curso) values (39, 'aluno 39', 'A', 'curso tecnico integrado em refrigeracao e ar condicionado');
insert into usuario (codigo, nome, tipo) values (40, 'funcionario 40', 'F');
insert into usuario (codigo, nome, tipo, curso) values (41, 'aluno 41', 'A', 'curso tecnico integrado em eletrotecnica');
insert into usuario (codigo, nome, tipo, curso) values (42, 'aluno 42', 'A', 'curso tecnico integrado em refrigeracao e ar condicionado');
insert into usuario (codigo, nome, tipo, curso) values (43, 'aluno 43', 'A', 'curso superior de tecnologia em analise e desenvolvimento de sistemas');
insert into usuario (codigo, nome, tipo) values (44, 'professor 44', 'P');
insert into usuario (codigo, nome, tipo, curso) values (45, 'aluno 45', 'A', 'curso superior de tecnologia em analise e desenvolvimento de sistemas');
insert into usuario (codigo, nome, tipo) values (46, 'funcionario 46', 'F');
insert into usuario (codigo, nome, tipo, curso) values (47, 'aluno 47', 'A', 'curso tecnico integrado em eletrotecnica');
insert into usuario (codigo, nome, tipo, curso) values (48, 'aluno 48', 'A', 'curso tecnico integrado em eletrotecnica');
insert into usuario (codigo, nome, tipo, curso) values (49, 'aluno 49', 'A', 'curso superior de bacharelado em engenharia mecanica');
insert into usuario (codigo, nome, tipo) values (50, 'professor 50', 'P');
insert into usuario (codigo, nome, tipo, curso) values (51, 'aluno 51', 'A', 'curso superior de tecnologia em analise e desenvolvimento de sistemas');
insert into usuario (codigo, nome, tipo) values (52, 'professor 52', 'P');
insert into usuario (codigo, nome, tipo, curso) values (53, 'aluno 53', 'A', 'curso tecnico integrado em informatica para internet');
insert into usuario (codigo, nome, tipo) values (54, 'professor 54', 'P');
insert into usuario (codigo, nome, tipo, curso) values (55, 'aluno 55', 'A', 'curso superior de bacharelado em engenharia mecanica');
insert into usuario (codigo, nome, tipo, curso) values (56, 'aluno 56', 'A', 'curso superior de bacharelado em engenharia mecanica');
insert into usuario (codigo, nome, tipo) values (57, 'funcionario 57', 'F');
insert into usuario (codigo, nome, tipo, curso) values (58, 'aluno 58', 'A', 'curso superior de bacharelado em engenharia mecanica');
insert into usuario (codigo, nome, tipo) values (59, 'professor 59', 'P');
insert into usuario (codigo, nome, tipo) values (60, 'funcionario 60', 'F');
insert into usuario (codigo, nome, tipo) values (61, 'funcionario 61', 'F');
insert into usuario (codigo, nome, tipo) values (62, 'funcionario 62', 'F');
insert into usuario (codigo, nome, tipo, curso) values (63, 'aluno 63', 'A', 'curso superior de tecnologia em analise e desenvolvimento de sistemas');
insert into usuario (codigo, nome, tipo, curso) values (64, 'aluno 64', 'A', 'curso tecnico integrado em refrigeracao e ar condicionado');
insert into usuario (codigo, nome, tipo, curso) values (65, 'aluno 65', 'A', 'curso tecnico integrado em eletrotecnica');
insert into usuario (codigo, nome, tipo, curso) values (66, 'aluno 66', 'A', 'curso superior de tecnologia em analise e desenvolvimento de sistemas');
insert into usuario (codigo, nome, tipo, curso) values (67, 'aluno 67', 'A', 'curso superior de bacharelado em engenharia mecanica');
insert into usuario (codigo, nome, tipo) values (68, 'funcionario 68', 'F');
insert into usuario (codigo, nome, tipo, curso) values (69, 'aluno 69', 'A', 'curso superior de tecnologia em analise e desenvolvimento de sistemas');
insert into usuario (codigo, nome, tipo) values (70, 'funcionario 70', 'F');
insert into usuario (codigo, nome, tipo, curso) values (71, 'aluno 71', 'A', 'curso superior de tecnologia em analise e desenvolvimento de sistemas');
insert into usuario (codigo, nome, tipo, curso) values (72, 'aluno 72', 'A', 'curso tecnico integrado em refrigeracao e ar condicionado');
insert into usuario (codigo, nome, tipo, curso) values (73, 'aluno 73', 'A', 'curso superior de tecnologia em analise e desenvolvimento de sistemas');
insert into usuario (codigo, nome, tipo) values (74, 'funcionario 74', 'F');
insert into usuario (codigo, nome, tipo) values (75, 'professor 75', 'P');
insert into usuario (codigo, nome, tipo) values (76, 'funcionario 76', 'F');
insert into usuario (codigo, nome, tipo) values (77, 'funcionario 77', 'F');
insert into usuario (codigo, nome, tipo, curso) values (78, 'aluno 78', 'A', 'curso tecnico integrado em refrigeracao e ar condicionado');
insert into usuario (codigo, nome, tipo, curso) values (79, 'aluno 79', 'A', 'curso tecnico integrado em informatica para internet');
insert into usuario (codigo, nome, tipo) values (80, 'funcionario 80', 'F');
insert into usuario (codigo, nome, tipo) values (81, 'funcionario 81', 'F');
insert into usuario (codigo, nome, tipo, curso) values (82, 'aluno 82', 'A', 'curso tecnico integrado em informatica para internet');
insert into usuario (codigo, nome, tipo, curso) values (83, 'aluno 83', 'A', 'curso superior de tecnologia em analise e desenvolvimento de sistemas');
insert into usuario (codigo, nome, tipo) values (84, 'funcionario 84', 'F');
insert into usuario (codigo, nome, tipo, curso) values (85, 'aluno 85', 'A', 'curso tecnico integrado em refrigeracao e ar condicionado');
insert into usuario (codigo, nome, tipo, curso) values (86, 'aluno 86', 'A', 'curso superior de tecnologia em analise e desenvolvimento de sistemas');
insert into usuario (codigo, nome, tipo) values (87, 'professor 87', 'P');
insert into usuario (codigo, nome, tipo, curso) values (88, 'aluno 88', 'A', 'curso superior de bacharelado em engenharia mecanica');
insert into usuario (codigo, nome, tipo) values (89, 'funcionario 89', 'F');
insert into usuario (codigo, nome, tipo, curso) values (90, 'aluno 90', 'A', 'curso tecnico integrado em refrigeracao e ar condicionado');
insert into usuario (codigo, nome, tipo, curso) values (91, 'aluno 91', 'A', 'curso tecnico integrado em eletrotecnica');
insert into usuario (codigo, nome, tipo) values (92, 'professor 92', 'P');
insert into usuario (codigo, nome, tipo) values (93, 'professor 93', 'P');
insert into usuario (codigo, nome, tipo, curso) values (94, 'aluno 94', 'A', 'curso tecnico integrado em refrigeracao e ar condicionado');
insert into usuario (codigo, nome, tipo) values (95, 'funcionario 95', 'F');
insert into usuario (codigo, nome, tipo) values (96, 'professor 96', 'P');
insert into usuario (codigo, nome, tipo, curso) values (97, 'aluno 97', 'A', 'curso tecnico integrado em eletrotecnica');
insert into usuario (codigo, nome, tipo, curso) values (98, 'aluno 98', 'A', 'curso superior de bacharelado em engenharia mecanica');
insert into usuario (codigo, nome, tipo) values (99, 'professor 99', 'P');
insert into usuario (codigo, nome, tipo, curso) values (100, 'aluno 100', 'A', 'curso tecnico integrado em refrigeracao e ar condicionado');
insert into livro (codigo, titulo) values (1, 'livro 1');
insert into livro (codigo, titulo) values (2, 'livro 2');
insert into livro (codigo, titulo) values (3, 'livro 3');
insert into livro (codigo, titulo) values (4, 'xxx postgresql 4');
insert into livro (codigo, titulo) values (5, 'xxx postgresql xxx 5');
insert into livro (codigo, titulo) values (6, 'livro 6');
insert into livro (codigo, titulo) values (7, 'livro 7');
insert into livro (codigo, titulo) values (8, 'xxx postgresql 8');
insert into livro (codigo, titulo) values (9, 'postgresql xxx 9');
insert into livro (codigo, titulo) values (10, 'livro 10');
insert into livro (codigo, titulo) values (11, 'livro 11');
insert into livro (codigo, titulo) values (12, 'livro 12');
insert into livro (codigo, titulo) values (13, 'livro 13');
insert into livro (codigo, titulo) values (14, 'livro 14');
insert into livro (codigo, titulo) values (15, 'livro 15');
insert into livro (codigo, titulo) values (16, 'livro 16');
insert into livro (codigo, titulo) values (17, 'livro 17');
insert into livro (codigo, titulo) values (18, 'livro 18');
insert into livro (codigo, titulo) values (19, 'postgresql xxx 19');
insert into livro (codigo, titulo) values (20, 'xxx postgresql 20');
insert into livro (codigo, titulo) values (21, 'livro 21');
insert into livro (codigo, titulo) values (22, 'livro 22');
insert into livro (codigo, titulo) values (23, 'livro 23');
insert into livro (codigo, titulo) values (24, 'livro 24');
insert into livro (codigo, titulo) values (25, 'livro 25');
insert into livro (codigo, titulo) values (26, 'livro 26');
insert into livro (codigo, titulo) values (27, 'xxx postgresql xxx 27');
insert into livro (codigo, titulo) values (28, 'livro 28');
insert into livro (codigo, titulo) values (29, 'livro 29');
insert into livro (codigo, titulo) values (30, 'livro 30');
insert into exemplar (codigo, livro) values (1001, 1);
insert into exemplar (codigo, livro) values (1002, 1);
insert into exemplar (codigo, livro) values (1003, 1);
insert into exemplar (codigo, livro) values (1004, 1);
insert into exemplar (codigo, livro) values (1005, 1);
insert into exemplar (codigo, livro) values (2001, 2);
insert into exemplar (codigo, livro) values (2002, 2);
insert into exemplar (codigo, livro) values (3001, 3);
insert into exemplar (codigo, livro) values (3002, 3);
insert into exemplar (codigo, livro) values (3003, 3);
insert into exemplar (codigo, livro) values (3004, 3);
insert into exemplar (codigo, livro) values (4001, 4);
insert into exemplar (codigo, livro) values (4002, 4);
insert into exemplar (codigo, livro) values (4003, 4);
insert into exemplar (codigo, livro) values (4004, 4);
insert into exemplar (codigo, livro) values (5001, 5);
insert into exemplar (codigo, livro) values (5002, 5);
insert into exemplar (codigo, livro) values (6001, 6);
insert into exemplar (codigo, livro) values (7001, 7);
insert into exemplar (codigo, livro) values (7002, 7);
insert into exemplar (codigo, livro) values (7003, 7);
insert into exemplar (codigo, livro) values (8001, 8);
insert into exemplar (codigo, livro) values (8002, 8);
insert into exemplar (codigo, livro) values (9001, 9);
insert into exemplar (codigo, livro) values (10001, 10);
insert into exemplar (codigo, livro) values (10002, 10);
insert into exemplar (codigo, livro) values (10003, 10);
insert into exemplar (codigo, livro) values (10004, 10);
insert into exemplar (codigo, livro) values (11001, 11);
insert into exemplar (codigo, livro) values (11002, 11);
insert into exemplar (codigo, livro) values (12001, 12);
insert into exemplar (codigo, livro) values (12002, 12);
insert into exemplar (codigo, livro) values (12003, 12);
insert into exemplar (codigo, livro) values (12004, 12);
insert into exemplar (codigo, livro) values (12005, 12);
insert into exemplar (codigo, livro) values (13001, 13);
insert into exemplar (codigo, livro) values (13002, 13);
insert into exemplar (codigo, livro) values (13003, 13);
insert into exemplar (codigo, livro) values (14001, 14);
insert into exemplar (codigo, livro) values (14002, 14);
insert into exemplar (codigo, livro) values (14003, 14);
insert into exemplar (codigo, livro) values (14004, 14);
insert into exemplar (codigo, livro) values (15001, 15);
insert into exemplar (codigo, livro) values (15002, 15);
insert into exemplar (codigo, livro) values (15003, 15);
insert into exemplar (codigo, livro) values (15004, 15);
insert into exemplar (codigo, livro) values (15005, 15);
insert into exemplar (codigo, livro) values (16001, 16);
insert into exemplar (codigo, livro) values (16002, 16);
insert into exemplar (codigo, livro) values (17001, 17);
insert into exemplar (codigo, livro) values (17002, 17);
insert into exemplar (codigo, livro) values (17003, 17);
insert into exemplar (codigo, livro) values (17004, 17);
insert into exemplar (codigo, livro) values (18001, 18);
insert into exemplar (codigo, livro) values (18002, 18);
insert into exemplar (codigo, livro) values (18003, 18);
insert into exemplar (codigo, livro) values (18004, 18);
insert into exemplar (codigo, livro) values (18005, 18);
insert into exemplar (codigo, livro) values (19001, 19);
insert into exemplar (codigo, livro) values (19002, 19);
insert into exemplar (codigo, livro) values (19003, 19);
insert into exemplar (codigo, livro) values (19004, 19);
insert into exemplar (codigo, livro) values (19005, 19);
insert into exemplar (codigo, livro) values (20001, 20);
insert into exemplar (codigo, livro) values (20002, 20);
insert into exemplar (codigo, livro) values (20003, 20);
insert into exemplar (codigo, livro) values (21001, 21);
insert into exemplar (codigo, livro) values (21002, 21);
insert into exemplar (codigo, livro) values (21003, 21);
insert into exemplar (codigo, livro) values (22001, 22);
insert into exemplar (codigo, livro) values (22002, 22);
insert into exemplar (codigo, livro) values (22003, 22);
insert into exemplar (codigo, livro) values (23001, 23);
insert into exemplar (codigo, livro) values (23002, 23);
insert into exemplar (codigo, livro) values (23003, 23);
insert into exemplar (codigo, livro) values (23004, 23);
insert into exemplar (codigo, livro) values (23005, 23);
insert into exemplar (codigo, livro) values (24001, 24);
insert into exemplar (codigo, livro) values (25001, 25);
insert into exemplar (codigo, livro) values (25002, 25);
insert into exemplar (codigo, livro) values (25003, 25);
insert into exemplar (codigo, livro) values (25004, 25);
insert into exemplar (codigo, livro) values (25005, 25);
insert into exemplar (codigo, livro) values (26001, 26);
insert into exemplar (codigo, livro) values (26002, 26);
insert into exemplar (codigo, livro) values (26003, 26);
insert into exemplar (codigo, livro) values (26004, 26);
insert into exemplar (codigo, livro) values (27001, 27);
insert into exemplar (codigo, livro) values (28001, 28);
insert into exemplar (codigo, livro) values (29001, 29);
insert into exemplar (codigo, livro) values (29002, 29);
insert into exemplar (codigo, livro) values (29003, 29);
insert into exemplar (codigo, livro) values (29004, 29);
insert into exemplar (codigo, livro) values (30001, 30);
insert into exemplar (codigo, livro) values (30002, 30);
insert into exemplar (codigo, livro) values (30003, 30);
insert into exemplar (codigo, livro) values (30004, 30);
insert into locacao (usuario, exemplar, retirada, entrega) values (54, 1001, '2018-01-26', '2018-01-26');
insert into locacao (usuario, exemplar, retirada, entrega) values (37, 1001, '2018-02-26', '2018-03-03');
insert into locacao (usuario, exemplar, retirada, entrega) values (49, 1001, '2018-03-16', '2018-03-19');
insert into locacao (usuario, exemplar, retirada, entrega) values (8, 1001, '2018-06-06', '2018-06-09');
insert into locacao (usuario, exemplar, retirada, entrega) values (6, 1001, '2018-07-11', '2018-07-24');
insert into locacao (usuario, exemplar, retirada, entrega) values (16, 1001, '2018-09-06', '2018-09-19');
insert into locacao (usuario, exemplar, retirada, entrega) values (38, 1001, '2018-10-28', '2018-11-06');
insert into locacao (usuario, exemplar, retirada, entrega) values (71, 1001, '2018-11-24', '2018-11-27');
insert into locacao (usuario, exemplar, retirada, entrega) values (81, 1001, '2018-12-13', '2018-12-26');
insert into locacao (usuario, exemplar, retirada, entrega) values (94, 1001, '2018-12-28', '2019-01-01');
insert into locacao (usuario, exemplar, retirada, entrega) values (76, 1001, '2019-03-28', '2019-04-07');
insert into locacao (usuario, exemplar, retirada, entrega) values (33, 1002, '2018-01-20', '2018-01-27');
insert into locacao (usuario, exemplar, retirada, entrega) values (12, 1002, '2018-03-13', '2018-03-15');
insert into locacao (usuario, exemplar, retirada, entrega) values (50, 1002, '2018-05-10', '2018-05-16');
insert into locacao (usuario, exemplar, retirada, entrega) values (21, 1002, '2018-06-13', '2018-06-25');
insert into locacao (usuario, exemplar, retirada, entrega) values (18, 1002, '2018-07-26', '2018-08-01');
insert into locacao (usuario, exemplar, retirada, entrega) values (87, 1002, '2018-09-22', '2018-09-30');
insert into locacao (usuario, exemplar, retirada, entrega) values (3, 1002, '2018-10-12', '2018-10-12');
insert into locacao (usuario, exemplar, retirada, entrega) values (14, 1002, '2018-10-12', '2018-10-12');
insert into locacao (usuario, exemplar, retirada, entrega) values (73, 1002, '2018-11-21', '2018-11-23');
insert into locacao (usuario, exemplar, retirada, entrega) values (25, 1002, '2018-12-11', '2018-12-23');
insert into locacao (usuario, exemplar, retirada, entrega) values (7, 1002, '2019-02-04', '2019-02-14');
insert into locacao (usuario, exemplar, retirada, entrega) values (96, 1002, '2019-02-25', '2019-02-28');
insert into locacao (usuario, exemplar, retirada, entrega) values (72, 1002, '2019-03-26', '2019-04-07');
insert into locacao (usuario, exemplar, retirada, entrega) values (95, 1003, '2018-01-07', '2018-01-13');
insert into locacao (usuario, exemplar, retirada, entrega) values (78, 1003, '2018-04-10', '2018-04-16');
insert into locacao (usuario, exemplar, retirada, entrega) values (89, 1003, '2018-07-04', '2018-07-17');
insert into locacao (usuario, exemplar, retirada, entrega) values (79, 1003, '2018-07-05', '2018-07-05');
insert into locacao (usuario, exemplar, retirada, entrega) values (74, 1003, '2018-07-15', '2018-07-23');
insert into locacao (usuario, exemplar, retirada, entrega) values (82, 1003, '2018-09-29', '2018-10-02');
insert into locacao (usuario, exemplar, retirada, entrega) values (29, 1003, '2018-12-12', '2018-12-13');
insert into locacao (usuario, exemplar, retirada, entrega) values (24, 1003, '2019-03-09', '2019-03-11');
insert into locacao (usuario, exemplar, retirada, entrega) values (65, 1004, '2018-03-24', '2018-04-02');
insert into locacao (usuario, exemplar, retirada, entrega) values (8, 1004, '2018-03-30', '2018-04-12');
insert into locacao (usuario, exemplar, retirada, entrega) values (6, 1004, '2018-07-05', '2018-07-10');
insert into locacao (usuario, exemplar, retirada, entrega) values (6, 1004, '2018-09-26', '2018-10-08');
insert into locacao (usuario, exemplar, retirada, entrega) values (97, 1004, '2018-12-17', '2018-12-28');
insert into locacao (usuario, exemplar, retirada, entrega) values (32, 1004, '2019-03-22', '2019-04-03');
insert into locacao (usuario, exemplar, retirada, entrega) values (88, 1005, '2018-03-29', '2018-04-02');
insert into locacao (usuario, exemplar, retirada, entrega) values (17, 1005, '2018-06-29', '2018-07-04');
insert into locacao (usuario, exemplar, retirada, entrega) values (26, 1005, '2018-07-14', '2018-07-20');
insert into locacao (usuario, exemplar, retirada, entrega) values (64, 1005, '2018-08-15', '2018-08-24');
insert into locacao (usuario, exemplar, retirada, entrega) values (5, 1005, '2018-08-15', '2018-08-16');
insert into locacao (usuario, exemplar, retirada, entrega) values (93, 1005, '2018-08-30', '2018-09-09');
insert into locacao (usuario, exemplar, retirada, entrega) values (42, 1005, '2018-09-30', '2018-10-02');
insert into locacao (usuario, exemplar, retirada, entrega) values (2, 1005, '2018-11-25', '2018-12-05');
insert into locacao (usuario, exemplar, retirada, entrega) values (58, 1005, '2019-01-19', '2019-01-27');
insert into locacao (usuario, exemplar, retirada, entrega) values (12, 1005, '2019-02-05', '2019-02-08');
insert into locacao (usuario, exemplar, retirada, entrega) values (28, 1005, '2019-03-15', '2019-03-15');
insert into locacao (usuario, exemplar, retirada, entrega) values (84, 2001, '2018-02-05', '2018-02-16');
insert into locacao (usuario, exemplar, retirada, entrega) values (100, 2001, '2018-04-14', '2018-04-18');
insert into locacao (usuario, exemplar, retirada, entrega) values (6, 2001, '2018-07-06', '2018-07-06');
insert into locacao (usuario, exemplar, retirada, entrega) values (47, 2001, '2018-09-16', '2018-09-18');
insert into locacao (usuario, exemplar, retirada, entrega) values (42, 2001, '2018-11-05', '2018-11-16');
insert into locacao (usuario, exemplar, retirada, entrega) values (75, 2001, '2018-12-27', '2018-12-27');
insert into locacao (usuario, exemplar, retirada, entrega) values (37, 2001, '2019-03-02', '2019-03-02');
insert into locacao (usuario, exemplar, retirada, entrega) values (80, 2001, '2019-03-22', '2019-04-03');
insert into locacao (usuario, exemplar, retirada, entrega) values (9, 2002, '2018-03-11', '2018-03-22');
insert into locacao (usuario, exemplar, retirada, entrega) values (35, 2002, '2018-06-10', '2018-06-10');
insert into locacao (usuario, exemplar, retirada, entrega) values (40, 2002, '2018-07-14', '2018-07-27');
insert into locacao (usuario, exemplar, retirada, entrega) values (43, 2002, '2018-10-03', '2018-10-11');
insert into locacao (usuario, exemplar, retirada, entrega) values (31, 2002, '2018-12-11', '2018-12-13');
insert into locacao (usuario, exemplar, retirada, entrega) values (62, 2002, '2019-01-31', '2019-02-04');
insert into locacao (usuario, exemplar, retirada, entrega) values (17, 3001, '2018-01-27', '2018-02-04');
insert into locacao (usuario, exemplar, retirada, entrega) values (26, 3001, '2018-04-20', '2018-04-26');
insert into locacao (usuario, exemplar, retirada, entrega) values (93, 3001, '2018-05-20', '2018-05-30');
insert into locacao (usuario, exemplar, retirada, entrega) values (11, 3001, '2018-08-19', '2018-08-24');
insert into locacao (usuario, exemplar, retirada, entrega) values (78, 3001, '2018-08-22', '2018-08-28');
insert into locacao (usuario, exemplar, retirada, entrega) values (39, 3001, '2018-09-09', '2018-09-21');
insert into locacao (usuario, exemplar, retirada, entrega) values (73, 3001, '2018-12-15', '2018-12-25');
insert into locacao (usuario, exemplar, retirada, entrega) values (80, 3001, '2019-02-01', '2019-02-05');
insert into locacao (usuario, exemplar, retirada, entrega) values (20, 3001, '2019-03-25', '2019-03-28');
insert into locacao (usuario, exemplar, retirada, entrega) values (99, 3002, '2018-02-16', '2018-02-19');
insert into locacao (usuario, exemplar, retirada, entrega) values (78, 3002, '2018-04-14', '2018-04-25');
insert into locacao (usuario, exemplar, retirada, entrega) values (80, 3002, '2018-05-05', '2018-05-09');
insert into locacao (usuario, exemplar, retirada, entrega) values (32, 3002, '2018-06-09', '2018-06-13');
insert into locacao (usuario, exemplar, retirada, entrega) values (22, 3002, '2018-08-16', '2018-08-18');
insert into locacao (usuario, exemplar, retirada, entrega) values (72, 3002, '2018-09-01', '2018-09-08');
insert into locacao (usuario, exemplar, retirada, entrega) values (28, 3002, '2018-10-22', '2018-11-04');
insert into locacao (usuario, exemplar, retirada, entrega) values (37, 3002, '2019-01-08', '2019-01-15');
insert into locacao (usuario, exemplar, retirada, entrega) values (88, 3003, '2018-01-04', '2018-01-06');
insert into locacao (usuario, exemplar, retirada, entrega) values (65, 3003, '2018-03-06', '2018-03-18');
insert into locacao (usuario, exemplar, retirada, entrega) values (74, 3003, '2018-05-03', '2018-05-06');
insert into locacao (usuario, exemplar, retirada, entrega) values (15, 3003, '2018-06-11', '2018-06-12');
insert into locacao (usuario, exemplar, retirada, entrega) values (91, 3003, '2018-09-12', '2018-09-23');
insert into locacao (usuario, exemplar, retirada, entrega) values (96, 3003, '2018-09-20', '2018-09-23');
insert into locacao (usuario, exemplar, retirada, entrega) values (81, 3003, '2018-12-04', '2018-12-08');
insert into locacao (usuario, exemplar, retirada, entrega) values (79, 3003, '2019-02-10', '2019-02-21');
insert into locacao (usuario, exemplar, retirada, entrega) values (73, 3004, '2018-01-04', '2018-01-05');
insert into locacao (usuario, exemplar, retirada, entrega) values (86, 3004, '2018-02-16', '2018-02-21');
insert into locacao (usuario, exemplar, retirada, entrega) values (96, 3004, '2018-04-17', '2018-04-19');
insert into locacao (usuario, exemplar, retirada, entrega) values (24, 3004, '2018-05-28', '2018-06-08');
insert into locacao (usuario, exemplar, retirada, entrega) values (88, 3004, '2018-06-22', '2018-06-25');
insert into locacao (usuario, exemplar, retirada, entrega) values (79, 3004, '2018-08-19', '2018-08-28');
insert into locacao (usuario, exemplar, retirada, entrega) values (60, 3004, '2018-11-22', '2018-11-22');
insert into locacao (usuario, exemplar, retirada, entrega) values (53, 3004, '2019-02-25', '2019-02-26');
insert into locacao (usuario, exemplar, retirada, entrega) values (74, 3004, '2019-02-25', '2019-03-09');
insert into locacao (usuario, exemplar, retirada, entrega) values (84, 4001, '2018-01-04', '2018-01-10');
insert into locacao (usuario, exemplar, retirada, entrega) values (11, 4001, '2018-01-18', '2018-01-28');
insert into locacao (usuario, exemplar, retirada, entrega) values (100, 4001, '2018-02-04', '2018-02-11');
insert into locacao (usuario, exemplar, retirada, entrega) values (98, 4001, '2018-04-04', '2018-04-11');
insert into locacao (usuario, exemplar, retirada, entrega) values (66, 4001, '2018-07-10', '2018-07-19');
insert into locacao (usuario, exemplar, retirada, entrega) values (90, 4001, '2018-10-05', '2018-10-07');
insert into locacao (usuario, exemplar, retirada, entrega) values (15, 4001, '2018-10-20', '2018-10-31');
insert into locacao (usuario, exemplar, retirada, entrega) values (56, 4001, '2019-01-25', '2019-01-29');
insert into locacao (usuario, exemplar, retirada, entrega) values (47, 4001, '2019-03-05', '2019-03-13');
insert into locacao (usuario, exemplar, retirada, entrega) values (14, 4002, '2018-02-10', '2018-02-22');
insert into locacao (usuario, exemplar, retirada, entrega) values (89, 4002, '2018-02-28', '2018-03-01');
insert into locacao (usuario, exemplar, retirada, entrega) values (9, 4002, '2018-03-02', '2018-03-03');
insert into locacao (usuario, exemplar, retirada, entrega) values (53, 4002, '2018-05-09', '2018-05-11');
insert into locacao (usuario, exemplar, retirada, entrega) values (29, 4002, '2018-06-10', '2018-06-19');
insert into locacao (usuario, exemplar, retirada, entrega) values (11, 4002, '2018-07-16', '2018-07-20');
insert into locacao (usuario, exemplar, retirada, entrega) values (81, 4002, '2018-08-17', '2018-08-29');
insert into locacao (usuario, exemplar, retirada, entrega) values (4, 4002, '2018-08-30', '2018-09-01');
insert into locacao (usuario, exemplar, retirada, entrega) values (79, 4002, '2018-11-05', '2018-11-15');
insert into locacao (usuario, exemplar, retirada, entrega) values (69, 4002, '2019-02-11', '2019-02-22');
insert into locacao (usuario, exemplar, retirada, entrega) values (55, 4002, '2019-02-16', '2019-03-01');
insert into locacao (usuario, exemplar, retirada, entrega) values (29, 4003, '2018-02-06', '2018-02-12');
insert into locacao (usuario, exemplar, retirada, entrega) values (36, 4003, '2018-03-28', '2018-04-05');
insert into locacao (usuario, exemplar, retirada, entrega) values (52, 4003, '2018-06-09', '2018-06-17');
insert into locacao (usuario, exemplar, retirada, entrega) values (43, 4003, '2018-07-11', '2018-07-14');
insert into locacao (usuario, exemplar, retirada, entrega) values (6, 4003, '2018-08-25', '2018-08-30');
insert into locacao (usuario, exemplar, retirada, entrega) values (11, 4003, '2018-10-26', '2018-11-08');
insert into locacao (usuario, exemplar, retirada, entrega) values (57, 4003, '2018-12-05', '2018-12-17');
insert into locacao (usuario, exemplar, retirada, entrega) values (12, 4003, '2019-01-10', '2019-01-20');
insert into locacao (usuario, exemplar, retirada, entrega) values (94, 4004, '2018-02-06', '2018-02-08');
insert into locacao (usuario, exemplar, retirada, entrega) values (64, 4004, '2018-02-21', '2018-03-04');
insert into locacao (usuario, exemplar, retirada, entrega) values (61, 4004, '2018-04-22', '2018-05-04');
insert into locacao (usuario, exemplar, retirada, entrega) values (19, 4004, '2018-05-10', '2018-05-18');
insert into locacao (usuario, exemplar, retirada, entrega) values (7, 4004, '2018-06-30', '2018-07-12');
insert into locacao (usuario, exemplar, retirada, entrega) values (95, 4004, '2018-08-31', '2018-09-08');
insert into locacao (usuario, exemplar, retirada, entrega) values (23, 4004, '2018-11-28', '2018-12-05');
insert into locacao (usuario, exemplar, retirada, entrega) values (13, 4004, '2019-01-13', '2019-01-20');
insert into locacao (usuario, exemplar, retirada, entrega) values (89, 4004, '2019-03-27', '2019-03-29');
insert into locacao (usuario, exemplar, retirada, entrega) values (92, 5001, '2018-02-14', '2018-02-24');
insert into locacao (usuario, exemplar, retirada, entrega) values (54, 5001, '2018-04-11', '2018-04-18');
insert into locacao (usuario, exemplar, retirada, entrega) values (8, 5001, '2018-07-11', '2018-07-11');
insert into locacao (usuario, exemplar, retirada, entrega) values (88, 5001, '2018-10-14', '2018-10-19');
insert into locacao (usuario, exemplar, retirada, entrega) values (90, 5001, '2018-11-19', '2018-11-19');
insert into locacao (usuario, exemplar, retirada, entrega) values (55, 5001, '2018-12-22', '2018-12-31');
insert into locacao (usuario, exemplar, retirada, entrega) values (32, 5001, '2019-02-11', '2019-02-22');
insert into locacao (usuario, exemplar, retirada, entrega) values (90, 5002, '2018-03-28', '2018-04-02');
insert into locacao (usuario, exemplar, retirada, entrega) values (5, 5002, '2018-05-10', '2018-05-12');
insert into locacao (usuario, exemplar, retirada, entrega) values (27, 5002, '2018-06-11', '2018-06-17');
insert into locacao (usuario, exemplar, retirada, entrega) values (56, 5002, '2018-06-13', '2018-06-18');
insert into locacao (usuario, exemplar, retirada, entrega) values (7, 5002, '2018-07-07', '2018-07-09');
insert into locacao (usuario, exemplar, retirada, entrega) values (44, 5002, '2018-09-07', '2018-09-15');
insert into locacao (usuario, exemplar, retirada, entrega) values (100, 5002, '2018-10-31', '2018-11-10');
insert into locacao (usuario, exemplar, retirada, entrega) values (75, 5002, '2018-11-04', '2018-11-04');
insert into locacao (usuario, exemplar, retirada, entrega) values (77, 5002, '2019-02-10', '2019-02-16');
insert into locacao (usuario, exemplar, retirada, entrega) values (59, 5002, '2019-03-16', '2019-03-21');
insert into locacao (usuario, exemplar, retirada, entrega) values (22, 6001, '2018-01-31', '2018-02-08');
insert into locacao (usuario, exemplar, retirada, entrega) values (56, 6001, '2018-04-06', '2018-04-12');
insert into locacao (usuario, exemplar, retirada, entrega) values (38, 6001, '2018-05-27', '2018-06-07');
insert into locacao (usuario, exemplar, retirada, entrega) values (91, 6001, '2018-06-21', '2018-06-25');
insert into locacao (usuario, exemplar, retirada, entrega) values (79, 6001, '2018-06-26', '2018-07-01');
insert into locacao (usuario, exemplar, retirada, entrega) values (24, 6001, '2018-08-08', '2018-08-17');
insert into locacao (usuario, exemplar, retirada, entrega) values (86, 6001, '2018-09-28', '2018-10-11');
insert into locacao (usuario, exemplar, retirada, entrega) values (67, 6001, '2018-12-06', '2018-12-15');
insert into locacao (usuario, exemplar, retirada, entrega) values (51, 6001, '2019-02-07', '2019-02-13');
insert into locacao (usuario, exemplar, retirada, entrega) values (73, 6001, '2019-03-01', '2019-03-01');
insert into locacao (usuario, exemplar, retirada, entrega) values (86, 7001, '2018-01-07', '2018-01-14');
insert into locacao (usuario, exemplar, retirada, entrega) values (94, 7001, '2018-03-13', '2018-03-26');
insert into locacao (usuario, exemplar, retirada, entrega) values (74, 7001, '2018-03-22', '2018-04-04');
insert into locacao (usuario, exemplar, retirada, entrega) values (35, 7001, '2018-04-28', '2018-05-08');
insert into locacao (usuario, exemplar, retirada, entrega) values (47, 7001, '2018-07-12', '2018-07-25');
insert into locacao (usuario, exemplar, retirada, entrega) values (43, 7001, '2018-09-02', '2018-09-13');
insert into locacao (usuario, exemplar, retirada, entrega) values (80, 7001, '2018-11-10', '2018-11-20');
insert into locacao (usuario, exemplar, retirada, entrega) values (81, 7001, '2018-12-16', '2018-12-27');
insert into locacao (usuario, exemplar, retirada, entrega) values (68, 7001, '2018-12-28', '2018-12-31');
insert into locacao (usuario, exemplar, retirada, entrega) values (43, 7001, '2019-03-13', '2019-03-20');
insert into locacao (usuario, exemplar, retirada, entrega) values (55, 7002, '2018-01-27', '2018-02-02');
insert into locacao (usuario, exemplar, retirada, entrega) values (91, 7002, '2018-03-12', '2018-03-22');
insert into locacao (usuario, exemplar, retirada, entrega) values (41, 7002, '2018-04-12', '2018-04-16');
insert into locacao (usuario, exemplar, retirada, entrega) values (93, 7002, '2018-06-04', '2018-06-05');
insert into locacao (usuario, exemplar, retirada, entrega) values (73, 7002, '2018-08-14', '2018-08-19');
insert into locacao (usuario, exemplar, retirada, entrega) values (95, 7002, '2018-11-16', '2018-11-20');
insert into locacao (usuario, exemplar, retirada, entrega) values (50, 7002, '2019-02-09', '2019-02-12');
insert into locacao (usuario, exemplar, retirada, entrega) values (76, 7003, '2018-02-26', '2018-03-07');
insert into locacao (usuario, exemplar, retirada, entrega) values (24, 7003, '2018-05-10', '2018-05-12');
insert into locacao (usuario, exemplar, retirada, entrega) values (76, 7003, '2018-07-29', '2018-08-06');
insert into locacao (usuario, exemplar, retirada, entrega) values (69, 7003, '2018-10-25', '2018-10-27');
insert into locacao (usuario, exemplar, retirada, entrega) values (60, 7003, '2019-01-18', '2019-01-28');
insert into locacao (usuario, exemplar, retirada, entrega) values (89, 7003, '2019-03-12', '2019-03-23');
insert into locacao (usuario, exemplar, retirada, entrega) values (95, 8001, '2018-01-28', '2018-02-03');
insert into locacao (usuario, exemplar, retirada, entrega) values (93, 8001, '2018-03-01', '2018-03-10');
insert into locacao (usuario, exemplar, retirada, entrega) values (89, 8001, '2018-03-29', '2018-04-09');
insert into locacao (usuario, exemplar, retirada, entrega) values (66, 8001, '2018-04-21', '2018-05-04');
insert into locacao (usuario, exemplar, retirada, entrega) values (20, 8001, '2018-06-14', '2018-06-18');
insert into locacao (usuario, exemplar, retirada, entrega) values (94, 8001, '2018-07-10', '2018-07-21');
insert into locacao (usuario, exemplar, retirada, entrega) values (32, 8001, '2018-07-21', '2018-07-29');
insert into locacao (usuario, exemplar, retirada, entrega) values (31, 8001, '2018-09-08', '2018-09-19');
insert into locacao (usuario, exemplar, retirada, entrega) values (68, 8001, '2018-10-23', '2018-10-25');
insert into locacao (usuario, exemplar, retirada, entrega) values (94, 8001, '2019-01-24', '2019-01-25');
insert into locacao (usuario, exemplar, retirada, entrega) values (4, 8001, '2019-02-20', '2019-02-24');
insert into locacao (usuario, exemplar, retirada, entrega) values (30, 8001, '2019-03-30', '2019-04-09');
insert into locacao (usuario, exemplar, retirada, entrega) values (30, 8002, '2018-01-22', '2018-01-29');
insert into locacao (usuario, exemplar, retirada, entrega) values (68, 8002, '2018-02-04', '2018-02-16');
insert into locacao (usuario, exemplar, retirada, entrega) values (33, 8002, '2018-03-24', '2018-03-28');
insert into locacao (usuario, exemplar, retirada, entrega) values (96, 8002, '2018-06-25', '2018-06-25');
insert into locacao (usuario, exemplar, retirada, entrega) values (96, 8002, '2018-07-27', '2018-07-30');
insert into locacao (usuario, exemplar, retirada, entrega) values (97, 8002, '2018-08-07', '2018-08-07');
insert into locacao (usuario, exemplar, retirada, entrega) values (62, 8002, '2018-08-08', '2018-08-17');
insert into locacao (usuario, exemplar, retirada, entrega) values (61, 8002, '2018-09-21', '2018-09-30');
insert into locacao (usuario, exemplar, retirada, entrega) values (8, 8002, '2018-12-27', '2019-01-01');
insert into locacao (usuario, exemplar, retirada, entrega) values (64, 8002, '2019-01-21', '2019-01-28');
insert into locacao (usuario, exemplar, retirada, entrega) values (52, 8002, '2019-03-06', '2019-03-19');
insert into locacao (usuario, exemplar, retirada, entrega) values (83, 9001, '2018-03-15', '2018-03-20');
insert into locacao (usuario, exemplar, retirada, entrega) values (89, 9001, '2018-06-17', '2018-06-19');
insert into locacao (usuario, exemplar, retirada, entrega) values (5, 9001, '2018-09-10', '2018-09-17');
insert into locacao (usuario, exemplar, retirada, entrega) values (64, 9001, '2018-12-18', '2018-12-24');
insert into locacao (usuario, exemplar, retirada, entrega) values (19, 9001, '2019-03-09', '2019-03-17');
insert into locacao (usuario, exemplar, retirada, entrega) values (10, 10001, '2018-04-10', '2018-04-16');
insert into locacao (usuario, exemplar, retirada, entrega) values (85, 10001, '2018-05-16', '2018-05-18');
insert into locacao (usuario, exemplar, retirada, entrega) values (25, 10001, '2018-08-17', '2018-08-29');
insert into locacao (usuario, exemplar, retirada, entrega) values (11, 10001, '2018-08-30', '2018-09-01');
insert into locacao (usuario, exemplar, retirada, entrega) values (17, 10001, '2018-09-17', '2018-09-19');
insert into locacao (usuario, exemplar, retirada, entrega) values (65, 10001, '2018-10-09', '2018-10-13');
insert into locacao (usuario, exemplar, retirada, entrega) values (68, 10001, '2019-01-09', '2019-01-09');
insert into locacao (usuario, exemplar, retirada, entrega) values (51, 10001, '2019-03-22', '2019-03-24');
insert into locacao (usuario, exemplar, retirada, entrega) values (47, 10002, '2018-01-15', '2018-01-17');
insert into locacao (usuario, exemplar, retirada, entrega) values (90, 10002, '2018-02-09', '2018-02-21');
insert into locacao (usuario, exemplar, retirada, entrega) values (69, 10002, '2018-04-05', '2018-04-10');
insert into locacao (usuario, exemplar, retirada, entrega) values (50, 10002, '2018-06-18', '2018-06-19');
insert into locacao (usuario, exemplar, retirada, entrega) values (59, 10002, '2018-06-24', '2018-06-26');
insert into locacao (usuario, exemplar, retirada, entrega) values (92, 10002, '2018-09-08', '2018-09-18');
insert into locacao (usuario, exemplar, retirada, entrega) values (87, 10002, '2018-09-17', '2018-09-30');
insert into locacao (usuario, exemplar, retirada, entrega) values (13, 10002, '2018-09-17', '2018-09-25');
insert into locacao (usuario, exemplar, retirada, entrega) values (43, 10002, '2018-11-13', '2018-11-16');
insert into locacao (usuario, exemplar, retirada, entrega) values (14, 10002, '2019-01-16', '2019-01-27');
insert into locacao (usuario, exemplar, retirada, entrega) values (34, 10003, '2018-02-27', '2018-03-12');
insert into locacao (usuario, exemplar, retirada, entrega) values (42, 10003, '2018-03-17', '2018-03-25');
insert into locacao (usuario, exemplar, retirada, entrega) values (100, 10003, '2018-05-09', '2018-05-22');
insert into locacao (usuario, exemplar, retirada, entrega) values (47, 10003, '2018-06-17', '2018-06-30');
insert into locacao (usuario, exemplar, retirada, entrega) values (2, 10003, '2018-09-07', '2018-09-16');
insert into locacao (usuario, exemplar, retirada, entrega) values (60, 10003, '2018-09-14', '2018-09-15');
insert into locacao (usuario, exemplar, retirada, entrega) values (23, 10003, '2018-11-22', '2018-11-23');
insert into locacao (usuario, exemplar, retirada, entrega) values (1, 10003, '2018-12-30', '2019-01-06');
insert into locacao (usuario, exemplar, retirada, entrega) values (70, 10003, '2019-01-21', '2019-01-30');
insert into locacao (usuario, exemplar, retirada, entrega) values (3, 10004, '2018-01-31', '2018-02-04');
insert into locacao (usuario, exemplar, retirada, entrega) values (11, 10004, '2018-02-19', '2018-02-20');
insert into locacao (usuario, exemplar, retirada, entrega) values (61, 10004, '2018-05-05', '2018-05-11');
insert into locacao (usuario, exemplar, retirada, entrega) values (34, 10004, '2018-05-10', '2018-05-17');
insert into locacao (usuario, exemplar, retirada, entrega) values (5, 10004, '2018-06-14', '2018-06-14');
insert into locacao (usuario, exemplar, retirada, entrega) values (98, 10004, '2018-07-18', '2018-07-25');
insert into locacao (usuario, exemplar, retirada, entrega) values (12, 10004, '2018-09-17', '2018-09-24');
insert into locacao (usuario, exemplar, retirada, entrega) values (73, 10004, '2018-09-29', '2018-10-04');
insert into locacao (usuario, exemplar, retirada, entrega) values (61, 10004, '2018-11-28', '2018-12-10');
insert into locacao (usuario, exemplar, retirada, entrega) values (17, 10004, '2019-02-16', '2019-02-20');
insert into locacao (usuario, exemplar, retirada, entrega) values (11, 11001, '2018-01-20', '2018-01-20');
insert into locacao (usuario, exemplar, retirada, entrega) values (38, 11001, '2018-04-19', '2018-04-29');
insert into locacao (usuario, exemplar, retirada, entrega) values (88, 11001, '2018-06-06', '2018-06-11');
insert into locacao (usuario, exemplar, retirada, entrega) values (8, 11001, '2018-06-21', '2018-06-24');
insert into locacao (usuario, exemplar, retirada, entrega) values (59, 11001, '2018-09-22', '2018-09-22');
insert into locacao (usuario, exemplar, retirada, entrega) values (63, 11001, '2018-11-27', '2018-12-03');
insert into locacao (usuario, exemplar, retirada, entrega) values (94, 11001, '2019-01-20', '2019-01-29');
insert into locacao (usuario, exemplar, retirada, entrega) values (1, 11001, '2019-02-04', '2019-02-06');
insert into locacao (usuario, exemplar, retirada, entrega) values (69, 11001, '2019-02-11', '2019-02-22');
insert into locacao (usuario, exemplar, retirada, entrega) values (13, 11002, '2018-02-18', '2018-03-03');
insert into locacao (usuario, exemplar, retirada, entrega) values (19, 11002, '2018-03-06', '2018-03-08');
insert into locacao (usuario, exemplar, retirada, entrega) values (46, 11002, '2018-05-28', '2018-06-02');
insert into locacao (usuario, exemplar, retirada, entrega) values (1, 11002, '2018-06-02', '2018-06-13');
insert into locacao (usuario, exemplar, retirada, entrega) values (88, 11002, '2018-07-08', '2018-07-09');
insert into locacao (usuario, exemplar, retirada, entrega) values (50, 11002, '2018-09-24', '2018-10-01');
insert into locacao (usuario, exemplar, retirada, entrega) values (54, 11002, '2018-12-05', '2018-12-07');
insert into locacao (usuario, exemplar, retirada, entrega) values (40, 11002, '2019-02-05', '2019-02-17');
insert into locacao (usuario, exemplar, retirada, entrega) values (93, 12001, '2018-03-14', '2018-03-25');
insert into locacao (usuario, exemplar, retirada, entrega) values (19, 12001, '2018-04-17', '2018-04-30');
insert into locacao (usuario, exemplar, retirada, entrega) values (36, 12001, '2018-04-25', '2018-04-27');
insert into locacao (usuario, exemplar, retirada, entrega) values (77, 12001, '2018-07-22', '2018-07-25');
insert into locacao (usuario, exemplar, retirada, entrega) values (73, 12001, '2018-10-12', '2018-10-25');
insert into locacao (usuario, exemplar, retirada, entrega) values (60, 12001, '2018-12-13', '2018-12-14');
insert into locacao (usuario, exemplar, retirada, entrega) values (46, 12001, '2019-01-04', '2019-01-14');
insert into locacao (usuario, exemplar, retirada, entrega) values (4, 12001, '2019-03-22', '2019-03-31');
insert into locacao (usuario, exemplar, retirada, entrega) values (27, 12002, '2018-01-14', '2018-01-23');
insert into locacao (usuario, exemplar, retirada, entrega) values (70, 12002, '2018-02-17', '2018-02-18');
insert into locacao (usuario, exemplar, retirada, entrega) values (59, 12002, '2018-03-02', '2018-03-05');
insert into locacao (usuario, exemplar, retirada, entrega) values (72, 12002, '2018-03-06', '2018-03-06');
insert into locacao (usuario, exemplar, retirada, entrega) values (58, 12002, '2018-04-04', '2018-04-06');
insert into locacao (usuario, exemplar, retirada, entrega) values (87, 12002, '2018-05-09', '2018-05-22');
insert into locacao (usuario, exemplar, retirada, entrega) values (18, 12002, '2018-07-28', '2018-08-05');
insert into locacao (usuario, exemplar, retirada, entrega) values (45, 12002, '2018-10-11', '2018-10-20');
insert into locacao (usuario, exemplar, retirada, entrega) values (86, 12002, '2018-10-25', '2018-10-30');
insert into locacao (usuario, exemplar, retirada, entrega) values (27, 12002, '2018-12-28', '2019-01-03');
insert into locacao (usuario, exemplar, retirada, entrega) values (31, 12003, '2018-02-09', '2018-02-09');
insert into locacao (usuario, exemplar, retirada, entrega) values (17, 12003, '2018-05-19', '2018-05-23');
insert into locacao (usuario, exemplar, retirada, entrega) values (29, 12003, '2018-06-13', '2018-06-15');
insert into locacao (usuario, exemplar, retirada, entrega) values (20, 12003, '2018-08-08', '2018-08-13');
insert into locacao (usuario, exemplar, retirada, entrega) values (42, 12003, '2018-08-18', '2018-08-31');
insert into locacao (usuario, exemplar, retirada, entrega) values (84, 12003, '2018-11-21', '2018-11-29');
insert into locacao (usuario, exemplar, retirada, entrega) values (77, 12003, '2019-02-21', '2019-02-25');
insert into locacao (usuario, exemplar, retirada, entrega) values (91, 12004, '2018-01-26', '2018-01-31');
insert into locacao (usuario, exemplar, retirada, entrega) values (19, 12004, '2018-02-05', '2018-02-13');
insert into locacao (usuario, exemplar, retirada, entrega) values (9, 12004, '2018-05-10', '2018-05-12');
insert into locacao (usuario, exemplar, retirada, entrega) values (57, 12004, '2018-05-24', '2018-06-05');
insert into locacao (usuario, exemplar, retirada, entrega) values (24, 12004, '2018-07-24', '2018-07-31');
insert into locacao (usuario, exemplar, retirada, entrega) values (63, 12004, '2018-09-29', '2018-10-02');
insert into locacao (usuario, exemplar, retirada, entrega) values (97, 12004, '2018-10-21', '2018-10-27');
insert into locacao (usuario, exemplar, retirada, entrega) values (66, 12004, '2018-12-27', '2018-12-30');
insert into locacao (usuario, exemplar, retirada, entrega) values (61, 12004, '2019-02-04', '2019-02-15');
insert into locacao (usuario, exemplar, retirada, entrega) values (43, 12005, '2018-04-06', '2018-04-15');
insert into locacao (usuario, exemplar, retirada, entrega) values (74, 12005, '2018-05-02', '2018-05-08');
insert into locacao (usuario, exemplar, retirada, entrega) values (35, 12005, '2018-06-14', '2018-06-16');
insert into locacao (usuario, exemplar, retirada, entrega) values (89, 12005, '2018-09-07', '2018-09-15');
insert into locacao (usuario, exemplar, retirada, entrega) values (88, 12005, '2018-12-14', '2018-12-24');
insert into locacao (usuario, exemplar, retirada, entrega) values (28, 12005, '2019-01-19', '2019-01-20');
insert into locacao (usuario, exemplar, retirada, entrega) values (97, 12005, '2019-02-06', '2019-02-12');
insert into locacao (usuario, exemplar, retirada, entrega) values (90, 13001, '2018-02-12', '2018-02-17');
insert into locacao (usuario, exemplar, retirada, entrega) values (68, 13001, '2018-02-16', '2018-02-28');
insert into locacao (usuario, exemplar, retirada, entrega) values (18, 13001, '2018-03-17', '2018-03-27');
insert into locacao (usuario, exemplar, retirada, entrega) values (21, 13001, '2018-04-16', '2018-04-16');
insert into locacao (usuario, exemplar, retirada, entrega) values (5, 13001, '2018-04-28', '2018-04-30');
insert into locacao (usuario, exemplar, retirada, entrega) values (100, 13001, '2018-05-07', '2018-05-16');
insert into locacao (usuario, exemplar, retirada, entrega) values (7, 13001, '2018-07-03', '2018-07-06');
insert into locacao (usuario, exemplar, retirada, entrega) values (83, 13001, '2018-08-01', '2018-08-07');
insert into locacao (usuario, exemplar, retirada, entrega) values (96, 13001, '2018-10-22', '2018-10-25');
insert into locacao (usuario, exemplar, retirada, entrega) values (26, 13001, '2019-01-26', '2019-02-06');
insert into locacao (usuario, exemplar, retirada, entrega) values (94, 13001, '2019-02-18', '2019-02-21');
insert into locacao (usuario, exemplar, retirada, entrega) values (49, 13001, '2019-02-21', '2019-02-24');
insert into locacao (usuario, exemplar, retirada, entrega) values (62, 13001, '2019-03-19', '2019-03-23');
insert into locacao (usuario, exemplar, retirada, entrega) values (100, 13002, '2018-01-21', '2018-02-03');
insert into locacao (usuario, exemplar, retirada, entrega) values (17, 13002, '2018-04-12', '2018-04-15');
insert into locacao (usuario, exemplar, retirada, entrega) values (55, 13002, '2018-07-08', '2018-07-18');
insert into locacao (usuario, exemplar, retirada, entrega) values (37, 13002, '2018-07-16', '2018-07-26');
insert into locacao (usuario, exemplar, retirada, entrega) values (78, 13002, '2018-10-20', '2018-10-27');
insert into locacao (usuario, exemplar, retirada, entrega) values (8, 13002, '2018-11-25', '2018-11-27');
insert into locacao (usuario, exemplar, retirada, entrega) values (96, 13002, '2019-02-14', '2019-02-26');
insert into locacao (usuario, exemplar, retirada, entrega) values (60, 13002, '2019-03-08', '2019-03-10');
insert into locacao (usuario, exemplar, retirada, entrega) values (95, 13003, '2018-01-09', '2018-01-22');
insert into locacao (usuario, exemplar, retirada, entrega) values (54, 13003, '2018-01-31', '2018-02-09');
insert into locacao (usuario, exemplar, retirada, entrega) values (96, 13003, '2018-04-06', '2018-04-08');
insert into locacao (usuario, exemplar, retirada, entrega) values (73, 13003, '2018-05-08', '2018-05-17');
insert into locacao (usuario, exemplar, retirada, entrega) values (52, 13003, '2018-05-29', '2018-05-30');
insert into locacao (usuario, exemplar, retirada, entrega) values (70, 13003, '2018-06-10', '2018-06-22');
insert into locacao (usuario, exemplar, retirada, entrega) values (47, 13003, '2018-06-10', '2018-06-15');
insert into locacao (usuario, exemplar, retirada, entrega) values (16, 13003, '2018-07-13', '2018-07-15');
insert into locacao (usuario, exemplar, retirada, entrega) values (35, 13003, '2018-07-14', '2018-07-23');
insert into locacao (usuario, exemplar, retirada, entrega) values (64, 13003, '2018-09-01', '2018-09-04');
insert into locacao (usuario, exemplar, retirada, entrega) values (42, 13003, '2018-11-12', '2018-11-20');
insert into locacao (usuario, exemplar, retirada, entrega) values (32, 13003, '2018-12-09', '2018-12-16');
insert into locacao (usuario, exemplar, retirada, entrega) values (85, 13003, '2019-03-10', '2019-03-23');
insert into locacao (usuario, exemplar, retirada, entrega) values (19, 14001, '2018-03-21', '2018-03-26');
insert into locacao (usuario, exemplar, retirada, entrega) values (10, 14001, '2018-05-12', '2018-05-15');
insert into locacao (usuario, exemplar, retirada, entrega) values (56, 14001, '2018-06-03', '2018-06-15');
insert into locacao (usuario, exemplar, retirada, entrega) values (89, 14001, '2018-07-07', '2018-07-20');
insert into locacao (usuario, exemplar, retirada, entrega) values (52, 14001, '2018-07-14', '2018-07-14');
insert into locacao (usuario, exemplar, retirada, entrega) values (6, 14001, '2018-08-23', '2018-08-28');
insert into locacao (usuario, exemplar, retirada, entrega) values (64, 14001, '2018-11-21', '2018-11-27');
insert into locacao (usuario, exemplar, retirada, entrega) values (57, 14001, '2018-12-16', '2018-12-28');
insert into locacao (usuario, exemplar, retirada, entrega) values (33, 14001, '2018-12-29', '2019-01-10');
insert into locacao (usuario, exemplar, retirada, entrega) values (25, 14002, '2018-02-21', '2018-02-21');
insert into locacao (usuario, exemplar, retirada, entrega) values (15, 14002, '2018-04-21', '2018-05-02');
insert into locacao (usuario, exemplar, retirada, entrega) values (22, 14002, '2018-06-01', '2018-06-02');
insert into locacao (usuario, exemplar, retirada, entrega) values (55, 14002, '2018-07-01', '2018-07-07');
insert into locacao (usuario, exemplar, retirada, entrega) values (24, 14002, '2018-09-02', '2018-09-10');
insert into locacao (usuario, exemplar, retirada, entrega) values (55, 14002, '2018-10-23', '2018-10-25');
insert into locacao (usuario, exemplar, retirada, entrega) values (75, 14002, '2019-01-11', '2019-01-16');
insert into locacao (usuario, exemplar, retirada, entrega) values (34, 14002, '2019-03-02', '2019-03-09');
insert into locacao (usuario, exemplar, retirada, entrega) values (53, 14002, '2019-03-31', '2019-04-10');
insert into locacao (usuario, exemplar, retirada, entrega) values (46, 14003, '2018-03-10', '2018-03-21');
insert into locacao (usuario, exemplar, retirada, entrega) values (5, 14003, '2018-04-05', '2018-04-10');
insert into locacao (usuario, exemplar, retirada, entrega) values (48, 14003, '2018-04-21', '2018-04-25');
insert into locacao (usuario, exemplar, retirada, entrega) values (26, 14003, '2018-07-09', '2018-07-14');
insert into locacao (usuario, exemplar, retirada, entrega) values (34, 14003, '2018-09-25', '2018-10-07');
insert into locacao (usuario, exemplar, retirada, entrega) values (73, 14003, '2018-11-09', '2018-11-14');
insert into locacao (usuario, exemplar, retirada, entrega) values (44, 14003, '2018-12-10', '2018-12-11');
insert into locacao (usuario, exemplar, retirada, entrega) values (57, 14003, '2018-12-30', '2018-12-30');
insert into locacao (usuario, exemplar, retirada, entrega) values (62, 14003, '2019-03-26', '2019-03-27');
insert into locacao (usuario, exemplar, retirada, entrega) values (1, 14004, '2018-01-29', '2018-02-09');
insert into locacao (usuario, exemplar, retirada, entrega) values (91, 14004, '2018-04-25', '2018-05-03');
insert into locacao (usuario, exemplar, retirada, entrega) values (61, 14004, '2018-06-16', '2018-06-16');
insert into locacao (usuario, exemplar, retirada, entrega) values (53, 14004, '2018-08-17', '2018-08-23');
insert into locacao (usuario, exemplar, retirada, entrega) values (24, 14004, '2018-09-01', '2018-09-11');
insert into locacao (usuario, exemplar, retirada, entrega) values (74, 14004, '2018-10-12', '2018-10-23');
insert into locacao (usuario, exemplar, retirada, entrega) values (1, 14004, '2019-01-02', '2019-01-07');
insert into locacao (usuario, exemplar, retirada, entrega) values (15, 14004, '2019-03-25', '2019-03-26');
insert into locacao (usuario, exemplar, retirada, entrega) values (22, 15001, '2018-03-12', '2018-03-17');
insert into locacao (usuario, exemplar, retirada, entrega) values (53, 15001, '2018-05-25', '2018-05-26');
insert into locacao (usuario, exemplar, retirada, entrega) values (68, 15001, '2018-07-03', '2018-07-03');
insert into locacao (usuario, exemplar, retirada, entrega) values (76, 15001, '2018-10-01', '2018-10-03');
insert into locacao (usuario, exemplar, retirada, entrega) values (62, 15001, '2018-10-06', '2018-10-07');
insert into locacao (usuario, exemplar, retirada, entrega) values (68, 15001, '2018-11-04', '2018-11-08');
insert into locacao (usuario, exemplar, retirada, entrega) values (87, 15001, '2018-11-27', '2018-12-04');
insert into locacao (usuario, exemplar, retirada, entrega) values (38, 15001, '2019-01-19', '2019-01-31');
insert into locacao (usuario, exemplar, retirada, entrega) values (72, 15001, '2019-02-27', '2019-03-05');
insert into locacao (usuario, exemplar, retirada, entrega) values (87, 15002, '2018-02-08', '2018-02-16');
insert into locacao (usuario, exemplar, retirada, entrega) values (55, 15002, '2018-04-27', '2018-04-27');
insert into locacao (usuario, exemplar, retirada, entrega) values (71, 15002, '2018-07-03', '2018-07-12');
insert into locacao (usuario, exemplar, retirada, entrega) values (61, 15002, '2018-08-28', '2018-09-02');
insert into locacao (usuario, exemplar, retirada, entrega) values (65, 15002, '2018-10-18', '2018-10-29');
insert into locacao (usuario, exemplar, retirada, entrega) values (30, 15002, '2018-11-08', '2018-11-09');
insert into locacao (usuario, exemplar, retirada, entrega) values (96, 15002, '2019-01-31', '2019-02-02');
insert into locacao (usuario, exemplar, retirada, entrega) values (14, 15002, '2019-02-28', '2019-03-09');
insert into locacao (usuario, exemplar, retirada, entrega) values (57, 15003, '2018-01-19', '2018-01-31');
insert into locacao (usuario, exemplar, retirada, entrega) values (23, 15003, '2018-02-10', '2018-02-23');
insert into locacao (usuario, exemplar, retirada, entrega) values (79, 15003, '2018-02-13', '2018-02-22');
insert into locacao (usuario, exemplar, retirada, entrega) values (100, 15003, '2018-03-21', '2018-03-27');
insert into locacao (usuario, exemplar, retirada, entrega) values (52, 15003, '2018-06-17', '2018-06-23');
insert into locacao (usuario, exemplar, retirada, entrega) values (59, 15003, '2018-06-19', '2018-06-24');
insert into locacao (usuario, exemplar, retirada, entrega) values (11, 15003, '2018-08-01', '2018-08-07');
insert into locacao (usuario, exemplar, retirada, entrega) values (17, 15003, '2018-09-07', '2018-09-09');
insert into locacao (usuario, exemplar, retirada, entrega) values (84, 15003, '2018-10-14', '2018-10-23');
insert into locacao (usuario, exemplar, retirada, entrega) values (27, 15003, '2018-10-28', '2018-11-08');
insert into locacao (usuario, exemplar, retirada, entrega) values (59, 15003, '2018-12-09', '2018-12-13');
insert into locacao (usuario, exemplar, retirada, entrega) values (4, 15003, '2019-01-14', '2019-01-24');
insert into locacao (usuario, exemplar, retirada, entrega) values (16, 15003, '2019-02-28', '2019-03-02');
insert into locacao (usuario, exemplar, retirada, entrega) values (31, 15004, '2018-03-19', '2018-03-22');
insert into locacao (usuario, exemplar, retirada, entrega) values (65, 15004, '2018-04-03', '2018-04-12');
insert into locacao (usuario, exemplar, retirada, entrega) values (63, 15004, '2018-06-29', '2018-06-30');
insert into locacao (usuario, exemplar, retirada, entrega) values (56, 15004, '2018-07-02', '2018-07-09');
insert into locacao (usuario, exemplar, retirada, entrega) values (98, 15004, '2018-09-13', '2018-09-24');
insert into locacao (usuario, exemplar, retirada, entrega) values (45, 15004, '2018-10-13', '2018-10-25');
insert into locacao (usuario, exemplar, retirada, entrega) values (26, 15004, '2018-12-14', '2018-12-17');
insert into locacao (usuario, exemplar, retirada, entrega) values (8, 15004, '2019-03-16', '2019-03-24');
insert into locacao (usuario, exemplar, retirada, entrega) values (12, 15005, '2018-01-30', '2018-02-04');
insert into locacao (usuario, exemplar, retirada, entrega) values (28, 15005, '2018-02-07', '2018-02-11');
insert into locacao (usuario, exemplar, retirada, entrega) values (89, 15005, '2018-05-06', '2018-05-15');
insert into locacao (usuario, exemplar, retirada, entrega) values (95, 15005, '2018-08-05', '2018-08-11');
insert into locacao (usuario, exemplar, retirada, entrega) values (39, 15005, '2018-09-04', '2018-09-14');
insert into locacao (usuario, exemplar, retirada, entrega) values (35, 15005, '2018-10-06', '2018-10-10');
insert into locacao (usuario, exemplar, retirada, entrega) values (41, 15005, '2018-12-09', '2018-12-18');
insert into locacao (usuario, exemplar, retirada, entrega) values (75, 15005, '2018-12-28', '2018-12-28');
insert into locacao (usuario, exemplar, retirada, entrega) values (70, 15005, '2019-01-19', '2019-01-27');
insert into locacao (usuario, exemplar, retirada, entrega) values (24, 15005, '2019-03-26', '2019-04-04');
insert into locacao (usuario, exemplar, retirada, entrega) values (28, 16001, '2018-04-04', '2018-04-12');
insert into locacao (usuario, exemplar, retirada, entrega) values (98, 16001, '2018-04-20', '2018-04-24');
insert into locacao (usuario, exemplar, retirada, entrega) values (60, 16001, '2018-07-09', '2018-07-13');
insert into locacao (usuario, exemplar, retirada, entrega) values (8, 16001, '2018-09-02', '2018-09-07');
insert into locacao (usuario, exemplar, retirada, entrega) values (95, 16001, '2018-10-06', '2018-10-16');
insert into locacao (usuario, exemplar, retirada, entrega) values (18, 16001, '2018-12-24', '2018-12-30');
insert into locacao (usuario, exemplar, retirada, entrega) values (61, 16001, '2019-01-05', '2019-01-05');
insert into locacao (usuario, exemplar, retirada, entrega) values (73, 16001, '2019-01-13', '2019-01-16');
insert into locacao (usuario, exemplar, retirada, entrega) values (71, 16001, '2019-03-25', '2019-04-01');
insert into locacao (usuario, exemplar, retirada, entrega) values (57, 16002, '2018-03-30', '2018-04-01');
insert into locacao (usuario, exemplar, retirada, entrega) values (100, 16002, '2018-04-20', '2018-04-21');
insert into locacao (usuario, exemplar, retirada, entrega) values (19, 16002, '2018-04-20', '2018-04-21');
insert into locacao (usuario, exemplar, retirada, entrega) values (36, 16002, '2018-07-18', '2018-07-21');
insert into locacao (usuario, exemplar, retirada, entrega) values (13, 16002, '2018-10-04', '2018-10-05');
insert into locacao (usuario, exemplar, retirada, entrega) values (28, 16002, '2018-11-29', '2018-12-06');
insert into locacao (usuario, exemplar, retirada, entrega) values (58, 16002, '2018-12-08', '2018-12-16');
insert into locacao (usuario, exemplar, retirada, entrega) values (65, 16002, '2018-12-26', '2018-12-31');
insert into locacao (usuario, exemplar, retirada, entrega) values (66, 16002, '2019-03-19', '2019-03-20');
insert into locacao (usuario, exemplar, retirada, entrega) values (85, 16002, '2019-03-31', '2019-04-08');
insert into locacao (usuario, exemplar, retirada, entrega) values (69, 17001, '2018-02-22', '2018-03-01');
insert into locacao (usuario, exemplar, retirada, entrega) values (95, 17001, '2018-04-28', '2018-05-11');
insert into locacao (usuario, exemplar, retirada, entrega) values (49, 17001, '2018-04-28', '2018-04-30');
insert into locacao (usuario, exemplar, retirada, entrega) values (67, 17001, '2018-05-02', '2018-05-09');
insert into locacao (usuario, exemplar, retirada, entrega) values (96, 17001, '2018-05-06', '2018-05-17');
insert into locacao (usuario, exemplar, retirada, entrega) values (46, 17001, '2018-06-08', '2018-06-08');
insert into locacao (usuario, exemplar, retirada, entrega) values (73, 17001, '2018-07-27', '2018-07-30');
insert into locacao (usuario, exemplar, retirada, entrega) values (64, 17001, '2018-08-10', '2018-08-16');
insert into locacao (usuario, exemplar, retirada, entrega) values (65, 17001, '2018-10-25', '2018-10-26');
insert into locacao (usuario, exemplar, retirada, entrega) values (38, 17001, '2019-01-15', '2019-01-17');
insert into locacao (usuario, exemplar, retirada, entrega) values (37, 17001, '2019-02-25', '2019-03-07');
insert into locacao (usuario, exemplar, retirada, entrega) values (41, 17002, '2018-02-14', '2018-02-22');
insert into locacao (usuario, exemplar, retirada, entrega) values (93, 17002, '2018-03-23', '2018-03-30');
insert into locacao (usuario, exemplar, retirada, entrega) values (80, 17002, '2018-05-21', '2018-05-22');
insert into locacao (usuario, exemplar, retirada, entrega) values (17, 17002, '2018-07-05', '2018-07-08');
insert into locacao (usuario, exemplar, retirada, entrega) values (26, 17002, '2018-08-16', '2018-08-25');
insert into locacao (usuario, exemplar, retirada, entrega) values (37, 17002, '2018-09-18', '2018-09-26');
insert into locacao (usuario, exemplar, retirada, entrega) values (51, 17002, '2018-09-28', '2018-10-09');
insert into locacao (usuario, exemplar, retirada, entrega) values (68, 17002, '2018-10-15', '2018-10-24');
insert into locacao (usuario, exemplar, retirada, entrega) values (37, 17002, '2018-12-05', '2018-12-18');
insert into locacao (usuario, exemplar, retirada, entrega) values (27, 17002, '2018-12-14', '2018-12-21');
insert into locacao (usuario, exemplar, retirada, entrega) values (97, 17002, '2018-12-21', '2019-01-02');
insert into locacao (usuario, exemplar, retirada, entrega) values (96, 17002, '2019-03-18', '2019-03-30');
insert into locacao (usuario, exemplar, retirada, entrega) values (88, 17003, '2018-03-07', '2018-03-19');
insert into locacao (usuario, exemplar, retirada, entrega) values (86, 17003, '2018-05-03', '2018-05-11');
insert into locacao (usuario, exemplar, retirada, entrega) values (9, 17003, '2018-07-22', '2018-07-28');
insert into locacao (usuario, exemplar, retirada, entrega) values (69, 17003, '2018-10-01', '2018-10-03');
insert into locacao (usuario, exemplar, retirada, entrega) values (32, 17003, '2018-10-30', '2018-11-05');
insert into locacao (usuario, exemplar, retirada, entrega) values (71, 17003, '2019-01-23', '2019-01-23');
insert into locacao (usuario, exemplar, retirada, entrega) values (46, 17004, '2018-01-02', '2018-01-10');
insert into locacao (usuario, exemplar, retirada, entrega) values (60, 17004, '2018-03-18', '2018-03-27');
insert into locacao (usuario, exemplar, retirada, entrega) values (62, 17004, '2018-06-09', '2018-06-19');
insert into locacao (usuario, exemplar, retirada, entrega) values (88, 17004, '2018-08-11', '2018-08-22');
insert into locacao (usuario, exemplar, retirada, entrega) values (42, 17004, '2018-09-15', '2018-09-25');
insert into locacao (usuario, exemplar, retirada, entrega) values (90, 17004, '2018-09-20', '2018-09-28');
insert into locacao (usuario, exemplar, retirada, entrega) values (88, 17004, '2018-10-25', '2018-10-30');
insert into locacao (usuario, exemplar, retirada, entrega) values (43, 17004, '2019-01-16', '2019-01-26');
insert into locacao (usuario, exemplar, retirada, entrega) values (34, 18001, '2018-02-11', '2018-02-14');
insert into locacao (usuario, exemplar, retirada, entrega) values (55, 18001, '2018-05-18', '2018-05-19');
insert into locacao (usuario, exemplar, retirada, entrega) values (44, 18001, '2018-06-11', '2018-06-22');
insert into locacao (usuario, exemplar, retirada, entrega) values (67, 18001, '2018-06-11', '2018-06-12');
insert into locacao (usuario, exemplar, retirada, entrega) values (3, 18001, '2018-08-09', '2018-08-13');
insert into locacao (usuario, exemplar, retirada, entrega) values (15, 18001, '2018-11-05', '2018-11-09');
insert into locacao (usuario, exemplar, retirada, entrega) values (26, 18001, '2018-12-24', '2018-12-25');
insert into locacao (usuario, exemplar, retirada, entrega) values (17, 18001, '2019-02-27', '2019-03-11');
insert into locacao (usuario, exemplar, retirada, entrega) values (37, 18002, '2018-01-14', '2018-01-14');
insert into locacao (usuario, exemplar, retirada, entrega) values (34, 18002, '2018-04-03', '2018-04-03');
insert into locacao (usuario, exemplar, retirada, entrega) values (84, 18002, '2018-04-21', '2018-04-26');
insert into locacao (usuario, exemplar, retirada, entrega) values (56, 18002, '2018-05-28', '2018-06-05');
insert into locacao (usuario, exemplar, retirada, entrega) values (21, 18002, '2018-07-16', '2018-07-20');
insert into locacao (usuario, exemplar, retirada, entrega) values (72, 18002, '2018-09-17', '2018-09-25');
insert into locacao (usuario, exemplar, retirada, entrega) values (25, 18002, '2018-11-25', '2018-12-01');
insert into locacao (usuario, exemplar, retirada, entrega) values (21, 18002, '2019-01-23', '2019-01-29');
insert into locacao (usuario, exemplar, retirada, entrega) values (79, 18002, '2019-02-13', '2019-02-25');
insert into locacao (usuario, exemplar, retirada, entrega) values (19, 18003, '2018-01-31', '2018-02-05');
insert into locacao (usuario, exemplar, retirada, entrega) values (1, 18003, '2018-03-15', '2018-03-17');
insert into locacao (usuario, exemplar, retirada, entrega) values (69, 18003, '2018-04-27', '2018-04-28');
insert into locacao (usuario, exemplar, retirada, entrega) values (16, 18003, '2018-05-28', '2018-06-08');
insert into locacao (usuario, exemplar, retirada, entrega) values (19, 18003, '2018-07-11', '2018-07-20');
insert into locacao (usuario, exemplar, retirada, entrega) values (18, 18003, '2018-10-18', '2018-10-26');
insert into locacao (usuario, exemplar, retirada, entrega) values (71, 18003, '2019-01-09', '2019-01-16');
insert into locacao (usuario, exemplar, retirada, entrega) values (34, 18003, '2019-02-20', '2019-03-04');
insert into locacao (usuario, exemplar, retirada, entrega) values (67, 18004, '2018-01-04', '2018-01-06');
insert into locacao (usuario, exemplar, retirada, entrega) values (5, 18004, '2018-04-01', '2018-04-06');
insert into locacao (usuario, exemplar, retirada, entrega) values (30, 18004, '2018-05-13', '2018-05-14');
insert into locacao (usuario, exemplar, retirada, entrega) values (37, 18004, '2018-05-24', '2018-05-30');
insert into locacao (usuario, exemplar, retirada, entrega) values (2, 18004, '2018-06-30', '2018-07-12');
insert into locacao (usuario, exemplar, retirada, entrega) values (25, 18004, '2018-07-06', '2018-07-09');
insert into locacao (usuario, exemplar, retirada, entrega) values (98, 18004, '2018-08-25', '2018-08-29');
insert into locacao (usuario, exemplar, retirada, entrega) values (85, 18004, '2018-10-12', '2018-10-13');
insert into locacao (usuario, exemplar, retirada, entrega) values (79, 18004, '2018-12-10', '2018-12-23');
insert into locacao (usuario, exemplar, retirada, entrega) values (58, 18004, '2019-01-23', '2019-02-03');
insert into locacao (usuario, exemplar, retirada, entrega) values (87, 18005, '2018-02-28', '2018-03-13');
insert into locacao (usuario, exemplar, retirada, entrega) values (36, 18005, '2018-04-19', '2018-04-28');
insert into locacao (usuario, exemplar, retirada, entrega) values (39, 18005, '2018-07-21', '2018-07-26');
insert into locacao (usuario, exemplar, retirada, entrega) values (36, 18005, '2018-10-21', '2018-10-29');
insert into locacao (usuario, exemplar, retirada, entrega) values (41, 18005, '2018-10-21', '2018-10-25');
insert into locacao (usuario, exemplar, retirada, entrega) values (3, 18005, '2018-11-13', '2018-11-15');
insert into locacao (usuario, exemplar, retirada, entrega) values (50, 18005, '2019-02-07', '2019-02-17');
insert into locacao (usuario, exemplar, retirada, entrega) values (45, 19001, '2018-03-25', '2018-03-27');
insert into locacao (usuario, exemplar, retirada, entrega) values (59, 19001, '2018-05-03', '2018-05-10');
insert into locacao (usuario, exemplar, retirada, entrega) values (76, 19001, '2018-05-22', '2018-06-01');
insert into locacao (usuario, exemplar, retirada, entrega) values (97, 19001, '2018-08-18', '2018-08-21');
insert into locacao (usuario, exemplar, retirada, entrega) values (28, 19001, '2018-10-28', '2018-11-07');
insert into locacao (usuario, exemplar, retirada, entrega) values (16, 19001, '2018-11-02', '2018-11-04');
insert into locacao (usuario, exemplar, retirada, entrega) values (91, 19001, '2018-11-13', '2018-11-19');
insert into locacao (usuario, exemplar, retirada, entrega) values (9, 19001, '2019-02-06', '2019-02-19');
insert into locacao (usuario, exemplar, retirada, entrega) values (10, 19002, '2018-03-31', '2018-04-05');
insert into locacao (usuario, exemplar, retirada, entrega) values (98, 19002, '2018-05-06', '2018-05-14');
insert into locacao (usuario, exemplar, retirada, entrega) values (66, 19002, '2018-07-04', '2018-07-06');
insert into locacao (usuario, exemplar, retirada, entrega) values (72, 19002, '2018-08-07', '2018-08-09');
insert into locacao (usuario, exemplar, retirada, entrega) values (59, 19002, '2018-09-06', '2018-09-14');
insert into locacao (usuario, exemplar, retirada, entrega) values (79, 19002, '2018-11-01', '2018-11-12');
insert into locacao (usuario, exemplar, retirada, entrega) values (100, 19002, '2018-12-14', '2018-12-16');
insert into locacao (usuario, exemplar, retirada, entrega) values (2, 19002, '2018-12-14', '2018-12-25');
insert into locacao (usuario, exemplar, retirada, entrega) values (84, 19002, '2019-03-05', '2019-03-06');
insert into locacao (usuario, exemplar, retirada, entrega) values (48, 19002, '2019-03-19', '2019-03-25');
insert into locacao (usuario, exemplar, retirada, entrega) values (14, 19003, '2018-03-08', '2018-03-21');
insert into locacao (usuario, exemplar, retirada, entrega) values (70, 19003, '2018-06-15', '2018-06-16');
insert into locacao (usuario, exemplar, retirada, entrega) values (96, 19003, '2018-09-11', '2018-09-14');
insert into locacao (usuario, exemplar, retirada, entrega) values (93, 19003, '2018-12-15', '2018-12-17');
insert into locacao (usuario, exemplar, retirada, entrega) values (81, 19003, '2019-01-31', '2019-02-01');
insert into locacao (usuario, exemplar, retirada, entrega) values (73, 19003, '2019-02-21', '2019-02-26');
insert into locacao (usuario, exemplar, retirada, entrega) values (92, 19004, '2018-01-27', '2018-02-08');
insert into locacao (usuario, exemplar, retirada, entrega) values (37, 19004, '2018-01-29', '2018-02-08');
insert into locacao (usuario, exemplar, retirada, entrega) values (18, 19004, '2018-03-21', '2018-03-28');
insert into locacao (usuario, exemplar, retirada, entrega) values (67, 19004, '2018-05-13', '2018-05-13');
insert into locacao (usuario, exemplar, retirada, entrega) values (16, 19004, '2018-07-26', '2018-08-01');
insert into locacao (usuario, exemplar, retirada, entrega) values (32, 19004, '2018-08-06', '2018-08-18');
insert into locacao (usuario, exemplar, retirada, entrega) values (28, 19004, '2018-08-22', '2018-08-23');
insert into locacao (usuario, exemplar, retirada, entrega) values (91, 19004, '2018-09-21', '2018-09-27');
insert into locacao (usuario, exemplar, retirada, entrega) values (89, 19004, '2018-10-15', '2018-10-28');
insert into locacao (usuario, exemplar, retirada, entrega) values (43, 19004, '2018-12-15', '2018-12-27');
insert into locacao (usuario, exemplar, retirada, entrega) values (77, 19004, '2019-01-04', '2019-01-17');
insert into locacao (usuario, exemplar, retirada, entrega) values (100, 19005, '2018-03-04', '2018-03-11');
insert into locacao (usuario, exemplar, retirada, entrega) values (48, 19005, '2018-06-09', '2018-06-12');
insert into locacao (usuario, exemplar, retirada, entrega) values (98, 19005, '2018-07-23', '2018-08-01');
insert into locacao (usuario, exemplar, retirada, entrega) values (23, 19005, '2018-08-04', '2018-08-09');
insert into locacao (usuario, exemplar, retirada, entrega) values (80, 19005, '2018-10-28', '2018-11-07');
insert into locacao (usuario, exemplar, retirada, entrega) values (25, 19005, '2018-10-29', '2018-11-05');
insert into locacao (usuario, exemplar, retirada, entrega) values (30, 19005, '2019-01-23', '2019-01-27');
insert into locacao (usuario, exemplar, retirada, entrega) values (87, 20001, '2018-03-24', '2018-03-30');
insert into locacao (usuario, exemplar, retirada, entrega) values (50, 20001, '2018-04-19', '2018-04-28');
insert into locacao (usuario, exemplar, retirada, entrega) values (24, 20001, '2018-05-03', '2018-05-04');
insert into locacao (usuario, exemplar, retirada, entrega) values (84, 20001, '2018-05-25', '2018-05-30');
insert into locacao (usuario, exemplar, retirada, entrega) values (34, 20001, '2018-06-09', '2018-06-18');
insert into locacao (usuario, exemplar, retirada, entrega) values (15, 20001, '2018-07-22', '2018-08-04');
insert into locacao (usuario, exemplar, retirada, entrega) values (98, 20001, '2018-09-05', '2018-09-13');
insert into locacao (usuario, exemplar, retirada, entrega) values (34, 20001, '2018-10-11', '2018-10-23');
insert into locacao (usuario, exemplar, retirada, entrega) values (23, 20001, '2018-11-29', '2018-12-03');
insert into locacao (usuario, exemplar, retirada, entrega) values (64, 20001, '2019-01-26', '2019-02-05');
insert into locacao (usuario, exemplar, retirada, entrega) values (17, 20001, '2019-03-06', '2019-03-11');
insert into locacao (usuario, exemplar, retirada, entrega) values (4, 20002, '2018-03-17', '2018-03-17');
insert into locacao (usuario, exemplar, retirada, entrega) values (65, 20002, '2018-06-14', '2018-06-20');
insert into locacao (usuario, exemplar, retirada, entrega) values (14, 20002, '2018-07-30', '2018-08-06');
insert into locacao (usuario, exemplar, retirada, entrega) values (62, 20002, '2018-08-28', '2018-09-06');
insert into locacao (usuario, exemplar, retirada, entrega) values (31, 20002, '2018-11-15', '2018-11-24');
insert into locacao (usuario, exemplar, retirada, entrega) values (94, 20002, '2018-11-16', '2018-11-16');
insert into locacao (usuario, exemplar, retirada, entrega) values (77, 20002, '2018-11-19', '2018-11-28');
insert into locacao (usuario, exemplar, retirada, entrega) values (76, 20002, '2018-12-30', '2019-01-05');
insert into locacao (usuario, exemplar, retirada, entrega) values (35, 20002, '2019-03-21', '2019-03-26');
insert into locacao (usuario, exemplar, retirada, entrega) values (20, 20003, '2018-03-24', '2018-03-24');
insert into locacao (usuario, exemplar, retirada, entrega) values (41, 20003, '2018-04-01', '2018-04-14');
insert into locacao (usuario, exemplar, retirada, entrega) values (29, 20003, '2018-04-05', '2018-04-11');
insert into locacao (usuario, exemplar, retirada, entrega) values (38, 20003, '2018-06-27', '2018-07-03');
insert into locacao (usuario, exemplar, retirada, entrega) values (78, 20003, '2018-07-12', '2018-07-21');
insert into locacao (usuario, exemplar, retirada, entrega) values (2, 20003, '2018-10-19', '2018-10-27');
insert into locacao (usuario, exemplar, retirada, entrega) values (40, 20003, '2018-11-13', '2018-11-21');
insert into locacao (usuario, exemplar, retirada, entrega) values (74, 20003, '2019-01-31', '2019-02-09');
insert into locacao (usuario, exemplar, retirada, entrega) values (7, 21001, '2018-01-23', '2018-01-28');
insert into locacao (usuario, exemplar, retirada, entrega) values (37, 21001, '2018-03-26', '2018-04-07');
insert into locacao (usuario, exemplar, retirada, entrega) values (4, 21001, '2018-04-12', '2018-04-18');
insert into locacao (usuario, exemplar, retirada, entrega) values (33, 21001, '2018-07-02', '2018-07-06');
insert into locacao (usuario, exemplar, retirada, entrega) values (63, 21001, '2018-09-18', '2018-09-25');
insert into locacao (usuario, exemplar, retirada, entrega) values (43, 21001, '2018-10-12', '2018-10-12');
insert into locacao (usuario, exemplar, retirada, entrega) values (32, 21001, '2019-01-17', '2019-01-26');
insert into locacao (usuario, exemplar, retirada, entrega) values (96, 21001, '2019-03-26', '2019-03-30');
insert into locacao (usuario, exemplar, retirada, entrega) values (4, 21002, '2018-01-17', '2018-01-25');
insert into locacao (usuario, exemplar, retirada, entrega) values (25, 21002, '2018-03-04', '2018-03-11');
insert into locacao (usuario, exemplar, retirada, entrega) values (59, 21002, '2018-05-29', '2018-06-10');
insert into locacao (usuario, exemplar, retirada, entrega) values (68, 21002, '2018-06-19', '2018-06-29');
insert into locacao (usuario, exemplar, retirada, entrega) values (86, 21002, '2018-07-20', '2018-07-25');
insert into locacao (usuario, exemplar, retirada, entrega) values (73, 21002, '2018-10-04', '2018-10-17');
insert into locacao (usuario, exemplar, retirada, entrega) values (40, 21002, '2018-12-13', '2018-12-16');
insert into locacao (usuario, exemplar, retirada, entrega) values (71, 21002, '2019-02-04', '2019-02-17');
insert into locacao (usuario, exemplar, retirada, entrega) values (9, 21002, '2019-02-11', '2019-02-15');
insert into locacao (usuario, exemplar, retirada, entrega) values (26, 21003, '2018-01-15', '2018-01-22');
insert into locacao (usuario, exemplar, retirada, entrega) values (46, 21003, '2018-04-23', '2018-04-26');
insert into locacao (usuario, exemplar, retirada, entrega) values (32, 21003, '2018-06-23', '2018-06-29');
insert into locacao (usuario, exemplar, retirada, entrega) values (94, 21003, '2018-08-05', '2018-08-17');
insert into locacao (usuario, exemplar, retirada, entrega) values (28, 21003, '2018-08-17', '2018-08-20');
insert into locacao (usuario, exemplar, retirada, entrega) values (39, 21003, '2018-08-23', '2018-08-23');
insert into locacao (usuario, exemplar, retirada, entrega) values (7, 21003, '2018-09-25', '2018-09-25');
insert into locacao (usuario, exemplar, retirada, entrega) values (44, 21003, '2018-12-15', '2018-12-21');
insert into locacao (usuario, exemplar, retirada, entrega) values (90, 21003, '2019-01-09', '2019-01-14');
insert into locacao (usuario, exemplar, retirada, entrega) values (84, 22001, '2018-02-20', '2018-03-02');
insert into locacao (usuario, exemplar, retirada, entrega) values (60, 22001, '2018-05-18', '2018-05-19');
insert into locacao (usuario, exemplar, retirada, entrega) values (16, 22001, '2018-08-03', '2018-08-10');
insert into locacao (usuario, exemplar, retirada, entrega) values (77, 22001, '2018-10-26', '2018-10-28');
insert into locacao (usuario, exemplar, retirada, entrega) values (100, 22001, '2019-01-13', '2019-01-13');
insert into locacao (usuario, exemplar, retirada, entrega) values (41, 22001, '2019-03-26', '2019-03-28');
insert into locacao (usuario, exemplar, retirada, entrega) values (7, 22002, '2018-01-29', '2018-02-05');
insert into locacao (usuario, exemplar, retirada, entrega) values (49, 22002, '2018-03-17', '2018-03-26');
insert into locacao (usuario, exemplar, retirada, entrega) values (67, 22002, '2018-03-17', '2018-03-24');
insert into locacao (usuario, exemplar, retirada, entrega) values (3, 22002, '2018-06-11', '2018-06-21');
insert into locacao (usuario, exemplar, retirada, entrega) values (76, 22002, '2018-07-15', '2018-07-26');
insert into locacao (usuario, exemplar, retirada, entrega) values (20, 22002, '2018-07-31', '2018-08-06');
insert into locacao (usuario, exemplar, retirada, entrega) values (49, 22002, '2018-10-11', '2018-10-14');
insert into locacao (usuario, exemplar, retirada, entrega) values (92, 22002, '2018-11-08', '2018-11-18');
insert into locacao (usuario, exemplar, retirada, entrega) values (98, 22002, '2019-02-03', '2019-02-13');
insert into locacao (usuario, exemplar, retirada, entrega) values (56, 22002, '2019-03-14', '2019-03-27');
insert into locacao (usuario, exemplar, retirada, entrega) values (20, 22003, '2018-01-18', '2018-01-27');
insert into locacao (usuario, exemplar, retirada, entrega) values (9, 22003, '2018-02-11', '2018-02-20');
insert into locacao (usuario, exemplar, retirada, entrega) values (73, 22003, '2018-05-21', '2018-05-28');
insert into locacao (usuario, exemplar, retirada, entrega) values (29, 22003, '2018-07-19', '2018-07-24');
insert into locacao (usuario, exemplar, retirada, entrega) values (54, 22003, '2018-09-10', '2018-09-15');
insert into locacao (usuario, exemplar, retirada, entrega) values (80, 22003, '2018-12-05', '2018-12-07');
insert into locacao (usuario, exemplar, retirada, entrega) values (87, 22003, '2019-01-11', '2019-01-16');
insert into locacao (usuario, exemplar, retirada, entrega) values (33, 22003, '2019-02-01', '2019-02-03');
insert into locacao (usuario, exemplar, retirada, entrega) values (20, 23001, '2018-03-29', '2018-04-01');
insert into locacao (usuario, exemplar, retirada, entrega) values (64, 23001, '2018-06-09', '2018-06-19');
insert into locacao (usuario, exemplar, retirada, entrega) values (63, 23001, '2018-08-26', '2018-09-07');
insert into locacao (usuario, exemplar, retirada, entrega) values (10, 23001, '2018-11-27', '2018-12-04');
insert into locacao (usuario, exemplar, retirada, entrega) values (21, 23001, '2018-12-01', '2018-12-02');
insert into locacao (usuario, exemplar, retirada, entrega) values (58, 23001, '2019-01-29', '2019-02-09');
insert into locacao (usuario, exemplar, retirada, entrega) values (55, 23001, '2019-02-02', '2019-02-03');
insert into locacao (usuario, exemplar, retirada, entrega) values (27, 23001, '2019-03-15', '2019-03-24');
insert into locacao (usuario, exemplar, retirada, entrega) values (60, 23002, '2018-01-10', '2018-01-10');
insert into locacao (usuario, exemplar, retirada, entrega) values (62, 23002, '2018-02-03', '2018-02-05');
insert into locacao (usuario, exemplar, retirada, entrega) values (20, 23002, '2018-03-07', '2018-03-13');
insert into locacao (usuario, exemplar, retirada, entrega) values (93, 23002, '2018-03-27', '2018-04-03');
insert into locacao (usuario, exemplar, retirada, entrega) values (3, 23002, '2018-04-29', '2018-04-30');
insert into locacao (usuario, exemplar, retirada, entrega) values (62, 23002, '2018-06-06', '2018-06-08');
insert into locacao (usuario, exemplar, retirada, entrega) values (35, 23002, '2018-06-16', '2018-06-20');
insert into locacao (usuario, exemplar, retirada, entrega) values (97, 23002, '2018-09-10', '2018-09-11');
insert into locacao (usuario, exemplar, retirada, entrega) values (69, 23002, '2018-11-16', '2018-11-26');
insert into locacao (usuario, exemplar, retirada, entrega) values (96, 23002, '2018-12-01', '2018-12-07');
insert into locacao (usuario, exemplar, retirada, entrega) values (75, 23002, '2019-02-18', '2019-02-26');
insert into locacao (usuario, exemplar, retirada, entrega) values (71, 23003, '2018-01-24', '2018-02-05');
insert into locacao (usuario, exemplar, retirada, entrega) values (44, 23003, '2018-03-15', '2018-03-28');
insert into locacao (usuario, exemplar, retirada, entrega) values (24, 23003, '2018-04-24', '2018-04-30');
insert into locacao (usuario, exemplar, retirada, entrega) values (9, 23003, '2018-06-26', '2018-07-06');
insert into locacao (usuario, exemplar, retirada, entrega) values (26, 23003, '2018-09-26', '2018-10-09');
insert into locacao (usuario, exemplar, retirada, entrega) values (8, 23003, '2018-11-23', '2018-12-05');
insert into locacao (usuario, exemplar, retirada, entrega) values (16, 23003, '2018-12-17', '2018-12-17');
insert into locacao (usuario, exemplar, retirada, entrega) values (5, 23003, '2019-02-17', '2019-02-24');
insert into locacao (usuario, exemplar, retirada, entrega) values (68, 23003, '2019-03-17', '2019-03-21');
insert into locacao (usuario, exemplar, retirada, entrega) values (29, 23004, '2018-01-21', '2018-02-02');
insert into locacao (usuario, exemplar, retirada, entrega) values (84, 23004, '2018-02-06', '2018-02-17');
insert into locacao (usuario, exemplar, retirada, entrega) values (50, 23004, '2018-02-14', '2018-02-19');
insert into locacao (usuario, exemplar, retirada, entrega) values (93, 23004, '2018-05-24', '2018-06-04');
insert into locacao (usuario, exemplar, retirada, entrega) values (96, 23004, '2018-08-20', '2018-08-29');
insert into locacao (usuario, exemplar, retirada, entrega) values (1, 23004, '2018-11-07', '2018-11-10');
insert into locacao (usuario, exemplar, retirada, entrega) values (45, 23004, '2018-11-27', '2018-11-28');
insert into locacao (usuario, exemplar, retirada, entrega) values (19, 23004, '2018-12-07', '2018-12-09');
insert into locacao (usuario, exemplar, retirada, entrega) values (91, 23004, '2018-12-18', '2018-12-25');
insert into locacao (usuario, exemplar, retirada, entrega) values (37, 23004, '2019-02-08', '2019-02-08');
insert into locacao (usuario, exemplar, retirada, entrega) values (85, 23004, '2019-03-18', '2019-03-28');
insert into locacao (usuario, exemplar, retirada, entrega) values (77, 23005, '2018-03-03', '2018-03-16');
insert into locacao (usuario, exemplar, retirada, entrega) values (24, 23005, '2018-05-05', '2018-05-05');
insert into locacao (usuario, exemplar, retirada, entrega) values (34, 23005, '2018-05-24', '2018-06-02');
insert into locacao (usuario, exemplar, retirada, entrega) values (73, 23005, '2018-08-05', '2018-08-13');
insert into locacao (usuario, exemplar, retirada, entrega) values (77, 23005, '2018-10-07', '2018-10-18');
insert into locacao (usuario, exemplar, retirada, entrega) values (3, 23005, '2018-11-11', '2018-11-16');
insert into locacao (usuario, exemplar, retirada, entrega) values (15, 23005, '2018-11-15', '2018-11-17');
insert into locacao (usuario, exemplar, retirada, entrega) values (40, 23005, '2018-11-21', '2018-11-23');
insert into locacao (usuario, exemplar, retirada, entrega) values (76, 23005, '2018-12-04', '2018-12-14');
insert into locacao (usuario, exemplar, retirada, entrega) values (32, 23005, '2019-03-03', '2019-03-07');
insert into locacao (usuario, exemplar, retirada, entrega) values (73, 24001, '2018-04-10', '2018-04-21');
insert into locacao (usuario, exemplar, retirada, entrega) values (52, 24001, '2018-04-13', '2018-04-19');
insert into locacao (usuario, exemplar, retirada, entrega) values (19, 24001, '2018-04-21', '2018-04-30');
insert into locacao (usuario, exemplar, retirada, entrega) values (65, 24001, '2018-05-27', '2018-06-07');
insert into locacao (usuario, exemplar, retirada, entrega) values (1, 24001, '2018-08-21', '2018-08-27');
insert into locacao (usuario, exemplar, retirada, entrega) values (16, 24001, '2018-11-17', '2018-11-26');
insert into locacao (usuario, exemplar, retirada, entrega) values (8, 24001, '2019-01-16', '2019-01-29');
insert into locacao (usuario, exemplar, retirada, entrega) values (93, 25001, '2018-01-24', '2018-02-02');
insert into locacao (usuario, exemplar, retirada, entrega) values (24, 25001, '2018-05-02', '2018-05-06');
insert into locacao (usuario, exemplar, retirada, entrega) values (81, 25001, '2018-07-15', '2018-07-19');
insert into locacao (usuario, exemplar, retirada, entrega) values (32, 25001, '2018-08-02', '2018-08-07');
insert into locacao (usuario, exemplar, retirada, entrega) values (20, 25001, '2018-08-22', '2018-08-22');
insert into locacao (usuario, exemplar, retirada, entrega) values (37, 25001, '2018-11-25', '2018-12-04');
insert into locacao (usuario, exemplar, retirada, entrega) values (89, 25001, '2019-02-15', '2019-02-23');
insert into locacao (usuario, exemplar, retirada, entrega) values (63, 25002, '2018-03-15', '2018-03-25');
insert into locacao (usuario, exemplar, retirada, entrega) values (68, 25002, '2018-05-25', '2018-05-25');
insert into locacao (usuario, exemplar, retirada, entrega) values (63, 25002, '2018-05-31', '2018-06-13');
insert into locacao (usuario, exemplar, retirada, entrega) values (61, 25002, '2018-06-01', '2018-06-04');
insert into locacao (usuario, exemplar, retirada, entrega) values (97, 25002, '2018-07-21', '2018-07-31');
insert into locacao (usuario, exemplar, retirada, entrega) values (83, 25002, '2018-09-18', '2018-09-22');
insert into locacao (usuario, exemplar, retirada, entrega) values (23, 25002, '2018-10-02', '2018-10-15');
insert into locacao (usuario, exemplar, retirada, entrega) values (89, 25002, '2018-11-17', '2018-11-17');
insert into locacao (usuario, exemplar, retirada, entrega) values (8, 25002, '2018-11-19', '2018-11-20');
insert into locacao (usuario, exemplar, retirada, entrega) values (32, 25002, '2019-01-19', '2019-01-20');
insert into locacao (usuario, exemplar, retirada, entrega) values (38, 25003, '2018-02-28', '2018-03-04');
insert into locacao (usuario, exemplar, retirada, entrega) values (8, 25003, '2018-05-21', '2018-06-02');
insert into locacao (usuario, exemplar, retirada, entrega) values (77, 25003, '2018-06-28', '2018-07-07');
insert into locacao (usuario, exemplar, retirada, entrega) values (29, 25003, '2018-07-28', '2018-08-03');
insert into locacao (usuario, exemplar, retirada, entrega) values (68, 25003, '2018-09-23', '2018-10-04');
insert into locacao (usuario, exemplar, retirada, entrega) values (1, 25003, '2018-12-07', '2018-12-16');
insert into locacao (usuario, exemplar, retirada, entrega) values (55, 25003, '2018-12-30', '2018-12-30');
insert into locacao (usuario, exemplar, retirada, entrega) values (75, 25003, '2019-02-01', '2019-02-07');
insert into locacao (usuario, exemplar, retirada, entrega) values (19, 25003, '2019-02-13', '2019-02-23');
insert into locacao (usuario, exemplar, retirada, entrega) values (23, 25004, '2018-04-01', '2018-04-12');
insert into locacao (usuario, exemplar, retirada, entrega) values (38, 25004, '2018-05-13', '2018-05-24');
insert into locacao (usuario, exemplar, retirada, entrega) values (71, 25004, '2018-06-20', '2018-06-30');
insert into locacao (usuario, exemplar, retirada, entrega) values (70, 25004, '2018-09-21', '2018-09-23');
insert into locacao (usuario, exemplar, retirada, entrega) values (21, 25004, '2018-11-23', '2018-12-03');
insert into locacao (usuario, exemplar, retirada, entrega) values (61, 25004, '2019-02-08', '2019-02-18');
insert into locacao (usuario, exemplar, retirada, entrega) values (91, 25005, '2018-03-31', '2018-04-06');
insert into locacao (usuario, exemplar, retirada, entrega) values (22, 25005, '2018-06-22', '2018-06-26');
insert into locacao (usuario, exemplar, retirada, entrega) values (15, 25005, '2018-09-20', '2018-09-20');
insert into locacao (usuario, exemplar, retirada, entrega) values (17, 25005, '2018-10-15', '2018-10-27');
insert into locacao (usuario, exemplar, retirada, entrega) values (29, 25005, '2019-01-09', '2019-01-20');
insert into locacao (usuario, exemplar, retirada, entrega) values (17, 25005, '2019-01-22', '2019-01-28');
insert into locacao (usuario, exemplar, retirada, entrega) values (13, 25005, '2019-03-19', '2019-03-23');
insert into locacao (usuario, exemplar, retirada, entrega) values (90, 26001, '2018-03-13', '2018-03-21');
insert into locacao (usuario, exemplar, retirada, entrega) values (25, 26001, '2018-03-15', '2018-03-19');
insert into locacao (usuario, exemplar, retirada, entrega) values (35, 26001, '2018-04-08', '2018-04-21');
insert into locacao (usuario, exemplar, retirada, entrega) values (76, 26001, '2018-04-24', '2018-05-06');
insert into locacao (usuario, exemplar, retirada, entrega) values (77, 26001, '2018-07-24', '2018-08-02');
insert into locacao (usuario, exemplar, retirada, entrega) values (39, 26001, '2018-09-18', '2018-09-18');
insert into locacao (usuario, exemplar, retirada, entrega) values (45, 26001, '2018-11-20', '2018-11-24');
insert into locacao (usuario, exemplar, retirada, entrega) values (69, 26001, '2018-12-29', '2019-01-01');
insert into locacao (usuario, exemplar, retirada, entrega) values (48, 26001, '2019-02-07', '2019-02-19');
insert into locacao (usuario, exemplar, retirada, entrega) values (67, 26002, '2018-03-13', '2018-03-17');
insert into locacao (usuario, exemplar, retirada, entrega) values (9, 26002, '2018-03-19', '2018-03-26');
insert into locacao (usuario, exemplar, retirada, entrega) values (74, 26002, '2018-05-12', '2018-05-23');
insert into locacao (usuario, exemplar, retirada, entrega) values (18, 26002, '2018-07-29', '2018-07-31');
insert into locacao (usuario, exemplar, retirada, entrega) values (82, 26002, '2018-08-23', '2018-09-05');
insert into locacao (usuario, exemplar, retirada, entrega) values (28, 26002, '2018-10-11', '2018-10-22');
insert into locacao (usuario, exemplar, retirada, entrega) values (52, 26002, '2018-11-16', '2018-11-17');
insert into locacao (usuario, exemplar, retirada, entrega) values (36, 26002, '2018-12-13', '2018-12-25');
insert into locacao (usuario, exemplar, retirada, entrega) values (47, 26002, '2019-03-09', '2019-03-14');
insert into locacao (usuario, exemplar, retirada, entrega) values (60, 26003, '2018-03-17', '2018-03-30');
insert into locacao (usuario, exemplar, retirada, entrega) values (86, 26003, '2018-05-24', '2018-05-29');
insert into locacao (usuario, exemplar, retirada, entrega) values (20, 26003, '2018-07-17', '2018-07-22');
insert into locacao (usuario, exemplar, retirada, entrega) values (48, 26003, '2018-08-14', '2018-08-17');
insert into locacao (usuario, exemplar, retirada, entrega) values (100, 26003, '2018-09-29', '2018-10-08');
insert into locacao (usuario, exemplar, retirada, entrega) values (75, 26003, '2018-10-06', '2018-10-15');
insert into locacao (usuario, exemplar, retirada, entrega) values (61, 26003, '2018-12-29', '2019-01-08');
insert into locacao (usuario, exemplar, retirada, entrega) values (67, 26003, '2019-01-23', '2019-02-04');
insert into locacao (usuario, exemplar, retirada, entrega) values (2, 26004, '2018-01-25', '2018-02-04');
insert into locacao (usuario, exemplar, retirada, entrega) values (10, 26004, '2018-02-20', '2018-02-20');
insert into locacao (usuario, exemplar, retirada, entrega) values (53, 26004, '2018-03-21', '2018-03-24');
insert into locacao (usuario, exemplar, retirada, entrega) values (51, 26004, '2018-04-02', '2018-04-09');
insert into locacao (usuario, exemplar, retirada, entrega) values (54, 26004, '2018-06-05', '2018-06-10');
insert into locacao (usuario, exemplar, retirada, entrega) values (24, 26004, '2018-07-10', '2018-07-12');
insert into locacao (usuario, exemplar, retirada, entrega) values (70, 26004, '2018-09-03', '2018-09-12');
insert into locacao (usuario, exemplar, retirada, entrega) values (80, 26004, '2018-11-10', '2018-11-14');
insert into locacao (usuario, exemplar, retirada, entrega) values (6, 26004, '2019-02-06', '2019-02-11');
insert into locacao (usuario, exemplar, retirada, entrega) values (41, 27001, '2018-04-05', '2018-04-16');
insert into locacao (usuario, exemplar, retirada, entrega) values (67, 27001, '2018-04-15', '2018-04-19');
insert into locacao (usuario, exemplar, retirada, entrega) values (68, 27001, '2018-05-07', '2018-05-20');
insert into locacao (usuario, exemplar, retirada, entrega) values (69, 27001, '2018-06-30', '2018-07-04');
insert into locacao (usuario, exemplar, retirada, entrega) values (68, 27001, '2018-08-30', '2018-08-30');
insert into locacao (usuario, exemplar, retirada, entrega) values (1, 27001, '2018-12-04', '2018-12-15');
insert into locacao (usuario, exemplar, retirada, entrega) values (56, 27001, '2019-01-23', '2019-02-01');
insert into locacao (usuario, exemplar, retirada, entrega) values (2, 27001, '2019-03-15', '2019-03-18');
insert into locacao (usuario, exemplar, retirada, entrega) values (55, 28001, '2018-03-06', '2018-03-07');
insert into locacao (usuario, exemplar, retirada, entrega) values (4, 28001, '2018-03-15', '2018-03-25');
insert into locacao (usuario, exemplar, retirada, entrega) values (90, 28001, '2018-05-24', '2018-06-05');
insert into locacao (usuario, exemplar, retirada, entrega) values (17, 28001, '2018-06-23', '2018-06-30');
insert into locacao (usuario, exemplar, retirada, entrega) values (64, 28001, '2018-07-29', '2018-07-29');
insert into locacao (usuario, exemplar, retirada, entrega) values (36, 28001, '2018-08-31', '2018-09-09');
insert into locacao (usuario, exemplar, retirada, entrega) values (28, 28001, '2018-10-23', '2018-10-28');
insert into locacao (usuario, exemplar, retirada, entrega) values (50, 28001, '2018-10-27', '2018-11-05');
insert into locacao (usuario, exemplar, retirada, entrega) values (52, 28001, '2018-11-10', '2018-11-12');
insert into locacao (usuario, exemplar, retirada, entrega) values (24, 28001, '2019-02-16', '2019-02-27');
insert into locacao (usuario, exemplar, retirada, entrega) values (3, 29001, '2018-02-27', '2018-03-06');
insert into locacao (usuario, exemplar, retirada, entrega) values (45, 29001, '2018-04-26', '2018-05-02');
insert into locacao (usuario, exemplar, retirada, entrega) values (18, 29001, '2018-07-12', '2018-07-16');
insert into locacao (usuario, exemplar, retirada, entrega) values (6, 29001, '2018-10-13', '2018-10-18');
insert into locacao (usuario, exemplar, retirada, entrega) values (90, 29001, '2019-01-13', '2019-01-19');
insert into locacao (usuario, exemplar, retirada, entrega) values (80, 29001, '2019-02-20', '2019-02-28');
insert into locacao (usuario, exemplar, retirada, entrega) values (10, 29001, '2019-03-24', '2019-03-31');
insert into locacao (usuario, exemplar, retirada, entrega) values (7, 29002, '2018-01-04', '2018-01-09');
insert into locacao (usuario, exemplar, retirada, entrega) values (5, 29002, '2018-02-23', '2018-03-07');
insert into locacao (usuario, exemplar, retirada, entrega) values (25, 29002, '2018-05-06', '2018-05-15');
insert into locacao (usuario, exemplar, retirada, entrega) values (96, 29002, '2018-05-08', '2018-05-09');
insert into locacao (usuario, exemplar, retirada, entrega) values (83, 29002, '2018-06-19', '2018-06-25');
insert into locacao (usuario, exemplar, retirada, entrega) values (33, 29002, '2018-09-12', '2018-09-19');
insert into locacao (usuario, exemplar, retirada, entrega) values (15, 29002, '2018-12-18', '2018-12-29');
insert into locacao (usuario, exemplar, retirada, entrega) values (2, 29002, '2019-01-01', '2019-01-13');
insert into locacao (usuario, exemplar, retirada, entrega) values (2, 29002, '2019-03-12', '2019-03-18');
insert into locacao (usuario, exemplar, retirada, entrega) values (38, 29003, '2018-01-21', '2018-02-01');
insert into locacao (usuario, exemplar, retirada, entrega) values (8, 29003, '2018-03-09', '2018-03-19');
insert into locacao (usuario, exemplar, retirada, entrega) values (27, 29003, '2018-04-04', '2018-04-16');
insert into locacao (usuario, exemplar, retirada, entrega) values (28, 29003, '2018-05-20', '2018-05-23');
insert into locacao (usuario, exemplar, retirada, entrega) values (95, 29003, '2018-07-26', '2018-08-05');
insert into locacao (usuario, exemplar, retirada, entrega) values (14, 29003, '2018-08-22', '2018-08-27');
insert into locacao (usuario, exemplar, retirada, entrega) values (17, 29003, '2018-08-22', '2018-08-31');
insert into locacao (usuario, exemplar, retirada, entrega) values (93, 29003, '2018-11-11', '2018-11-16');
insert into locacao (usuario, exemplar, retirada, entrega) values (5, 29003, '2018-12-24', '2018-12-26');
insert into locacao (usuario, exemplar, retirada, entrega) values (76, 29003, '2019-01-13', '2019-01-21');
insert into locacao (usuario, exemplar, retirada, entrega) values (32, 29003, '2019-03-13', '2019-03-16');
insert into locacao (usuario, exemplar, retirada, entrega) values (9, 29004, '2018-03-10', '2018-03-20');
insert into locacao (usuario, exemplar, retirada, entrega) values (3, 29004, '2018-06-12', '2018-06-12');
insert into locacao (usuario, exemplar, retirada, entrega) values (79, 29004, '2018-06-16', '2018-06-19');
insert into locacao (usuario, exemplar, retirada, entrega) values (38, 29004, '2018-08-01', '2018-08-08');
insert into locacao (usuario, exemplar, retirada, entrega) values (53, 29004, '2018-08-28', '2018-08-29');
insert into locacao (usuario, exemplar, retirada, entrega) values (43, 29004, '2018-11-23', '2018-11-29');
insert into locacao (usuario, exemplar, retirada, entrega) values (90, 29004, '2018-12-02', '2018-12-03');
insert into locacao (usuario, exemplar, retirada, entrega) values (51, 29004, '2019-02-08', '2019-02-15');
insert into locacao (usuario, exemplar, retirada, entrega) values (92, 30001, '2018-02-26', '2018-03-03');
insert into locacao (usuario, exemplar, retirada, entrega) values (77, 30001, '2018-04-15', '2018-04-26');
insert into locacao (usuario, exemplar, retirada, entrega) values (66, 30001, '2018-05-23', '2018-05-23');
insert into locacao (usuario, exemplar, retirada, entrega) values (64, 30001, '2018-07-29', '2018-07-30');
insert into locacao (usuario, exemplar, retirada, entrega) values (59, 30001, '2018-10-19', '2018-10-23');
insert into locacao (usuario, exemplar, retirada, entrega) values (91, 30001, '2018-11-24', '2018-11-29');
insert into locacao (usuario, exemplar, retirada, entrega) values (93, 30001, '2018-12-23', '2019-01-01');
insert into locacao (usuario, exemplar, retirada, entrega) values (43, 30001, '2019-03-01', '2019-03-05');
insert into locacao (usuario, exemplar, retirada, entrega) values (89, 30002, '2018-03-23', '2018-03-28');
insert into locacao (usuario, exemplar, retirada, entrega) values (46, 30002, '2018-04-08', '2018-04-12');
insert into locacao (usuario, exemplar, retirada, entrega) values (4, 30002, '2018-05-28', '2018-06-01');
insert into locacao (usuario, exemplar, retirada, entrega) values (33, 30002, '2018-06-29', '2018-07-02');
insert into locacao (usuario, exemplar, retirada, entrega) values (26, 30002, '2018-07-30', '2018-08-06');
insert into locacao (usuario, exemplar, retirada, entrega) values (15, 30002, '2018-08-16', '2018-08-22');
insert into locacao (usuario, exemplar, retirada, entrega) values (37, 30002, '2018-10-04', '2018-10-09');
insert into locacao (usuario, exemplar, retirada, entrega) values (87, 30002, '2018-12-28', '2018-12-28');
insert into locacao (usuario, exemplar, retirada, entrega) values (12, 30002, '2019-01-30', '2019-01-31');
insert into locacao (usuario, exemplar, retirada, entrega) values (53, 30002, '2019-02-12', '2019-02-15');
insert into locacao (usuario, exemplar, retirada, entrega) values (54, 30003, '2018-02-13', '2018-02-20');
insert into locacao (usuario, exemplar, retirada, entrega) values (76, 30003, '2018-03-14', '2018-03-18');
insert into locacao (usuario, exemplar, retirada, entrega) values (57, 30003, '2018-04-24', '2018-04-24');
insert into locacao (usuario, exemplar, retirada, entrega) values (56, 30003, '2018-06-11', '2018-06-23');
insert into locacao (usuario, exemplar, retirada, entrega) values (43, 30003, '2018-09-08', '2018-09-12');
insert into locacao (usuario, exemplar, retirada, entrega) values (37, 30003, '2018-11-30', '2018-12-11');
insert into locacao (usuario, exemplar, retirada, entrega) values (70, 30003, '2019-01-31', '2019-02-09');
insert into locacao (usuario, exemplar, retirada, entrega) values (80, 30003, '2019-02-16', '2019-03-01');
insert into locacao (usuario, exemplar, retirada, entrega) values (90, 30003, '2019-03-29', '2019-04-07');
insert into locacao (usuario, exemplar, retirada, entrega) values (24, 30003, '2019-03-30', '2019-04-03');
insert into locacao (usuario, exemplar, retirada, entrega) values (13, 30003, '2019-03-31', '2019-04-03');
insert into locacao (usuario, exemplar, retirada, entrega) values (66, 30004, '2018-01-30', '2018-02-11');
insert into locacao (usuario, exemplar, retirada, entrega) values (87, 30004, '2018-04-11', '2018-04-14');
insert into locacao (usuario, exemplar, retirada, entrega) values (65, 30004, '2018-06-20', '2018-06-23');
insert into locacao (usuario, exemplar, retirada, entrega) values (89, 30004, '2018-07-09', '2018-07-21');
insert into locacao (usuario, exemplar, retirada, entrega) values (70, 30004, '2018-10-12', '2018-10-22');
insert into locacao (usuario, exemplar, retirada, entrega) values (22, 30004, '2018-11-27', '2018-11-28');
insert into locacao (usuario, exemplar, retirada, entrega) values (22, 30004, '2018-12-19', '2018-12-25');
insert into locacao (usuario, exemplar, retirada, entrega) values (17, 30004, '2019-01-26', '2019-01-29');
insert into locacao (usuario, exemplar, retirada, entrega) values (100, 30004, '2019-01-30', '2019-02-03');
insert into locacao (usuario, exemplar, retirada) values (75, 1002, '2019-04-24');
insert into locacao (usuario, exemplar, retirada) values (57, 2001, '2019-04-14');
insert into locacao (usuario, exemplar, retirada) values (69, 3002, '2019-04-11');
insert into locacao (usuario, exemplar, retirada) values (37, 3003, '2019-04-03');
insert into locacao (usuario, exemplar, retirada) values (49, 4002, '2019-04-02');
insert into locacao (usuario, exemplar, retirada) values (22, 7002, '2019-04-07');
insert into locacao (usuario, exemplar, retirada) values (95, 10001, '2019-04-24');
insert into locacao (usuario, exemplar, retirada) values (46, 10004, '2019-04-23');
insert into locacao (usuario, exemplar, retirada) values (79, 11002, '2019-04-17');
insert into locacao (usuario, exemplar, retirada) values (19, 13002, '2019-04-25');
insert into locacao (usuario, exemplar, retirada) values (1, 14001, '2019-04-17');
insert into locacao (usuario, exemplar, retirada) values (22, 14004, '2019-04-07');
insert into locacao (usuario, exemplar, retirada) values (9, 15001, '2019-04-03');
insert into locacao (usuario, exemplar, retirada) values (91, 15003, '2019-04-22');
insert into locacao (usuario, exemplar, retirada) values (41, 17002, '2019-04-17');
insert into locacao (usuario, exemplar, retirada) values (50, 18002, '2019-04-04');
insert into locacao (usuario, exemplar, retirada) values (25, 18004, '2019-04-04');
insert into locacao (usuario, exemplar, retirada) values (7, 19002, '2019-04-03');
insert into locacao (usuario, exemplar, retirada) values (35, 19003, '2019-04-17');
insert into locacao (usuario, exemplar, retirada) values (63, 21003, '2019-04-22');
insert into locacao (usuario, exemplar, retirada) values (39, 23001, '2019-04-10');
insert into locacao (usuario, exemplar, retirada) values (78, 23002, '2019-04-04');
insert into locacao (usuario, exemplar, retirada) values (37, 23004, '2019-04-18');
insert into locacao (usuario, exemplar, retirada) values (22, 27001, '2019-04-11');
insert into locacao (usuario, exemplar, retirada) values (39, 29004, '2019-04-15');
insert into locacao (usuario, exemplar, retirada) values (56, 30001, '2019-04-05');
insert into locacao (usuario, exemplar, retirada) values (83, 30003, '2019-04-27');

----------------------------------------------------------------------------------------------------
--1) Mostrar o nome e o curso dos alunos de cursos tcnicos que locaram livros sobre PostgreSQL nos ltimos 3 meses.
--2) Mostrar o ranking dos livros mais locados por curso no ano passado.
--3) Mostrar o nome dos alunos do Curso Superior de Tecnologia em Anlise e Desenvolvimento de Sistemas que locaram mais de uma vez o mesmo livro sobre PostgreSQL.
--4) Mostrar o ttulo dos livros sobre PostgreSQL no locados nos ltimos 3 meses.
--5) Mostrar o tempo mdio das locaes de alunos do Curso Superior de Tecnologia em Anlise e Desenvolvimento de Sistemas.

