\c postgres
drop database biblioteca;
create database biblioteca;
\c biblioteca
create table usuario (codigo integer not null,
   nome varchar(100) not null,
   tipo char(1) not null check ((tipo = 'A') or (tipo = 'P') or (tipo = 'F')),
   curso varchar(100), primary key (codigo));

create table livro (codigo integer not null,
   titulo varchar(200) not null,
  primary key (codigo));

create table exemplar (codigo integer not null,
   livro integer not null references livro(codigo),
   primary key (codigo));

create table locacao (usuario integer not null references usuario(codigo),
   exemplar integer not null references exemplar(codigo),
   retirada date not null default now(),
   entrega date,
   primary key (usuario, exemplar, retirada));

insert into usuario (codigo, nome, tipo) values (1, 'funcionario 1', 'F');
insert into usuario (codigo, nome, tipo, curso) values (2, 'aluno 2', 'A', 'curso tecnico integrado em informatica para internet');
insert into usuario (codigo, nome, tipo, curso) values (3, 'aluno 3', 'A', 'curso tecnico integrado em eletrotecnica');
insert into usuario (codigo, nome, tipo, curso) values (4, 'aluno 4', 'A', 'curso superior de bacharelado em engenharia mecanica');
insert into usuario (codigo, nome, tipo, curso) values (5, 'aluno 5', 'A', 'curso superior de bacharelado em engenharia mecanica');
insert into usuario (codigo, nome, tipo, curso) values (6, 'aluno 6', 'A', 'curso superior de tecnologia em analise e desenvolvimento de sistemas');
insert into usuario (codigo, nome, tipo) values (7, 'funcionario 7', 'F');
insert into usuario (codigo, nome, tipo) values (8, 'funcionario 8', 'F');
insert into usuario (codigo, nome, tipo) values (9, 'professor 9', 'P');
insert into usuario (codigo, nome, tipo, curso) values (10, 'aluno 10', 'A', 'curso tecnico integrado em informatica para internet');
insert into usuario (codigo, nome, tipo, curso) values (11, 'aluno 11', 'A', 'curso superior de tecnologia em analise e desenvolvimento de sistemas');
insert into usuario (codigo, nome, tipo, curso) values (12, 'aluno 12', 'A', 'curso tecnico integrado em eletrotecnica');
insert into usuario (codigo, nome, tipo) values (13, 'funcionario 13', 'F');
insert into usuario (codigo, nome, tipo, curso) values (14, 'aluno 14', 'A', 'curso tecnico integrado em refrigeracao e ar condicionado');
insert into usuario (codigo, nome, tipo, curso) values (15, 'aluno 15', 'A', 'curso tecnico integrado em informatica para internet');
insert into usuario (codigo, nome, tipo, curso) values (16, 'aluno 16', 'A', 'curso tecnico integrado em refrigeracao e ar condicionado');
insert into usuario (codigo, nome, tipo) values (17, 'funcionario 17', 'F');
insert into usuario (codigo, nome, tipo, curso) values (18, 'aluno 18', 'A', 'curso tecnico integrado em informatica para internet');
insert into usuario (codigo, nome, tipo) values (19, 'funcionario 19', 'F');
insert into usuario (codigo, nome, tipo, curso) values (20, 'aluno 20', 'A', 'curso superior de tecnologia em analise e desenvolvimento de sistemas');
insert into usuario (codigo, nome, tipo) values (21, 'funcionario 21', 'F');
insert into usuario (codigo, nome, tipo) values (22, 'funcionario 22', 'F');
insert into usuario (codigo, nome, tipo, curso) values (23, 'aluno 23', 'A', 'curso superior de bacharelado em engenharia mecanica');
insert into usuario (codigo, nome, tipo) values (24, 'professor 24', 'P');
insert into usuario (codigo, nome, tipo, curso) values (25, 'aluno 25', 'A', 'curso tecnico integrado em informatica para internet');
insert into usuario (codigo, nome, tipo, curso) values (26, 'aluno 26', 'A', 'curso superior de tecnologia em analise e desenvolvimento de sistemas');
insert into usuario (codigo, nome, tipo) values (27, 'funcionario 27', 'F');
insert into usuario (codigo, nome, tipo, curso) values (28, 'aluno 28', 'A', 'curso tecnico integrado em refrigeracao e ar condicionado');
insert into usuario (codigo, nome, tipo, curso) values (29, 'aluno 29', 'A', 'curso tecnico integrado em refrigeracao e ar condicionado');
insert into usuario (codigo, nome, tipo, curso) values (30, 'aluno 30', 'A', 'curso superior de tecnologia em analise e desenvolvimento de sistemas');
insert into usuario (codigo, nome, tipo, curso) values (31, 'aluno 31', 'A', 'curso superior de tecnologia em analise e desenvolvimento de sistemas');
insert into usuario (codigo, nome, tipo, curso) values (32, 'aluno 32', 'A', 'curso superior de bacharelado em engenharia mecanica');
insert into usuario (codigo, nome, tipo, curso) values (33, 'aluno 33', 'A', 'curso tecnico integrado em refrigeracao e ar condicionado');
insert into usuario (codigo, nome, tipo) values (34, 'professor 34', 'P');
insert into usuario (codigo, nome, tipo, curso) values (35, 'aluno 35', 'A', 'curso tecnico integrado em informatica para internet');
insert into usuario (codigo, nome, tipo, curso) values (36, 'aluno 36', 'A', 'curso tecnico integrado em informatica para internet');
insert into usuario (codigo, nome, tipo, curso) values (37, 'aluno 37', 'A', 'curso tecnico integrado em eletrotecnica');
insert into usuario (codigo, nome, tipo, curso) values (38, 'aluno 38', 'A', 'curso tecnico integrado em eletrotecnica');
insert into usuario (codigo, nome, tipo, curso) values (39, 'aluno 39', 'A', 'curso tecnico integrado em eletrotecnica');
insert into usuario (codigo, nome, tipo) values (40, 'professor 40', 'P');
insert into usuario (codigo, nome, tipo) values (41, 'professor 41', 'P');
insert into usuario (codigo, nome, tipo, curso) values (42, 'aluno 42', 'A', 'curso tecnico integrado em refrigeracao e ar condicionado');
insert into usuario (codigo, nome, tipo) values (43, 'professor 43', 'P');
insert into usuario (codigo, nome, tipo) values (44, 'funcionario 44', 'F');
insert into usuario (codigo, nome, tipo, curso) values (45, 'aluno 45', 'A', 'curso tecnico integrado em informatica para internet');
insert into usuario (codigo, nome, tipo) values (46, 'professor 46', 'P');
insert into usuario (codigo, nome, tipo, curso) values (47, 'aluno 47', 'A', 'curso tecnico integrado em informatica para internet');
insert into usuario (codigo, nome, tipo) values (48, 'professor 48', 'P');
insert into usuario (codigo, nome, tipo, curso) values (49, 'aluno 49', 'A', 'curso superior de bacharelado em engenharia mecanica');
insert into usuario (codigo, nome, tipo, curso) values (50, 'aluno 50', 'A', 'curso tecnico integrado em refrigeracao e ar condicionado');
insert into usuario (codigo, nome, tipo) values (51, 'funcionario 51', 'F');
insert into usuario (codigo, nome, tipo, curso) values (52, 'aluno 52', 'A', 'curso tecnico integrado em refrigeracao e ar condicionado');
insert into usuario (codigo, nome, tipo, curso) values (53, 'aluno 53', 'A', 'curso tecnico integrado em informatica para internet');
insert into usuario (codigo, nome, tipo) values (54, 'funcionario 54', 'F');
insert into usuario (codigo, nome, tipo, curso) values (55, 'aluno 55', 'A', 'curso superior de tecnologia em analise e desenvolvimento de sistemas');
insert into usuario (codigo, nome, tipo, curso) values (56, 'aluno 56', 'A', 'curso tecnico integrado em eletrotecnica');
insert into usuario (codigo, nome, tipo, curso) values (57, 'aluno 57', 'A', 'curso tecnico integrado em eletrotecnica');
insert into usuario (codigo, nome, tipo) values (58, 'professor 58', 'P');
insert into usuario (codigo, nome, tipo, curso) values (59, 'aluno 59', 'A', 'curso tecnico integrado em refrigeracao e ar condicionado');
insert into usuario (codigo, nome, tipo) values (60, 'professor 60', 'P');
insert into usuario (codigo, nome, tipo) values (61, 'professor 61', 'P');
insert into usuario (codigo, nome, tipo, curso) values (62, 'aluno 62', 'A', 'curso superior de tecnologia em analise e desenvolvimento de sistemas');
insert into usuario (codigo, nome, tipo, curso) values (63, 'aluno 63', 'A', 'curso tecnico integrado em eletrotecnica');
insert into usuario (codigo, nome, tipo) values (64, 'funcionario 64', 'F');
insert into usuario (codigo, nome, tipo, curso) values (65, 'aluno 65', 'A', 'curso tecnico integrado em eletrotecnica');
insert into usuario (codigo, nome, tipo, curso) values (66, 'aluno 66', 'A', 'curso tecnico integrado em eletrotecnica');
insert into usuario (codigo, nome, tipo, curso) values (67, 'aluno 67', 'A', 'curso tecnico integrado em eletrotecnica');
insert into usuario (codigo, nome, tipo, curso) values (68, 'aluno 68', 'A', 'curso tecnico integrado em eletrotecnica');
insert into usuario (codigo, nome, tipo, curso) values (69, 'aluno 69', 'A', 'curso superior de bacharelado em engenharia mecanica');
insert into usuario (codigo, nome, tipo, curso) values (70, 'aluno 70', 'A', 'curso tecnico integrado em eletrotecnica');
insert into usuario (codigo, nome, tipo, curso) values (71, 'aluno 71', 'A', 'curso superior de tecnologia em analise e desenvolvimento de sistemas');
insert into usuario (codigo, nome, tipo, curso) values (72, 'aluno 72', 'A', 'curso tecnico integrado em refrigeracao e ar condicionado');
insert into usuario (codigo, nome, tipo) values (73, 'professor 73', 'P');
insert into usuario (codigo, nome, tipo, curso) values (74, 'aluno 74', 'A', 'curso superior de tecnologia em analise e desenvolvimento de sistemas');
insert into usuario (codigo, nome, tipo, curso) values (75, 'aluno 75', 'A', 'curso tecnico integrado em informatica para internet');
insert into usuario (codigo, nome, tipo) values (76, 'professor 76', 'P');
insert into usuario (codigo, nome, tipo) values (77, 'professor 77', 'P');
insert into usuario (codigo, nome, tipo, curso) values (78, 'aluno 78', 'A', 'curso tecnico integrado em informatica para internet');
insert into usuario (codigo, nome, tipo) values (79, 'professor 79', 'P');
insert into usuario (codigo, nome, tipo, curso) values (80, 'aluno 80', 'A', 'curso superior de bacharelado em engenharia mecanica');
insert into usuario (codigo, nome, tipo) values (81, 'professor 81', 'P');
insert into usuario (codigo, nome, tipo) values (82, 'professor 82', 'P');
insert into usuario (codigo, nome, tipo) values (83, 'funcionario 83', 'F');
insert into usuario (codigo, nome, tipo) values (84, 'funcionario 84', 'F');
insert into usuario (codigo, nome, tipo, curso) values (85, 'aluno 85', 'A', 'curso tecnico integrado em eletrotecnica');
insert into usuario (codigo, nome, tipo) values (86, 'funcionario 86', 'F');
insert into usuario (codigo, nome, tipo) values (87, 'funcionario 87', 'F');
insert into usuario (codigo, nome, tipo, curso) values (88, 'aluno 88', 'A', 'curso tecnico integrado em refrigeracao e ar condicionado');
insert into usuario (codigo, nome, tipo) values (89, 'funcionario 89', 'F');
insert into usuario (codigo, nome, tipo) values (90, 'funcionario 90', 'F');
insert into usuario (codigo, nome, tipo, curso) values (91, 'aluno 91', 'A', 'curso tecnico integrado em informatica para internet');
insert into usuario (codigo, nome, tipo, curso) values (92, 'aluno 92', 'A', 'curso superior de tecnologia em analise e desenvolvimento de sistemas');
insert into usuario (codigo, nome, tipo, curso) values (93, 'aluno 93', 'A', 'curso tecnico integrado em informatica para internet');
insert into usuario (codigo, nome, tipo) values (94, 'professor 94', 'P');
insert into usuario (codigo, nome, tipo, curso) values (95, 'aluno 95', 'A', 'curso superior de tecnologia em analise e desenvolvimento de sistemas');
insert into usuario (codigo, nome, tipo, curso) values (96, 'aluno 96', 'A', 'curso superior de bacharelado em engenharia mecanica');
insert into usuario (codigo, nome, tipo, curso) values (97, 'aluno 97', 'A', 'curso tecnico integrado em eletrotecnica');
insert into usuario (codigo, nome, tipo, curso) values (98, 'aluno 98', 'A', 'curso superior de tecnologia em analise e desenvolvimento de sistemas');
insert into usuario (codigo, nome, tipo, curso) values (99, 'aluno 99', 'A', 'curso superior de bacharelado em engenharia mecanica');
insert into usuario (codigo, nome, tipo, curso) values (100, 'aluno 100', 'A', 'curso tecnico integrado em refrigeracao e ar condicionado');
insert into livro (codigo, titulo) values (1, 'livro 1');
insert into livro (codigo, titulo) values (2, 'livro 2');
insert into livro (codigo, titulo) values (3, 'xxx postgresql 3');
insert into livro (codigo, titulo) values (4, 'xxx postgresql xxx 4');
insert into livro (codigo, titulo) values (5, 'xxx postgresql 5');
insert into livro (codigo, titulo) values (6, 'livro 6');
insert into livro (codigo, titulo) values (7, 'livro 7');
insert into livro (codigo, titulo) values (8, 'livro 8');
insert into livro (codigo, titulo) values (9, 'livro 9');
insert into livro (codigo, titulo) values (10, 'xxx postgresql xxx 10');
insert into livro (codigo, titulo) values (11, 'livro 11');
insert into livro (codigo, titulo) values (12, 'livro 12');
insert into livro (codigo, titulo) values (13, 'livro 13');
insert into livro (codigo, titulo) values (14, 'livro 14');
insert into livro (codigo, titulo) values (15, 'postgresql xxx 15');
insert into livro (codigo, titulo) values (16, 'livro 16');
insert into livro (codigo, titulo) values (17, 'livro 17');
insert into livro (codigo, titulo) values (18, 'livro 18');
insert into livro (codigo, titulo) values (19, 'livro 19');
insert into livro (codigo, titulo) values (20, 'livro 20');
insert into livro (codigo, titulo) values (21, 'livro 21');
insert into livro (codigo, titulo) values (22, 'xxx postgresql 22');
insert into livro (codigo, titulo) values (23, 'postgresql xxx 23');
insert into livro (codigo, titulo) values (24, 'livro 24');
insert into livro (codigo, titulo) values (25, 'xxx postgresql 25');
insert into livro (codigo, titulo) values (26, 'livro 26');
insert into livro (codigo, titulo) values (27, 'livro 27');
insert into livro (codigo, titulo) values (28, 'xxx postgresql 28');
insert into livro (codigo, titulo) values (29, 'livro 29');
insert into livro (codigo, titulo) values (30, 'livro 30');
insert into exemplar (codigo, livro) values (1001, 1);
insert into exemplar (codigo, livro) values (2001, 2);
insert into exemplar (codigo, livro) values (2002, 2);
insert into exemplar (codigo, livro) values (2003, 2);
insert into exemplar (codigo, livro) values (3001, 3);
insert into exemplar (codigo, livro) values (3002, 3);
insert into exemplar (codigo, livro) values (4001, 4);
insert into exemplar (codigo, livro) values (4002, 4);
insert into exemplar (codigo, livro) values (5001, 5);
insert into exemplar (codigo, livro) values (5002, 5);
insert into exemplar (codigo, livro) values (5003, 5);
insert into exemplar (codigo, livro) values (5004, 5);
insert into exemplar (codigo, livro) values (5005, 5);
insert into exemplar (codigo, livro) values (6001, 6);
insert into exemplar (codigo, livro) values (7001, 7);
insert into exemplar (codigo, livro) values (8001, 8);
insert into exemplar (codigo, livro) values (9001, 9);
insert into exemplar (codigo, livro) values (10001, 10);
insert into exemplar (codigo, livro) values (10002, 10);
insert into exemplar (codigo, livro) values (10003, 10);
insert into exemplar (codigo, livro) values (10004, 10);
insert into exemplar (codigo, livro) values (10005, 10);
insert into exemplar (codigo, livro) values (11001, 11);
insert into exemplar (codigo, livro) values (11002, 11);
insert into exemplar (codigo, livro) values (11003, 11);
insert into exemplar (codigo, livro) values (11004, 11);
insert into exemplar (codigo, livro) values (12001, 12);
insert into exemplar (codigo, livro) values (12002, 12);
insert into exemplar (codigo, livro) values (12003, 12);
insert into exemplar (codigo, livro) values (12004, 12);
insert into exemplar (codigo, livro) values (12005, 12);
insert into exemplar (codigo, livro) values (13001, 13);
insert into exemplar (codigo, livro) values (13002, 13);
insert into exemplar (codigo, livro) values (13003, 13);
insert into exemplar (codigo, livro) values (13004, 13);
insert into exemplar (codigo, livro) values (14001, 14);
insert into exemplar (codigo, livro) values (14002, 14);
insert into exemplar (codigo, livro) values (14003, 14);
insert into exemplar (codigo, livro) values (14004, 14);
insert into exemplar (codigo, livro) values (14005, 14);
insert into exemplar (codigo, livro) values (15001, 15);
insert into exemplar (codigo, livro) values (15002, 15);
insert into exemplar (codigo, livro) values (15003, 15);
insert into exemplar (codigo, livro) values (15004, 15);
insert into exemplar (codigo, livro) values (16001, 16);
insert into exemplar (codigo, livro) values (16002, 16);
insert into exemplar (codigo, livro) values (16003, 16);
insert into exemplar (codigo, livro) values (17001, 17);
insert into exemplar (codigo, livro) values (17002, 17);
insert into exemplar (codigo, livro) values (17003, 17);
insert into exemplar (codigo, livro) values (17004, 17);
insert into exemplar (codigo, livro) values (18001, 18);
insert into exemplar (codigo, livro) values (18002, 18);
insert into exemplar (codigo, livro) values (19001, 19);
insert into exemplar (codigo, livro) values (19002, 19);
insert into exemplar (codigo, livro) values (19003, 19);
insert into exemplar (codigo, livro) values (20001, 20);
insert into exemplar (codigo, livro) values (20002, 20);
insert into exemplar (codigo, livro) values (20003, 20);
insert into exemplar (codigo, livro) values (21001, 21);
insert into exemplar (codigo, livro) values (22001, 22);
insert into exemplar (codigo, livro) values (22002, 22);
insert into exemplar (codigo, livro) values (22003, 22);
insert into exemplar (codigo, livro) values (22004, 22);
insert into exemplar (codigo, livro) values (22005, 22);
insert into exemplar (codigo, livro) values (23001, 23);
insert into exemplar (codigo, livro) values (23002, 23);
insert into exemplar (codigo, livro) values (24001, 24);
insert into exemplar (codigo, livro) values (24002, 24);
insert into exemplar (codigo, livro) values (25001, 25);
insert into exemplar (codigo, livro) values (26001, 26);
insert into exemplar (codigo, livro) values (26002, 26);
insert into exemplar (codigo, livro) values (27001, 27);
insert into exemplar (codigo, livro) values (28001, 28);
insert into exemplar (codigo, livro) values (28002, 28);
insert into exemplar (codigo, livro) values (28003, 28);
insert into exemplar (codigo, livro) values (28004, 28);
insert into exemplar (codigo, livro) values (28005, 28);
insert into exemplar (codigo, livro) values (29001, 29);
insert into exemplar (codigo, livro) values (29002, 29);
insert into exemplar (codigo, livro) values (30001, 30);
insert into exemplar (codigo, livro) values (30002, 30);
insert into locacao (usuario, exemplar, retirada, entrega) values (97, 1001, '2018-03-24', '2018-04-02');
insert into locacao (usuario, exemplar, retirada, entrega) values (7, 1001, '2018-03-31', '2018-04-02');
insert into locacao (usuario, exemplar, retirada, entrega) values (4, 1001, '2018-04-16', '2018-04-20');
insert into locacao (usuario, exemplar, retirada, entrega) values (9, 1001, '2018-07-08', '2018-07-18');
insert into locacao (usuario, exemplar, retirada, entrega) values (84, 1001, '2018-10-06', '2018-10-13');
insert into locacao (usuario, exemplar, retirada, entrega) values (93, 1001, '2018-10-22', '2018-10-25');
insert into locacao (usuario, exemplar, retirada, entrega) values (18, 1001, '2018-12-31', '2019-01-11');
insert into locacao (usuario, exemplar, retirada, entrega) values (53, 1001, '2019-03-19', '2019-03-28');
insert into locacao (usuario, exemplar, retirada, entrega) values (13, 1001, '2019-03-22', '2019-03-30');
insert into locacao (usuario, exemplar, retirada, entrega) values (67, 1001, '2019-03-31', '2019-04-08');
insert into locacao (usuario, exemplar, retirada, entrega) values (82, 2001, '2018-02-26', '2018-03-07');
insert into locacao (usuario, exemplar, retirada, entrega) values (82, 2001, '2018-04-12', '2018-04-19');
insert into locacao (usuario, exemplar, retirada, entrega) values (28, 2001, '2018-06-07', '2018-06-08');
insert into locacao (usuario, exemplar, retirada, entrega) values (25, 2001, '2018-08-25', '2018-09-02');
insert into locacao (usuario, exemplar, retirada, entrega) values (17, 2001, '2018-10-21', '2018-10-28');
insert into locacao (usuario, exemplar, retirada, entrega) values (53, 2001, '2018-11-10', '2018-11-12');
insert into locacao (usuario, exemplar, retirada, entrega) values (77, 2001, '2019-02-06', '2019-02-18');
insert into locacao (usuario, exemplar, retirada, entrega) values (65, 2001, '2019-03-21', '2019-03-28');
insert into locacao (usuario, exemplar, retirada, entrega) values (33, 2002, '2018-04-06', '2018-04-09');
insert into locacao (usuario, exemplar, retirada, entrega) values (31, 2002, '2018-05-11', '2018-05-14');
insert into locacao (usuario, exemplar, retirada, entrega) values (43, 2002, '2018-08-16', '2018-08-16');
insert into locacao (usuario, exemplar, retirada, entrega) values (24, 2002, '2018-08-26', '2018-08-29');
insert into locacao (usuario, exemplar, retirada, entrega) values (90, 2002, '2018-09-27', '2018-09-30');
insert into locacao (usuario, exemplar, retirada, entrega) values (88, 2002, '2018-12-11', '2018-12-24');
insert into locacao (usuario, exemplar, retirada, entrega) values (18, 2002, '2019-03-15', '2019-03-17');
insert into locacao (usuario, exemplar, retirada, entrega) values (75, 2003, '2018-03-28', '2018-04-09');
insert into locacao (usuario, exemplar, retirada, entrega) values (27, 2003, '2018-05-11', '2018-05-20');
insert into locacao (usuario, exemplar, retirada, entrega) values (56, 2003, '2018-06-18', '2018-06-25');
insert into locacao (usuario, exemplar, retirada, entrega) values (7, 2003, '2018-09-05', '2018-09-12');
insert into locacao (usuario, exemplar, retirada, entrega) values (43, 2003, '2018-12-11', '2018-12-19');
insert into locacao (usuario, exemplar, retirada, entrega) values (70, 2003, '2019-01-06', '2019-01-17');
insert into locacao (usuario, exemplar, retirada, entrega) values (58, 2003, '2019-01-26', '2019-01-29');
insert into locacao (usuario, exemplar, retirada, entrega) values (36, 2003, '2019-03-31', '2019-04-11');
insert into locacao (usuario, exemplar, retirada, entrega) values (30, 3001, '2018-03-05', '2018-03-13');
insert into locacao (usuario, exemplar, retirada, entrega) values (20, 3001, '2018-03-28', '2018-04-10');
insert into locacao (usuario, exemplar, retirada, entrega) values (12, 3001, '2018-06-07', '2018-06-15');
insert into locacao (usuario, exemplar, retirada, entrega) values (63, 3001, '2018-08-30', '2018-08-31');
insert into locacao (usuario, exemplar, retirada, entrega) values (31, 3001, '2018-09-09', '2018-09-17');
insert into locacao (usuario, exemplar, retirada, entrega) values (3, 3001, '2018-09-12', '2018-09-22');
insert into locacao (usuario, exemplar, retirada, entrega) values (62, 3001, '2018-11-17', '2018-11-25');
insert into locacao (usuario, exemplar, retirada, entrega) values (85, 3001, '2019-01-25', '2019-02-06');
insert into locacao (usuario, exemplar, retirada, entrega) values (19, 3001, '2019-03-14', '2019-03-20');
insert into locacao (usuario, exemplar, retirada, entrega) values (52, 3002, '2018-02-11', '2018-02-14');
insert into locacao (usuario, exemplar, retirada, entrega) values (74, 3002, '2018-05-18', '2018-05-27');
insert into locacao (usuario, exemplar, retirada, entrega) values (99, 3002, '2018-07-16', '2018-07-28');
insert into locacao (usuario, exemplar, retirada, entrega) values (56, 3002, '2018-10-10', '2018-10-12');
insert into locacao (usuario, exemplar, retirada, entrega) values (23, 3002, '2018-11-17', '2018-11-30');
insert into locacao (usuario, exemplar, retirada, entrega) values (26, 3002, '2019-02-24', '2019-03-01');
insert into locacao (usuario, exemplar, retirada, entrega) values (67, 3002, '2019-03-17', '2019-03-27');
insert into locacao (usuario, exemplar, retirada, entrega) values (63, 4001, '2018-02-18', '2018-02-23');
insert into locacao (usuario, exemplar, retirada, entrega) values (45, 4001, '2018-03-31', '2018-04-12');
insert into locacao (usuario, exemplar, retirada, entrega) values (83, 4001, '2018-06-13', '2018-06-19');
insert into locacao (usuario, exemplar, retirada, entrega) values (63, 4001, '2018-07-05', '2018-07-11');
insert into locacao (usuario, exemplar, retirada, entrega) values (56, 4001, '2018-10-01', '2018-10-06');
insert into locacao (usuario, exemplar, retirada, entrega) values (42, 4001, '2019-01-01', '2019-01-01');
insert into locacao (usuario, exemplar, retirada, entrega) values (7, 4001, '2019-03-14', '2019-03-18');
insert into locacao (usuario, exemplar, retirada, entrega) values (91, 4001, '2019-03-26', '2019-04-07');
insert into locacao (usuario, exemplar, retirada, entrega) values (100, 4001, '2019-03-27', '2019-04-06');
insert into locacao (usuario, exemplar, retirada, entrega) values (38, 4002, '2018-02-27', '2018-03-11');
insert into locacao (usuario, exemplar, retirada, entrega) values (22, 4002, '2018-04-16', '2018-04-29');
insert into locacao (usuario, exemplar, retirada, entrega) values (44, 4002, '2018-06-19', '2018-07-01');
insert into locacao (usuario, exemplar, retirada, entrega) values (70, 4002, '2018-08-19', '2018-08-27');
insert into locacao (usuario, exemplar, retirada, entrega) values (78, 4002, '2018-11-22', '2018-11-27');
insert into locacao (usuario, exemplar, retirada, entrega) values (66, 4002, '2019-01-02', '2019-01-10');
insert into locacao (usuario, exemplar, retirada, entrega) values (85, 4002, '2019-03-27', '2019-04-07');
insert into locacao (usuario, exemplar, retirada, entrega) values (75, 5001, '2018-03-01', '2018-03-06');
insert into locacao (usuario, exemplar, retirada, entrega) values (37, 5001, '2018-04-20', '2018-04-22');
insert into locacao (usuario, exemplar, retirada, entrega) values (84, 5001, '2018-06-22', '2018-06-30');
insert into locacao (usuario, exemplar, retirada, entrega) values (17, 5001, '2018-07-30', '2018-08-12');
insert into locacao (usuario, exemplar, retirada, entrega) values (76, 5001, '2018-10-16', '2018-10-19');
insert into locacao (usuario, exemplar, retirada, entrega) values (3, 5001, '2018-12-07', '2018-12-13');
insert into locacao (usuario, exemplar, retirada, entrega) values (18, 5001, '2019-01-19', '2019-01-30');
insert into locacao (usuario, exemplar, retirada, entrega) values (28, 5001, '2019-03-29', '2019-04-11');
insert into locacao (usuario, exemplar, retirada, entrega) values (25, 5002, '2018-01-26', '2018-02-08');
insert into locacao (usuario, exemplar, retirada, entrega) values (34, 5002, '2018-04-21', '2018-04-29');
insert into locacao (usuario, exemplar, retirada, entrega) values (45, 5002, '2018-05-26', '2018-06-05');
insert into locacao (usuario, exemplar, retirada, entrega) values (6, 5002, '2018-08-22', '2018-08-22');
insert into locacao (usuario, exemplar, retirada, entrega) values (8, 5002, '2018-09-27', '2018-10-07');
insert into locacao (usuario, exemplar, retirada, entrega) values (1, 5002, '2018-10-28', '2018-11-10');
insert into locacao (usuario, exemplar, retirada, entrega) values (60, 5002, '2019-01-22', '2019-02-02');
insert into locacao (usuario, exemplar, retirada, entrega) values (13, 5002, '2019-03-05', '2019-03-17');
insert into locacao (usuario, exemplar, retirada, entrega) values (93, 5003, '2018-03-17', '2018-03-23');
insert into locacao (usuario, exemplar, retirada, entrega) values (70, 5003, '2018-04-07', '2018-04-09');
insert into locacao (usuario, exemplar, retirada, entrega) values (96, 5003, '2018-04-30', '2018-05-02');
insert into locacao (usuario, exemplar, retirada, entrega) values (49, 5003, '2018-05-19', '2018-05-27');
insert into locacao (usuario, exemplar, retirada, entrega) values (59, 5003, '2018-07-07', '2018-07-18');
insert into locacao (usuario, exemplar, retirada, entrega) values (11, 5003, '2018-08-07', '2018-08-18');
insert into locacao (usuario, exemplar, retirada, entrega) values (72, 5003, '2018-10-11', '2018-10-22');
insert into locacao (usuario, exemplar, retirada, entrega) values (14, 5003, '2019-01-14', '2019-01-26');
insert into locacao (usuario, exemplar, retirada, entrega) values (42, 5003, '2019-02-08', '2019-02-14');
insert into locacao (usuario, exemplar, retirada, entrega) values (72, 5003, '2019-03-14', '2019-03-17');
insert into locacao (usuario, exemplar, retirada, entrega) values (44, 5004, '2018-01-26', '2018-01-28');
insert into locacao (usuario, exemplar, retirada, entrega) values (13, 5004, '2018-02-15', '2018-02-27');
insert into locacao (usuario, exemplar, retirada, entrega) values (74, 5004, '2018-02-22', '2018-03-03');
insert into locacao (usuario, exemplar, retirada, entrega) values (45, 5004, '2018-04-06', '2018-04-16');
insert into locacao (usuario, exemplar, retirada, entrega) values (55, 5004, '2018-04-30', '2018-05-11');
insert into locacao (usuario, exemplar, retirada, entrega) values (19, 5004, '2018-06-21', '2018-06-30');
insert into locacao (usuario, exemplar, retirada, entrega) values (94, 5004, '2018-08-03', '2018-08-16');
insert into locacao (usuario, exemplar, retirada, entrega) values (58, 5004, '2018-09-29', '2018-10-05');
insert into locacao (usuario, exemplar, retirada, entrega) values (68, 5004, '2018-12-03', '2018-12-03');
insert into locacao (usuario, exemplar, retirada, entrega) values (43, 5004, '2019-02-12', '2019-02-16');
insert into locacao (usuario, exemplar, retirada, entrega) values (64, 5005, '2018-02-24', '2018-03-01');
insert into locacao (usuario, exemplar, retirada, entrega) values (50, 5005, '2018-04-26', '2018-05-06');
insert into locacao (usuario, exemplar, retirada, entrega) values (31, 5005, '2018-05-03', '2018-05-07');
insert into locacao (usuario, exemplar, retirada, entrega) values (2, 5005, '2018-05-21', '2018-05-27');
insert into locacao (usuario, exemplar, retirada, entrega) values (76, 5005, '2018-08-27', '2018-09-07');
insert into locacao (usuario, exemplar, retirada, entrega) values (71, 5005, '2018-11-30', '2018-12-04');
insert into locacao (usuario, exemplar, retirada, entrega) values (15, 5005, '2018-12-30', '2019-01-05');
insert into locacao (usuario, exemplar, retirada, entrega) values (2, 5005, '2019-02-12', '2019-02-22');
insert into locacao (usuario, exemplar, retirada, entrega) values (6, 5005, '2019-03-31', '2019-04-07');
insert into locacao (usuario, exemplar, retirada, entrega) values (23, 6001, '2018-02-13', '2018-02-17');
insert into locacao (usuario, exemplar, retirada, entrega) values (66, 6001, '2018-04-12', '2018-04-21');
insert into locacao (usuario, exemplar, retirada, entrega) values (51, 6001, '2018-05-29', '2018-05-30');
insert into locacao (usuario, exemplar, retirada, entrega) values (61, 6001, '2018-06-10', '2018-06-11');
insert into locacao (usuario, exemplar, retirada, entrega) values (10, 6001, '2018-07-05', '2018-07-11');
insert into locacao (usuario, exemplar, retirada, entrega) values (6, 6001, '2018-07-26', '2018-07-26');
insert into locacao (usuario, exemplar, retirada, entrega) values (56, 6001, '2018-10-29', '2018-10-30');
insert into locacao (usuario, exemplar, retirada, entrega) values (23, 6001, '2019-01-31', '2019-02-02');
insert into locacao (usuario, exemplar, retirada, entrega) values (36, 6001, '2019-03-04', '2019-03-13');
insert into locacao (usuario, exemplar, retirada, entrega) values (81, 7001, '2018-02-02', '2018-02-02');
insert into locacao (usuario, exemplar, retirada, entrega) values (84, 7001, '2018-03-13', '2018-03-20');
insert into locacao (usuario, exemplar, retirada, entrega) values (98, 7001, '2018-04-18', '2018-05-01');
insert into locacao (usuario, exemplar, retirada, entrega) values (13, 7001, '2018-07-01', '2018-07-10');
insert into locacao (usuario, exemplar, retirada, entrega) values (92, 7001, '2018-09-22', '2018-09-29');
insert into locacao (usuario, exemplar, retirada, entrega) values (54, 7001, '2018-10-30', '2018-11-08');
insert into locacao (usuario, exemplar, retirada, entrega) values (93, 7001, '2018-11-27', '2018-11-27');
insert into locacao (usuario, exemplar, retirada, entrega) values (11, 7001, '2018-12-16', '2018-12-28');
insert into locacao (usuario, exemplar, retirada, entrega) values (25, 7001, '2018-12-22', '2018-12-23');
insert into locacao (usuario, exemplar, retirada, entrega) values (22, 7001, '2018-12-30', '2018-12-31');
insert into locacao (usuario, exemplar, retirada, entrega) values (61, 7001, '2019-03-11', '2019-03-19');
insert into locacao (usuario, exemplar, retirada, entrega) values (66, 8001, '2018-01-10', '2018-01-22');
insert into locacao (usuario, exemplar, retirada, entrega) values (93, 8001, '2018-02-04', '2018-02-12');
insert into locacao (usuario, exemplar, retirada, entrega) values (17, 8001, '2018-03-13', '2018-03-16');
insert into locacao (usuario, exemplar, retirada, entrega) values (89, 8001, '2018-04-07', '2018-04-15');
insert into locacao (usuario, exemplar, retirada, entrega) values (54, 8001, '2018-04-14', '2018-04-27');
insert into locacao (usuario, exemplar, retirada, entrega) values (84, 8001, '2018-06-16', '2018-06-27');
insert into locacao (usuario, exemplar, retirada, entrega) values (52, 8001, '2018-09-08', '2018-09-20');
insert into locacao (usuario, exemplar, retirada, entrega) values (34, 8001, '2018-09-20', '2018-09-30');
insert into locacao (usuario, exemplar, retirada, entrega) values (18, 8001, '2018-11-09', '2018-11-19');
insert into locacao (usuario, exemplar, retirada, entrega) values (89, 8001, '2018-12-25', '2019-01-01');
insert into locacao (usuario, exemplar, retirada, entrega) values (4, 8001, '2019-01-26', '2019-02-02');
insert into locacao (usuario, exemplar, retirada, entrega) values (91, 9001, '2018-01-31', '2018-02-07');
insert into locacao (usuario, exemplar, retirada, entrega) values (61, 9001, '2018-04-08', '2018-04-19');
insert into locacao (usuario, exemplar, retirada, entrega) values (8, 9001, '2018-07-09', '2018-07-22');
insert into locacao (usuario, exemplar, retirada, entrega) values (83, 9001, '2018-08-24', '2018-09-05');
insert into locacao (usuario, exemplar, retirada, entrega) values (19, 9001, '2018-10-22', '2018-11-02');
insert into locacao (usuario, exemplar, retirada, entrega) values (98, 9001, '2019-01-20', '2019-02-02');
insert into locacao (usuario, exemplar, retirada, entrega) values (16, 9001, '2019-03-19', '2019-03-22');
insert into locacao (usuario, exemplar, retirada, entrega) values (97, 10001, '2018-01-17', '2018-01-25');
insert into locacao (usuario, exemplar, retirada, entrega) values (16, 10001, '2018-03-10', '2018-03-10');
insert into locacao (usuario, exemplar, retirada, entrega) values (26, 10001, '2018-04-30', '2018-05-04');
insert into locacao (usuario, exemplar, retirada, entrega) values (82, 10001, '2018-05-07', '2018-05-09');
insert into locacao (usuario, exemplar, retirada, entrega) values (61, 10001, '2018-06-21', '2018-07-02');
insert into locacao (usuario, exemplar, retirada, entrega) values (77, 10001, '2018-07-13', '2018-07-17');
insert into locacao (usuario, exemplar, retirada, entrega) values (32, 10001, '2018-09-15', '2018-09-16');
insert into locacao (usuario, exemplar, retirada, entrega) values (52, 10001, '2018-11-05', '2018-11-17');
insert into locacao (usuario, exemplar, retirada, entrega) values (54, 10001, '2019-02-11', '2019-02-14');
insert into locacao (usuario, exemplar, retirada, entrega) values (87, 10002, '2018-04-10', '2018-04-12');
insert into locacao (usuario, exemplar, retirada, entrega) values (86, 10002, '2018-05-21', '2018-05-21');
insert into locacao (usuario, exemplar, retirada, entrega) values (56, 10002, '2018-05-26', '2018-05-29');
insert into locacao (usuario, exemplar, retirada, entrega) values (84, 10002, '2018-08-22', '2018-09-03');
insert into locacao (usuario, exemplar, retirada, entrega) values (36, 10002, '2018-11-06', '2018-11-08');
insert into locacao (usuario, exemplar, retirada, entrega) values (62, 10002, '2018-11-12', '2018-11-21');
insert into locacao (usuario, exemplar, retirada, entrega) values (71, 10002, '2018-11-18', '2018-11-28');
insert into locacao (usuario, exemplar, retirada, entrega) values (89, 10002, '2019-02-13', '2019-02-18');
insert into locacao (usuario, exemplar, retirada, entrega) values (92, 10002, '2019-03-28', '2019-04-10');
insert into locacao (usuario, exemplar, retirada, entrega) values (54, 10003, '2018-01-21', '2018-01-27');
insert into locacao (usuario, exemplar, retirada, entrega) values (82, 10003, '2018-03-09', '2018-03-10');
insert into locacao (usuario, exemplar, retirada, entrega) values (32, 10003, '2018-06-11', '2018-06-17');
insert into locacao (usuario, exemplar, retirada, entrega) values (78, 10003, '2018-08-31', '2018-09-04');
insert into locacao (usuario, exemplar, retirada, entrega) values (83, 10003, '2018-09-19', '2018-09-20');
insert into locacao (usuario, exemplar, retirada, entrega) values (74, 10003, '2018-10-03', '2018-10-16');
insert into locacao (usuario, exemplar, retirada, entrega) values (5, 10003, '2018-12-13', '2018-12-24');
insert into locacao (usuario, exemplar, retirada, entrega) values (8, 10003, '2019-03-20', '2019-03-26');
insert into locacao (usuario, exemplar, retirada, entrega) values (50, 10004, '2018-02-17', '2018-02-21');
insert into locacao (usuario, exemplar, retirada, entrega) values (23, 10004, '2018-02-26', '2018-03-10');
insert into locacao (usuario, exemplar, retirada, entrega) values (67, 10004, '2018-05-01', '2018-05-11');
insert into locacao (usuario, exemplar, retirada, entrega) values (82, 10004, '2018-07-24', '2018-08-06');
insert into locacao (usuario, exemplar, retirada, entrega) values (94, 10004, '2018-10-08', '2018-10-19');
insert into locacao (usuario, exemplar, retirada, entrega) values (71, 10004, '2018-11-07', '2018-11-19');
insert into locacao (usuario, exemplar, retirada, entrega) values (22, 10004, '2018-11-24', '2018-11-24');
insert into locacao (usuario, exemplar, retirada, entrega) values (80, 10004, '2019-01-14', '2019-01-27');
insert into locacao (usuario, exemplar, retirada, entrega) values (24, 10004, '2019-02-27', '2019-02-28');
insert into locacao (usuario, exemplar, retirada, entrega) values (36, 10005, '2018-02-22', '2018-03-04');
insert into locacao (usuario, exemplar, retirada, entrega) values (81, 10005, '2018-04-20', '2018-05-03');
insert into locacao (usuario, exemplar, retirada, entrega) values (76, 10005, '2018-05-20', '2018-05-22');
insert into locacao (usuario, exemplar, retirada, entrega) values (69, 10005, '2018-06-01', '2018-06-03');
insert into locacao (usuario, exemplar, retirada, entrega) values (56, 10005, '2018-07-18', '2018-07-19');
insert into locacao (usuario, exemplar, retirada, entrega) values (96, 10005, '2018-08-11', '2018-08-19');
insert into locacao (usuario, exemplar, retirada, entrega) values (73, 10005, '2018-09-05', '2018-09-09');
insert into locacao (usuario, exemplar, retirada, entrega) values (2, 10005, '2018-10-30', '2018-11-06');
insert into locacao (usuario, exemplar, retirada, entrega) values (12, 10005, '2018-11-02', '2018-11-11');
insert into locacao (usuario, exemplar, retirada, entrega) values (9, 10005, '2018-11-06', '2018-11-15');
insert into locacao (usuario, exemplar, retirada, entrega) values (54, 10005, '2018-12-30', '2019-01-05');
insert into locacao (usuario, exemplar, retirada, entrega) values (44, 10005, '2019-02-09', '2019-02-19');
insert into locacao (usuario, exemplar, retirada, entrega) values (40, 11001, '2018-03-29', '2018-04-04');
insert into locacao (usuario, exemplar, retirada, entrega) values (73, 11001, '2018-06-10', '2018-06-11');
insert into locacao (usuario, exemplar, retirada, entrega) values (26, 11001, '2018-06-23', '2018-07-04');
insert into locacao (usuario, exemplar, retirada, entrega) values (30, 11001, '2018-06-30', '2018-07-03');
insert into locacao (usuario, exemplar, retirada, entrega) values (76, 11001, '2018-07-24', '2018-08-06');
insert into locacao (usuario, exemplar, retirada, entrega) values (32, 11001, '2018-10-29', '2018-11-02');
insert into locacao (usuario, exemplar, retirada, entrega) values (51, 11001, '2019-01-21', '2019-01-26');
insert into locacao (usuario, exemplar, retirada, entrega) values (22, 11002, '2018-02-28', '2018-03-07');
insert into locacao (usuario, exemplar, retirada, entrega) values (66, 11002, '2018-03-17', '2018-03-25');
insert into locacao (usuario, exemplar, retirada, entrega) values (86, 11002, '2018-06-22', '2018-06-30');
insert into locacao (usuario, exemplar, retirada, entrega) values (5, 11002, '2018-08-06', '2018-08-08');
insert into locacao (usuario, exemplar, retirada, entrega) values (89, 11002, '2018-10-22', '2018-10-26');
insert into locacao (usuario, exemplar, retirada, entrega) values (22, 11002, '2018-10-26', '2018-11-04');
insert into locacao (usuario, exemplar, retirada, entrega) values (9, 11002, '2019-01-19', '2019-01-20');
insert into locacao (usuario, exemplar, retirada, entrega) values (10, 11002, '2019-03-08', '2019-03-18');
insert into locacao (usuario, exemplar, retirada, entrega) values (31, 11003, '2018-01-24', '2018-01-30');
insert into locacao (usuario, exemplar, retirada, entrega) values (73, 11003, '2018-04-26', '2018-05-08');
insert into locacao (usuario, exemplar, retirada, entrega) values (66, 11003, '2018-05-20', '2018-05-30');
insert into locacao (usuario, exemplar, retirada, entrega) values (88, 11003, '2018-08-19', '2018-08-22');
insert into locacao (usuario, exemplar, retirada, entrega) values (51, 11003, '2018-09-25', '2018-09-30');
insert into locacao (usuario, exemplar, retirada, entrega) values (61, 11003, '2018-12-29', '2019-01-09');
insert into locacao (usuario, exemplar, retirada, entrega) values (59, 11003, '2019-02-25', '2019-03-04');
insert into locacao (usuario, exemplar, retirada, entrega) values (89, 11004, '2018-03-12', '2018-03-14');
insert into locacao (usuario, exemplar, retirada, entrega) values (65, 11004, '2018-06-15', '2018-06-19');
insert into locacao (usuario, exemplar, retirada, entrega) values (100, 11004, '2018-07-13', '2018-07-22');
insert into locacao (usuario, exemplar, retirada, entrega) values (56, 11004, '2018-07-29', '2018-07-29');
insert into locacao (usuario, exemplar, retirada, entrega) values (14, 11004, '2018-09-05', '2018-09-11');
insert into locacao (usuario, exemplar, retirada, entrega) values (42, 11004, '2018-09-22', '2018-10-04');
insert into locacao (usuario, exemplar, retirada, entrega) values (80, 11004, '2018-12-23', '2018-12-27');
insert into locacao (usuario, exemplar, retirada, entrega) values (60, 11004, '2019-03-27', '2019-03-29');
insert into locacao (usuario, exemplar, retirada, entrega) values (39, 12001, '2018-01-06', '2018-01-16');
insert into locacao (usuario, exemplar, retirada, entrega) values (45, 12001, '2018-01-13', '2018-01-13');
insert into locacao (usuario, exemplar, retirada, entrega) values (86, 12001, '2018-04-16', '2018-04-21');
insert into locacao (usuario, exemplar, retirada, entrega) values (16, 12001, '2018-07-07', '2018-07-15');
insert into locacao (usuario, exemplar, retirada, entrega) values (13, 12001, '2018-08-10', '2018-08-20');
insert into locacao (usuario, exemplar, retirada, entrega) values (1, 12001, '2018-08-22', '2018-09-01');
insert into locacao (usuario, exemplar, retirada, entrega) values (42, 12001, '2018-09-29', '2018-10-10');
insert into locacao (usuario, exemplar, retirada, entrega) values (26, 12001, '2018-12-09', '2018-12-16');
insert into locacao (usuario, exemplar, retirada, entrega) values (69, 12001, '2018-12-14', '2018-12-19');
insert into locacao (usuario, exemplar, retirada, entrega) values (73, 12001, '2018-12-31', '2019-01-09');
insert into locacao (usuario, exemplar, retirada, entrega) values (86, 12001, '2019-02-23', '2019-03-01');
insert into locacao (usuario, exemplar, retirada, entrega) values (51, 12001, '2019-03-18', '2019-03-27');
insert into locacao (usuario, exemplar, retirada, entrega) values (90, 12002, '2018-03-16', '2018-03-25');
insert into locacao (usuario, exemplar, retirada, entrega) values (4, 12002, '2018-06-14', '2018-06-19');
insert into locacao (usuario, exemplar, retirada, entrega) values (31, 12002, '2018-07-09', '2018-07-17');
insert into locacao (usuario, exemplar, retirada, entrega) values (25, 12002, '2018-09-15', '2018-09-21');
insert into locacao (usuario, exemplar, retirada, entrega) values (57, 12002, '2018-11-19', '2018-11-22');
insert into locacao (usuario, exemplar, retirada, entrega) values (44, 12002, '2018-11-26', '2018-12-07');
insert into locacao (usuario, exemplar, retirada, entrega) values (12, 12002, '2018-12-18', '2018-12-22');
insert into locacao (usuario, exemplar, retirada, entrega) values (99, 12002, '2018-12-31', '2018-12-31');
insert into locacao (usuario, exemplar, retirada, entrega) values (41, 12002, '2019-01-22', '2019-01-24');
insert into locacao (usuario, exemplar, retirada, entrega) values (68, 12003, '2018-02-27', '2018-03-11');
insert into locacao (usuario, exemplar, retirada, entrega) values (96, 12003, '2018-03-30', '2018-03-30');
insert into locacao (usuario, exemplar, retirada, entrega) values (11, 12003, '2018-05-25', '2018-06-05');
insert into locacao (usuario, exemplar, retirada, entrega) values (37, 12003, '2018-07-15', '2018-07-21');
insert into locacao (usuario, exemplar, retirada, entrega) values (98, 12003, '2018-08-08', '2018-08-09');
insert into locacao (usuario, exemplar, retirada, entrega) values (22, 12003, '2018-09-19', '2018-09-21');
insert into locacao (usuario, exemplar, retirada, entrega) values (89, 12003, '2018-12-06', '2018-12-09');
insert into locacao (usuario, exemplar, retirada, entrega) values (86, 12003, '2019-01-27', '2019-02-09');
insert into locacao (usuario, exemplar, retirada, entrega) values (63, 12003, '2019-02-26', '2019-03-10');
insert into locacao (usuario, exemplar, retirada, entrega) values (82, 12004, '2018-02-27', '2018-02-28');
insert into locacao (usuario, exemplar, retirada, entrega) values (40, 12004, '2018-05-04', '2018-05-07');
insert into locacao (usuario, exemplar, retirada, entrega) values (14, 12004, '2018-08-09', '2018-08-11');
insert into locacao (usuario, exemplar, retirada, entrega) values (50, 12004, '2018-10-07', '2018-10-16');
insert into locacao (usuario, exemplar, retirada, entrega) values (13, 12004, '2018-11-21', '2018-11-27');
insert into locacao (usuario, exemplar, retirada, entrega) values (29, 12004, '2019-02-24', '2019-03-02');
insert into locacao (usuario, exemplar, retirada, entrega) values (49, 12004, '2019-03-04', '2019-03-09');
insert into locacao (usuario, exemplar, retirada, entrega) values (73, 12004, '2019-03-28', '2019-03-30');
insert into locacao (usuario, exemplar, retirada, entrega) values (29, 12005, '2018-03-19', '2018-04-01');
insert into locacao (usuario, exemplar, retirada, entrega) values (60, 12005, '2018-06-14', '2018-06-21');
insert into locacao (usuario, exemplar, retirada, entrega) values (4, 12005, '2018-07-20', '2018-07-20');
insert into locacao (usuario, exemplar, retirada, entrega) values (9, 12005, '2018-09-15', '2018-09-23');
insert into locacao (usuario, exemplar, retirada, entrega) values (35, 12005, '2018-10-08', '2018-10-14');
insert into locacao (usuario, exemplar, retirada, entrega) values (55, 12005, '2018-12-03', '2018-12-04');
insert into locacao (usuario, exemplar, retirada, entrega) values (62, 12005, '2019-01-24', '2019-01-29');
insert into locacao (usuario, exemplar, retirada, entrega) values (38, 12005, '2019-01-27', '2019-01-29');
insert into locacao (usuario, exemplar, retirada, entrega) values (76, 13001, '2018-01-28', '2018-02-08');
insert into locacao (usuario, exemplar, retirada, entrega) values (93, 13001, '2018-04-22', '2018-04-30');
insert into locacao (usuario, exemplar, retirada, entrega) values (33, 13001, '2018-05-17', '2018-05-23');
insert into locacao (usuario, exemplar, retirada, entrega) values (81, 13001, '2018-06-16', '2018-06-22');
insert into locacao (usuario, exemplar, retirada, entrega) values (36, 13001, '2018-09-23', '2018-10-05');
insert into locacao (usuario, exemplar, retirada, entrega) values (65, 13001, '2018-10-05', '2018-10-05');
insert into locacao (usuario, exemplar, retirada, entrega) values (96, 13001, '2018-11-21', '2018-11-27');
insert into locacao (usuario, exemplar, retirada, entrega) values (2, 13001, '2018-12-27', '2019-01-07');
insert into locacao (usuario, exemplar, retirada, entrega) values (2, 13002, '2018-03-18', '2018-03-23');
insert into locacao (usuario, exemplar, retirada, entrega) values (58, 13002, '2018-05-24', '2018-05-30');
insert into locacao (usuario, exemplar, retirada, entrega) values (39, 13002, '2018-07-18', '2018-07-30');
insert into locacao (usuario, exemplar, retirada, entrega) values (62, 13002, '2018-10-03', '2018-10-03');
insert into locacao (usuario, exemplar, retirada, entrega) values (38, 13002, '2018-10-06', '2018-10-16');
insert into locacao (usuario, exemplar, retirada, entrega) values (68, 13002, '2018-10-30', '2018-11-11');
insert into locacao (usuario, exemplar, retirada, entrega) values (62, 13002, '2018-12-10', '2018-12-23');
insert into locacao (usuario, exemplar, retirada, entrega) values (82, 13002, '2019-02-03', '2019-02-07');
insert into locacao (usuario, exemplar, retirada, entrega) values (42, 13002, '2019-03-17', '2019-03-27');
insert into locacao (usuario, exemplar, retirada, entrega) values (24, 13003, '2018-02-14', '2018-02-15');
insert into locacao (usuario, exemplar, retirada, entrega) values (55, 13003, '2018-03-30', '2018-03-31');
insert into locacao (usuario, exemplar, retirada, entrega) values (79, 13003, '2018-03-31', '2018-04-05');
insert into locacao (usuario, exemplar, retirada, entrega) values (87, 13003, '2018-06-03', '2018-06-07');
insert into locacao (usuario, exemplar, retirada, entrega) values (90, 13003, '2018-08-08', '2018-08-15');
insert into locacao (usuario, exemplar, retirada, entrega) values (93, 13003, '2018-10-14', '2018-10-17');
insert into locacao (usuario, exemplar, retirada, entrega) values (91, 13003, '2019-01-07', '2019-01-20');
insert into locacao (usuario, exemplar, retirada, entrega) values (51, 13004, '2018-01-17', '2018-01-25');
insert into locacao (usuario, exemplar, retirada, entrega) values (44, 13004, '2018-04-26', '2018-05-08');
insert into locacao (usuario, exemplar, retirada, entrega) values (100, 13004, '2018-06-01', '2018-06-14');
insert into locacao (usuario, exemplar, retirada, entrega) values (36, 13004, '2018-06-23', '2018-06-23');
insert into locacao (usuario, exemplar, retirada, entrega) values (62, 13004, '2018-09-10', '2018-09-17');
insert into locacao (usuario, exemplar, retirada, entrega) values (67, 13004, '2018-09-15', '2018-09-22');
insert into locacao (usuario, exemplar, retirada, entrega) values (67, 13004, '2018-10-21', '2018-10-21');
insert into locacao (usuario, exemplar, retirada, entrega) values (97, 13004, '2018-12-04', '2018-12-06');
insert into locacao (usuario, exemplar, retirada, entrega) values (40, 13004, '2019-02-03', '2019-02-13');
insert into locacao (usuario, exemplar, retirada, entrega) values (47, 13004, '2019-02-05', '2019-02-05');
insert into locacao (usuario, exemplar, retirada, entrega) values (13, 13004, '2019-02-22', '2019-03-07');
insert into locacao (usuario, exemplar, retirada, entrega) values (52, 14001, '2018-02-05', '2018-02-13');
insert into locacao (usuario, exemplar, retirada, entrega) values (27, 14001, '2018-04-14', '2018-04-14');
insert into locacao (usuario, exemplar, retirada, entrega) values (49, 14001, '2018-07-09', '2018-07-10');
insert into locacao (usuario, exemplar, retirada, entrega) values (1, 14001, '2018-09-03', '2018-09-13');
insert into locacao (usuario, exemplar, retirada, entrega) values (20, 14001, '2018-09-23', '2018-10-06');
insert into locacao (usuario, exemplar, retirada, entrega) values (33, 14001, '2018-10-20', '2018-10-26');
insert into locacao (usuario, exemplar, retirada, entrega) values (81, 14001, '2019-01-04', '2019-01-17');
insert into locacao (usuario, exemplar, retirada, entrega) values (95, 14001, '2019-01-17', '2019-01-23');
insert into locacao (usuario, exemplar, retirada, entrega) values (50, 14001, '2019-02-15', '2019-02-27');
insert into locacao (usuario, exemplar, retirada, entrega) values (45, 14002, '2018-01-24', '2018-01-30');
insert into locacao (usuario, exemplar, retirada, entrega) values (45, 14002, '2018-05-01', '2018-05-13');
insert into locacao (usuario, exemplar, retirada, entrega) values (77, 14002, '2018-05-27', '2018-05-27');
insert into locacao (usuario, exemplar, retirada, entrega) values (62, 14002, '2018-07-22', '2018-07-23');
insert into locacao (usuario, exemplar, retirada, entrega) values (85, 14002, '2018-09-08', '2018-09-19');
insert into locacao (usuario, exemplar, retirada, entrega) values (18, 14002, '2018-11-27', '2018-12-05');
insert into locacao (usuario, exemplar, retirada, entrega) values (72, 14002, '2019-02-06', '2019-02-17');
insert into locacao (usuario, exemplar, retirada, entrega) values (22, 14002, '2019-03-23', '2019-03-27');
insert into locacao (usuario, exemplar, retirada, entrega) values (29, 14003, '2018-02-02', '2018-02-11');
insert into locacao (usuario, exemplar, retirada, entrega) values (61, 14003, '2018-02-09', '2018-02-12');
insert into locacao (usuario, exemplar, retirada, entrega) values (75, 14003, '2018-05-15', '2018-05-18');
insert into locacao (usuario, exemplar, retirada, entrega) values (55, 14003, '2018-05-31', '2018-06-05');
insert into locacao (usuario, exemplar, retirada, entrega) values (75, 14003, '2018-08-22', '2018-08-24');
insert into locacao (usuario, exemplar, retirada, entrega) values (66, 14003, '2018-09-14', '2018-09-18');
insert into locacao (usuario, exemplar, retirada, entrega) values (84, 14003, '2018-09-16', '2018-09-23');
insert into locacao (usuario, exemplar, retirada, entrega) values (88, 14003, '2018-09-19', '2018-09-30');
insert into locacao (usuario, exemplar, retirada, entrega) values (31, 14003, '2018-10-26', '2018-10-31');
insert into locacao (usuario, exemplar, retirada, entrega) values (14, 14003, '2018-12-10', '2018-12-11');
insert into locacao (usuario, exemplar, retirada, entrega) values (66, 14003, '2019-02-04', '2019-02-04');
insert into locacao (usuario, exemplar, retirada, entrega) values (34, 14003, '2019-03-13', '2019-03-16');
insert into locacao (usuario, exemplar, retirada, entrega) values (75, 14003, '2019-03-23', '2019-03-24');
insert into locacao (usuario, exemplar, retirada, entrega) values (36, 14004, '2018-04-07', '2018-04-12');
insert into locacao (usuario, exemplar, retirada, entrega) values (70, 14004, '2018-04-27', '2018-05-10');
insert into locacao (usuario, exemplar, retirada, entrega) values (75, 14004, '2018-06-26', '2018-07-03');
insert into locacao (usuario, exemplar, retirada, entrega) values (68, 14004, '2018-09-14', '2018-09-17');
insert into locacao (usuario, exemplar, retirada, entrega) values (59, 14004, '2018-11-18', '2018-11-18');
insert into locacao (usuario, exemplar, retirada, entrega) values (98, 14004, '2019-02-21', '2019-02-26');
insert into locacao (usuario, exemplar, retirada, entrega) values (38, 14005, '2018-01-12', '2018-01-22');
insert into locacao (usuario, exemplar, retirada, entrega) values (67, 14005, '2018-02-12', '2018-02-12');
insert into locacao (usuario, exemplar, retirada, entrega) values (76, 14005, '2018-04-19', '2018-04-30');
insert into locacao (usuario, exemplar, retirada, entrega) values (12, 14005, '2018-06-06', '2018-06-07');
insert into locacao (usuario, exemplar, retirada, entrega) values (74, 14005, '2018-08-30', '2018-09-03');
insert into locacao (usuario, exemplar, retirada, entrega) values (5, 14005, '2018-11-19', '2018-11-30');
insert into locacao (usuario, exemplar, retirada, entrega) values (18, 14005, '2018-12-12', '2018-12-14');
insert into locacao (usuario, exemplar, retirada, entrega) values (26, 14005, '2019-03-07', '2019-03-19');
insert into locacao (usuario, exemplar, retirada, entrega) values (12, 15001, '2018-02-23', '2018-02-27');
insert into locacao (usuario, exemplar, retirada, entrega) values (72, 15001, '2018-04-28', '2018-05-06');
insert into locacao (usuario, exemplar, retirada, entrega) values (42, 15001, '2018-06-02', '2018-06-05');
insert into locacao (usuario, exemplar, retirada, entrega) values (37, 15001, '2018-06-12', '2018-06-13');
insert into locacao (usuario, exemplar, retirada, entrega) values (83, 15001, '2018-08-14', '2018-08-17');
insert into locacao (usuario, exemplar, retirada, entrega) values (83, 15001, '2018-09-10', '2018-09-11');
insert into locacao (usuario, exemplar, retirada, entrega) values (35, 15001, '2018-10-31', '2018-11-02');
insert into locacao (usuario, exemplar, retirada, entrega) values (18, 15001, '2018-11-02', '2018-11-12');
insert into locacao (usuario, exemplar, retirada, entrega) values (100, 15001, '2018-12-24', '2019-01-01');
insert into locacao (usuario, exemplar, retirada, entrega) values (8, 15001, '2019-01-31', '2019-01-31');
insert into locacao (usuario, exemplar, retirada, entrega) values (31, 15002, '2018-03-25', '2018-04-07');
insert into locacao (usuario, exemplar, retirada, entrega) values (84, 15002, '2018-04-28', '2018-05-04');
insert into locacao (usuario, exemplar, retirada, entrega) values (27, 15002, '2018-04-28', '2018-05-06');
insert into locacao (usuario, exemplar, retirada, entrega) values (78, 15002, '2018-05-15', '2018-05-26');
insert into locacao (usuario, exemplar, retirada, entrega) values (52, 15002, '2018-08-10', '2018-08-21');
insert into locacao (usuario, exemplar, retirada, entrega) values (62, 15002, '2018-10-14', '2018-10-21');
insert into locacao (usuario, exemplar, retirada, entrega) values (2, 15002, '2018-11-10', '2018-11-11');
insert into locacao (usuario, exemplar, retirada, entrega) values (48, 15002, '2019-01-08', '2019-01-18');
insert into locacao (usuario, exemplar, retirada, entrega) values (20, 15002, '2019-02-09', '2019-02-11');
insert into locacao (usuario, exemplar, retirada, entrega) values (36, 15003, '2018-03-24', '2018-04-01');
insert into locacao (usuario, exemplar, retirada, entrega) values (80, 15003, '2018-05-18', '2018-05-21');
insert into locacao (usuario, exemplar, retirada, entrega) values (34, 15003, '2018-06-16', '2018-06-29');
insert into locacao (usuario, exemplar, retirada, entrega) values (78, 15003, '2018-07-04', '2018-07-14');
insert into locacao (usuario, exemplar, retirada, entrega) values (36, 15003, '2018-07-14', '2018-07-25');
insert into locacao (usuario, exemplar, retirada, entrega) values (12, 15003, '2018-09-11', '2018-09-22');
insert into locacao (usuario, exemplar, retirada, entrega) values (79, 15003, '2018-09-16', '2018-09-16');
insert into locacao (usuario, exemplar, retirada, entrega) values (32, 15003, '2018-10-30', '2018-11-01');
insert into locacao (usuario, exemplar, retirada, entrega) values (66, 15003, '2019-02-01', '2019-02-10');
insert into locacao (usuario, exemplar, retirada, entrega) values (47, 15003, '2019-03-30', '2019-04-11');
insert into locacao (usuario, exemplar, retirada, entrega) values (2, 15004, '2018-03-05', '2018-03-09');
insert into locacao (usuario, exemplar, retirada, entrega) values (89, 15004, '2018-06-08', '2018-06-16');
insert into locacao (usuario, exemplar, retirada, entrega) values (83, 15004, '2018-08-22', '2018-08-29');
insert into locacao (usuario, exemplar, retirada, entrega) values (29, 15004, '2018-09-30', '2018-10-02');
insert into locacao (usuario, exemplar, retirada, entrega) values (100, 15004, '2018-12-23', '2019-01-01');
insert into locacao (usuario, exemplar, retirada, entrega) values (70, 15004, '2019-03-14', '2019-03-16');
insert into locacao (usuario, exemplar, retirada, entrega) values (60, 16001, '2018-01-04', '2018-01-07');
insert into locacao (usuario, exemplar, retirada, entrega) values (33, 16001, '2018-03-27', '2018-03-28');
insert into locacao (usuario, exemplar, retirada, entrega) values (30, 16001, '2018-04-19', '2018-04-21');
insert into locacao (usuario, exemplar, retirada, entrega) values (11, 16001, '2018-06-21', '2018-06-21');
insert into locacao (usuario, exemplar, retirada, entrega) values (80, 16001, '2018-07-21', '2018-07-22');
insert into locacao (usuario, exemplar, retirada, entrega) values (84, 16001, '2018-10-19', '2018-10-25');
insert into locacao (usuario, exemplar, retirada, entrega) values (59, 16001, '2018-10-23', '2018-10-30');
insert into locacao (usuario, exemplar, retirada, entrega) values (13, 16001, '2018-11-21', '2018-11-27');
insert into locacao (usuario, exemplar, retirada, entrega) values (45, 16001, '2018-12-17', '2018-12-23');
insert into locacao (usuario, exemplar, retirada, entrega) values (40, 16001, '2019-01-21', '2019-02-02');
insert into locacao (usuario, exemplar, retirada, entrega) values (47, 16001, '2019-02-25', '2019-03-05');
insert into locacao (usuario, exemplar, retirada, entrega) values (14, 16002, '2018-01-25', '2018-02-06');
insert into locacao (usuario, exemplar, retirada, entrega) values (90, 16002, '2018-04-01', '2018-04-07');
insert into locacao (usuario, exemplar, retirada, entrega) values (71, 16002, '2018-04-04', '2018-04-07');
insert into locacao (usuario, exemplar, retirada, entrega) values (81, 16002, '2018-04-18', '2018-04-27');
insert into locacao (usuario, exemplar, retirada, entrega) values (10, 16002, '2018-06-11', '2018-06-14');
insert into locacao (usuario, exemplar, retirada, entrega) values (3, 16002, '2018-06-29', '2018-07-11');
insert into locacao (usuario, exemplar, retirada, entrega) values (98, 16002, '2018-07-03', '2018-07-06');
insert into locacao (usuario, exemplar, retirada, entrega) values (23, 16002, '2018-08-07', '2018-08-20');
insert into locacao (usuario, exemplar, retirada, entrega) values (63, 16002, '2018-09-02', '2018-09-15');
insert into locacao (usuario, exemplar, retirada, entrega) values (12, 16002, '2018-10-26', '2018-11-01');
insert into locacao (usuario, exemplar, retirada, entrega) values (97, 16002, '2019-01-27', '2019-02-04');
insert into locacao (usuario, exemplar, retirada, entrega) values (19, 16003, '2018-03-31', '2018-04-12');
insert into locacao (usuario, exemplar, retirada, entrega) values (13, 16003, '2018-04-06', '2018-04-16');
insert into locacao (usuario, exemplar, retirada, entrega) values (7, 16003, '2018-04-14', '2018-04-23');
insert into locacao (usuario, exemplar, retirada, entrega) values (60, 16003, '2018-05-07', '2018-05-07');
insert into locacao (usuario, exemplar, retirada, entrega) values (40, 16003, '2018-06-09', '2018-06-11');
insert into locacao (usuario, exemplar, retirada, entrega) values (35, 16003, '2018-06-10', '2018-06-21');
insert into locacao (usuario, exemplar, retirada, entrega) values (47, 16003, '2018-06-28', '2018-07-05');
insert into locacao (usuario, exemplar, retirada, entrega) values (71, 16003, '2018-10-02', '2018-10-08');
insert into locacao (usuario, exemplar, retirada, entrega) values (8, 16003, '2018-11-01', '2018-11-04');
insert into locacao (usuario, exemplar, retirada, entrega) values (83, 16003, '2018-11-30', '2018-12-10');
insert into locacao (usuario, exemplar, retirada, entrega) values (4, 16003, '2018-12-27', '2019-01-09');
insert into locacao (usuario, exemplar, retirada, entrega) values (86, 16003, '2019-02-06', '2019-02-11');
insert into locacao (usuario, exemplar, retirada, entrega) values (68, 16003, '2019-02-11', '2019-02-14');
insert into locacao (usuario, exemplar, retirada, entrega) values (54, 16003, '2019-03-08', '2019-03-11');
insert into locacao (usuario, exemplar, retirada, entrega) values (40, 17001, '2018-04-03', '2018-04-04');
insert into locacao (usuario, exemplar, retirada, entrega) values (96, 17001, '2018-05-02', '2018-05-09');
insert into locacao (usuario, exemplar, retirada, entrega) values (67, 17001, '2018-05-14', '2018-05-14');
insert into locacao (usuario, exemplar, retirada, entrega) values (62, 17001, '2018-08-16', '2018-08-24');
insert into locacao (usuario, exemplar, retirada, entrega) values (63, 17001, '2018-08-28', '2018-09-02');
insert into locacao (usuario, exemplar, retirada, entrega) values (93, 17001, '2018-09-03', '2018-09-12');
insert into locacao (usuario, exemplar, retirada, entrega) values (10, 17001, '2018-09-08', '2018-09-14');
insert into locacao (usuario, exemplar, retirada, entrega) values (24, 17001, '2018-11-10', '2018-11-23');
insert into locacao (usuario, exemplar, retirada, entrega) values (3, 17001, '2018-12-27', '2019-01-06');
insert into locacao (usuario, exemplar, retirada, entrega) values (50, 17001, '2019-02-24', '2019-03-07');
insert into locacao (usuario, exemplar, retirada, entrega) values (44, 17001, '2019-03-07', '2019-03-09');
insert into locacao (usuario, exemplar, retirada, entrega) values (57, 17002, '2018-03-24', '2018-04-03');
insert into locacao (usuario, exemplar, retirada, entrega) values (3, 17002, '2018-06-03', '2018-06-04');
insert into locacao (usuario, exemplar, retirada, entrega) values (44, 17002, '2018-08-08', '2018-08-09');
insert into locacao (usuario, exemplar, retirada, entrega) values (58, 17002, '2018-08-27', '2018-08-28');
insert into locacao (usuario, exemplar, retirada, entrega) values (82, 17002, '2018-08-29', '2018-09-07');
insert into locacao (usuario, exemplar, retirada, entrega) values (46, 17002, '2018-10-26', '2018-11-05');
insert into locacao (usuario, exemplar, retirada, entrega) values (69, 17002, '2019-01-30', '2019-02-11');
insert into locacao (usuario, exemplar, retirada, entrega) values (25, 17002, '2019-02-21', '2019-02-27');
insert into locacao (usuario, exemplar, retirada, entrega) values (52, 17003, '2018-03-17', '2018-03-18');
insert into locacao (usuario, exemplar, retirada, entrega) values (93, 17003, '2018-05-31', '2018-06-02');
insert into locacao (usuario, exemplar, retirada, entrega) values (72, 17003, '2018-07-30', '2018-08-10');
insert into locacao (usuario, exemplar, retirada, entrega) values (75, 17003, '2018-07-31', '2018-07-31');
insert into locacao (usuario, exemplar, retirada, entrega) values (16, 17003, '2018-10-25', '2018-10-29');
insert into locacao (usuario, exemplar, retirada, entrega) values (51, 17003, '2018-10-27', '2018-11-04');
insert into locacao (usuario, exemplar, retirada, entrega) values (18, 17003, '2018-12-03', '2018-12-08');
insert into locacao (usuario, exemplar, retirada, entrega) values (51, 17003, '2019-01-25', '2019-01-25');
insert into locacao (usuario, exemplar, retirada, entrega) values (99, 17003, '2019-03-05', '2019-03-11');
insert into locacao (usuario, exemplar, retirada, entrega) values (40, 17004, '2018-01-05', '2018-01-11');
insert into locacao (usuario, exemplar, retirada, entrega) values (15, 17004, '2018-01-08', '2018-01-21');
insert into locacao (usuario, exemplar, retirada, entrega) values (88, 17004, '2018-02-14', '2018-02-24');
insert into locacao (usuario, exemplar, retirada, entrega) values (13, 17004, '2018-04-17', '2018-04-18');
insert into locacao (usuario, exemplar, retirada, entrega) values (30, 17004, '2018-06-23', '2018-07-03');
insert into locacao (usuario, exemplar, retirada, entrega) values (69, 17004, '2018-09-10', '2018-09-23');
insert into locacao (usuario, exemplar, retirada, entrega) values (26, 17004, '2018-11-06', '2018-11-15');
insert into locacao (usuario, exemplar, retirada, entrega) values (84, 17004, '2018-12-31', '2019-01-07');
insert into locacao (usuario, exemplar, retirada, entrega) values (83, 17004, '2019-02-04', '2019-02-04');
insert into locacao (usuario, exemplar, retirada, entrega) values (54, 17004, '2019-02-11', '2019-02-12');
insert into locacao (usuario, exemplar, retirada, entrega) values (23, 18001, '2018-03-03', '2018-03-09');
insert into locacao (usuario, exemplar, retirada, entrega) values (69, 18001, '2018-05-05', '2018-05-10');
insert into locacao (usuario, exemplar, retirada, entrega) values (40, 18001, '2018-05-25', '2018-05-29');
insert into locacao (usuario, exemplar, retirada, entrega) values (59, 18001, '2018-07-18', '2018-07-18');
insert into locacao (usuario, exemplar, retirada, entrega) values (10, 18001, '2018-07-27', '2018-08-07');
insert into locacao (usuario, exemplar, retirada, entrega) values (36, 18001, '2018-08-17', '2018-08-22');
insert into locacao (usuario, exemplar, retirada, entrega) values (69, 18001, '2018-11-20', '2018-11-23');
insert into locacao (usuario, exemplar, retirada, entrega) values (71, 18001, '2019-02-17', '2019-02-20');
insert into locacao (usuario, exemplar, retirada, entrega) values (67, 18002, '2018-02-01', '2018-02-07');
insert into locacao (usuario, exemplar, retirada, entrega) values (64, 18002, '2018-03-18', '2018-03-27');
insert into locacao (usuario, exemplar, retirada, entrega) values (54, 18002, '2018-04-07', '2018-04-19');
insert into locacao (usuario, exemplar, retirada, entrega) values (92, 18002, '2018-06-01', '2018-06-13');
insert into locacao (usuario, exemplar, retirada, entrega) values (87, 18002, '2018-06-09', '2018-06-18');
insert into locacao (usuario, exemplar, retirada, entrega) values (40, 18002, '2018-06-16', '2018-06-25');
insert into locacao (usuario, exemplar, retirada, entrega) values (24, 18002, '2018-09-22', '2018-09-22');
insert into locacao (usuario, exemplar, retirada, entrega) values (83, 18002, '2018-10-29', '2018-11-05');
insert into locacao (usuario, exemplar, retirada, entrega) values (78, 18002, '2018-11-14', '2018-11-27');
insert into locacao (usuario, exemplar, retirada, entrega) values (7, 18002, '2018-12-05', '2018-12-09');
insert into locacao (usuario, exemplar, retirada, entrega) values (46, 18002, '2019-02-25', '2019-03-05');
insert into locacao (usuario, exemplar, retirada, entrega) values (91, 18002, '2019-03-20', '2019-03-29');
insert into locacao (usuario, exemplar, retirada, entrega) values (5, 19001, '2018-01-24', '2018-02-03');
insert into locacao (usuario, exemplar, retirada, entrega) values (70, 19001, '2018-03-31', '2018-04-05');
insert into locacao (usuario, exemplar, retirada, entrega) values (92, 19001, '2018-05-29', '2018-06-05');
insert into locacao (usuario, exemplar, retirada, entrega) values (38, 19001, '2018-08-25', '2018-09-05');
insert into locacao (usuario, exemplar, retirada, entrega) values (92, 19001, '2018-08-31', '2018-09-10');
insert into locacao (usuario, exemplar, retirada, entrega) values (22, 19001, '2018-10-24', '2018-10-31');
insert into locacao (usuario, exemplar, retirada, entrega) values (46, 19001, '2018-11-25', '2018-12-07');
insert into locacao (usuario, exemplar, retirada, entrega) values (56, 19001, '2019-01-18', '2019-01-24');
insert into locacao (usuario, exemplar, retirada, entrega) values (59, 19001, '2019-03-26', '2019-04-05');
insert into locacao (usuario, exemplar, retirada, entrega) values (38, 19002, '2018-04-06', '2018-04-18');
insert into locacao (usuario, exemplar, retirada, entrega) values (22, 19002, '2018-04-29', '2018-05-01');
insert into locacao (usuario, exemplar, retirada, entrega) values (7, 19002, '2018-06-12', '2018-06-25');
insert into locacao (usuario, exemplar, retirada, entrega) values (8, 19002, '2018-08-20', '2018-08-25');
insert into locacao (usuario, exemplar, retirada, entrega) values (56, 19002, '2018-10-14', '2018-10-15');
insert into locacao (usuario, exemplar, retirada, entrega) values (37, 19002, '2018-12-12', '2018-12-12');
insert into locacao (usuario, exemplar, retirada, entrega) values (7, 19002, '2019-01-15', '2019-01-26');
insert into locacao (usuario, exemplar, retirada, entrega) values (68, 19002, '2019-03-19', '2019-04-01');
insert into locacao (usuario, exemplar, retirada, entrega) values (95, 19003, '2018-02-07', '2018-02-15');
insert into locacao (usuario, exemplar, retirada, entrega) values (41, 19003, '2018-03-04', '2018-03-09');
insert into locacao (usuario, exemplar, retirada, entrega) values (5, 19003, '2018-04-08', '2018-04-19');
insert into locacao (usuario, exemplar, retirada, entrega) values (32, 19003, '2018-06-28', '2018-07-04');
insert into locacao (usuario, exemplar, retirada, entrega) values (37, 19003, '2018-08-28', '2018-08-29');
insert into locacao (usuario, exemplar, retirada, entrega) values (4, 19003, '2018-09-02', '2018-09-07');
insert into locacao (usuario, exemplar, retirada, entrega) values (3, 19003, '2018-10-28', '2018-10-30');
insert into locacao (usuario, exemplar, retirada, entrega) values (16, 19003, '2018-12-15', '2018-12-23');
insert into locacao (usuario, exemplar, retirada, entrega) values (53, 19003, '2019-02-08', '2019-02-14');
insert into locacao (usuario, exemplar, retirada, entrega) values (52, 19003, '2019-03-15', '2019-03-17');
insert into locacao (usuario, exemplar, retirada, entrega) values (45, 20001, '2018-01-02', '2018-01-02');
insert into locacao (usuario, exemplar, retirada, entrega) values (27, 20001, '2018-01-13', '2018-01-26');
insert into locacao (usuario, exemplar, retirada, entrega) values (95, 20001, '2018-03-03', '2018-03-16');
insert into locacao (usuario, exemplar, retirada, entrega) values (93, 20001, '2018-05-24', '2018-06-04');
insert into locacao (usuario, exemplar, retirada, entrega) values (26, 20001, '2018-06-20', '2018-07-02');
insert into locacao (usuario, exemplar, retirada, entrega) values (52, 20001, '2018-07-21', '2018-07-27');
insert into locacao (usuario, exemplar, retirada, entrega) values (2, 20001, '2018-07-29', '2018-07-31');
insert into locacao (usuario, exemplar, retirada, entrega) values (42, 20001, '2018-10-07', '2018-10-18');
insert into locacao (usuario, exemplar, retirada, entrega) values (86, 20001, '2018-10-27', '2018-11-08');
insert into locacao (usuario, exemplar, retirada, entrega) values (29, 20001, '2019-01-28', '2019-01-30');
insert into locacao (usuario, exemplar, retirada, entrega) values (33, 20002, '2018-04-10', '2018-04-23');
insert into locacao (usuario, exemplar, retirada, entrega) values (92, 20002, '2018-04-30', '2018-05-01');
insert into locacao (usuario, exemplar, retirada, entrega) values (97, 20002, '2018-07-14', '2018-07-24');
insert into locacao (usuario, exemplar, retirada, entrega) values (73, 20002, '2018-08-08', '2018-08-20');
insert into locacao (usuario, exemplar, retirada, entrega) values (6, 20002, '2018-11-11', '2018-11-18');
insert into locacao (usuario, exemplar, retirada, entrega) values (94, 20002, '2018-12-13', '2018-12-15');
insert into locacao (usuario, exemplar, retirada, entrega) values (33, 20002, '2018-12-19', '2018-12-26');
insert into locacao (usuario, exemplar, retirada, entrega) values (3, 20002, '2018-12-25', '2019-01-01');
insert into locacao (usuario, exemplar, retirada, entrega) values (17, 20002, '2018-12-30', '2019-01-01');
insert into locacao (usuario, exemplar, retirada, entrega) values (23, 20003, '2018-02-13', '2018-02-19');
insert into locacao (usuario, exemplar, retirada, entrega) values (15, 20003, '2018-02-18', '2018-02-24');
insert into locacao (usuario, exemplar, retirada, entrega) values (11, 20003, '2018-03-14', '2018-03-18');
insert into locacao (usuario, exemplar, retirada, entrega) values (68, 20003, '2018-05-13', '2018-05-17');
insert into locacao (usuario, exemplar, retirada, entrega) values (5, 20003, '2018-05-27', '2018-06-04');
insert into locacao (usuario, exemplar, retirada, entrega) values (47, 20003, '2018-06-16', '2018-06-18');
insert into locacao (usuario, exemplar, retirada, entrega) values (95, 20003, '2018-08-25', '2018-08-30');
insert into locacao (usuario, exemplar, retirada, entrega) values (71, 20003, '2018-09-14', '2018-09-15');
insert into locacao (usuario, exemplar, retirada, entrega) values (35, 20003, '2018-10-31', '2018-11-04');
insert into locacao (usuario, exemplar, retirada, entrega) values (48, 20003, '2018-12-24', '2019-01-02');
insert into locacao (usuario, exemplar, retirada, entrega) values (43, 20003, '2019-03-22', '2019-04-01');
insert into locacao (usuario, exemplar, retirada, entrega) values (49, 21001, '2018-02-28', '2018-03-12');
insert into locacao (usuario, exemplar, retirada, entrega) values (77, 21001, '2018-05-10', '2018-05-16');
insert into locacao (usuario, exemplar, retirada, entrega) values (5, 21001, '2018-08-02', '2018-08-05');
insert into locacao (usuario, exemplar, retirada, entrega) values (40, 21001, '2018-09-26', '2018-09-26');
insert into locacao (usuario, exemplar, retirada, entrega) values (55, 21001, '2018-12-12', '2018-12-14');
insert into locacao (usuario, exemplar, retirada, entrega) values (65, 21001, '2019-03-17', '2019-03-22');
insert into locacao (usuario, exemplar, retirada, entrega) values (1, 22001, '2018-03-27', '2018-03-27');
insert into locacao (usuario, exemplar, retirada, entrega) values (83, 22001, '2018-06-29', '2018-07-01');
insert into locacao (usuario, exemplar, retirada, entrega) values (59, 22001, '2018-09-01', '2018-09-05');
insert into locacao (usuario, exemplar, retirada, entrega) values (91, 22001, '2018-09-09', '2018-09-19');
insert into locacao (usuario, exemplar, retirada, entrega) values (38, 22001, '2018-10-15', '2018-10-24');
insert into locacao (usuario, exemplar, retirada, entrega) values (30, 22001, '2018-12-27', '2019-01-02');
insert into locacao (usuario, exemplar, retirada, entrega) values (11, 22001, '2019-01-03', '2019-01-05');
insert into locacao (usuario, exemplar, retirada, entrega) values (83, 22001, '2019-02-02', '2019-02-11');
insert into locacao (usuario, exemplar, retirada, entrega) values (68, 22001, '2019-02-11', '2019-02-21');
insert into locacao (usuario, exemplar, retirada, entrega) values (50, 22002, '2018-02-20', '2018-02-28');
insert into locacao (usuario, exemplar, retirada, entrega) values (35, 22002, '2018-04-30', '2018-05-13');
insert into locacao (usuario, exemplar, retirada, entrega) values (87, 22002, '2018-05-14', '2018-05-18');
insert into locacao (usuario, exemplar, retirada, entrega) values (56, 22002, '2018-05-27', '2018-06-06');
insert into locacao (usuario, exemplar, retirada, entrega) values (92, 22002, '2018-08-05', '2018-08-09');
insert into locacao (usuario, exemplar, retirada, entrega) values (79, 22002, '2018-10-04', '2018-10-09');
insert into locacao (usuario, exemplar, retirada, entrega) values (16, 22002, '2018-12-24', '2019-01-03');
insert into locacao (usuario, exemplar, retirada, entrega) values (84, 22002, '2019-02-21', '2019-03-05');
insert into locacao (usuario, exemplar, retirada, entrega) values (34, 22002, '2019-02-24', '2019-03-03');
insert into locacao (usuario, exemplar, retirada, entrega) values (90, 22003, '2018-01-17', '2018-01-19');
insert into locacao (usuario, exemplar, retirada, entrega) values (46, 22003, '2018-01-27', '2018-01-30');
insert into locacao (usuario, exemplar, retirada, entrega) values (81, 22003, '2018-03-09', '2018-03-09');
insert into locacao (usuario, exemplar, retirada, entrega) values (100, 22003, '2018-05-18', '2018-05-25');
insert into locacao (usuario, exemplar, retirada, entrega) values (27, 22003, '2018-07-17', '2018-07-20');
insert into locacao (usuario, exemplar, retirada, entrega) values (23, 22003, '2018-10-24', '2018-10-30');
insert into locacao (usuario, exemplar, retirada, entrega) values (58, 22003, '2018-12-14', '2018-12-16');
insert into locacao (usuario, exemplar, retirada, entrega) values (62, 22003, '2018-12-28', '2019-01-02');
insert into locacao (usuario, exemplar, retirada, entrega) values (19, 22003, '2019-01-18', '2019-01-22');
insert into locacao (usuario, exemplar, retirada, entrega) values (62, 22004, '2018-01-23', '2018-01-27');
insert into locacao (usuario, exemplar, retirada, entrega) values (29, 22004, '2018-04-21', '2018-04-23');
insert into locacao (usuario, exemplar, retirada, entrega) values (10, 22004, '2018-06-04', '2018-06-11');
insert into locacao (usuario, exemplar, retirada, entrega) values (11, 22004, '2018-07-17', '2018-07-19');
insert into locacao (usuario, exemplar, retirada, entrega) values (99, 22004, '2018-09-13', '2018-09-23');
insert into locacao (usuario, exemplar, retirada, entrega) values (15, 22004, '2018-10-10', '2018-10-13');
insert into locacao (usuario, exemplar, retirada, entrega) values (38, 22004, '2018-10-24', '2018-10-28');
insert into locacao (usuario, exemplar, retirada, entrega) values (9, 22004, '2019-01-08', '2019-01-19');
insert into locacao (usuario, exemplar, retirada, entrega) values (79, 22004, '2019-03-01', '2019-03-03');
insert into locacao (usuario, exemplar, retirada, entrega) values (25, 22004, '2019-03-18', '2019-03-30');
insert into locacao (usuario, exemplar, retirada, entrega) values (8, 22004, '2019-03-29', '2019-04-10');
insert into locacao (usuario, exemplar, retirada, entrega) values (61, 22005, '2018-04-02', '2018-04-10');
insert into locacao (usuario, exemplar, retirada, entrega) values (92, 22005, '2018-06-06', '2018-06-11');
insert into locacao (usuario, exemplar, retirada, entrega) values (86, 22005, '2018-07-12', '2018-07-18');
insert into locacao (usuario, exemplar, retirada, entrega) values (60, 22005, '2018-10-05', '2018-10-14');
insert into locacao (usuario, exemplar, retirada, entrega) values (90, 22005, '2018-11-17', '2018-11-25');
insert into locacao (usuario, exemplar, retirada, entrega) values (88, 22005, '2019-01-25', '2019-01-27');
insert into locacao (usuario, exemplar, retirada, entrega) values (4, 22005, '2019-03-01', '2019-03-13');
insert into locacao (usuario, exemplar, retirada, entrega) values (17, 22005, '2019-03-06', '2019-03-07');
insert into locacao (usuario, exemplar, retirada, entrega) values (30, 23001, '2018-03-30', '2018-04-11');
insert into locacao (usuario, exemplar, retirada, entrega) values (84, 23001, '2018-04-07', '2018-04-17');
insert into locacao (usuario, exemplar, retirada, entrega) values (8, 23001, '2018-06-06', '2018-06-14');
insert into locacao (usuario, exemplar, retirada, entrega) values (99, 23001, '2018-07-12', '2018-07-22');
insert into locacao (usuario, exemplar, retirada, entrega) values (14, 23001, '2018-09-13', '2018-09-26');
insert into locacao (usuario, exemplar, retirada, entrega) values (46, 23001, '2018-12-18', '2018-12-28');
insert into locacao (usuario, exemplar, retirada, entrega) values (54, 23001, '2019-01-09', '2019-01-21');
insert into locacao (usuario, exemplar, retirada, entrega) values (30, 23001, '2019-02-07', '2019-02-12');
insert into locacao (usuario, exemplar, retirada, entrega) values (17, 23001, '2019-03-26', '2019-04-06');
insert into locacao (usuario, exemplar, retirada, entrega) values (88, 23002, '2018-01-08', '2018-01-09');
insert into locacao (usuario, exemplar, retirada, entrega) values (56, 23002, '2018-02-26', '2018-02-28');
insert into locacao (usuario, exemplar, retirada, entrega) values (90, 23002, '2018-05-17', '2018-05-19');
insert into locacao (usuario, exemplar, retirada, entrega) values (73, 23002, '2018-06-23', '2018-06-28');
insert into locacao (usuario, exemplar, retirada, entrega) values (93, 23002, '2018-09-06', '2018-09-15');
insert into locacao (usuario, exemplar, retirada, entrega) values (72, 23002, '2018-10-06', '2018-10-15');
insert into locacao (usuario, exemplar, retirada, entrega) values (15, 23002, '2018-12-19', '2018-12-31');
insert into locacao (usuario, exemplar, retirada, entrega) values (72, 23002, '2019-01-10', '2019-01-19');
insert into locacao (usuario, exemplar, retirada, entrega) values (60, 24001, '2018-01-29', '2018-01-31');
insert into locacao (usuario, exemplar, retirada, entrega) values (18, 24001, '2018-03-20', '2018-04-01');
insert into locacao (usuario, exemplar, retirada, entrega) values (76, 24001, '2018-05-16', '2018-05-19');
insert into locacao (usuario, exemplar, retirada, entrega) values (63, 24001, '2018-06-15', '2018-06-27');
insert into locacao (usuario, exemplar, retirada, entrega) values (72, 24001, '2018-08-28', '2018-08-29');
insert into locacao (usuario, exemplar, retirada, entrega) values (83, 24001, '2018-09-17', '2018-09-17');
insert into locacao (usuario, exemplar, retirada, entrega) values (65, 24001, '2018-11-15', '2018-11-27');
insert into locacao (usuario, exemplar, retirada, entrega) values (88, 24001, '2019-02-12', '2019-02-19');
insert into locacao (usuario, exemplar, retirada, entrega) values (10, 24002, '2018-02-27', '2018-03-07');
insert into locacao (usuario, exemplar, retirada, entrega) values (58, 24002, '2018-05-20', '2018-05-30');
insert into locacao (usuario, exemplar, retirada, entrega) values (95, 24002, '2018-08-19', '2018-08-22');
insert into locacao (usuario, exemplar, retirada, entrega) values (32, 24002, '2018-10-02', '2018-10-04');
insert into locacao (usuario, exemplar, retirada, entrega) values (87, 24002, '2018-12-12', '2018-12-16');
insert into locacao (usuario, exemplar, retirada, entrega) values (71, 24002, '2019-01-16', '2019-01-19');
insert into locacao (usuario, exemplar, retirada, entrega) values (76, 24002, '2019-03-06', '2019-03-08');
insert into locacao (usuario, exemplar, retirada, entrega) values (77, 24002, '2019-03-18', '2019-03-19');
insert into locacao (usuario, exemplar, retirada, entrega) values (12, 25001, '2018-03-17', '2018-03-19');
insert into locacao (usuario, exemplar, retirada, entrega) values (72, 25001, '2018-06-19', '2018-06-24');
insert into locacao (usuario, exemplar, retirada, entrega) values (59, 25001, '2018-06-29', '2018-07-06');
insert into locacao (usuario, exemplar, retirada, entrega) values (59, 25001, '2018-09-06', '2018-09-07');
insert into locacao (usuario, exemplar, retirada, entrega) values (27, 25001, '2018-11-20', '2018-11-28');
insert into locacao (usuario, exemplar, retirada, entrega) values (11, 25001, '2018-11-27', '2018-11-28');
insert into locacao (usuario, exemplar, retirada, entrega) values (89, 25001, '2019-01-06', '2019-01-14');
insert into locacao (usuario, exemplar, retirada, entrega) values (96, 25001, '2019-02-22', '2019-02-23');
insert into locacao (usuario, exemplar, retirada, entrega) values (54, 25001, '2019-03-26', '2019-04-07');
insert into locacao (usuario, exemplar, retirada, entrega) values (29, 26001, '2018-02-20', '2018-03-04');
insert into locacao (usuario, exemplar, retirada, entrega) values (3, 26001, '2018-03-13', '2018-03-15');
insert into locacao (usuario, exemplar, retirada, entrega) values (15, 26001, '2018-03-24', '2018-04-05');
insert into locacao (usuario, exemplar, retirada, entrega) values (59, 26001, '2018-05-03', '2018-05-14');
insert into locacao (usuario, exemplar, retirada, entrega) values (60, 26001, '2018-06-12', '2018-06-13');
insert into locacao (usuario, exemplar, retirada, entrega) values (16, 26001, '2018-08-30', '2018-09-04');
insert into locacao (usuario, exemplar, retirada, entrega) values (63, 26001, '2018-10-13', '2018-10-26');
insert into locacao (usuario, exemplar, retirada, entrega) values (44, 26001, '2019-01-07', '2019-01-15');
insert into locacao (usuario, exemplar, retirada, entrega) values (72, 26001, '2019-02-03', '2019-02-04');
insert into locacao (usuario, exemplar, retirada, entrega) values (48, 26001, '2019-03-11', '2019-03-18');
insert into locacao (usuario, exemplar, retirada, entrega) values (7, 26002, '2018-04-10', '2018-04-20');
insert into locacao (usuario, exemplar, retirada, entrega) values (41, 26002, '2018-05-02', '2018-05-03');
insert into locacao (usuario, exemplar, retirada, entrega) values (19, 26002, '2018-05-31', '2018-06-04');
insert into locacao (usuario, exemplar, retirada, entrega) values (73, 26002, '2018-08-06', '2018-08-16');
insert into locacao (usuario, exemplar, retirada, entrega) values (35, 26002, '2018-11-09', '2018-11-21');
insert into locacao (usuario, exemplar, retirada, entrega) values (49, 26002, '2018-12-26', '2018-12-30');
insert into locacao (usuario, exemplar, retirada, entrega) values (9, 26002, '2019-01-20', '2019-02-02');
insert into locacao (usuario, exemplar, retirada, entrega) values (97, 26002, '2019-03-11', '2019-03-14');
insert into locacao (usuario, exemplar, retirada, entrega) values (38, 27001, '2018-03-09', '2018-03-15');
insert into locacao (usuario, exemplar, retirada, entrega) values (91, 27001, '2018-05-31', '2018-06-09');
insert into locacao (usuario, exemplar, retirada, entrega) values (70, 27001, '2018-06-19', '2018-06-27');
insert into locacao (usuario, exemplar, retirada, entrega) values (77, 27001, '2018-08-21', '2018-08-24');
insert into locacao (usuario, exemplar, retirada, entrega) values (60, 27001, '2018-10-01', '2018-10-12');
insert into locacao (usuario, exemplar, retirada, entrega) values (100, 27001, '2018-11-06', '2018-11-14');
insert into locacao (usuario, exemplar, retirada, entrega) values (7, 27001, '2018-12-27', '2019-01-08');
insert into locacao (usuario, exemplar, retirada, entrega) values (94, 27001, '2019-03-18', '2019-03-20');
insert into locacao (usuario, exemplar, retirada, entrega) values (83, 28001, '2018-02-01', '2018-02-14');
insert into locacao (usuario, exemplar, retirada, entrega) values (32, 28001, '2018-04-22', '2018-04-26');
insert into locacao (usuario, exemplar, retirada, entrega) values (86, 28001, '2018-07-25', '2018-08-03');
insert into locacao (usuario, exemplar, retirada, entrega) values (1, 28001, '2018-08-06', '2018-08-17');
insert into locacao (usuario, exemplar, retirada, entrega) values (59, 28001, '2018-08-16', '2018-08-25');
insert into locacao (usuario, exemplar, retirada, entrega) values (80, 28001, '2018-11-17', '2018-11-21');
insert into locacao (usuario, exemplar, retirada, entrega) values (49, 28001, '2018-12-16', '2018-12-22');
insert into locacao (usuario, exemplar, retirada, entrega) values (90, 28001, '2019-02-01', '2019-02-14');
insert into locacao (usuario, exemplar, retirada, entrega) values (35, 28002, '2018-04-05', '2018-04-07');
insert into locacao (usuario, exemplar, retirada, entrega) values (25, 28002, '2018-06-07', '2018-06-13');
insert into locacao (usuario, exemplar, retirada, entrega) values (55, 28002, '2018-08-23', '2018-09-01');
insert into locacao (usuario, exemplar, retirada, entrega) values (43, 28002, '2018-10-09', '2018-10-18');
insert into locacao (usuario, exemplar, retirada, entrega) values (57, 28002, '2018-12-04', '2018-12-17');
insert into locacao (usuario, exemplar, retirada, entrega) values (85, 28002, '2019-02-03', '2019-02-10');
insert into locacao (usuario, exemplar, retirada, entrega) values (45, 28002, '2019-02-24', '2019-03-03');
insert into locacao (usuario, exemplar, retirada, entrega) values (48, 28003, '2018-01-19', '2018-01-29');
insert into locacao (usuario, exemplar, retirada, entrega) values (96, 28003, '2018-04-26', '2018-05-05');
insert into locacao (usuario, exemplar, retirada, entrega) values (92, 28003, '2018-05-16', '2018-05-24');
insert into locacao (usuario, exemplar, retirada, entrega) values (26, 28003, '2018-06-23', '2018-07-04');
insert into locacao (usuario, exemplar, retirada, entrega) values (48, 28003, '2018-09-14', '2018-09-27');
insert into locacao (usuario, exemplar, retirada, entrega) values (93, 28003, '2018-10-01', '2018-10-12');
insert into locacao (usuario, exemplar, retirada, entrega) values (78, 28003, '2018-11-19', '2018-11-28');
insert into locacao (usuario, exemplar, retirada, entrega) values (12, 28003, '2018-12-10', '2018-12-16');
insert into locacao (usuario, exemplar, retirada, entrega) values (68, 28003, '2018-12-26', '2018-12-26');
insert into locacao (usuario, exemplar, retirada, entrega) values (54, 28003, '2019-02-07', '2019-02-07');
insert into locacao (usuario, exemplar, retirada, entrega) values (22, 28004, '2018-03-29', '2018-04-06');
insert into locacao (usuario, exemplar, retirada, entrega) values (41, 28004, '2018-05-31', '2018-06-12');
insert into locacao (usuario, exemplar, retirada, entrega) values (93, 28004, '2018-06-08', '2018-06-10');
insert into locacao (usuario, exemplar, retirada, entrega) values (24, 28004, '2018-07-14', '2018-07-22');
insert into locacao (usuario, exemplar, retirada, entrega) values (34, 28004, '2018-10-03', '2018-10-11');
insert into locacao (usuario, exemplar, retirada, entrega) values (90, 28004, '2018-11-11', '2018-11-16');
insert into locacao (usuario, exemplar, retirada, entrega) values (17, 28004, '2018-12-15', '2018-12-26');
insert into locacao (usuario, exemplar, retirada, entrega) values (30, 28004, '2019-02-20', '2019-03-02');
insert into locacao (usuario, exemplar, retirada, entrega) values (86, 28004, '2019-03-01', '2019-03-13');
insert into locacao (usuario, exemplar, retirada, entrega) values (86, 28005, '2018-01-30', '2018-02-04');
insert into locacao (usuario, exemplar, retirada, entrega) values (79, 28005, '2018-04-30', '2018-05-13');
insert into locacao (usuario, exemplar, retirada, entrega) values (67, 28005, '2018-07-22', '2018-07-27');
insert into locacao (usuario, exemplar, retirada, entrega) values (3, 28005, '2018-09-21', '2018-10-03');
insert into locacao (usuario, exemplar, retirada, entrega) values (100, 28005, '2018-12-20', '2018-12-24');
insert into locacao (usuario, exemplar, retirada, entrega) values (76, 28005, '2019-02-13', '2019-02-13');
insert into locacao (usuario, exemplar, retirada, entrega) values (39, 28005, '2019-03-24', '2019-03-29');
insert into locacao (usuario, exemplar, retirada, entrega) values (2, 29001, '2018-02-11', '2018-02-12');
insert into locacao (usuario, exemplar, retirada, entrega) values (96, 29001, '2018-02-21', '2018-02-28');
insert into locacao (usuario, exemplar, retirada, entrega) values (14, 29001, '2018-03-28', '2018-04-02');
insert into locacao (usuario, exemplar, retirada, entrega) values (42, 29001, '2018-05-20', '2018-05-20');
insert into locacao (usuario, exemplar, retirada, entrega) values (83, 29001, '2018-05-21', '2018-06-03');
insert into locacao (usuario, exemplar, retirada, entrega) values (40, 29001, '2018-06-03', '2018-06-15');
insert into locacao (usuario, exemplar, retirada, entrega) values (56, 29001, '2018-07-11', '2018-07-21');
insert into locacao (usuario, exemplar, retirada, entrega) values (74, 29001, '2018-09-18', '2018-09-22');
insert into locacao (usuario, exemplar, retirada, entrega) values (12, 29001, '2018-10-02', '2018-10-11');
insert into locacao (usuario, exemplar, retirada, entrega) values (8, 29001, '2018-12-09', '2018-12-18');
insert into locacao (usuario, exemplar, retirada, entrega) values (9, 29001, '2018-12-16', '2018-12-23');
insert into locacao (usuario, exemplar, retirada, entrega) values (93, 29001, '2019-03-14', '2019-03-16');
insert into locacao (usuario, exemplar, retirada, entrega) values (6, 29002, '2018-04-10', '2018-04-17');
insert into locacao (usuario, exemplar, retirada, entrega) values (91, 29002, '2018-05-26', '2018-05-26');
insert into locacao (usuario, exemplar, retirada, entrega) values (45, 29002, '2018-07-10', '2018-07-15');
insert into locacao (usuario, exemplar, retirada, entrega) values (82, 29002, '2018-07-18', '2018-07-22');
insert into locacao (usuario, exemplar, retirada, entrega) values (2, 29002, '2018-08-16', '2018-08-22');
insert into locacao (usuario, exemplar, retirada, entrega) values (68, 29002, '2018-09-01', '2018-09-08');
insert into locacao (usuario, exemplar, retirada, entrega) values (36, 29002, '2018-10-02', '2018-10-05');
insert into locacao (usuario, exemplar, retirada, entrega) values (92, 29002, '2018-10-07', '2018-10-17');
insert into locacao (usuario, exemplar, retirada, entrega) values (16, 29002, '2018-10-24', '2018-10-30');
insert into locacao (usuario, exemplar, retirada, entrega) values (10, 29002, '2018-12-03', '2018-12-03');
insert into locacao (usuario, exemplar, retirada, entrega) values (17, 29002, '2019-01-25', '2019-01-30');
insert into locacao (usuario, exemplar, retirada, entrega) values (52, 30001, '2018-01-23', '2018-01-29');
insert into locacao (usuario, exemplar, retirada, entrega) values (29, 30001, '2018-02-24', '2018-02-25');
insert into locacao (usuario, exemplar, retirada, entrega) values (82, 30001, '2018-03-13', '2018-03-21');
insert into locacao (usuario, exemplar, retirada, entrega) values (11, 30001, '2018-03-22', '2018-04-01');
insert into locacao (usuario, exemplar, retirada, entrega) values (19, 30001, '2018-04-29', '2018-05-07');
insert into locacao (usuario, exemplar, retirada, entrega) values (58, 30001, '2018-06-08', '2018-06-18');
insert into locacao (usuario, exemplar, retirada, entrega) values (28, 30001, '2018-08-22', '2018-08-28');
insert into locacao (usuario, exemplar, retirada, entrega) values (3, 30001, '2018-09-13', '2018-09-25');
insert into locacao (usuario, exemplar, retirada, entrega) values (58, 30001, '2018-12-13', '2018-12-13');
insert into locacao (usuario, exemplar, retirada, entrega) values (51, 30001, '2019-02-19', '2019-02-23');
insert into locacao (usuario, exemplar, retirada, entrega) values (38, 30002, '2018-01-27', '2018-02-03');
insert into locacao (usuario, exemplar, retirada, entrega) values (15, 30002, '2018-03-04', '2018-03-05');
insert into locacao (usuario, exemplar, retirada, entrega) values (76, 30002, '2018-04-02', '2018-04-04');
insert into locacao (usuario, exemplar, retirada, entrega) values (73, 30002, '2018-06-10', '2018-06-20');
insert into locacao (usuario, exemplar, retirada, entrega) values (24, 30002, '2018-09-16', '2018-09-18');
insert into locacao (usuario, exemplar, retirada, entrega) values (79, 30002, '2018-10-10', '2018-10-15');
insert into locacao (usuario, exemplar, retirada, entrega) values (93, 30002, '2018-11-02', '2018-11-13');
insert into locacao (usuario, exemplar, retirada, entrega) values (61, 30002, '2019-01-30', '2019-02-09');
insert into locacao (usuario, exemplar, retirada) values (75, 1001, '2019-04-07');
insert into locacao (usuario, exemplar, retirada) values (8, 5002, '2019-04-27');
insert into locacao (usuario, exemplar, retirada) values (46, 6001, '2019-04-11');
insert into locacao (usuario, exemplar, retirada) values (77, 8001, '2019-04-04');
insert into locacao (usuario, exemplar, retirada) values (90, 9001, '2019-04-17');
insert into locacao (usuario, exemplar, retirada) values (98, 12003, '2019-04-01');
insert into locacao (usuario, exemplar, retirada) values (32, 13003, '2019-04-27');
insert into locacao (usuario, exemplar, retirada) values (38, 13004, '2019-04-07');
insert into locacao (usuario, exemplar, retirada) values (99, 15004, '2019-04-12');
insert into locacao (usuario, exemplar, retirada) values (29, 16002, '2019-04-28');
insert into locacao (usuario, exemplar, retirada) values (86, 19001, '2019-04-21');
insert into locacao (usuario, exemplar, retirada) values (36, 19003, '2019-04-05');
insert into locacao (usuario, exemplar, retirada) values (15, 22003, '2019-04-09');
insert into locacao (usuario, exemplar, retirada) values (81, 22005, '2019-04-14');
insert into locacao (usuario, exemplar, retirada) values (69, 23001, '2019-04-25');
insert into locacao (usuario, exemplar, retirada) values (69, 24001, '2019-04-20');
insert into locacao (usuario, exemplar, retirada) values (5, 29001, '2019-04-14');
insert into locacao (usuario, exemplar, retirada) values (88, 30002, '2019-04-07');

----------------------------------------------------------------------------------------------------
--1) Mostrar o nome e o curso dos alunos de cursos tcnicos que locaram livros sobre PostgreSQL nos ltimos 3 meses.


--2) Mostrar o ranking dos livros mais locados por curso no ano passado.


--3) Mostrar o nome dos alunos do Curso Superior de Tecnologia em Anlise e Desenvolvimento de Sistemas que
-- locaram mais de uma vez o mesmo livro sobre PostgreSQL.


--4) Mostrar o ttulo dos livros sobre PostgreSQL no locados nos ltimos 3 meses.


--5) Mostrar o tempo mdio das locaes de alunos do Curso Superior de Tecnologia em Anlise e Desenvolvimento de Sistemas.
