\c postgres
drop database biblioteca;
create database biblioteca;
\c biblioteca
create table usuario (codigo integer not null, nome varchar(100) not null, tipo char(1) not null check ((tipo = 'A') or (tipo = 'P') or (tipo = 'F')), curso varchar(100), primary key (codigo));
create table livro (codigo integer not null, titulo varchar(200) not null, primary key (codigo));
create table exemplar (codigo integer not null, livro integer not null references livro(codigo), primary key (codigo));
create table locacao (usuario integer not null references usuario(codigo), exemplar integer not null references exemplar(codigo), retirada date not null default now(), entrega date, primary key (usuario, exemplar, retirada));
insert into usuario (codigo, nome, tipo, curso) values (1, 'aluno 1', 'A', 'curso tecnico integrado em informatica para internet');
insert into usuario (codigo, nome, tipo, curso) values (2, 'aluno 2', 'A', 'curso superior de bacharelado em engenharia mecanica');
insert into usuario (codigo, nome, tipo, curso) values (3, 'aluno 3', 'A', 'curso tecnico integrado em eletrotecnica');
insert into usuario (codigo, nome, tipo, curso) values (4, 'aluno 4', 'A', 'curso superior de tecnologia em analise e desenvolvimento de sistemas');
insert into usuario (codigo, nome, tipo, curso) values (5, 'aluno 5', 'A', 'curso superior de tecnologia em analise e desenvolvimento de sistemas');
insert into usuario (codigo, nome, tipo, curso) values (6, 'aluno 6', 'A', 'curso superior de bacharelado em engenharia mecanica');
insert into usuario (codigo, nome, tipo, curso) values (7, 'aluno 7', 'A', 'curso tecnico integrado em eletrotecnica');
insert into usuario (codigo, nome, tipo, curso) values (8, 'aluno 8', 'A', 'curso tecnico integrado em informatica para internet');
insert into usuario (codigo, nome, tipo) values (9, 'professor 9', 'P');
insert into usuario (codigo, nome, tipo, curso) values (10, 'aluno 10', 'A', 'curso superior de bacharelado em engenharia mecanica');
insert into usuario (codigo, nome, tipo) values (11, 'funcionario 11', 'F');
insert into usuario (codigo, nome, tipo) values (12, 'funcionario 12', 'F');
insert into usuario (codigo, nome, tipo, curso) values (13, 'aluno 13', 'A', 'curso tecnico integrado em eletrotecnica');
insert into usuario (codigo, nome, tipo, curso) values (14, 'aluno 14', 'A', 'curso tecnico integrado em refrigeracao e ar condicionado');
insert into usuario (codigo, nome, tipo) values (15, 'professor 15', 'P');
insert into usuario (codigo, nome, tipo) values (16, 'professor 16', 'P');
insert into usuario (codigo, nome, tipo, curso) values (17, 'aluno 17', 'A', 'curso tecnico integrado em informatica para internet');
insert into usuario (codigo, nome, tipo, curso) values (18, 'aluno 18', 'A', 'curso superior de tecnologia em analise e desenvolvimento de sistemas');
insert into usuario (codigo, nome, tipo) values (19, 'funcionario 19', 'F');
insert into usuario (codigo, nome, tipo, curso) values (20, 'aluno 20', 'A', 'curso tecnico integrado em eletrotecnica');
insert into usuario (codigo, nome, tipo) values (21, 'funcionario 21', 'F');
insert into usuario (codigo, nome, tipo, curso) values (22, 'aluno 22', 'A', 'curso superior de tecnologia em analise e desenvolvimento de sistemas');
insert into usuario (codigo, nome, tipo) values (23, 'professor 23', 'P');
insert into usuario (codigo, nome, tipo) values (24, 'professor 24', 'P');
insert into usuario (codigo, nome, tipo, curso) values (25, 'aluno 25', 'A', 'curso superior de bacharelado em engenharia mecanica');
insert into usuario (codigo, nome, tipo, curso) values (26, 'aluno 26', 'A', 'curso tecnico integrado em refrigeracao e ar condicionado');
insert into usuario (codigo, nome, tipo) values (27, 'funcionario 27', 'F');
insert into usuario (codigo, nome, tipo, curso) values (28, 'aluno 28', 'A', 'curso superior de tecnologia em analise e desenvolvimento de sistemas');
insert into usuario (codigo, nome, tipo) values (29, 'professor 29', 'P');
insert into usuario (codigo, nome, tipo, curso) values (30, 'aluno 30', 'A', 'curso superior de tecnologia em analise e desenvolvimento de sistemas');
insert into usuario (codigo, nome, tipo) values (31, 'professor 31', 'P');
insert into usuario (codigo, nome, tipo, curso) values (32, 'aluno 32', 'A', 'curso tecnico integrado em informatica para internet');
insert into usuario (codigo, nome, tipo) values (33, 'professor 33', 'P');
insert into usuario (codigo, nome, tipo, curso) values (34, 'aluno 34', 'A', 'curso tecnico integrado em eletrotecnica');
insert into usuario (codigo, nome, tipo) values (35, 'funcionario 35', 'F');
insert into usuario (codigo, nome, tipo, curso) values (36, 'aluno 36', 'A', 'curso superior de bacharelado em engenharia mecanica');
insert into usuario (codigo, nome, tipo, curso) values (37, 'aluno 37', 'A', 'curso tecnico integrado em eletrotecnica');
insert into usuario (codigo, nome, tipo) values (38, 'funcionario 38', 'F');
insert into usuario (codigo, nome, tipo) values (39, 'funcionario 39', 'F');
insert into usuario (codigo, nome, tipo, curso) values (40, 'aluno 40', 'A', 'curso superior de tecnologia em analise e desenvolvimento de sistemas');
insert into usuario (codigo, nome, tipo) values (41, 'professor 41', 'P');
insert into usuario (codigo, nome, tipo, curso) values (42, 'aluno 42', 'A', 'curso superior de tecnologia em analise e desenvolvimento de sistemas');
insert into usuario (codigo, nome, tipo) values (43, 'funcionario 43', 'F');
insert into usuario (codigo, nome, tipo, curso) values (44, 'aluno 44', 'A', 'curso superior de tecnologia em analise e desenvolvimento de sistemas');
insert into usuario (codigo, nome, tipo, curso) values (45, 'aluno 45', 'A', 'curso superior de bacharelado em engenharia mecanica');
insert into usuario (codigo, nome, tipo, curso) values (46, 'aluno 46', 'A', 'curso superior de tecnologia em analise e desenvolvimento de sistemas');
insert into usuario (codigo, nome, tipo) values (47, 'funcionario 47', 'F');
insert into usuario (codigo, nome, tipo, curso) values (48, 'aluno 48', 'A', 'curso superior de bacharelado em engenharia mecanica');
insert into usuario (codigo, nome, tipo) values (49, 'funcionario 49', 'F');
insert into usuario (codigo, nome, tipo) values (50, 'funcionario 50', 'F');
insert into usuario (codigo, nome, tipo) values (51, 'funcionario 51', 'F');
insert into usuario (codigo, nome, tipo, curso) values (52, 'aluno 52', 'A', 'curso tecnico integrado em refrigeracao e ar condicionado');
insert into usuario (codigo, nome, tipo) values (53, 'funcionario 53', 'F');
insert into usuario (codigo, nome, tipo, curso) values (54, 'aluno 54', 'A', 'curso superior de bacharelado em engenharia mecanica');
insert into usuario (codigo, nome, tipo, curso) values (55, 'aluno 55', 'A', 'curso superior de bacharelado em engenharia mecanica');
insert into usuario (codigo, nome, tipo, curso) values (56, 'aluno 56', 'A', 'curso tecnico integrado em informatica para internet');
insert into usuario (codigo, nome, tipo, curso) values (57, 'aluno 57', 'A', 'curso tecnico integrado em informatica para internet');
insert into usuario (codigo, nome, tipo) values (58, 'professor 58', 'P');
insert into usuario (codigo, nome, tipo, curso) values (59, 'aluno 59', 'A', 'curso tecnico integrado em eletrotecnica');
insert into usuario (codigo, nome, tipo) values (60, 'funcionario 60', 'F');
insert into usuario (codigo, nome, tipo) values (61, 'funcionario 61', 'F');
insert into usuario (codigo, nome, tipo) values (62, 'professor 62', 'P');
insert into usuario (codigo, nome, tipo, curso) values (63, 'aluno 63', 'A', 'curso tecnico integrado em informatica para internet');
insert into usuario (codigo, nome, tipo, curso) values (64, 'aluno 64', 'A', 'curso tecnico integrado em eletrotecnica');
insert into usuario (codigo, nome, tipo, curso) values (65, 'aluno 65', 'A', 'curso tecnico integrado em informatica para internet');
insert into usuario (codigo, nome, tipo, curso) values (66, 'aluno 66', 'A', 'curso superior de tecnologia em analise e desenvolvimento de sistemas');
insert into usuario (codigo, nome, tipo, curso) values (67, 'aluno 67', 'A', 'curso tecnico integrado em refrigeracao e ar condicionado');
insert into usuario (codigo, nome, tipo) values (68, 'funcionario 68', 'F');
insert into usuario (codigo, nome, tipo, curso) values (69, 'aluno 69', 'A', 'curso superior de tecnologia em analise e desenvolvimento de sistemas');
insert into usuario (codigo, nome, tipo, curso) values (70, 'aluno 70', 'A', 'curso tecnico integrado em refrigeracao e ar condicionado');
insert into usuario (codigo, nome, tipo) values (71, 'professor 71', 'P');
insert into usuario (codigo, nome, tipo) values (72, 'professor 72', 'P');
insert into usuario (codigo, nome, tipo, curso) values (73, 'aluno 73', 'A', 'curso tecnico integrado em informatica para internet');
insert into usuario (codigo, nome, tipo, curso) values (74, 'aluno 74', 'A', 'curso superior de tecnologia em analise e desenvolvimento de sistemas');
insert into usuario (codigo, nome, tipo, curso) values (75, 'aluno 75', 'A', 'curso superior de tecnologia em analise e desenvolvimento de sistemas');
insert into usuario (codigo, nome, tipo) values (76, 'funcionario 76', 'F');
insert into usuario (codigo, nome, tipo, curso) values (77, 'aluno 77', 'A', 'curso superior de tecnologia em analise e desenvolvimento de sistemas');
insert into usuario (codigo, nome, tipo) values (78, 'funcionario 78', 'F');
insert into usuario (codigo, nome, tipo, curso) values (79, 'aluno 79', 'A', 'curso tecnico integrado em refrigeracao e ar condicionado');
insert into usuario (codigo, nome, tipo, curso) values (80, 'aluno 80', 'A', 'curso tecnico integrado em refrigeracao e ar condicionado');
insert into usuario (codigo, nome, tipo) values (81, 'funcionario 81', 'F');
insert into usuario (codigo, nome, tipo) values (82, 'funcionario 82', 'F');
insert into usuario (codigo, nome, tipo) values (83, 'professor 83', 'P');
insert into usuario (codigo, nome, tipo, curso) values (84, 'aluno 84', 'A', 'curso superior de bacharelado em engenharia mecanica');
insert into usuario (codigo, nome, tipo) values (85, 'professor 85', 'P');
insert into usuario (codigo, nome, tipo) values (86, 'professor 86', 'P');
insert into usuario (codigo, nome, tipo, curso) values (87, 'aluno 87', 'A', 'curso tecnico integrado em informatica para internet');
insert into usuario (codigo, nome, tipo, curso) values (88, 'aluno 88', 'A', 'curso tecnico integrado em refrigeracao e ar condicionado');
insert into usuario (codigo, nome, tipo) values (89, 'professor 89', 'P');
insert into usuario (codigo, nome, tipo, curso) values (90, 'aluno 90', 'A', 'curso superior de bacharelado em engenharia mecanica');
insert into usuario (codigo, nome, tipo) values (91, 'funcionario 91', 'F');
insert into usuario (codigo, nome, tipo, curso) values (92, 'aluno 92', 'A', 'curso superior de tecnologia em analise e desenvolvimento de sistemas');
insert into usuario (codigo, nome, tipo) values (93, 'professor 93', 'P');
insert into usuario (codigo, nome, tipo) values (94, 'funcionario 94', 'F');
insert into usuario (codigo, nome, tipo) values (95, 'professor 95', 'P');
insert into usuario (codigo, nome, tipo) values (96, 'funcionario 96', 'F');
insert into usuario (codigo, nome, tipo) values (97, 'professor 97', 'P');
insert into usuario (codigo, nome, tipo) values (98, 'professor 98', 'P');
insert into usuario (codigo, nome, tipo, curso) values (99, 'aluno 99', 'A', 'curso superior de tecnologia em analise e desenvolvimento de sistemas');
insert into usuario (codigo, nome, tipo) values (100, 'professor 100', 'P');
insert into livro (codigo, titulo) values (1, 'postgresql xxx 1');
insert into livro (codigo, titulo) values (2, 'livro 2');
insert into livro (codigo, titulo) values (3, 'livro 3');
insert into livro (codigo, titulo) values (4, 'livro 4');
insert into livro (codigo, titulo) values (5, 'postgresql xxx 5');
insert into livro (codigo, titulo) values (6, 'livro 6');
insert into livro (codigo, titulo) values (7, 'postgresql xxx 7');
insert into livro (codigo, titulo) values (8, 'livro 8');
insert into livro (codigo, titulo) values (9, 'livro 9');
insert into livro (codigo, titulo) values (10, 'livro 10');
insert into livro (codigo, titulo) values (11, 'livro 11');
insert into livro (codigo, titulo) values (12, 'livro 12');
insert into livro (codigo, titulo) values (13, 'xxx postgresql xxx 13');
insert into livro (codigo, titulo) values (14, 'livro 14');
insert into livro (codigo, titulo) values (15, 'livro 15');
insert into livro (codigo, titulo) values (16, 'livro 16');
insert into livro (codigo, titulo) values (17, 'livro 17');
insert into livro (codigo, titulo) values (18, 'xxx postgresql xxx 18');
insert into livro (codigo, titulo) values (19, 'postgresql xxx 19');
insert into livro (codigo, titulo) values (20, 'livro 20');
insert into livro (codigo, titulo) values (21, 'livro 21');
insert into livro (codigo, titulo) values (22, 'livro 22');
insert into livro (codigo, titulo) values (23, 'livro 23');
insert into livro (codigo, titulo) values (24, 'xxx postgresql 24');
insert into livro (codigo, titulo) values (25, 'livro 25');
insert into livro (codigo, titulo) values (26, 'xxx postgresql xxx 26');
insert into livro (codigo, titulo) values (27, 'livro 27');
insert into livro (codigo, titulo) values (28, 'xxx postgresql xxx 28');
insert into livro (codigo, titulo) values (29, 'livro 29');
insert into livro (codigo, titulo) values (30, 'postgresql xxx 30');
insert into exemplar (codigo, livro) values (1001, 1);
insert into exemplar (codigo, livro) values (1002, 1);
insert into exemplar (codigo, livro) values (2001, 2);
insert into exemplar (codigo, livro) values (2002, 2);
insert into exemplar (codigo, livro) values (2003, 2);
insert into exemplar (codigo, livro) values (2004, 2);
insert into exemplar (codigo, livro) values (3001, 3);
insert into exemplar (codigo, livro) values (3002, 3);
insert into exemplar (codigo, livro) values (4001, 4);
insert into exemplar (codigo, livro) values (4002, 4);
insert into exemplar (codigo, livro) values (5001, 5);
insert into exemplar (codigo, livro) values (6001, 6);
insert into exemplar (codigo, livro) values (7001, 7);
insert into exemplar (codigo, livro) values (7002, 7);
insert into exemplar (codigo, livro) values (8001, 8);
insert into exemplar (codigo, livro) values (8002, 8);
insert into exemplar (codigo, livro) values (8003, 8);
insert into exemplar (codigo, livro) values (8004, 8);
insert into exemplar (codigo, livro) values (9001, 9);
insert into exemplar (codigo, livro) values (10001, 10);
insert into exemplar (codigo, livro) values (10002, 10);
insert into exemplar (codigo, livro) values (11001, 11);
insert into exemplar (codigo, livro) values (12001, 12);
insert into exemplar (codigo, livro) values (13001, 13);
insert into exemplar (codigo, livro) values (13002, 13);
insert into exemplar (codigo, livro) values (14001, 14);
insert into exemplar (codigo, livro) values (14002, 14);
insert into exemplar (codigo, livro) values (14003, 14);
insert into exemplar (codigo, livro) values (14004, 14);
insert into exemplar (codigo, livro) values (14005, 14);
insert into exemplar (codigo, livro) values (15001, 15);
insert into exemplar (codigo, livro) values (15002, 15);
insert into exemplar (codigo, livro) values (15003, 15);
insert into exemplar (codigo, livro) values (15004, 15);
insert into exemplar (codigo, livro) values (15005, 15);
insert into exemplar (codigo, livro) values (16001, 16);
insert into exemplar (codigo, livro) values (16002, 16);
insert into exemplar (codigo, livro) values (16003, 16);
insert into exemplar (codigo, livro) values (16004, 16);
insert into exemplar (codigo, livro) values (16005, 16);
insert into exemplar (codigo, livro) values (17001, 17);
insert into exemplar (codigo, livro) values (18001, 18);
insert into exemplar (codigo, livro) values (18002, 18);
insert into exemplar (codigo, livro) values (18003, 18);
insert into exemplar (codigo, livro) values (18004, 18);
insert into exemplar (codigo, livro) values (18005, 18);
insert into exemplar (codigo, livro) values (19001, 19);
insert into exemplar (codigo, livro) values (19002, 19);
insert into exemplar (codigo, livro) values (20001, 20);
insert into exemplar (codigo, livro) values (20002, 20);
insert into exemplar (codigo, livro) values (20003, 20);
insert into exemplar (codigo, livro) values (20004, 20);
insert into exemplar (codigo, livro) values (20005, 20);
insert into exemplar (codigo, livro) values (21001, 21);
insert into exemplar (codigo, livro) values (21002, 21);
insert into exemplar (codigo, livro) values (22001, 22);
insert into exemplar (codigo, livro) values (22002, 22);
insert into exemplar (codigo, livro) values (22003, 22);
insert into exemplar (codigo, livro) values (22004, 22);
insert into exemplar (codigo, livro) values (22005, 22);
insert into exemplar (codigo, livro) values (23001, 23);
insert into exemplar (codigo, livro) values (23002, 23);
insert into exemplar (codigo, livro) values (23003, 23);
insert into exemplar (codigo, livro) values (23004, 23);
insert into exemplar (codigo, livro) values (24001, 24);
insert into exemplar (codigo, livro) values (24002, 24);
insert into exemplar (codigo, livro) values (25001, 25);
insert into exemplar (codigo, livro) values (25002, 25);
insert into exemplar (codigo, livro) values (26001, 26);
insert into exemplar (codigo, livro) values (26002, 26);
insert into exemplar (codigo, livro) values (27001, 27);
insert into exemplar (codigo, livro) values (27002, 27);
insert into exemplar (codigo, livro) values (27003, 27);
insert into exemplar (codigo, livro) values (27004, 27);
insert into exemplar (codigo, livro) values (27005, 27);
insert into exemplar (codigo, livro) values (28001, 28);
insert into exemplar (codigo, livro) values (28002, 28);
insert into exemplar (codigo, livro) values (28003, 28);
insert into exemplar (codigo, livro) values (29001, 29);
insert into exemplar (codigo, livro) values (29002, 29);
insert into exemplar (codigo, livro) values (30001, 30);
insert into locacao (usuario, exemplar, retirada, entrega) values (40, 1001, '2018-01-06', '2018-01-13');
insert into locacao (usuario, exemplar, retirada, entrega) values (4, 1001, '2018-03-20', '2018-03-20');
insert into locacao (usuario, exemplar, retirada, entrega) values (16, 1001, '2018-04-18', '2018-04-26');
insert into locacao (usuario, exemplar, retirada, entrega) values (59, 1001, '2018-06-11', '2018-06-22');
insert into locacao (usuario, exemplar, retirada, entrega) values (61, 1001, '2018-08-27', '2018-09-07');
insert into locacao (usuario, exemplar, retirada, entrega) values (36, 1001, '2018-09-19', '2018-09-23');
insert into locacao (usuario, exemplar, retirada, entrega) values (24, 1001, '2018-09-23', '2018-09-24');
insert into locacao (usuario, exemplar, retirada, entrega) values (54, 1001, '2018-10-16', '2018-10-29');
insert into locacao (usuario, exemplar, retirada, entrega) values (71, 1001, '2018-11-06', '2018-11-08');
insert into locacao (usuario, exemplar, retirada, entrega) values (50, 1001, '2019-01-15', '2019-01-21');
insert into locacao (usuario, exemplar, retirada, entrega) values (42, 1001, '2019-02-17', '2019-02-28');
insert into locacao (usuario, exemplar, retirada, entrega) values (63, 1001, '2019-03-16', '2019-03-29');
insert into locacao (usuario, exemplar, retirada, entrega) values (8, 1001, '2019-03-28', '2019-04-08');
insert into locacao (usuario, exemplar, retirada, entrega) values (99, 1002, '2018-03-01', '2018-03-12');
insert into locacao (usuario, exemplar, retirada, entrega) values (53, 1002, '2018-03-20', '2018-03-31');
insert into locacao (usuario, exemplar, retirada, entrega) values (67, 1002, '2018-04-05', '2018-04-05');
insert into locacao (usuario, exemplar, retirada, entrega) values (17, 1002, '2018-04-13', '2018-04-21');
insert into locacao (usuario, exemplar, retirada, entrega) values (91, 1002, '2018-05-07', '2018-05-15');
insert into locacao (usuario, exemplar, retirada, entrega) values (39, 1002, '2018-07-29', '2018-08-09');
insert into locacao (usuario, exemplar, retirada, entrega) values (30, 1002, '2018-09-02', '2018-09-06');
insert into locacao (usuario, exemplar, retirada, entrega) values (89, 1002, '2018-10-18', '2018-10-23');
insert into locacao (usuario, exemplar, retirada, entrega) values (49, 1002, '2019-01-03', '2019-01-10');
insert into locacao (usuario, exemplar, retirada, entrega) values (57, 1002, '2019-02-06', '2019-02-07');
insert into locacao (usuario, exemplar, retirada, entrega) values (87, 2001, '2018-03-11', '2018-03-24');
insert into locacao (usuario, exemplar, retirada, entrega) values (22, 2001, '2018-05-05', '2018-05-17');
insert into locacao (usuario, exemplar, retirada, entrega) values (95, 2001, '2018-08-02', '2018-08-13');
insert into locacao (usuario, exemplar, retirada, entrega) values (50, 2001, '2018-09-28', '2018-10-08');
insert into locacao (usuario, exemplar, retirada, entrega) values (80, 2001, '2018-11-25', '2018-11-25');
insert into locacao (usuario, exemplar, retirada, entrega) values (85, 2001, '2019-01-26', '2019-02-05');
insert into locacao (usuario, exemplar, retirada, entrega) values (58, 2002, '2018-03-22', '2018-03-29');
insert into locacao (usuario, exemplar, retirada, entrega) values (12, 2002, '2018-04-19', '2018-05-02');
insert into locacao (usuario, exemplar, retirada, entrega) values (55, 2002, '2018-06-11', '2018-06-17');
insert into locacao (usuario, exemplar, retirada, entrega) values (100, 2002, '2018-08-04', '2018-08-12');
insert into locacao (usuario, exemplar, retirada, entrega) values (60, 2002, '2018-08-18', '2018-08-19');
insert into locacao (usuario, exemplar, retirada, entrega) values (2, 2002, '2018-09-08', '2018-09-15');
insert into locacao (usuario, exemplar, retirada, entrega) values (56, 2002, '2018-12-03', '2018-12-12');
insert into locacao (usuario, exemplar, retirada, entrega) values (4, 2002, '2018-12-21', '2018-12-30');
insert into locacao (usuario, exemplar, retirada, entrega) values (92, 2002, '2019-02-21', '2019-02-28');
insert into locacao (usuario, exemplar, retirada, entrega) values (86, 2003, '2018-04-07', '2018-04-07');
insert into locacao (usuario, exemplar, retirada, entrega) values (18, 2003, '2018-06-24', '2018-07-03');
insert into locacao (usuario, exemplar, retirada, entrega) values (64, 2003, '2018-09-07', '2018-09-18');
insert into locacao (usuario, exemplar, retirada, entrega) values (30, 2003, '2018-12-08', '2018-12-13');
insert into locacao (usuario, exemplar, retirada, entrega) values (13, 2003, '2019-03-08', '2019-03-18');
insert into locacao (usuario, exemplar, retirada, entrega) values (60, 2004, '2018-01-25', '2018-02-02');
insert into locacao (usuario, exemplar, retirada, entrega) values (56, 2004, '2018-04-19', '2018-04-19');
insert into locacao (usuario, exemplar, retirada, entrega) values (33, 2004, '2018-07-15', '2018-07-21');
insert into locacao (usuario, exemplar, retirada, entrega) values (46, 2004, '2018-08-09', '2018-08-21');
insert into locacao (usuario, exemplar, retirada, entrega) values (6, 2004, '2018-08-30', '2018-09-02');
insert into locacao (usuario, exemplar, retirada, entrega) values (30, 2004, '2018-11-04', '2018-11-05');
insert into locacao (usuario, exemplar, retirada, entrega) values (44, 2004, '2019-01-03', '2019-01-14');
insert into locacao (usuario, exemplar, retirada, entrega) values (67, 2004, '2019-03-07', '2019-03-15');
insert into locacao (usuario, exemplar, retirada, entrega) values (64, 3001, '2018-01-20', '2018-01-20');
insert into locacao (usuario, exemplar, retirada, entrega) values (87, 3001, '2018-01-20', '2018-02-01');
insert into locacao (usuario, exemplar, retirada, entrega) values (91, 3001, '2018-02-04', '2018-02-12');
insert into locacao (usuario, exemplar, retirada, entrega) values (53, 3001, '2018-04-08', '2018-04-17');
insert into locacao (usuario, exemplar, retirada, entrega) values (80, 3001, '2018-05-23', '2018-05-23');
insert into locacao (usuario, exemplar, retirada, entrega) values (96, 3001, '2018-08-05', '2018-08-06');
insert into locacao (usuario, exemplar, retirada, entrega) values (22, 3001, '2018-10-10', '2018-10-19');
insert into locacao (usuario, exemplar, retirada, entrega) values (77, 3001, '2018-11-13', '2018-11-17');
insert into locacao (usuario, exemplar, retirada, entrega) values (64, 3001, '2018-11-23', '2018-12-06');
insert into locacao (usuario, exemplar, retirada, entrega) values (92, 3001, '2019-01-11', '2019-01-16');
insert into locacao (usuario, exemplar, retirada, entrega) values (46, 3001, '2019-03-21', '2019-03-29');
insert into locacao (usuario, exemplar, retirada, entrega) values (34, 3002, '2018-02-10', '2018-02-22');
insert into locacao (usuario, exemplar, retirada, entrega) values (93, 3002, '2018-04-01', '2018-04-11');
insert into locacao (usuario, exemplar, retirada, entrega) values (71, 3002, '2018-07-05', '2018-07-06');
insert into locacao (usuario, exemplar, retirada, entrega) values (8, 3002, '2018-08-22', '2018-08-29');
insert into locacao (usuario, exemplar, retirada, entrega) values (97, 3002, '2018-11-05', '2018-11-10');
insert into locacao (usuario, exemplar, retirada, entrega) values (17, 3002, '2019-02-05', '2019-02-15');
insert into locacao (usuario, exemplar, retirada, entrega) values (55, 4001, '2018-02-16', '2018-02-28');
insert into locacao (usuario, exemplar, retirada, entrega) values (75, 4001, '2018-03-24', '2018-03-27');
insert into locacao (usuario, exemplar, retirada, entrega) values (81, 4001, '2018-05-03', '2018-05-10');
insert into locacao (usuario, exemplar, retirada, entrega) values (34, 4001, '2018-06-04', '2018-06-04');
insert into locacao (usuario, exemplar, retirada, entrega) values (83, 4001, '2018-08-13', '2018-08-22');
insert into locacao (usuario, exemplar, retirada, entrega) values (34, 4001, '2018-11-11', '2018-11-19');
insert into locacao (usuario, exemplar, retirada, entrega) values (28, 4001, '2018-12-05', '2018-12-13');
insert into locacao (usuario, exemplar, retirada, entrega) values (8, 4001, '2018-12-18', '2018-12-21');
insert into locacao (usuario, exemplar, retirada, entrega) values (89, 4001, '2019-03-27', '2019-04-06');
insert into locacao (usuario, exemplar, retirada, entrega) values (5, 4002, '2018-02-08', '2018-02-10');
insert into locacao (usuario, exemplar, retirada, entrega) values (28, 4002, '2018-02-11', '2018-02-19');
insert into locacao (usuario, exemplar, retirada, entrega) values (29, 4002, '2018-02-15', '2018-02-26');
insert into locacao (usuario, exemplar, retirada, entrega) values (72, 4002, '2018-03-30', '2018-04-12');
insert into locacao (usuario, exemplar, retirada, entrega) values (53, 4002, '2018-04-26', '2018-05-05');
insert into locacao (usuario, exemplar, retirada, entrega) values (35, 4002, '2018-06-17', '2018-06-24');
insert into locacao (usuario, exemplar, retirada, entrega) values (71, 4002, '2018-07-04', '2018-07-16');
insert into locacao (usuario, exemplar, retirada, entrega) values (31, 4002, '2018-09-04', '2018-09-04');
insert into locacao (usuario, exemplar, retirada, entrega) values (99, 4002, '2018-09-05', '2018-09-11');
insert into locacao (usuario, exemplar, retirada, entrega) values (10, 4002, '2018-11-28', '2018-12-10');
insert into locacao (usuario, exemplar, retirada, entrega) values (60, 4002, '2019-03-06', '2019-03-10');
insert into locacao (usuario, exemplar, retirada, entrega) values (14, 5001, '2018-03-16', '2018-03-19');
insert into locacao (usuario, exemplar, retirada, entrega) values (86, 5001, '2018-05-04', '2018-05-13');
insert into locacao (usuario, exemplar, retirada, entrega) values (73, 5001, '2018-06-15', '2018-06-28');
insert into locacao (usuario, exemplar, retirada, entrega) values (28, 5001, '2018-06-19', '2018-06-26');
insert into locacao (usuario, exemplar, retirada, entrega) values (47, 5001, '2018-08-05', '2018-08-17');
insert into locacao (usuario, exemplar, retirada, entrega) values (57, 5001, '2018-08-19', '2018-08-19');
insert into locacao (usuario, exemplar, retirada, entrega) values (98, 5001, '2018-09-29', '2018-10-03');
insert into locacao (usuario, exemplar, retirada, entrega) values (77, 5001, '2018-11-28', '2018-12-08');
insert into locacao (usuario, exemplar, retirada, entrega) values (59, 5001, '2018-12-24', '2019-01-05');
insert into locacao (usuario, exemplar, retirada, entrega) values (33, 5001, '2019-02-23', '2019-03-05');
insert into locacao (usuario, exemplar, retirada, entrega) values (84, 5001, '2019-03-21', '2019-03-30');
insert into locacao (usuario, exemplar, retirada, entrega) values (42, 6001, '2018-02-15', '2018-02-22');
insert into locacao (usuario, exemplar, retirada, entrega) values (49, 6001, '2018-04-27', '2018-04-29');
insert into locacao (usuario, exemplar, retirada, entrega) values (83, 6001, '2018-07-22', '2018-08-01');
insert into locacao (usuario, exemplar, retirada, entrega) values (21, 6001, '2018-09-28', '2018-10-07');
insert into locacao (usuario, exemplar, retirada, entrega) values (97, 6001, '2018-10-09', '2018-10-11');
insert into locacao (usuario, exemplar, retirada, entrega) values (12, 6001, '2018-11-11', '2018-11-20');
insert into locacao (usuario, exemplar, retirada, entrega) values (11, 6001, '2018-12-19', '2018-12-21');
insert into locacao (usuario, exemplar, retirada, entrega) values (55, 6001, '2019-01-07', '2019-01-20');
insert into locacao (usuario, exemplar, retirada, entrega) values (63, 6001, '2019-02-21', '2019-02-27');
insert into locacao (usuario, exemplar, retirada, entrega) values (97, 6001, '2019-03-15', '2019-03-22');
insert into locacao (usuario, exemplar, retirada, entrega) values (26, 7001, '2018-03-29', '2018-04-06');
insert into locacao (usuario, exemplar, retirada, entrega) values (16, 7001, '2018-04-26', '2018-05-09');
insert into locacao (usuario, exemplar, retirada, entrega) values (17, 7001, '2018-07-11', '2018-07-20');
insert into locacao (usuario, exemplar, retirada, entrega) values (52, 7001, '2018-10-09', '2018-10-17');
insert into locacao (usuario, exemplar, retirada, entrega) values (93, 7001, '2018-10-17', '2018-10-29');
insert into locacao (usuario, exemplar, retirada, entrega) values (47, 7001, '2018-12-21', '2018-12-29');
insert into locacao (usuario, exemplar, retirada, entrega) values (69, 7001, '2019-03-29', '2019-04-07');
insert into locacao (usuario, exemplar, retirada, entrega) values (92, 7002, '2018-04-03', '2018-04-09');
insert into locacao (usuario, exemplar, retirada, entrega) values (56, 7002, '2018-05-16', '2018-05-24');
insert into locacao (usuario, exemplar, retirada, entrega) values (63, 7002, '2018-08-15', '2018-08-24');
insert into locacao (usuario, exemplar, retirada, entrega) values (43, 7002, '2018-08-28', '2018-09-06');
insert into locacao (usuario, exemplar, retirada, entrega) values (30, 7002, '2018-10-20', '2018-10-20');
insert into locacao (usuario, exemplar, retirada, entrega) values (65, 7002, '2018-10-21', '2018-10-21');
insert into locacao (usuario, exemplar, retirada, entrega) values (11, 7002, '2018-12-19', '2019-01-01');
insert into locacao (usuario, exemplar, retirada, entrega) values (68, 7002, '2019-02-24', '2019-03-01');
insert into locacao (usuario, exemplar, retirada, entrega) values (26, 8001, '2018-02-06', '2018-02-07');
insert into locacao (usuario, exemplar, retirada, entrega) values (83, 8001, '2018-03-02', '2018-03-10');
insert into locacao (usuario, exemplar, retirada, entrega) values (59, 8001, '2018-03-27', '2018-04-08');
insert into locacao (usuario, exemplar, retirada, entrega) values (59, 8001, '2018-06-03', '2018-06-14');
insert into locacao (usuario, exemplar, retirada, entrega) values (95, 8001, '2018-06-06', '2018-06-18');
insert into locacao (usuario, exemplar, retirada, entrega) values (47, 8001, '2018-07-12', '2018-07-22');
insert into locacao (usuario, exemplar, retirada, entrega) values (96, 8001, '2018-10-06', '2018-10-12');
insert into locacao (usuario, exemplar, retirada, entrega) values (2, 8001, '2018-10-16', '2018-10-16');
insert into locacao (usuario, exemplar, retirada, entrega) values (44, 8001, '2018-11-04', '2018-11-14');
insert into locacao (usuario, exemplar, retirada, entrega) values (53, 8001, '2018-12-18', '2018-12-29');
insert into locacao (usuario, exemplar, retirada, entrega) values (7, 8001, '2019-02-12', '2019-02-25');
insert into locacao (usuario, exemplar, retirada, entrega) values (46, 8001, '2019-03-28', '2019-03-28');
insert into locacao (usuario, exemplar, retirada, entrega) values (40, 8002, '2018-03-29', '2018-03-31');
insert into locacao (usuario, exemplar, retirada, entrega) values (28, 8002, '2018-06-22', '2018-06-22');
insert into locacao (usuario, exemplar, retirada, entrega) values (83, 8002, '2018-06-29', '2018-07-02');
insert into locacao (usuario, exemplar, retirada, entrega) values (18, 8002, '2018-07-18', '2018-07-22');
insert into locacao (usuario, exemplar, retirada, entrega) values (83, 8002, '2018-09-19', '2018-09-26');
insert into locacao (usuario, exemplar, retirada, entrega) values (9, 8002, '2018-12-20', '2018-12-20');
insert into locacao (usuario, exemplar, retirada, entrega) values (61, 8002, '2019-01-11', '2019-01-17');
insert into locacao (usuario, exemplar, retirada, entrega) values (28, 8002, '2019-02-17', '2019-02-17');
insert into locacao (usuario, exemplar, retirada, entrega) values (23, 8002, '2019-03-30', '2019-04-02');
insert into locacao (usuario, exemplar, retirada, entrega) values (16, 8003, '2018-03-05', '2018-03-14');
insert into locacao (usuario, exemplar, retirada, entrega) values (81, 8003, '2018-04-24', '2018-04-25');
insert into locacao (usuario, exemplar, retirada, entrega) values (53, 8003, '2018-05-20', '2018-05-24');
insert into locacao (usuario, exemplar, retirada, entrega) values (28, 8003, '2018-08-16', '2018-08-16');
insert into locacao (usuario, exemplar, retirada, entrega) values (43, 8003, '2018-11-14', '2018-11-27');
insert into locacao (usuario, exemplar, retirada, entrega) values (62, 8003, '2018-11-18', '2018-11-20');
insert into locacao (usuario, exemplar, retirada, entrega) values (80, 8003, '2019-02-11', '2019-02-16');
insert into locacao (usuario, exemplar, retirada, entrega) values (43, 8004, '2018-03-25', '2018-03-31');
insert into locacao (usuario, exemplar, retirada, entrega) values (20, 8004, '2018-05-06', '2018-05-17');
insert into locacao (usuario, exemplar, retirada, entrega) values (84, 8004, '2018-06-16', '2018-06-16');
insert into locacao (usuario, exemplar, retirada, entrega) values (44, 8004, '2018-07-08', '2018-07-21');
insert into locacao (usuario, exemplar, retirada, entrega) values (15, 8004, '2018-09-15', '2018-09-16');
insert into locacao (usuario, exemplar, retirada, entrega) values (51, 8004, '2018-12-01', '2018-12-01');
insert into locacao (usuario, exemplar, retirada, entrega) values (12, 8004, '2019-01-06', '2019-01-09');
insert into locacao (usuario, exemplar, retirada, entrega) values (77, 8004, '2019-01-21', '2019-01-30');
insert into locacao (usuario, exemplar, retirada, entrega) values (72, 8004, '2019-01-27', '2019-02-01');
insert into locacao (usuario, exemplar, retirada, entrega) values (80, 9001, '2018-01-04', '2018-01-15');
insert into locacao (usuario, exemplar, retirada, entrega) values (56, 9001, '2018-02-17', '2018-02-17');
insert into locacao (usuario, exemplar, retirada, entrega) values (72, 9001, '2018-03-15', '2018-03-17');
insert into locacao (usuario, exemplar, retirada, entrega) values (10, 9001, '2018-06-13', '2018-06-19');
insert into locacao (usuario, exemplar, retirada, entrega) values (82, 9001, '2018-09-14', '2018-09-20');
insert into locacao (usuario, exemplar, retirada, entrega) values (71, 9001, '2018-10-24', '2018-11-05');
insert into locacao (usuario, exemplar, retirada, entrega) values (44, 9001, '2018-12-22', '2018-12-28');
insert into locacao (usuario, exemplar, retirada, entrega) values (98, 9001, '2019-01-07', '2019-01-13');
insert into locacao (usuario, exemplar, retirada, entrega) values (86, 9001, '2019-03-05', '2019-03-05');
insert into locacao (usuario, exemplar, retirada, entrega) values (29, 10001, '2018-04-01', '2018-04-08');
insert into locacao (usuario, exemplar, retirada, entrega) values (52, 10001, '2018-05-28', '2018-06-10');
insert into locacao (usuario, exemplar, retirada, entrega) values (66, 10001, '2018-08-02', '2018-08-05');
insert into locacao (usuario, exemplar, retirada, entrega) values (52, 10001, '2018-11-03', '2018-11-14');
insert into locacao (usuario, exemplar, retirada, entrega) values (69, 10001, '2019-01-18', '2019-01-23');
insert into locacao (usuario, exemplar, retirada, entrega) values (7, 10001, '2019-02-02', '2019-02-03');
insert into locacao (usuario, exemplar, retirada, entrega) values (75, 10001, '2019-02-10', '2019-02-16');
insert into locacao (usuario, exemplar, retirada, entrega) values (67, 10002, '2018-01-22', '2018-01-29');
insert into locacao (usuario, exemplar, retirada, entrega) values (3, 10002, '2018-01-22', '2018-01-29');
insert into locacao (usuario, exemplar, retirada, entrega) values (90, 10002, '2018-03-03', '2018-03-13');
insert into locacao (usuario, exemplar, retirada, entrega) values (2, 10002, '2018-04-06', '2018-04-06');
insert into locacao (usuario, exemplar, retirada, entrega) values (51, 10002, '2018-06-19', '2018-06-24');
insert into locacao (usuario, exemplar, retirada, entrega) values (22, 10002, '2018-09-24', '2018-10-03');
insert into locacao (usuario, exemplar, retirada, entrega) values (60, 10002, '2018-11-05', '2018-11-14');
insert into locacao (usuario, exemplar, retirada, entrega) values (82, 10002, '2018-11-22', '2018-12-02');
insert into locacao (usuario, exemplar, retirada, entrega) values (23, 10002, '2019-01-26', '2019-02-07');
insert into locacao (usuario, exemplar, retirada, entrega) values (36, 11001, '2018-02-24', '2018-02-24');
insert into locacao (usuario, exemplar, retirada, entrega) values (62, 11001, '2018-04-04', '2018-04-12');
insert into locacao (usuario, exemplar, retirada, entrega) values (9, 11001, '2018-04-20', '2018-04-27');
insert into locacao (usuario, exemplar, retirada, entrega) values (59, 11001, '2018-05-02', '2018-05-02');
insert into locacao (usuario, exemplar, retirada, entrega) values (35, 11001, '2018-06-07', '2018-06-11');
insert into locacao (usuario, exemplar, retirada, entrega) values (13, 11001, '2018-07-22', '2018-08-03');
insert into locacao (usuario, exemplar, retirada, entrega) values (88, 11001, '2018-09-23', '2018-09-29');
insert into locacao (usuario, exemplar, retirada, entrega) values (9, 11001, '2018-10-19', '2018-10-24');
insert into locacao (usuario, exemplar, retirada, entrega) values (41, 11001, '2018-11-27', '2018-12-08');
insert into locacao (usuario, exemplar, retirada, entrega) values (74, 11001, '2019-02-13', '2019-02-24');
insert into locacao (usuario, exemplar, retirada, entrega) values (79, 11001, '2019-03-17', '2019-03-30');
insert into locacao (usuario, exemplar, retirada, entrega) values (60, 12001, '2018-01-07', '2018-01-20');
insert into locacao (usuario, exemplar, retirada, entrega) values (14, 12001, '2018-01-10', '2018-01-18');
insert into locacao (usuario, exemplar, retirada, entrega) values (15, 12001, '2018-04-19', '2018-05-01');
insert into locacao (usuario, exemplar, retirada, entrega) values (50, 12001, '2018-05-20', '2018-05-29');
insert into locacao (usuario, exemplar, retirada, entrega) values (50, 12001, '2018-08-07', '2018-08-13');
insert into locacao (usuario, exemplar, retirada, entrega) values (56, 12001, '2018-10-18', '2018-10-29');
insert into locacao (usuario, exemplar, retirada, entrega) values (4, 12001, '2018-11-07', '2018-11-13');
insert into locacao (usuario, exemplar, retirada, entrega) values (43, 12001, '2019-01-16', '2019-01-27');
insert into locacao (usuario, exemplar, retirada, entrega) values (45, 12001, '2019-01-29', '2019-02-01');
insert into locacao (usuario, exemplar, retirada, entrega) values (38, 13001, '2018-01-27', '2018-01-27');
insert into locacao (usuario, exemplar, retirada, entrega) values (15, 13001, '2018-03-31', '2018-04-02');
insert into locacao (usuario, exemplar, retirada, entrega) values (71, 13001, '2018-06-07', '2018-06-10');
insert into locacao (usuario, exemplar, retirada, entrega) values (24, 13001, '2018-06-22', '2018-06-30');
insert into locacao (usuario, exemplar, retirada, entrega) values (69, 13001, '2018-07-17', '2018-07-20');
insert into locacao (usuario, exemplar, retirada, entrega) values (35, 13001, '2018-07-21', '2018-07-29');
insert into locacao (usuario, exemplar, retirada, entrega) values (7, 13001, '2018-09-04', '2018-09-16');
insert into locacao (usuario, exemplar, retirada, entrega) values (26, 13001, '2018-12-11', '2018-12-11');
insert into locacao (usuario, exemplar, retirada, entrega) values (22, 13001, '2019-01-26', '2019-01-30');
insert into locacao (usuario, exemplar, retirada, entrega) values (39, 13001, '2019-03-22', '2019-03-25');
insert into locacao (usuario, exemplar, retirada, entrega) values (81, 13002, '2018-02-07', '2018-02-18');
insert into locacao (usuario, exemplar, retirada, entrega) values (88, 13002, '2018-04-29', '2018-04-30');
insert into locacao (usuario, exemplar, retirada, entrega) values (36, 13002, '2018-06-29', '2018-07-10');
insert into locacao (usuario, exemplar, retirada, entrega) values (52, 13002, '2018-09-02', '2018-09-09');
insert into locacao (usuario, exemplar, retirada, entrega) values (92, 13002, '2018-10-29', '2018-11-11');
insert into locacao (usuario, exemplar, retirada, entrega) values (62, 13002, '2019-01-19', '2019-01-20');
insert into locacao (usuario, exemplar, retirada, entrega) values (51, 13002, '2019-03-05', '2019-03-07');
insert into locacao (usuario, exemplar, retirada, entrega) values (25, 14001, '2018-01-25', '2018-01-31');
insert into locacao (usuario, exemplar, retirada, entrega) values (42, 14001, '2018-03-05', '2018-03-11');
insert into locacao (usuario, exemplar, retirada, entrega) values (88, 14001, '2018-04-16', '2018-04-27');
insert into locacao (usuario, exemplar, retirada, entrega) values (21, 14001, '2018-05-09', '2018-05-15');
insert into locacao (usuario, exemplar, retirada, entrega) values (19, 14001, '2018-08-04', '2018-08-08');
insert into locacao (usuario, exemplar, retirada, entrega) values (86, 14001, '2018-09-29', '2018-10-12');
insert into locacao (usuario, exemplar, retirada, entrega) values (88, 14001, '2018-12-29', '2019-01-03');
insert into locacao (usuario, exemplar, retirada, entrega) values (39, 14001, '2019-02-19', '2019-02-22');
insert into locacao (usuario, exemplar, retirada, entrega) values (44, 14002, '2018-01-20', '2018-01-21');
insert into locacao (usuario, exemplar, retirada, entrega) values (8, 14002, '2018-02-04', '2018-02-10');
insert into locacao (usuario, exemplar, retirada, entrega) values (20, 14002, '2018-04-01', '2018-04-06');
insert into locacao (usuario, exemplar, retirada, entrega) values (9, 14002, '2018-04-09', '2018-04-22');
insert into locacao (usuario, exemplar, retirada, entrega) values (26, 14002, '2018-05-10', '2018-05-23');
insert into locacao (usuario, exemplar, retirada, entrega) values (50, 14002, '2018-05-18', '2018-05-30');
insert into locacao (usuario, exemplar, retirada, entrega) values (44, 14002, '2018-05-23', '2018-06-03');
insert into locacao (usuario, exemplar, retirada, entrega) values (93, 14002, '2018-08-29', '2018-08-29');
insert into locacao (usuario, exemplar, retirada, entrega) values (88, 14002, '2018-09-11', '2018-09-12');
insert into locacao (usuario, exemplar, retirada, entrega) values (59, 14002, '2018-10-17', '2018-10-25');
insert into locacao (usuario, exemplar, retirada, entrega) values (99, 14002, '2018-12-07', '2018-12-16');
insert into locacao (usuario, exemplar, retirada, entrega) values (23, 14002, '2019-02-02', '2019-02-13');
insert into locacao (usuario, exemplar, retirada, entrega) values (23, 14002, '2019-03-26', '2019-04-08');
insert into locacao (usuario, exemplar, retirada, entrega) values (25, 14003, '2018-03-21', '2018-04-01');
insert into locacao (usuario, exemplar, retirada, entrega) values (72, 14003, '2018-04-18', '2018-04-29');
insert into locacao (usuario, exemplar, retirada, entrega) values (23, 14003, '2018-06-02', '2018-06-04');
insert into locacao (usuario, exemplar, retirada, entrega) values (76, 14003, '2018-09-03', '2018-09-13');
insert into locacao (usuario, exemplar, retirada, entrega) values (91, 14003, '2018-11-11', '2018-11-11');
insert into locacao (usuario, exemplar, retirada, entrega) values (84, 14003, '2019-01-24', '2019-01-30');
insert into locacao (usuario, exemplar, retirada, entrega) values (4, 14003, '2019-03-10', '2019-03-18');
insert into locacao (usuario, exemplar, retirada, entrega) values (9, 14004, '2018-02-01', '2018-02-11');
insert into locacao (usuario, exemplar, retirada, entrega) values (41, 14004, '2018-04-03', '2018-04-14');
insert into locacao (usuario, exemplar, retirada, entrega) values (94, 14004, '2018-04-16', '2018-04-19');
insert into locacao (usuario, exemplar, retirada, entrega) values (8, 14004, '2018-06-27', '2018-06-29');
insert into locacao (usuario, exemplar, retirada, entrega) values (67, 14004, '2018-09-19', '2018-10-01');
insert into locacao (usuario, exemplar, retirada, entrega) values (33, 14004, '2018-10-25', '2018-10-30');
insert into locacao (usuario, exemplar, retirada, entrega) values (26, 14004, '2018-11-30', '2018-11-30');
insert into locacao (usuario, exemplar, retirada, entrega) values (69, 14004, '2019-01-22', '2019-01-27');
insert into locacao (usuario, exemplar, retirada, entrega) values (93, 14004, '2019-02-18', '2019-02-19');
insert into locacao (usuario, exemplar, retirada, entrega) values (36, 14005, '2018-01-05', '2018-01-12');
insert into locacao (usuario, exemplar, retirada, entrega) values (55, 14005, '2018-02-02', '2018-02-02');
insert into locacao (usuario, exemplar, retirada, entrega) values (50, 14005, '2018-02-08', '2018-02-15');
insert into locacao (usuario, exemplar, retirada, entrega) values (29, 14005, '2018-03-31', '2018-04-04');
insert into locacao (usuario, exemplar, retirada, entrega) values (59, 14005, '2018-04-17', '2018-04-17');
insert into locacao (usuario, exemplar, retirada, entrega) values (36, 14005, '2018-04-25', '2018-05-07');
insert into locacao (usuario, exemplar, retirada, entrega) values (55, 14005, '2018-06-23', '2018-07-04');
insert into locacao (usuario, exemplar, retirada, entrega) values (6, 14005, '2018-06-26', '2018-06-30');
insert into locacao (usuario, exemplar, retirada, entrega) values (73, 14005, '2018-09-20', '2018-09-30');
insert into locacao (usuario, exemplar, retirada, entrega) values (62, 14005, '2018-11-24', '2018-12-02');
insert into locacao (usuario, exemplar, retirada, entrega) values (35, 14005, '2018-12-26', '2019-01-07');
insert into locacao (usuario, exemplar, retirada, entrega) values (19, 14005, '2019-01-01', '2019-01-09');
insert into locacao (usuario, exemplar, retirada, entrega) values (84, 14005, '2019-02-15', '2019-02-26');
insert into locacao (usuario, exemplar, retirada, entrega) values (62, 14005, '2019-02-16', '2019-02-18');
insert into locacao (usuario, exemplar, retirada, entrega) values (11, 15001, '2018-01-06', '2018-01-14');
insert into locacao (usuario, exemplar, retirada, entrega) values (55, 15001, '2018-03-06', '2018-03-09');
insert into locacao (usuario, exemplar, retirada, entrega) values (47, 15001, '2018-06-05', '2018-06-13');
insert into locacao (usuario, exemplar, retirada, entrega) values (70, 15001, '2018-06-28', '2018-07-11');
insert into locacao (usuario, exemplar, retirada, entrega) values (37, 15001, '2018-07-17', '2018-07-25');
insert into locacao (usuario, exemplar, retirada, entrega) values (91, 15001, '2018-07-19', '2018-07-31');
insert into locacao (usuario, exemplar, retirada, entrega) values (28, 15001, '2018-08-24', '2018-09-03');
insert into locacao (usuario, exemplar, retirada, entrega) values (27, 15001, '2018-09-04', '2018-09-15');
insert into locacao (usuario, exemplar, retirada, entrega) values (44, 15001, '2018-12-11', '2018-12-18');
insert into locacao (usuario, exemplar, retirada, entrega) values (19, 15001, '2019-01-21', '2019-02-03');
insert into locacao (usuario, exemplar, retirada, entrega) values (43, 15001, '2019-01-30', '2019-01-30');
insert into locacao (usuario, exemplar, retirada, entrega) values (86, 15002, '2018-04-07', '2018-04-17');
insert into locacao (usuario, exemplar, retirada, entrega) values (67, 15002, '2018-05-11', '2018-05-15');
insert into locacao (usuario, exemplar, retirada, entrega) values (48, 15002, '2018-08-14', '2018-08-17');
insert into locacao (usuario, exemplar, retirada, entrega) values (59, 15002, '2018-10-05', '2018-10-05');
insert into locacao (usuario, exemplar, retirada, entrega) values (53, 15002, '2018-11-14', '2018-11-21');
insert into locacao (usuario, exemplar, retirada, entrega) values (57, 15002, '2018-11-27', '2018-12-03');
insert into locacao (usuario, exemplar, retirada, entrega) values (69, 15002, '2019-01-03', '2019-01-09');
insert into locacao (usuario, exemplar, retirada, entrega) values (97, 15002, '2019-01-07', '2019-01-10');
insert into locacao (usuario, exemplar, retirada, entrega) values (93, 15002, '2019-03-05', '2019-03-13');
insert into locacao (usuario, exemplar, retirada, entrega) values (99, 15003, '2018-01-25', '2018-01-30');
insert into locacao (usuario, exemplar, retirada, entrega) values (42, 15003, '2018-03-03', '2018-03-13');
insert into locacao (usuario, exemplar, retirada, entrega) values (10, 15003, '2018-03-04', '2018-03-16');
insert into locacao (usuario, exemplar, retirada, entrega) values (57, 15003, '2018-03-29', '2018-03-31');
insert into locacao (usuario, exemplar, retirada, entrega) values (30, 15003, '2018-04-12', '2018-04-13');
insert into locacao (usuario, exemplar, retirada, entrega) values (75, 15003, '2018-06-08', '2018-06-17');
insert into locacao (usuario, exemplar, retirada, entrega) values (27, 15003, '2018-08-22', '2018-08-22');
insert into locacao (usuario, exemplar, retirada, entrega) values (91, 15003, '2018-11-04', '2018-11-13');
insert into locacao (usuario, exemplar, retirada, entrega) values (39, 15003, '2018-12-18', '2018-12-19');
insert into locacao (usuario, exemplar, retirada, entrega) values (84, 15003, '2019-01-31', '2019-02-04');
insert into locacao (usuario, exemplar, retirada, entrega) values (19, 15004, '2018-03-21', '2018-03-31');
insert into locacao (usuario, exemplar, retirada, entrega) values (35, 15004, '2018-06-09', '2018-06-15');
insert into locacao (usuario, exemplar, retirada, entrega) values (88, 15004, '2018-07-05', '2018-07-13');
insert into locacao (usuario, exemplar, retirada, entrega) values (65, 15004, '2018-08-07', '2018-08-19');
insert into locacao (usuario, exemplar, retirada, entrega) values (28, 15004, '2018-10-15', '2018-10-19');
insert into locacao (usuario, exemplar, retirada, entrega) values (72, 15004, '2019-01-05', '2019-01-10');
insert into locacao (usuario, exemplar, retirada, entrega) values (28, 15005, '2018-03-11', '2018-03-12');
insert into locacao (usuario, exemplar, retirada, entrega) values (51, 15005, '2018-04-15', '2018-04-16');
insert into locacao (usuario, exemplar, retirada, entrega) values (78, 15005, '2018-05-17', '2018-05-17');
insert into locacao (usuario, exemplar, retirada, entrega) values (33, 15005, '2018-08-06', '2018-08-12');
insert into locacao (usuario, exemplar, retirada, entrega) values (1, 15005, '2018-09-10', '2018-09-15');
insert into locacao (usuario, exemplar, retirada, entrega) values (46, 15005, '2018-10-13', '2018-10-16');
insert into locacao (usuario, exemplar, retirada, entrega) values (64, 15005, '2018-12-27', '2019-01-09');
insert into locacao (usuario, exemplar, retirada, entrega) values (4, 15005, '2019-01-10', '2019-01-18');
insert into locacao (usuario, exemplar, retirada, entrega) values (35, 15005, '2019-03-02', '2019-03-04');
insert into locacao (usuario, exemplar, retirada, entrega) values (56, 16001, '2018-04-08', '2018-04-13');
insert into locacao (usuario, exemplar, retirada, entrega) values (44, 16001, '2018-04-30', '2018-05-06');
insert into locacao (usuario, exemplar, retirada, entrega) values (85, 16001, '2018-07-02', '2018-07-05');
insert into locacao (usuario, exemplar, retirada, entrega) values (9, 16001, '2018-08-03', '2018-08-06');
insert into locacao (usuario, exemplar, retirada, entrega) values (13, 16001, '2018-09-06', '2018-09-11');
insert into locacao (usuario, exemplar, retirada, entrega) values (44, 16001, '2018-09-23', '2018-09-23');
insert into locacao (usuario, exemplar, retirada, entrega) values (92, 16001, '2018-11-22', '2018-11-28');
insert into locacao (usuario, exemplar, retirada, entrega) values (53, 16001, '2019-01-13', '2019-01-18');
insert into locacao (usuario, exemplar, retirada, entrega) values (56, 16002, '2018-01-31', '2018-02-02');
insert into locacao (usuario, exemplar, retirada, entrega) values (69, 16002, '2018-05-02', '2018-05-12');
insert into locacao (usuario, exemplar, retirada, entrega) values (37, 16002, '2018-07-31', '2018-08-07');
insert into locacao (usuario, exemplar, retirada, entrega) values (42, 16002, '2018-09-02', '2018-09-02');
insert into locacao (usuario, exemplar, retirada, entrega) values (41, 16002, '2018-09-21', '2018-10-02');
insert into locacao (usuario, exemplar, retirada, entrega) values (88, 16002, '2018-10-21', '2018-10-22');
insert into locacao (usuario, exemplar, retirada, entrega) values (75, 16002, '2018-10-21', '2018-10-30');
insert into locacao (usuario, exemplar, retirada, entrega) values (6, 16002, '2019-01-02', '2019-01-10');
insert into locacao (usuario, exemplar, retirada, entrega) values (30, 16002, '2019-03-21', '2019-03-23');
insert into locacao (usuario, exemplar, retirada, entrega) values (32, 16003, '2018-02-26', '2018-03-08');
insert into locacao (usuario, exemplar, retirada, entrega) values (32, 16003, '2018-03-03', '2018-03-08');
insert into locacao (usuario, exemplar, retirada, entrega) values (62, 16003, '2018-06-04', '2018-06-13');
insert into locacao (usuario, exemplar, retirada, entrega) values (7, 16003, '2018-08-30', '2018-09-07');
insert into locacao (usuario, exemplar, retirada, entrega) values (26, 16003, '2018-09-03', '2018-09-12');
insert into locacao (usuario, exemplar, retirada, entrega) values (79, 16003, '2018-11-18', '2018-11-19');
insert into locacao (usuario, exemplar, retirada, entrega) values (43, 16003, '2018-12-07', '2018-12-17');
insert into locacao (usuario, exemplar, retirada, entrega) values (27, 16003, '2019-01-05', '2019-01-05');
insert into locacao (usuario, exemplar, retirada, entrega) values (30, 16003, '2019-02-02', '2019-02-13');
insert into locacao (usuario, exemplar, retirada, entrega) values (38, 16003, '2019-03-30', '2019-04-03');
insert into locacao (usuario, exemplar, retirada, entrega) values (58, 16004, '2018-04-02', '2018-04-05');
insert into locacao (usuario, exemplar, retirada, entrega) values (44, 16004, '2018-05-08', '2018-05-13');
insert into locacao (usuario, exemplar, retirada, entrega) values (48, 16004, '2018-07-18', '2018-07-25');
insert into locacao (usuario, exemplar, retirada, entrega) values (86, 16004, '2018-07-31', '2018-08-04');
insert into locacao (usuario, exemplar, retirada, entrega) values (51, 16004, '2018-08-24', '2018-08-29');
insert into locacao (usuario, exemplar, retirada, entrega) values (13, 16004, '2018-08-25', '2018-09-06');
insert into locacao (usuario, exemplar, retirada, entrega) values (18, 16004, '2018-08-31', '2018-09-05');
insert into locacao (usuario, exemplar, retirada, entrega) values (20, 16004, '2018-11-26', '2018-12-03');
insert into locacao (usuario, exemplar, retirada, entrega) values (66, 16004, '2019-02-13', '2019-02-22');
insert into locacao (usuario, exemplar, retirada, entrega) values (54, 16004, '2019-03-19', '2019-03-28');
insert into locacao (usuario, exemplar, retirada, entrega) values (95, 16004, '2019-03-20', '2019-03-20');
insert into locacao (usuario, exemplar, retirada, entrega) values (8, 16005, '2018-04-06', '2018-04-17');
insert into locacao (usuario, exemplar, retirada, entrega) values (10, 16005, '2018-05-14', '2018-05-22');
insert into locacao (usuario, exemplar, retirada, entrega) values (22, 16005, '2018-06-10', '2018-06-11');
insert into locacao (usuario, exemplar, retirada, entrega) values (64, 16005, '2018-08-30', '2018-09-01');
insert into locacao (usuario, exemplar, retirada, entrega) values (98, 16005, '2018-10-27', '2018-11-02');
insert into locacao (usuario, exemplar, retirada, entrega) values (91, 16005, '2018-12-11', '2018-12-15');
insert into locacao (usuario, exemplar, retirada, entrega) values (19, 16005, '2019-03-13', '2019-03-26');
insert into locacao (usuario, exemplar, retirada, entrega) values (52, 17001, '2018-03-29', '2018-04-10');
insert into locacao (usuario, exemplar, retirada, entrega) values (67, 17001, '2018-05-08', '2018-05-14');
insert into locacao (usuario, exemplar, retirada, entrega) values (7, 17001, '2018-06-14', '2018-06-26');
insert into locacao (usuario, exemplar, retirada, entrega) values (83, 17001, '2018-06-24', '2018-06-24');
insert into locacao (usuario, exemplar, retirada, entrega) values (92, 17001, '2018-09-12', '2018-09-17');
insert into locacao (usuario, exemplar, retirada, entrega) values (72, 17001, '2018-12-11', '2018-12-16');
insert into locacao (usuario, exemplar, retirada, entrega) values (97, 17001, '2019-02-25', '2019-03-01');
insert into locacao (usuario, exemplar, retirada, entrega) values (30, 17001, '2019-02-25', '2019-03-04');
insert into locacao (usuario, exemplar, retirada, entrega) values (60, 18001, '2018-02-22', '2018-03-03');
insert into locacao (usuario, exemplar, retirada, entrega) values (91, 18001, '2018-03-11', '2018-03-16');
insert into locacao (usuario, exemplar, retirada, entrega) values (59, 18001, '2018-05-05', '2018-05-06');
insert into locacao (usuario, exemplar, retirada, entrega) values (27, 18001, '2018-06-17', '2018-06-19');
insert into locacao (usuario, exemplar, retirada, entrega) values (17, 18001, '2018-07-09', '2018-07-15');
insert into locacao (usuario, exemplar, retirada, entrega) values (87, 18001, '2018-10-15', '2018-10-24');
insert into locacao (usuario, exemplar, retirada, entrega) values (53, 18001, '2018-12-03', '2018-12-06');
insert into locacao (usuario, exemplar, retirada, entrega) values (40, 18001, '2018-12-23', '2018-12-23');
insert into locacao (usuario, exemplar, retirada, entrega) values (72, 18001, '2019-02-25', '2019-03-07');
insert into locacao (usuario, exemplar, retirada, entrega) values (1, 18002, '2018-03-16', '2018-03-27');
insert into locacao (usuario, exemplar, retirada, entrega) values (58, 18002, '2018-05-16', '2018-05-17');
insert into locacao (usuario, exemplar, retirada, entrega) values (41, 18002, '2018-08-19', '2018-08-24');
insert into locacao (usuario, exemplar, retirada, entrega) values (22, 18002, '2018-11-20', '2018-11-23');
insert into locacao (usuario, exemplar, retirada, entrega) values (71, 18002, '2018-12-15', '2018-12-18');
insert into locacao (usuario, exemplar, retirada, entrega) values (99, 18002, '2019-01-18', '2019-01-27');
insert into locacao (usuario, exemplar, retirada, entrega) values (82, 18003, '2018-02-07', '2018-02-09');
insert into locacao (usuario, exemplar, retirada, entrega) values (26, 18003, '2018-04-09', '2018-04-09');
insert into locacao (usuario, exemplar, retirada, entrega) values (40, 18003, '2018-07-01', '2018-07-08');
insert into locacao (usuario, exemplar, retirada, entrega) values (51, 18003, '2018-10-04', '2018-10-09');
insert into locacao (usuario, exemplar, retirada, entrega) values (45, 18003, '2018-11-18', '2018-11-25');
insert into locacao (usuario, exemplar, retirada, entrega) values (26, 18003, '2019-01-15', '2019-01-28');
insert into locacao (usuario, exemplar, retirada, entrega) values (8, 18004, '2018-04-10', '2018-04-12');
insert into locacao (usuario, exemplar, retirada, entrega) values (48, 18004, '2018-05-16', '2018-05-28');
insert into locacao (usuario, exemplar, retirada, entrega) values (95, 18004, '2018-07-24', '2018-07-26');
insert into locacao (usuario, exemplar, retirada, entrega) values (17, 18004, '2018-07-24', '2018-08-04');
insert into locacao (usuario, exemplar, retirada, entrega) values (24, 18004, '2018-09-28', '2018-10-11');
insert into locacao (usuario, exemplar, retirada, entrega) values (60, 18004, '2018-12-07', '2018-12-14');
insert into locacao (usuario, exemplar, retirada, entrega) values (88, 18004, '2018-12-11', '2018-12-14');
insert into locacao (usuario, exemplar, retirada, entrega) values (92, 18004, '2019-02-21', '2019-02-21');
insert into locacao (usuario, exemplar, retirada, entrega) values (97, 18004, '2019-03-19', '2019-03-25');
insert into locacao (usuario, exemplar, retirada, entrega) values (88, 18005, '2018-01-16', '2018-01-27');
insert into locacao (usuario, exemplar, retirada, entrega) values (65, 18005, '2018-04-09', '2018-04-10');
insert into locacao (usuario, exemplar, retirada, entrega) values (50, 18005, '2018-07-15', '2018-07-15');
insert into locacao (usuario, exemplar, retirada, entrega) values (44, 18005, '2018-08-07', '2018-08-10');
insert into locacao (usuario, exemplar, retirada, entrega) values (2, 18005, '2018-11-05', '2018-11-08');
insert into locacao (usuario, exemplar, retirada, entrega) values (54, 18005, '2019-01-11', '2019-01-14');
insert into locacao (usuario, exemplar, retirada, entrega) values (48, 18005, '2019-02-03', '2019-02-14');
insert into locacao (usuario, exemplar, retirada, entrega) values (5, 18005, '2019-02-07', '2019-02-12');
insert into locacao (usuario, exemplar, retirada, entrega) values (96, 18005, '2019-02-20', '2019-02-23');
insert into locacao (usuario, exemplar, retirada, entrega) values (23, 19001, '2018-01-28', '2018-01-28');
insert into locacao (usuario, exemplar, retirada, entrega) values (26, 19001, '2018-04-28', '2018-05-11');
insert into locacao (usuario, exemplar, retirada, entrega) values (31, 19001, '2018-05-03', '2018-05-06');
insert into locacao (usuario, exemplar, retirada, entrega) values (62, 19001, '2018-06-26', '2018-07-08');
insert into locacao (usuario, exemplar, retirada, entrega) values (17, 19001, '2018-08-12', '2018-08-12');
insert into locacao (usuario, exemplar, retirada, entrega) values (100, 19001, '2018-08-13', '2018-08-15');
insert into locacao (usuario, exemplar, retirada, entrega) values (63, 19001, '2018-08-22', '2018-08-28');
insert into locacao (usuario, exemplar, retirada, entrega) values (82, 19001, '2018-11-14', '2018-11-23');
insert into locacao (usuario, exemplar, retirada, entrega) values (9, 19001, '2019-01-04', '2019-01-17');
insert into locacao (usuario, exemplar, retirada, entrega) values (11, 19001, '2019-01-21', '2019-01-22');
insert into locacao (usuario, exemplar, retirada, entrega) values (68, 19001, '2019-01-31', '2019-02-12');
insert into locacao (usuario, exemplar, retirada, entrega) values (33, 19001, '2019-02-25', '2019-02-26');
insert into locacao (usuario, exemplar, retirada, entrega) values (62, 19002, '2018-01-22', '2018-02-02');
insert into locacao (usuario, exemplar, retirada, entrega) values (95, 19002, '2018-04-24', '2018-05-03');
insert into locacao (usuario, exemplar, retirada, entrega) values (27, 19002, '2018-06-02', '2018-06-10');
insert into locacao (usuario, exemplar, retirada, entrega) values (73, 19002, '2018-08-18', '2018-08-25');
insert into locacao (usuario, exemplar, retirada, entrega) values (73, 19002, '2018-09-17', '2018-09-23');
insert into locacao (usuario, exemplar, retirada, entrega) values (51, 19002, '2018-09-26', '2018-09-27');
insert into locacao (usuario, exemplar, retirada, entrega) values (56, 19002, '2018-12-12', '2018-12-13');
insert into locacao (usuario, exemplar, retirada, entrega) values (44, 19002, '2019-03-01', '2019-03-07');
insert into locacao (usuario, exemplar, retirada, entrega) values (11, 20001, '2018-04-09', '2018-04-09');
insert into locacao (usuario, exemplar, retirada, entrega) values (5, 20001, '2018-07-12', '2018-07-17');
insert into locacao (usuario, exemplar, retirada, entrega) values (23, 20001, '2018-08-24', '2018-09-02');
insert into locacao (usuario, exemplar, retirada, entrega) values (76, 20001, '2018-10-26', '2018-11-02');
insert into locacao (usuario, exemplar, retirada, entrega) values (40, 20001, '2019-01-07', '2019-01-09');
insert into locacao (usuario, exemplar, retirada, entrega) values (70, 20001, '2019-01-13', '2019-01-17');
insert into locacao (usuario, exemplar, retirada, entrega) values (34, 20001, '2019-03-17', '2019-03-23');
insert into locacao (usuario, exemplar, retirada, entrega) values (14, 20002, '2018-01-18', '2018-01-18');
insert into locacao (usuario, exemplar, retirada, entrega) values (58, 20002, '2018-03-19', '2018-04-01');
insert into locacao (usuario, exemplar, retirada, entrega) values (55, 20002, '2018-03-27', '2018-04-05');
insert into locacao (usuario, exemplar, retirada, entrega) values (48, 20002, '2018-05-01', '2018-05-06');
insert into locacao (usuario, exemplar, retirada, entrega) values (100, 20002, '2018-06-30', '2018-07-02');
insert into locacao (usuario, exemplar, retirada, entrega) values (16, 20002, '2018-08-10', '2018-08-16');
insert into locacao (usuario, exemplar, retirada, entrega) values (95, 20002, '2018-08-29', '2018-09-03');
insert into locacao (usuario, exemplar, retirada, entrega) values (53, 20002, '2018-10-12', '2018-10-18');
insert into locacao (usuario, exemplar, retirada, entrega) values (76, 20002, '2018-12-23', '2018-12-26');
insert into locacao (usuario, exemplar, retirada, entrega) values (53, 20002, '2018-12-28', '2018-12-31');
insert into locacao (usuario, exemplar, retirada, entrega) values (58, 20002, '2019-03-08', '2019-03-15');
insert into locacao (usuario, exemplar, retirada, entrega) values (18, 20002, '2019-03-28', '2019-04-04');
insert into locacao (usuario, exemplar, retirada, entrega) values (94, 20003, '2018-01-07', '2018-01-07');
insert into locacao (usuario, exemplar, retirada, entrega) values (84, 20003, '2018-02-22', '2018-02-27');
insert into locacao (usuario, exemplar, retirada, entrega) values (44, 20003, '2018-04-26', '2018-05-05');
insert into locacao (usuario, exemplar, retirada, entrega) values (1, 20003, '2018-07-19', '2018-07-19');
insert into locacao (usuario, exemplar, retirada, entrega) values (40, 20003, '2018-08-27', '2018-09-06');
insert into locacao (usuario, exemplar, retirada, entrega) values (87, 20003, '2018-09-11', '2018-09-13');
insert into locacao (usuario, exemplar, retirada, entrega) values (64, 20003, '2018-12-02', '2018-12-02');
insert into locacao (usuario, exemplar, retirada, entrega) values (44, 20003, '2019-01-28', '2019-02-06');
insert into locacao (usuario, exemplar, retirada, entrega) values (69, 20003, '2019-03-23', '2019-04-02');
insert into locacao (usuario, exemplar, retirada, entrega) values (29, 20004, '2018-03-28', '2018-03-29');
insert into locacao (usuario, exemplar, retirada, entrega) values (30, 20004, '2018-04-02', '2018-04-13');
insert into locacao (usuario, exemplar, retirada, entrega) values (90, 20004, '2018-06-29', '2018-07-12');
insert into locacao (usuario, exemplar, retirada, entrega) values (84, 20004, '2018-09-08', '2018-09-19');
insert into locacao (usuario, exemplar, retirada, entrega) values (38, 20004, '2018-09-08', '2018-09-11');
insert into locacao (usuario, exemplar, retirada, entrega) values (90, 20004, '2018-10-14', '2018-10-25');
insert into locacao (usuario, exemplar, retirada, entrega) values (46, 20004, '2018-12-09', '2018-12-13');
insert into locacao (usuario, exemplar, retirada, entrega) values (94, 20004, '2019-01-07', '2019-01-15');
insert into locacao (usuario, exemplar, retirada, entrega) values (80, 20004, '2019-03-29', '2019-04-06');
insert into locacao (usuario, exemplar, retirada, entrega) values (11, 20005, '2018-04-02', '2018-04-05');
insert into locacao (usuario, exemplar, retirada, entrega) values (67, 20005, '2018-05-08', '2018-05-10');
insert into locacao (usuario, exemplar, retirada, entrega) values (28, 20005, '2018-06-28', '2018-07-02');
insert into locacao (usuario, exemplar, retirada, entrega) values (70, 20005, '2018-09-18', '2018-09-30');
insert into locacao (usuario, exemplar, retirada, entrega) values (61, 20005, '2018-09-20', '2018-09-23');
insert into locacao (usuario, exemplar, retirada, entrega) values (50, 20005, '2018-09-25', '2018-10-02');
insert into locacao (usuario, exemplar, retirada, entrega) values (68, 20005, '2018-10-03', '2018-10-13');
insert into locacao (usuario, exemplar, retirada, entrega) values (58, 20005, '2018-10-03', '2018-10-05');
insert into locacao (usuario, exemplar, retirada, entrega) values (19, 20005, '2018-10-24', '2018-10-31');
insert into locacao (usuario, exemplar, retirada, entrega) values (26, 20005, '2019-01-29', '2019-02-01');
insert into locacao (usuario, exemplar, retirada, entrega) values (45, 20005, '2019-03-08', '2019-03-12');
insert into locacao (usuario, exemplar, retirada, entrega) values (81, 21001, '2018-04-01', '2018-04-14');
insert into locacao (usuario, exemplar, retirada, entrega) values (38, 21001, '2018-05-06', '2018-05-09');
insert into locacao (usuario, exemplar, retirada, entrega) values (96, 21001, '2018-07-21', '2018-07-25');
insert into locacao (usuario, exemplar, retirada, entrega) values (15, 21001, '2018-09-07', '2018-09-07');
insert into locacao (usuario, exemplar, retirada, entrega) values (92, 21001, '2018-12-07', '2018-12-19');
insert into locacao (usuario, exemplar, retirada, entrega) values (31, 21001, '2019-01-05', '2019-01-09');
insert into locacao (usuario, exemplar, retirada, entrega) values (70, 21001, '2019-02-09', '2019-02-16');
insert into locacao (usuario, exemplar, retirada, entrega) values (91, 21001, '2019-02-16', '2019-02-26');
insert into locacao (usuario, exemplar, retirada, entrega) values (71, 21001, '2019-03-05', '2019-03-09');
insert into locacao (usuario, exemplar, retirada, entrega) values (72, 21002, '2018-02-06', '2018-02-13');
insert into locacao (usuario, exemplar, retirada, entrega) values (5, 21002, '2018-02-19', '2018-02-20');
insert into locacao (usuario, exemplar, retirada, entrega) values (59, 21002, '2018-04-01', '2018-04-14');
insert into locacao (usuario, exemplar, retirada, entrega) values (23, 21002, '2018-07-09', '2018-07-19');
insert into locacao (usuario, exemplar, retirada, entrega) values (78, 21002, '2018-10-05', '2018-10-08');
insert into locacao (usuario, exemplar, retirada, entrega) values (94, 21002, '2018-10-13', '2018-10-19');
insert into locacao (usuario, exemplar, retirada, entrega) values (68, 21002, '2018-12-02', '2018-12-03');
insert into locacao (usuario, exemplar, retirada, entrega) values (95, 21002, '2019-02-11', '2019-02-21');
insert into locacao (usuario, exemplar, retirada, entrega) values (68, 21002, '2019-03-30', '2019-04-11');
insert into locacao (usuario, exemplar, retirada, entrega) values (34, 22001, '2018-02-21', '2018-02-28');
insert into locacao (usuario, exemplar, retirada, entrega) values (47, 22001, '2018-02-26', '2018-03-04');
insert into locacao (usuario, exemplar, retirada, entrega) values (33, 22001, '2018-04-17', '2018-04-17');
insert into locacao (usuario, exemplar, retirada, entrega) values (90, 22001, '2018-04-22', '2018-05-03');
insert into locacao (usuario, exemplar, retirada, entrega) values (20, 22001, '2018-05-23', '2018-05-27');
insert into locacao (usuario, exemplar, retirada, entrega) values (91, 22001, '2018-08-02', '2018-08-06');
insert into locacao (usuario, exemplar, retirada, entrega) values (54, 22001, '2018-09-15', '2018-09-25');
insert into locacao (usuario, exemplar, retirada, entrega) values (91, 22001, '2018-09-29', '2018-10-04');
insert into locacao (usuario, exemplar, retirada, entrega) values (52, 22001, '2018-11-02', '2018-11-12');
insert into locacao (usuario, exemplar, retirada, entrega) values (43, 22001, '2019-01-20', '2019-01-24');
insert into locacao (usuario, exemplar, retirada, entrega) values (42, 22002, '2018-01-19', '2018-01-24');
insert into locacao (usuario, exemplar, retirada, entrega) values (68, 22002, '2018-01-31', '2018-02-04');
insert into locacao (usuario, exemplar, retirada, entrega) values (62, 22002, '2018-02-11', '2018-02-12');
insert into locacao (usuario, exemplar, retirada, entrega) values (79, 22002, '2018-05-19', '2018-05-23');
insert into locacao (usuario, exemplar, retirada, entrega) values (78, 22002, '2018-08-18', '2018-08-31');
insert into locacao (usuario, exemplar, retirada, entrega) values (24, 22002, '2018-11-07', '2018-11-13');
insert into locacao (usuario, exemplar, retirada, entrega) values (65, 22002, '2018-12-24', '2018-12-29');
insert into locacao (usuario, exemplar, retirada, entrega) values (47, 22002, '2019-01-26', '2019-01-26');
insert into locacao (usuario, exemplar, retirada, entrega) values (2, 22003, '2018-03-04', '2018-03-07');
insert into locacao (usuario, exemplar, retirada, entrega) values (3, 22003, '2018-03-14', '2018-03-20');
insert into locacao (usuario, exemplar, retirada, entrega) values (23, 22003, '2018-06-21', '2018-07-02');
insert into locacao (usuario, exemplar, retirada, entrega) values (46, 22003, '2018-07-09', '2018-07-09');
insert into locacao (usuario, exemplar, retirada, entrega) values (68, 22003, '2018-07-23', '2018-07-29');
insert into locacao (usuario, exemplar, retirada, entrega) values (54, 22003, '2018-10-29', '2018-10-29');
insert into locacao (usuario, exemplar, retirada, entrega) values (51, 22003, '2018-11-10', '2018-11-23');
insert into locacao (usuario, exemplar, retirada, entrega) values (69, 22003, '2018-11-15', '2018-11-25');
insert into locacao (usuario, exemplar, retirada, entrega) values (82, 22003, '2018-11-16', '2018-11-28');
insert into locacao (usuario, exemplar, retirada, entrega) values (14, 22003, '2018-11-29', '2018-11-29');
insert into locacao (usuario, exemplar, retirada, entrega) values (94, 22003, '2019-01-21', '2019-02-01');
insert into locacao (usuario, exemplar, retirada, entrega) values (7, 22004, '2018-01-18', '2018-01-30');
insert into locacao (usuario, exemplar, retirada, entrega) values (70, 22004, '2018-03-07', '2018-03-12');
insert into locacao (usuario, exemplar, retirada, entrega) values (17, 22004, '2018-06-05', '2018-06-09');
insert into locacao (usuario, exemplar, retirada, entrega) values (47, 22004, '2018-07-12', '2018-07-25');
insert into locacao (usuario, exemplar, retirada, entrega) values (80, 22004, '2018-07-20', '2018-07-23');
insert into locacao (usuario, exemplar, retirada, entrega) values (61, 22004, '2018-10-09', '2018-10-15');
insert into locacao (usuario, exemplar, retirada, entrega) values (92, 22004, '2018-12-28', '2018-12-28');
insert into locacao (usuario, exemplar, retirada, entrega) values (78, 22004, '2019-01-07', '2019-01-10');
insert into locacao (usuario, exemplar, retirada, entrega) values (59, 22004, '2019-03-11', '2019-03-15');
insert into locacao (usuario, exemplar, retirada, entrega) values (19, 22005, '2018-03-03', '2018-03-15');
insert into locacao (usuario, exemplar, retirada, entrega) values (76, 22005, '2018-03-14', '2018-03-14');
insert into locacao (usuario, exemplar, retirada, entrega) values (44, 22005, '2018-03-30', '2018-04-06');
insert into locacao (usuario, exemplar, retirada, entrega) values (57, 22005, '2018-06-07', '2018-06-19');
insert into locacao (usuario, exemplar, retirada, entrega) values (6, 22005, '2018-08-09', '2018-08-14');
insert into locacao (usuario, exemplar, retirada, entrega) values (48, 22005, '2018-09-09', '2018-09-18');
insert into locacao (usuario, exemplar, retirada, entrega) values (75, 22005, '2018-09-14', '2018-09-24');
insert into locacao (usuario, exemplar, retirada, entrega) values (37, 22005, '2018-10-09', '2018-10-11');
insert into locacao (usuario, exemplar, retirada, entrega) values (99, 22005, '2018-12-29', '2019-01-03');
insert into locacao (usuario, exemplar, retirada, entrega) values (18, 22005, '2019-03-21', '2019-04-03');
insert into locacao (usuario, exemplar, retirada, entrega) values (48, 23001, '2018-03-10', '2018-03-12');
insert into locacao (usuario, exemplar, retirada, entrega) values (32, 23001, '2018-03-17', '2018-03-23');
insert into locacao (usuario, exemplar, retirada, entrega) values (39, 23001, '2018-05-19', '2018-05-19');
insert into locacao (usuario, exemplar, retirada, entrega) values (26, 23001, '2018-05-24', '2018-05-26');
insert into locacao (usuario, exemplar, retirada, entrega) values (19, 23001, '2018-08-02', '2018-08-10');
insert into locacao (usuario, exemplar, retirada, entrega) values (82, 23001, '2018-09-22', '2018-09-25');
insert into locacao (usuario, exemplar, retirada, entrega) values (68, 23001, '2018-12-13', '2018-12-19');
insert into locacao (usuario, exemplar, retirada, entrega) values (93, 23001, '2019-02-12', '2019-02-13');
insert into locacao (usuario, exemplar, retirada, entrega) values (61, 23002, '2018-02-18', '2018-02-20');
insert into locacao (usuario, exemplar, retirada, entrega) values (39, 23002, '2018-04-09', '2018-04-14');
insert into locacao (usuario, exemplar, retirada, entrega) values (66, 23002, '2018-04-20', '2018-04-24');
insert into locacao (usuario, exemplar, retirada, entrega) values (18, 23002, '2018-06-12', '2018-06-16');
insert into locacao (usuario, exemplar, retirada, entrega) values (17, 23002, '2018-09-01', '2018-09-06');
insert into locacao (usuario, exemplar, retirada, entrega) values (23, 23002, '2018-09-06', '2018-09-19');
insert into locacao (usuario, exemplar, retirada, entrega) values (33, 23002, '2018-12-03', '2018-12-14');
insert into locacao (usuario, exemplar, retirada, entrega) values (98, 23002, '2019-01-03', '2019-01-14');
insert into locacao (usuario, exemplar, retirada, entrega) values (83, 23002, '2019-01-18', '2019-01-26');
insert into locacao (usuario, exemplar, retirada, entrega) values (47, 23002, '2019-03-02', '2019-03-11');
insert into locacao (usuario, exemplar, retirada, entrega) values (97, 23003, '2018-03-25', '2018-03-30');
insert into locacao (usuario, exemplar, retirada, entrega) values (31, 23003, '2018-04-13', '2018-04-16');
insert into locacao (usuario, exemplar, retirada, entrega) values (22, 23003, '2018-06-03', '2018-06-16');
insert into locacao (usuario, exemplar, retirada, entrega) values (1, 23003, '2018-08-14', '2018-08-16');
insert into locacao (usuario, exemplar, retirada, entrega) values (5, 23003, '2018-08-22', '2018-08-22');
insert into locacao (usuario, exemplar, retirada, entrega) values (44, 23003, '2018-09-29', '2018-10-08');
insert into locacao (usuario, exemplar, retirada, entrega) values (61, 23003, '2018-09-30', '2018-10-03');
insert into locacao (usuario, exemplar, retirada, entrega) values (80, 23003, '2018-11-23', '2018-11-29');
insert into locacao (usuario, exemplar, retirada, entrega) values (18, 23003, '2018-12-28', '2018-12-30');
insert into locacao (usuario, exemplar, retirada, entrega) values (91, 23003, '2019-02-17', '2019-02-21');
insert into locacao (usuario, exemplar, retirada, entrega) values (51, 23004, '2018-03-09', '2018-03-20');
insert into locacao (usuario, exemplar, retirada, entrega) values (79, 23004, '2018-05-04', '2018-05-04');
insert into locacao (usuario, exemplar, retirada, entrega) values (54, 23004, '2018-06-22', '2018-07-04');
insert into locacao (usuario, exemplar, retirada, entrega) values (53, 23004, '2018-07-05', '2018-07-16');
insert into locacao (usuario, exemplar, retirada, entrega) values (21, 23004, '2018-07-07', '2018-07-18');
insert into locacao (usuario, exemplar, retirada, entrega) values (76, 23004, '2018-08-17', '2018-08-17');
insert into locacao (usuario, exemplar, retirada, entrega) values (10, 23004, '2018-09-07', '2018-09-19');
insert into locacao (usuario, exemplar, retirada, entrega) values (74, 23004, '2018-10-27', '2018-11-08');
insert into locacao (usuario, exemplar, retirada, entrega) values (60, 23004, '2019-01-29', '2019-01-29');
insert into locacao (usuario, exemplar, retirada, entrega) values (85, 23004, '2019-02-09', '2019-02-13');
insert into locacao (usuario, exemplar, retirada, entrega) values (56, 24001, '2018-01-29', '2018-02-08');
insert into locacao (usuario, exemplar, retirada, entrega) values (83, 24001, '2018-03-31', '2018-04-13');
insert into locacao (usuario, exemplar, retirada, entrega) values (100, 24001, '2018-07-01', '2018-07-03');
insert into locacao (usuario, exemplar, retirada, entrega) values (67, 24001, '2018-07-25', '2018-07-29');
insert into locacao (usuario, exemplar, retirada, entrega) values (60, 24001, '2018-10-25', '2018-10-31');
insert into locacao (usuario, exemplar, retirada, entrega) values (8, 24001, '2019-01-11', '2019-01-18');
insert into locacao (usuario, exemplar, retirada, entrega) values (7, 24001, '2019-01-26', '2019-02-03');
insert into locacao (usuario, exemplar, retirada, entrega) values (82, 24001, '2019-03-20', '2019-03-31');
insert into locacao (usuario, exemplar, retirada, entrega) values (72, 24002, '2018-01-22', '2018-01-22');
insert into locacao (usuario, exemplar, retirada, entrega) values (20, 24002, '2018-03-31', '2018-04-10');
insert into locacao (usuario, exemplar, retirada, entrega) values (47, 24002, '2018-04-30', '2018-05-10');
insert into locacao (usuario, exemplar, retirada, entrega) values (12, 24002, '2018-05-31', '2018-06-05');
insert into locacao (usuario, exemplar, retirada, entrega) values (8, 24002, '2018-08-05', '2018-08-18');
insert into locacao (usuario, exemplar, retirada, entrega) values (75, 24002, '2018-09-17', '2018-09-23');
insert into locacao (usuario, exemplar, retirada, entrega) values (22, 24002, '2018-09-29', '2018-10-04');
insert into locacao (usuario, exemplar, retirada, entrega) values (22, 24002, '2018-11-20', '2018-12-03');
insert into locacao (usuario, exemplar, retirada, entrega) values (91, 24002, '2018-11-20', '2018-12-02');
insert into locacao (usuario, exemplar, retirada, entrega) values (18, 24002, '2018-11-29', '2018-12-08');
insert into locacao (usuario, exemplar, retirada, entrega) values (80, 24002, '2019-01-26', '2019-02-08');
insert into locacao (usuario, exemplar, retirada, entrega) values (46, 25001, '2018-03-15', '2018-03-22');
insert into locacao (usuario, exemplar, retirada, entrega) values (5, 25001, '2018-04-23', '2018-04-29');
insert into locacao (usuario, exemplar, retirada, entrega) values (48, 25001, '2018-05-02', '2018-05-09');
insert into locacao (usuario, exemplar, retirada, entrega) values (5, 25001, '2018-06-15', '2018-06-20');
insert into locacao (usuario, exemplar, retirada, entrega) values (29, 25001, '2018-08-29', '2018-08-30');
insert into locacao (usuario, exemplar, retirada, entrega) values (56, 25001, '2018-10-10', '2018-10-19');
insert into locacao (usuario, exemplar, retirada, entrega) values (17, 25001, '2019-01-05', '2019-01-17');
insert into locacao (usuario, exemplar, retirada, entrega) values (96, 25001, '2019-02-11', '2019-02-13');
insert into locacao (usuario, exemplar, retirada, entrega) values (39, 25001, '2019-02-17', '2019-02-24');
insert into locacao (usuario, exemplar, retirada, entrega) values (35, 25002, '2018-03-22', '2018-03-22');
insert into locacao (usuario, exemplar, retirada, entrega) values (52, 25002, '2018-05-16', '2018-05-29');
insert into locacao (usuario, exemplar, retirada, entrega) values (94, 25002, '2018-08-05', '2018-08-06');
insert into locacao (usuario, exemplar, retirada, entrega) values (63, 25002, '2018-09-20', '2018-09-22');
insert into locacao (usuario, exemplar, retirada, entrega) values (45, 25002, '2018-12-04', '2018-12-10');
insert into locacao (usuario, exemplar, retirada, entrega) values (35, 25002, '2019-01-11', '2019-01-20');
insert into locacao (usuario, exemplar, retirada, entrega) values (95, 25002, '2019-02-22', '2019-02-23');
insert into locacao (usuario, exemplar, retirada, entrega) values (65, 26001, '2018-03-18', '2018-03-29');
insert into locacao (usuario, exemplar, retirada, entrega) values (62, 26001, '2018-06-18', '2018-06-25');
insert into locacao (usuario, exemplar, retirada, entrega) values (68, 26001, '2018-09-08', '2018-09-17');
insert into locacao (usuario, exemplar, retirada, entrega) values (87, 26001, '2018-12-10', '2018-12-18');
insert into locacao (usuario, exemplar, retirada, entrega) values (67, 26001, '2018-12-25', '2019-01-03');
insert into locacao (usuario, exemplar, retirada, entrega) values (92, 26001, '2019-01-16', '2019-01-29');
insert into locacao (usuario, exemplar, retirada, entrega) values (9, 26001, '2019-02-19', '2019-03-03');
insert into locacao (usuario, exemplar, retirada, entrega) values (37, 26002, '2018-03-16', '2018-03-16');
insert into locacao (usuario, exemplar, retirada, entrega) values (35, 26002, '2018-06-19', '2018-06-29');
insert into locacao (usuario, exemplar, retirada, entrega) values (56, 26002, '2018-07-29', '2018-08-11');
insert into locacao (usuario, exemplar, retirada, entrega) values (49, 26002, '2018-08-04', '2018-08-12');
insert into locacao (usuario, exemplar, retirada, entrega) values (62, 26002, '2018-09-08', '2018-09-16');
insert into locacao (usuario, exemplar, retirada, entrega) values (96, 26002, '2018-11-18', '2018-11-23');
insert into locacao (usuario, exemplar, retirada, entrega) values (41, 26002, '2019-01-30', '2019-02-05');
insert into locacao (usuario, exemplar, retirada, entrega) values (51, 27001, '2018-01-01', '2018-01-01');
insert into locacao (usuario, exemplar, retirada, entrega) values (99, 27001, '2018-03-25', '2018-04-03');
insert into locacao (usuario, exemplar, retirada, entrega) values (25, 27001, '2018-05-11', '2018-05-21');
insert into locacao (usuario, exemplar, retirada, entrega) values (15, 27001, '2018-05-12', '2018-05-19');
insert into locacao (usuario, exemplar, retirada, entrega) values (30, 27001, '2018-06-23', '2018-06-27');
insert into locacao (usuario, exemplar, retirada, entrega) values (92, 27001, '2018-08-29', '2018-09-04');
insert into locacao (usuario, exemplar, retirada, entrega) values (88, 27001, '2018-10-24', '2018-11-04');
insert into locacao (usuario, exemplar, retirada, entrega) values (7, 27001, '2018-12-03', '2018-12-08');
insert into locacao (usuario, exemplar, retirada, entrega) values (29, 27001, '2019-01-20', '2019-01-28');
insert into locacao (usuario, exemplar, retirada, entrega) values (16, 27001, '2019-01-24', '2019-02-05');
insert into locacao (usuario, exemplar, retirada, entrega) values (10, 27001, '2019-03-06', '2019-03-19');
insert into locacao (usuario, exemplar, retirada, entrega) values (86, 27002, '2018-01-10', '2018-01-21');
insert into locacao (usuario, exemplar, retirada, entrega) values (49, 27002, '2018-04-19', '2018-04-25');
insert into locacao (usuario, exemplar, retirada, entrega) values (18, 27002, '2018-04-25', '2018-05-07');
insert into locacao (usuario, exemplar, retirada, entrega) values (22, 27002, '2018-07-14', '2018-07-19');
insert into locacao (usuario, exemplar, retirada, entrega) values (68, 27002, '2018-09-09', '2018-09-18');
insert into locacao (usuario, exemplar, retirada, entrega) values (36, 27002, '2018-10-18', '2018-10-27');
insert into locacao (usuario, exemplar, retirada, entrega) values (1, 27002, '2018-10-19', '2018-10-21');
insert into locacao (usuario, exemplar, retirada, entrega) values (43, 27002, '2018-12-27', '2019-01-05');
insert into locacao (usuario, exemplar, retirada, entrega) values (23, 27002, '2019-03-30', '2019-04-09');
insert into locacao (usuario, exemplar, retirada, entrega) values (44, 27003, '2018-04-03', '2018-04-10');
insert into locacao (usuario, exemplar, retirada, entrega) values (95, 27003, '2018-06-10', '2018-06-13');
insert into locacao (usuario, exemplar, retirada, entrega) values (43, 27003, '2018-08-31', '2018-09-09');
insert into locacao (usuario, exemplar, retirada, entrega) values (91, 27003, '2018-08-31', '2018-09-10');
insert into locacao (usuario, exemplar, retirada, entrega) values (79, 27003, '2018-11-08', '2018-11-17');
insert into locacao (usuario, exemplar, retirada, entrega) values (85, 27003, '2018-12-23', '2018-12-26');
insert into locacao (usuario, exemplar, retirada, entrega) values (10, 27003, '2019-01-23', '2019-01-28');
insert into locacao (usuario, exemplar, retirada, entrega) values (54, 27003, '2019-02-03', '2019-02-12');
insert into locacao (usuario, exemplar, retirada, entrega) values (35, 27004, '2018-03-08', '2018-03-13');
insert into locacao (usuario, exemplar, retirada, entrega) values (59, 27004, '2018-05-12', '2018-05-14');
insert into locacao (usuario, exemplar, retirada, entrega) values (96, 27004, '2018-06-07', '2018-06-13');
insert into locacao (usuario, exemplar, retirada, entrega) values (44, 27004, '2018-07-05', '2018-07-15');
insert into locacao (usuario, exemplar, retirada, entrega) values (66, 27004, '2018-09-20', '2018-09-25');
insert into locacao (usuario, exemplar, retirada, entrega) values (57, 27004, '2018-12-19', '2018-12-27');
insert into locacao (usuario, exemplar, retirada, entrega) values (97, 27004, '2019-02-10', '2019-02-12');
insert into locacao (usuario, exemplar, retirada, entrega) values (42, 27004, '2019-03-29', '2019-04-10');
insert into locacao (usuario, exemplar, retirada, entrega) values (83, 27005, '2018-01-04', '2018-01-10');
insert into locacao (usuario, exemplar, retirada, entrega) values (74, 27005, '2018-01-10', '2018-01-23');
insert into locacao (usuario, exemplar, retirada, entrega) values (96, 27005, '2018-01-28', '2018-02-06');
insert into locacao (usuario, exemplar, retirada, entrega) values (82, 27005, '2018-03-23', '2018-04-03');
insert into locacao (usuario, exemplar, retirada, entrega) values (95, 27005, '2018-04-12', '2018-04-19');
insert into locacao (usuario, exemplar, retirada, entrega) values (24, 27005, '2018-06-03', '2018-06-13');
insert into locacao (usuario, exemplar, retirada, entrega) values (1, 27005, '2018-06-10', '2018-06-10');
insert into locacao (usuario, exemplar, retirada, entrega) values (7, 27005, '2018-08-31', '2018-09-08');
insert into locacao (usuario, exemplar, retirada, entrega) values (92, 27005, '2018-11-29', '2018-12-07');
insert into locacao (usuario, exemplar, retirada, entrega) values (5, 27005, '2018-11-29', '2018-12-03');
insert into locacao (usuario, exemplar, retirada, entrega) values (31, 27005, '2019-01-06', '2019-01-16');
insert into locacao (usuario, exemplar, retirada, entrega) values (12, 27005, '2019-03-11', '2019-03-11');
insert into locacao (usuario, exemplar, retirada, entrega) values (31, 28001, '2018-02-05', '2018-02-07');
insert into locacao (usuario, exemplar, retirada, entrega) values (67, 28001, '2018-02-11', '2018-02-18');
insert into locacao (usuario, exemplar, retirada, entrega) values (93, 28001, '2018-04-15', '2018-04-24');
insert into locacao (usuario, exemplar, retirada, entrega) values (90, 28001, '2018-07-18', '2018-07-22');
insert into locacao (usuario, exemplar, retirada, entrega) values (19, 28001, '2018-07-29', '2018-08-11');
insert into locacao (usuario, exemplar, retirada, entrega) values (99, 28001, '2018-08-23', '2018-08-23');
insert into locacao (usuario, exemplar, retirada, entrega) values (72, 28001, '2018-10-07', '2018-10-07');
insert into locacao (usuario, exemplar, retirada, entrega) values (75, 28001, '2018-12-23', '2019-01-01');
insert into locacao (usuario, exemplar, retirada, entrega) values (57, 28001, '2019-03-08', '2019-03-18');
insert into locacao (usuario, exemplar, retirada, entrega) values (28, 28002, '2018-03-30', '2018-04-09');
insert into locacao (usuario, exemplar, retirada, entrega) values (30, 28002, '2018-05-20', '2018-06-02');
insert into locacao (usuario, exemplar, retirada, entrega) values (51, 28002, '2018-06-28', '2018-06-28');
insert into locacao (usuario, exemplar, retirada, entrega) values (28, 28002, '2018-07-08', '2018-07-15');
insert into locacao (usuario, exemplar, retirada, entrega) values (80, 28002, '2018-09-27', '2018-10-01');
insert into locacao (usuario, exemplar, retirada, entrega) values (60, 28002, '2018-11-16', '2018-11-24');
insert into locacao (usuario, exemplar, retirada, entrega) values (76, 28002, '2019-01-11', '2019-01-19');
insert into locacao (usuario, exemplar, retirada, entrega) values (67, 28003, '2018-01-07', '2018-01-12');
insert into locacao (usuario, exemplar, retirada, entrega) values (97, 28003, '2018-03-09', '2018-03-20');
insert into locacao (usuario, exemplar, retirada, entrega) values (63, 28003, '2018-05-03', '2018-05-06');
insert into locacao (usuario, exemplar, retirada, entrega) values (22, 28003, '2018-08-02', '2018-08-06');
insert into locacao (usuario, exemplar, retirada, entrega) values (20, 28003, '2018-09-22', '2018-09-30');
insert into locacao (usuario, exemplar, retirada, entrega) values (80, 28003, '2018-12-22', '2018-12-29');
insert into locacao (usuario, exemplar, retirada, entrega) values (34, 28003, '2019-01-11', '2019-01-22');
insert into locacao (usuario, exemplar, retirada, entrega) values (95, 28003, '2019-01-13', '2019-01-17');
insert into locacao (usuario, exemplar, retirada, entrega) values (99, 28003, '2019-03-16', '2019-03-23');
insert into locacao (usuario, exemplar, retirada, entrega) values (71, 29001, '2018-01-19', '2018-01-26');
insert into locacao (usuario, exemplar, retirada, entrega) values (57, 29001, '2018-02-04', '2018-02-14');
insert into locacao (usuario, exemplar, retirada, entrega) values (52, 29001, '2018-03-07', '2018-03-17');
insert into locacao (usuario, exemplar, retirada, entrega) values (72, 29001, '2018-06-14', '2018-06-27');
insert into locacao (usuario, exemplar, retirada, entrega) values (4, 29001, '2018-09-20', '2018-09-26');
insert into locacao (usuario, exemplar, retirada, entrega) values (24, 29001, '2018-11-17', '2018-11-30');
insert into locacao (usuario, exemplar, retirada, entrega) values (98, 29001, '2018-12-17', '2018-12-20');
insert into locacao (usuario, exemplar, retirada, entrega) values (81, 29001, '2019-03-04', '2019-03-09');
insert into locacao (usuario, exemplar, retirada, entrega) values (30, 29001, '2019-03-10', '2019-03-17');
insert into locacao (usuario, exemplar, retirada, entrega) values (34, 29002, '2018-03-06', '2018-03-16');
insert into locacao (usuario, exemplar, retirada, entrega) values (7, 29002, '2018-03-21', '2018-03-27');
insert into locacao (usuario, exemplar, retirada, entrega) values (18, 29002, '2018-05-12', '2018-05-21');
insert into locacao (usuario, exemplar, retirada, entrega) values (97, 29002, '2018-06-13', '2018-06-23');
insert into locacao (usuario, exemplar, retirada, entrega) values (11, 29002, '2018-08-30', '2018-09-07');
insert into locacao (usuario, exemplar, retirada, entrega) values (97, 29002, '2018-12-05', '2018-12-05');
insert into locacao (usuario, exemplar, retirada, entrega) values (96, 29002, '2018-12-13', '2018-12-16');
insert into locacao (usuario, exemplar, retirada, entrega) values (16, 29002, '2018-12-15', '2018-12-21');
insert into locacao (usuario, exemplar, retirada, entrega) values (28, 29002, '2019-02-23', '2019-02-23');
insert into locacao (usuario, exemplar, retirada, entrega) values (40, 30001, '2018-03-27', '2018-04-04');
insert into locacao (usuario, exemplar, retirada, entrega) values (37, 30001, '2018-04-18', '2018-04-23');
insert into locacao (usuario, exemplar, retirada, entrega) values (14, 30001, '2018-06-18', '2018-06-24');
insert into locacao (usuario, exemplar, retirada, entrega) values (99, 30001, '2018-07-26', '2018-07-28');
insert into locacao (usuario, exemplar, retirada, entrega) values (71, 30001, '2018-10-01', '2018-10-14');
insert into locacao (usuario, exemplar, retirada, entrega) values (92, 30001, '2018-10-24', '2018-11-06');
insert into locacao (usuario, exemplar, retirada, entrega) values (35, 30001, '2019-01-27', '2019-01-28');
insert into locacao (usuario, exemplar, retirada) values (46, 1001, '2019-04-16');
insert into locacao (usuario, exemplar, retirada) values (20, 1002, '2019-04-05');
insert into locacao (usuario, exemplar, retirada) values (68, 2001, '2019-04-03');
insert into locacao (usuario, exemplar, retirada) values (77, 4001, '2019-04-20');
insert into locacao (usuario, exemplar, retirada) values (63, 15002, '2019-04-22');
insert into locacao (usuario, exemplar, retirada) values (93, 18001, '2019-04-15');
insert into locacao (usuario, exemplar, retirada) values (97, 18002, '2019-04-21');
insert into locacao (usuario, exemplar, retirada) values (25, 18005, '2019-04-12');
insert into locacao (usuario, exemplar, retirada) values (10, 19002, '2019-04-17');
insert into locacao (usuario, exemplar, retirada) values (50, 20001, '2019-04-22');
insert into locacao (usuario, exemplar, retirada) values (9, 20003, '2019-04-16');
insert into locacao (usuario, exemplar, retirada) values (14, 22003, '2019-04-17');
insert into locacao (usuario, exemplar, retirada) values (48, 22004, '2019-04-19');
insert into locacao (usuario, exemplar, retirada) values (27, 22005, '2019-04-15');
insert into locacao (usuario, exemplar, retirada) values (16, 23001, '2019-04-23');
insert into locacao (usuario, exemplar, retirada) values (98, 23002, '2019-04-17');
insert into locacao (usuario, exemplar, retirada) values (32, 23003, '2019-04-11');
insert into locacao (usuario, exemplar, retirada) values (63, 23004, '2019-04-21');
insert into locacao (usuario, exemplar, retirada) values (16, 24002, '2019-04-11');
insert into locacao (usuario, exemplar, retirada) values (14, 26002, '2019-04-13');
insert into locacao (usuario, exemplar, retirada) values (55, 29001, '2019-04-16');
insert into locacao (usuario, exemplar, retirada) values (62, 30001, '2019-04-20');

----------------------------------------------------------------------------------------------------
--1) Mostrar o nome e o curso dos alunos de cursos tcnicos que locaram livros sobre PostgreSQL nos ltimos 3 meses.
--2) Mostrar o ranking dos livros mais locados por curso no ano passado.
--3) Mostrar o nome dos alunos do Curso Superior de Tecnologia em Anlise e Desenvolvimento de Sistemas que locaram mais de uma vez o mesmo livro sobre PostgreSQL.
--4) Mostrar o ttulo dos livros sobre PostgreSQL no locados nos ltimos 3 meses.
--5) Mostrar o tempo mdio das locaes de alunos do Curso Superior de Tecnologia em Anlise e Desenvolvimento de Sistemas.

