\c postgres
drop database biblioteca;
create database biblioteca;
\c biblioteca
create table usuario (codigo integer not null, nome varchar(100) not null, tipo char(1) not null check ((tipo = 'A') or (tipo = 'P') or (tipo = 'F')), curso varchar(100), primary key (codigo));
create table livro (codigo integer not null, titulo varchar(200) not null, primary key (codigo));
create table exemplar (codigo integer not null, livro integer not null references livro(codigo), primary key (codigo));
create table locacao (usuario integer not null references usuario(codigo), exemplar integer not null references exemplar(codigo), retirada date not null default now(), entrega date, primary key (usuario, exemplar, retirada));
insert into usuario (codigo, nome, tipo) values (1, 'funcionario 1', 'F');
insert into usuario (codigo, nome, tipo, curso) values (2, 'aluno 2', 'A', 'curso tecnico integrado em eletrotecnica');
insert into usuario (codigo, nome, tipo) values (3, 'funcionario 3', 'F');
insert into usuario (codigo, nome, tipo, curso) values (4, 'aluno 4', 'A', 'curso superior de bacharelado em engenharia mecanica');
insert into usuario (codigo, nome, tipo) values (5, 'professor 5', 'P');
insert into usuario (codigo, nome, tipo, curso) values (6, 'aluno 6', 'A', 'curso superior de bacharelado em engenharia mecanica');
insert into usuario (codigo, nome, tipo, curso) values (7, 'aluno 7', 'A', 'curso tecnico integrado em informatica para internet');
insert into usuario (codigo, nome, tipo) values (8, 'professor 8', 'P');
insert into usuario (codigo, nome, tipo) values (9, 'professor 9', 'P');
insert into usuario (codigo, nome, tipo, curso) values (10, 'aluno 10', 'A', 'curso tecnico integrado em eletrotecnica');
insert into usuario (codigo, nome, tipo, curso) values (11, 'aluno 11', 'A', 'curso tecnico integrado em informatica para internet');
insert into usuario (codigo, nome, tipo, curso) values (12, 'aluno 12', 'A', 'curso superior de bacharelado em engenharia mecanica');
insert into usuario (codigo, nome, tipo, curso) values (13, 'aluno 13', 'A', 'curso tecnico integrado em refrigeracao e ar condicionado');
insert into usuario (codigo, nome, tipo, curso) values (14, 'aluno 14', 'A', 'curso superior de tecnologia em analise e desenvolvimento de sistemas');
insert into usuario (codigo, nome, tipo) values (15, 'funcionario 15', 'F');
insert into usuario (codigo, nome, tipo, curso) values (16, 'aluno 16', 'A', 'curso superior de tecnologia em analise e desenvolvimento de sistemas');
insert into usuario (codigo, nome, tipo, curso) values (17, 'aluno 17', 'A', 'curso superior de bacharelado em engenharia mecanica');
insert into usuario (codigo, nome, tipo, curso) values (18, 'aluno 18', 'A', 'curso tecnico integrado em eletrotecnica');
insert into usuario (codigo, nome, tipo) values (19, 'professor 19', 'P');
insert into usuario (codigo, nome, tipo, curso) values (20, 'aluno 20', 'A', 'curso tecnico integrado em eletrotecnica');
insert into usuario (codigo, nome, tipo) values (21, 'funcionario 21', 'F');
insert into usuario (codigo, nome, tipo, curso) values (22, 'aluno 22', 'A', 'curso tecnico integrado em refrigeracao e ar condicionado');
insert into usuario (codigo, nome, tipo, curso) values (23, 'aluno 23', 'A', 'curso tecnico integrado em informatica para internet');
insert into usuario (codigo, nome, tipo, curso) values (24, 'aluno 24', 'A', 'curso tecnico integrado em eletrotecnica');
insert into usuario (codigo, nome, tipo, curso) values (25, 'aluno 25', 'A', 'curso tecnico integrado em informatica para internet');
insert into usuario (codigo, nome, tipo) values (26, 'professor 26', 'P');
insert into usuario (codigo, nome, tipo, curso) values (27, 'aluno 27', 'A', 'curso tecnico integrado em refrigeracao e ar condicionado');
insert into usuario (codigo, nome, tipo) values (28, 'professor 28', 'P');
insert into usuario (codigo, nome, tipo, curso) values (29, 'aluno 29', 'A', 'curso superior de tecnologia em analise e desenvolvimento de sistemas');
insert into usuario (codigo, nome, tipo) values (30, 'professor 30', 'P');
insert into usuario (codigo, nome, tipo) values (31, 'professor 31', 'P');
insert into usuario (codigo, nome, tipo) values (32, 'professor 32', 'P');
insert into usuario (codigo, nome, tipo, curso) values (33, 'aluno 33', 'A', 'curso superior de tecnologia em analise e desenvolvimento de sistemas');
insert into usuario (codigo, nome, tipo, curso) values (34, 'aluno 34', 'A', 'curso superior de tecnologia em analise e desenvolvimento de sistemas');
insert into usuario (codigo, nome, tipo, curso) values (35, 'aluno 35', 'A', 'curso tecnico integrado em informatica para internet');
insert into usuario (codigo, nome, tipo) values (36, 'professor 36', 'P');
insert into usuario (codigo, nome, tipo, curso) values (37, 'aluno 37', 'A', 'curso tecnico integrado em eletrotecnica');
insert into usuario (codigo, nome, tipo) values (38, 'professor 38', 'P');
insert into usuario (codigo, nome, tipo) values (39, 'professor 39', 'P');
insert into usuario (codigo, nome, tipo, curso) values (40, 'aluno 40', 'A', 'curso tecnico integrado em eletrotecnica');
insert into usuario (codigo, nome, tipo) values (41, 'funcionario 41', 'F');
insert into usuario (codigo, nome, tipo) values (42, 'funcionario 42', 'F');
insert into usuario (codigo, nome, tipo, curso) values (43, 'aluno 43', 'A', 'curso tecnico integrado em informatica para internet');
insert into usuario (codigo, nome, tipo, curso) values (44, 'aluno 44', 'A', 'curso tecnico integrado em refrigeracao e ar condicionado');
insert into usuario (codigo, nome, tipo) values (45, 'funcionario 45', 'F');
insert into usuario (codigo, nome, tipo, curso) values (46, 'aluno 46', 'A', 'curso superior de bacharelado em engenharia mecanica');
insert into usuario (codigo, nome, tipo, curso) values (47, 'aluno 47', 'A', 'curso tecnico integrado em refrigeracao e ar condicionado');
insert into usuario (codigo, nome, tipo, curso) values (48, 'aluno 48', 'A', 'curso tecnico integrado em eletrotecnica');
insert into usuario (codigo, nome, tipo) values (49, 'professor 49', 'P');
insert into usuario (codigo, nome, tipo, curso) values (50, 'aluno 50', 'A', 'curso tecnico integrado em informatica para internet');
insert into usuario (codigo, nome, tipo) values (51, 'funcionario 51', 'F');
insert into usuario (codigo, nome, tipo, curso) values (52, 'aluno 52', 'A', 'curso superior de tecnologia em analise e desenvolvimento de sistemas');
insert into usuario (codigo, nome, tipo, curso) values (53, 'aluno 53', 'A', 'curso tecnico integrado em informatica para internet');
insert into usuario (codigo, nome, tipo) values (54, 'funcionario 54', 'F');
insert into usuario (codigo, nome, tipo) values (55, 'funcionario 55', 'F');
insert into usuario (codigo, nome, tipo) values (56, 'funcionario 56', 'F');
insert into usuario (codigo, nome, tipo, curso) values (57, 'aluno 57', 'A', 'curso tecnico integrado em refrigeracao e ar condicionado');
insert into usuario (codigo, nome, tipo, curso) values (58, 'aluno 58', 'A', 'curso superior de bacharelado em engenharia mecanica');
insert into usuario (codigo, nome, tipo, curso) values (59, 'aluno 59', 'A', 'curso tecnico integrado em eletrotecnica');
insert into usuario (codigo, nome, tipo, curso) values (60, 'aluno 60', 'A', 'curso superior de bacharelado em engenharia mecanica');
insert into usuario (codigo, nome, tipo, curso) values (61, 'aluno 61', 'A', 'curso superior de bacharelado em engenharia mecanica');
insert into usuario (codigo, nome, tipo) values (62, 'funcionario 62', 'F');
insert into usuario (codigo, nome, tipo) values (63, 'professor 63', 'P');
insert into usuario (codigo, nome, tipo, curso) values (64, 'aluno 64', 'A', 'curso superior de bacharelado em engenharia mecanica');
insert into usuario (codigo, nome, tipo, curso) values (65, 'aluno 65', 'A', 'curso superior de bacharelado em engenharia mecanica');
insert into usuario (codigo, nome, tipo, curso) values (66, 'aluno 66', 'A', 'curso tecnico integrado em refrigeracao e ar condicionado');
insert into usuario (codigo, nome, tipo, curso) values (67, 'aluno 67', 'A', 'curso superior de tecnologia em analise e desenvolvimento de sistemas');
insert into usuario (codigo, nome, tipo, curso) values (68, 'aluno 68', 'A', 'curso superior de tecnologia em analise e desenvolvimento de sistemas');
insert into usuario (codigo, nome, tipo, curso) values (69, 'aluno 69', 'A', 'curso superior de bacharelado em engenharia mecanica');
insert into usuario (codigo, nome, tipo) values (70, 'professor 70', 'P');
insert into usuario (codigo, nome, tipo) values (71, 'professor 71', 'P');
insert into usuario (codigo, nome, tipo, curso) values (72, 'aluno 72', 'A', 'curso tecnico integrado em refrigeracao e ar condicionado');
insert into usuario (codigo, nome, tipo) values (73, 'funcionario 73', 'F');
insert into usuario (codigo, nome, tipo) values (74, 'professor 74', 'P');
insert into usuario (codigo, nome, tipo) values (75, 'professor 75', 'P');
insert into usuario (codigo, nome, tipo) values (76, 'professor 76', 'P');
insert into usuario (codigo, nome, tipo, curso) values (77, 'aluno 77', 'A', 'curso tecnico integrado em refrigeracao e ar condicionado');
insert into usuario (codigo, nome, tipo) values (78, 'funcionario 78', 'F');
insert into usuario (codigo, nome, tipo) values (79, 'funcionario 79', 'F');
insert into usuario (codigo, nome, tipo, curso) values (80, 'aluno 80', 'A', 'curso tecnico integrado em refrigeracao e ar condicionado');
insert into usuario (codigo, nome, tipo) values (81, 'professor 81', 'P');
insert into usuario (codigo, nome, tipo, curso) values (82, 'aluno 82', 'A', 'curso tecnico integrado em eletrotecnica');
insert into usuario (codigo, nome, tipo, curso) values (83, 'aluno 83', 'A', 'curso superior de tecnologia em analise e desenvolvimento de sistemas');
insert into usuario (codigo, nome, tipo) values (84, 'funcionario 84', 'F');
insert into usuario (codigo, nome, tipo) values (85, 'professor 85', 'P');
insert into usuario (codigo, nome, tipo, curso) values (86, 'aluno 86', 'A', 'curso tecnico integrado em eletrotecnica');
insert into usuario (codigo, nome, tipo) values (87, 'funcionario 87', 'F');
insert into usuario (codigo, nome, tipo) values (88, 'funcionario 88', 'F');
insert into usuario (codigo, nome, tipo, curso) values (89, 'aluno 89', 'A', 'curso superior de tecnologia em analise e desenvolvimento de sistemas');
insert into usuario (codigo, nome, tipo, curso) values (90, 'aluno 90', 'A', 'curso tecnico integrado em eletrotecnica');
insert into usuario (codigo, nome, tipo) values (91, 'funcionario 91', 'F');
insert into usuario (codigo, nome, tipo, curso) values (92, 'aluno 92', 'A', 'curso tecnico integrado em refrigeracao e ar condicionado');
insert into usuario (codigo, nome, tipo) values (93, 'professor 93', 'P');
insert into usuario (codigo, nome, tipo) values (94, 'professor 94', 'P');
insert into usuario (codigo, nome, tipo) values (95, 'funcionario 95', 'F');
insert into usuario (codigo, nome, tipo) values (96, 'professor 96', 'P');
insert into usuario (codigo, nome, tipo) values (97, 'professor 97', 'P');
insert into usuario (codigo, nome, tipo, curso) values (98, 'aluno 98', 'A', 'curso tecnico integrado em informatica para internet');
insert into usuario (codigo, nome, tipo, curso) values (99, 'aluno 99', 'A', 'curso tecnico integrado em eletrotecnica');
insert into usuario (codigo, nome, tipo, curso) values (100, 'aluno 100', 'A', 'curso tecnico integrado em refrigeracao e ar condicionado');
insert into livro (codigo, titulo) values (1, 'postgresql xxx 1');
insert into livro (codigo, titulo) values (2, 'xxx postgresql xxx 2');
insert into livro (codigo, titulo) values (3, 'livro 3');
insert into livro (codigo, titulo) values (4, 'livro 4');
insert into livro (codigo, titulo) values (5, 'livro 5');
insert into livro (codigo, titulo) values (6, 'livro 6');
insert into livro (codigo, titulo) values (7, 'livro 7');
insert into livro (codigo, titulo) values (8, 'livro 8');
insert into livro (codigo, titulo) values (9, 'livro 9');
insert into livro (codigo, titulo) values (10, 'livro 10');
insert into livro (codigo, titulo) values (11, 'livro 11');
insert into livro (codigo, titulo) values (12, 'livro 12');
insert into livro (codigo, titulo) values (13, 'livro 13');
insert into livro (codigo, titulo) values (14, 'xxx postgresql 14');
insert into livro (codigo, titulo) values (15, 'livro 15');
insert into livro (codigo, titulo) values (16, 'xxx postgresql xxx 16');
insert into livro (codigo, titulo) values (17, 'livro 17');
insert into livro (codigo, titulo) values (18, 'livro 18');
insert into livro (codigo, titulo) values (19, 'livro 19');
insert into livro (codigo, titulo) values (20, 'livro 20');
insert into livro (codigo, titulo) values (21, 'xxx postgresql 21');
insert into livro (codigo, titulo) values (22, 'livro 22');
insert into livro (codigo, titulo) values (23, 'livro 23');
insert into livro (codigo, titulo) values (24, 'livro 24');
insert into livro (codigo, titulo) values (25, 'livro 25');
insert into livro (codigo, titulo) values (26, 'livro 26');
insert into livro (codigo, titulo) values (27, 'postgresql xxx 27');
insert into livro (codigo, titulo) values (28, 'livro 28');
insert into livro (codigo, titulo) values (29, 'postgresql xxx 29');
insert into livro (codigo, titulo) values (30, 'xxx postgresql xxx 30');
insert into exemplar (codigo, livro) values (1001, 1);
insert into exemplar (codigo, livro) values (2001, 2);
insert into exemplar (codigo, livro) values (2002, 2);
insert into exemplar (codigo, livro) values (3001, 3);
insert into exemplar (codigo, livro) values (3002, 3);
insert into exemplar (codigo, livro) values (3003, 3);
insert into exemplar (codigo, livro) values (4001, 4);
insert into exemplar (codigo, livro) values (4002, 4);
insert into exemplar (codigo, livro) values (4003, 4);
insert into exemplar (codigo, livro) values (5001, 5);
insert into exemplar (codigo, livro) values (5002, 5);
insert into exemplar (codigo, livro) values (5003, 5);
insert into exemplar (codigo, livro) values (6001, 6);
insert into exemplar (codigo, livro) values (6002, 6);
insert into exemplar (codigo, livro) values (6003, 6);
insert into exemplar (codigo, livro) values (7001, 7);
insert into exemplar (codigo, livro) values (7002, 7);
insert into exemplar (codigo, livro) values (7003, 7);
insert into exemplar (codigo, livro) values (7004, 7);
insert into exemplar (codigo, livro) values (8001, 8);
insert into exemplar (codigo, livro) values (8002, 8);
insert into exemplar (codigo, livro) values (8003, 8);
insert into exemplar (codigo, livro) values (8004, 8);
insert into exemplar (codigo, livro) values (9001, 9);
insert into exemplar (codigo, livro) values (10001, 10);
insert into exemplar (codigo, livro) values (10002, 10);
insert into exemplar (codigo, livro) values (10003, 10);
insert into exemplar (codigo, livro) values (10004, 10);
insert into exemplar (codigo, livro) values (11001, 11);
insert into exemplar (codigo, livro) values (11002, 11);
insert into exemplar (codigo, livro) values (11003, 11);
insert into exemplar (codigo, livro) values (12001, 12);
insert into exemplar (codigo, livro) values (12002, 12);
insert into exemplar (codigo, livro) values (13001, 13);
insert into exemplar (codigo, livro) values (14001, 14);
insert into exemplar (codigo, livro) values (14002, 14);
insert into exemplar (codigo, livro) values (14003, 14);
insert into exemplar (codigo, livro) values (15001, 15);
insert into exemplar (codigo, livro) values (15002, 15);
insert into exemplar (codigo, livro) values (16001, 16);
insert into exemplar (codigo, livro) values (16002, 16);
insert into exemplar (codigo, livro) values (16003, 16);
insert into exemplar (codigo, livro) values (16004, 16);
insert into exemplar (codigo, livro) values (16005, 16);
insert into exemplar (codigo, livro) values (17001, 17);
insert into exemplar (codigo, livro) values (17002, 17);
insert into exemplar (codigo, livro) values (17003, 17);
insert into exemplar (codigo, livro) values (17004, 17);
insert into exemplar (codigo, livro) values (18001, 18);
insert into exemplar (codigo, livro) values (18002, 18);
insert into exemplar (codigo, livro) values (18003, 18);
insert into exemplar (codigo, livro) values (18004, 18);
insert into exemplar (codigo, livro) values (19001, 19);
insert into exemplar (codigo, livro) values (19002, 19);
insert into exemplar (codigo, livro) values (19003, 19);
insert into exemplar (codigo, livro) values (20001, 20);
insert into exemplar (codigo, livro) values (20002, 20);
insert into exemplar (codigo, livro) values (20003, 20);
insert into exemplar (codigo, livro) values (20004, 20);
insert into exemplar (codigo, livro) values (20005, 20);
insert into exemplar (codigo, livro) values (21001, 21);
insert into exemplar (codigo, livro) values (21002, 21);
insert into exemplar (codigo, livro) values (21003, 21);
insert into exemplar (codigo, livro) values (22001, 22);
insert into exemplar (codigo, livro) values (22002, 22);
insert into exemplar (codigo, livro) values (22003, 22);
insert into exemplar (codigo, livro) values (23001, 23);
insert into exemplar (codigo, livro) values (24001, 24);
insert into exemplar (codigo, livro) values (24002, 24);
insert into exemplar (codigo, livro) values (24003, 24);
insert into exemplar (codigo, livro) values (24004, 24);
insert into exemplar (codigo, livro) values (25001, 25);
insert into exemplar (codigo, livro) values (26001, 26);
insert into exemplar (codigo, livro) values (27001, 27);
insert into exemplar (codigo, livro) values (27002, 27);
insert into exemplar (codigo, livro) values (27003, 27);
insert into exemplar (codigo, livro) values (28001, 28);
insert into exemplar (codigo, livro) values (28002, 28);
insert into exemplar (codigo, livro) values (28003, 28);
insert into exemplar (codigo, livro) values (28004, 28);
insert into exemplar (codigo, livro) values (28005, 28);
insert into exemplar (codigo, livro) values (29001, 29);
insert into exemplar (codigo, livro) values (29002, 29);
insert into exemplar (codigo, livro) values (30001, 30);
insert into exemplar (codigo, livro) values (30002, 30);
insert into locacao (usuario, exemplar, retirada, entrega) values (60, 1001, '2018-03-30', '2018-04-12');
insert into locacao (usuario, exemplar, retirada, entrega) values (7, 1001, '2018-04-07', '2018-04-17');
insert into locacao (usuario, exemplar, retirada, entrega) values (43, 1001, '2018-06-03', '2018-06-07');
insert into locacao (usuario, exemplar, retirada, entrega) values (35, 1001, '2018-07-18', '2018-07-19');
insert into locacao (usuario, exemplar, retirada, entrega) values (6, 1001, '2018-10-13', '2018-10-26');
insert into locacao (usuario, exemplar, retirada, entrega) values (64, 1001, '2019-01-11', '2019-01-16');
insert into locacao (usuario, exemplar, retirada, entrega) values (32, 2001, '2018-01-04', '2018-01-11');
insert into locacao (usuario, exemplar, retirada, entrega) values (57, 2001, '2018-03-13', '2018-03-16');
insert into locacao (usuario, exemplar, retirada, entrega) values (10, 2001, '2018-03-19', '2018-03-25');
insert into locacao (usuario, exemplar, retirada, entrega) values (58, 2001, '2018-05-19', '2018-05-29');
insert into locacao (usuario, exemplar, retirada, entrega) values (2, 2001, '2018-06-25', '2018-07-04');
insert into locacao (usuario, exemplar, retirada, entrega) values (46, 2001, '2018-09-28', '2018-10-10');
insert into locacao (usuario, exemplar, retirada, entrega) values (13, 2001, '2018-10-08', '2018-10-09');
insert into locacao (usuario, exemplar, retirada, entrega) values (87, 2001, '2018-11-02', '2018-11-13');
insert into locacao (usuario, exemplar, retirada, entrega) values (53, 2001, '2019-02-02', '2019-02-08');
insert into locacao (usuario, exemplar, retirada, entrega) values (78, 2002, '2018-02-18', '2018-02-27');
insert into locacao (usuario, exemplar, retirada, entrega) values (51, 2002, '2018-04-21', '2018-04-27');
insert into locacao (usuario, exemplar, retirada, entrega) values (45, 2002, '2018-06-28', '2018-07-06');
insert into locacao (usuario, exemplar, retirada, entrega) values (32, 2002, '2018-08-16', '2018-08-23');
insert into locacao (usuario, exemplar, retirada, entrega) values (9, 2002, '2018-11-15', '2018-11-17');
insert into locacao (usuario, exemplar, retirada, entrega) values (56, 2002, '2018-12-13', '2018-12-14');
insert into locacao (usuario, exemplar, retirada, entrega) values (4, 2002, '2019-01-06', '2019-01-09');
insert into locacao (usuario, exemplar, retirada, entrega) values (36, 2002, '2019-01-19', '2019-01-19');
insert into locacao (usuario, exemplar, retirada, entrega) values (95, 2002, '2019-02-02', '2019-02-15');
insert into locacao (usuario, exemplar, retirada, entrega) values (93, 3001, '2018-01-10', '2018-01-14');
insert into locacao (usuario, exemplar, retirada, entrega) values (4, 3001, '2018-01-24', '2018-01-29');
insert into locacao (usuario, exemplar, retirada, entrega) values (78, 3001, '2018-04-17', '2018-04-24');
insert into locacao (usuario, exemplar, retirada, entrega) values (46, 3001, '2018-05-31', '2018-06-03');
insert into locacao (usuario, exemplar, retirada, entrega) values (43, 3001, '2018-06-30', '2018-07-01');
insert into locacao (usuario, exemplar, retirada, entrega) values (57, 3001, '2018-08-29', '2018-09-03');
insert into locacao (usuario, exemplar, retirada, entrega) values (60, 3001, '2018-09-21', '2018-10-02');
insert into locacao (usuario, exemplar, retirada, entrega) values (25, 3001, '2018-10-19', '2018-11-01');
insert into locacao (usuario, exemplar, retirada, entrega) values (24, 3001, '2018-11-30', '2018-12-09');
insert into locacao (usuario, exemplar, retirada, entrega) values (2, 3001, '2018-12-20', '2018-12-26');
insert into locacao (usuario, exemplar, retirada, entrega) values (62, 3001, '2018-12-23', '2019-01-04');
insert into locacao (usuario, exemplar, retirada, entrega) values (83, 3001, '2019-02-09', '2019-02-22');
insert into locacao (usuario, exemplar, retirada, entrega) values (74, 3001, '2019-03-27', '2019-04-06');
insert into locacao (usuario, exemplar, retirada, entrega) values (78, 3002, '2018-01-06', '2018-01-16');
insert into locacao (usuario, exemplar, retirada, entrega) values (43, 3002, '2018-01-26', '2018-02-07');
insert into locacao (usuario, exemplar, retirada, entrega) values (2, 3002, '2018-05-04', '2018-05-12');
insert into locacao (usuario, exemplar, retirada, entrega) values (94, 3002, '2018-05-30', '2018-06-05');
insert into locacao (usuario, exemplar, retirada, entrega) values (8, 3002, '2018-09-06', '2018-09-17');
insert into locacao (usuario, exemplar, retirada, entrega) values (79, 3002, '2018-10-25', '2018-11-01');
insert into locacao (usuario, exemplar, retirada, entrega) values (75, 3002, '2019-01-25', '2019-02-07');
insert into locacao (usuario, exemplar, retirada, entrega) values (67, 3002, '2019-03-21', '2019-03-26');
insert into locacao (usuario, exemplar, retirada, entrega) values (44, 3003, '2018-02-26', '2018-03-01');
insert into locacao (usuario, exemplar, retirada, entrega) values (45, 3003, '2018-03-14', '2018-03-15');
insert into locacao (usuario, exemplar, retirada, entrega) values (9, 3003, '2018-04-18', '2018-04-26');
insert into locacao (usuario, exemplar, retirada, entrega) values (73, 3003, '2018-05-22', '2018-05-31');
insert into locacao (usuario, exemplar, retirada, entrega) values (9, 3003, '2018-07-20', '2018-07-30');
insert into locacao (usuario, exemplar, retirada, entrega) values (32, 3003, '2018-09-29', '2018-10-10');
insert into locacao (usuario, exemplar, retirada, entrega) values (4, 3003, '2018-10-02', '2018-10-10');
insert into locacao (usuario, exemplar, retirada, entrega) values (20, 3003, '2018-12-25', '2019-01-07');
insert into locacao (usuario, exemplar, retirada, entrega) values (83, 3003, '2019-02-03', '2019-02-13');
insert into locacao (usuario, exemplar, retirada, entrega) values (87, 3003, '2019-02-11', '2019-02-11');
insert into locacao (usuario, exemplar, retirada, entrega) values (33, 4001, '2018-03-09', '2018-03-09');
insert into locacao (usuario, exemplar, retirada, entrega) values (21, 4001, '2018-05-25', '2018-05-27');
insert into locacao (usuario, exemplar, retirada, entrega) values (13, 4001, '2018-06-18', '2018-06-18');
insert into locacao (usuario, exemplar, retirada, entrega) values (67, 4001, '2018-09-03', '2018-09-09');
insert into locacao (usuario, exemplar, retirada, entrega) values (57, 4001, '2018-09-06', '2018-09-09');
insert into locacao (usuario, exemplar, retirada, entrega) values (2, 4001, '2018-12-13', '2018-12-21');
insert into locacao (usuario, exemplar, retirada, entrega) values (15, 4001, '2019-03-22', '2019-03-22');
insert into locacao (usuario, exemplar, retirada, entrega) values (99, 4002, '2018-01-21', '2018-01-28');
insert into locacao (usuario, exemplar, retirada, entrega) values (67, 4002, '2018-04-12', '2018-04-16');
insert into locacao (usuario, exemplar, retirada, entrega) values (66, 4002, '2018-05-26', '2018-06-05');
insert into locacao (usuario, exemplar, retirada, entrega) values (90, 4002, '2018-09-02', '2018-09-13');
insert into locacao (usuario, exemplar, retirada, entrega) values (58, 4002, '2018-12-01', '2018-12-14');
insert into locacao (usuario, exemplar, retirada, entrega) values (53, 4002, '2018-12-31', '2019-01-05');
insert into locacao (usuario, exemplar, retirada, entrega) values (89, 4002, '2019-02-20', '2019-02-24');
insert into locacao (usuario, exemplar, retirada, entrega) values (22, 4003, '2018-03-30', '2018-04-10');
insert into locacao (usuario, exemplar, retirada, entrega) values (20, 4003, '2018-05-30', '2018-05-31');
insert into locacao (usuario, exemplar, retirada, entrega) values (66, 4003, '2018-07-26', '2018-08-08');
insert into locacao (usuario, exemplar, retirada, entrega) values (94, 4003, '2018-09-11', '2018-09-24');
insert into locacao (usuario, exemplar, retirada, entrega) values (1, 4003, '2018-12-16', '2018-12-24');
insert into locacao (usuario, exemplar, retirada, entrega) values (7, 4003, '2019-02-21', '2019-02-22');
insert into locacao (usuario, exemplar, retirada, entrega) values (18, 5001, '2018-04-06', '2018-04-10');
insert into locacao (usuario, exemplar, retirada, entrega) values (79, 5001, '2018-05-09', '2018-05-11');
insert into locacao (usuario, exemplar, retirada, entrega) values (99, 5001, '2018-05-22', '2018-05-23');
insert into locacao (usuario, exemplar, retirada, entrega) values (87, 5001, '2018-06-20', '2018-06-30');
insert into locacao (usuario, exemplar, retirada, entrega) values (4, 5001, '2018-09-10', '2018-09-18');
insert into locacao (usuario, exemplar, retirada, entrega) values (91, 5001, '2018-11-01', '2018-11-13');
insert into locacao (usuario, exemplar, retirada, entrega) values (2, 5001, '2019-01-15', '2019-01-28');
insert into locacao (usuario, exemplar, retirada, entrega) values (96, 5001, '2019-02-23', '2019-02-26');
insert into locacao (usuario, exemplar, retirada, entrega) values (65, 5001, '2019-03-06', '2019-03-07');
insert into locacao (usuario, exemplar, retirada, entrega) values (66, 5002, '2018-01-15', '2018-01-22');
insert into locacao (usuario, exemplar, retirada, entrega) values (31, 5002, '2018-04-09', '2018-04-16');
insert into locacao (usuario, exemplar, retirada, entrega) values (36, 5002, '2018-04-25', '2018-05-04');
insert into locacao (usuario, exemplar, retirada, entrega) values (3, 5002, '2018-07-07', '2018-07-12');
insert into locacao (usuario, exemplar, retirada, entrega) values (74, 5002, '2018-10-06', '2018-10-12');
insert into locacao (usuario, exemplar, retirada, entrega) values (12, 5002, '2018-11-22', '2018-12-02');
insert into locacao (usuario, exemplar, retirada, entrega) values (29, 5002, '2019-02-16', '2019-02-25');
insert into locacao (usuario, exemplar, retirada, entrega) values (68, 5002, '2019-02-23', '2019-02-25');
insert into locacao (usuario, exemplar, retirada, entrega) values (36, 5003, '2018-01-12', '2018-01-20');
insert into locacao (usuario, exemplar, retirada, entrega) values (95, 5003, '2018-02-18', '2018-03-01');
insert into locacao (usuario, exemplar, retirada, entrega) values (29, 5003, '2018-04-23', '2018-05-03');
insert into locacao (usuario, exemplar, retirada, entrega) values (84, 5003, '2018-05-04', '2018-05-13');
insert into locacao (usuario, exemplar, retirada, entrega) values (9, 5003, '2018-07-26', '2018-07-29');
insert into locacao (usuario, exemplar, retirada, entrega) values (77, 5003, '2018-08-27', '2018-08-28');
insert into locacao (usuario, exemplar, retirada, entrega) values (81, 5003, '2018-11-15', '2018-11-25');
insert into locacao (usuario, exemplar, retirada, entrega) values (2, 5003, '2019-01-10', '2019-01-16');
insert into locacao (usuario, exemplar, retirada, entrega) values (98, 5003, '2019-03-17', '2019-03-29');
insert into locacao (usuario, exemplar, retirada, entrega) values (18, 6001, '2018-01-17', '2018-01-30');
insert into locacao (usuario, exemplar, retirada, entrega) values (14, 6001, '2018-01-30', '2018-02-03');
insert into locacao (usuario, exemplar, retirada, entrega) values (1, 6001, '2018-02-02', '2018-02-10');
insert into locacao (usuario, exemplar, retirada, entrega) values (59, 6001, '2018-03-16', '2018-03-17');
insert into locacao (usuario, exemplar, retirada, entrega) values (54, 6001, '2018-05-06', '2018-05-16');
insert into locacao (usuario, exemplar, retirada, entrega) values (91, 6001, '2018-07-21', '2018-07-26');
insert into locacao (usuario, exemplar, retirada, entrega) values (43, 6001, '2018-10-24', '2018-11-01');
insert into locacao (usuario, exemplar, retirada, entrega) values (80, 6001, '2018-11-18', '2018-11-20');
insert into locacao (usuario, exemplar, retirada, entrega) values (69, 6001, '2018-12-04', '2018-12-09');
insert into locacao (usuario, exemplar, retirada, entrega) values (11, 6001, '2018-12-17', '2018-12-21');
insert into locacao (usuario, exemplar, retirada, entrega) values (79, 6001, '2019-03-03', '2019-03-09');
insert into locacao (usuario, exemplar, retirada, entrega) values (40, 6002, '2018-02-26', '2018-03-11');
insert into locacao (usuario, exemplar, retirada, entrega) values (5, 6002, '2018-03-28', '2018-04-08');
insert into locacao (usuario, exemplar, retirada, entrega) values (3, 6002, '2018-05-14', '2018-05-25');
insert into locacao (usuario, exemplar, retirada, entrega) values (11, 6002, '2018-05-17', '2018-05-28');
insert into locacao (usuario, exemplar, retirada, entrega) values (91, 6002, '2018-08-20', '2018-08-29');
insert into locacao (usuario, exemplar, retirada, entrega) values (68, 6002, '2018-11-25', '2018-12-04');
insert into locacao (usuario, exemplar, retirada, entrega) values (36, 6002, '2019-02-16', '2019-03-01');
insert into locacao (usuario, exemplar, retirada, entrega) values (23, 6002, '2019-02-28', '2019-03-08');
insert into locacao (usuario, exemplar, retirada, entrega) values (95, 6002, '2019-03-11', '2019-03-12');
insert into locacao (usuario, exemplar, retirada, entrega) values (37, 6002, '2019-03-13', '2019-03-13');
insert into locacao (usuario, exemplar, retirada, entrega) values (32, 6003, '2018-03-30', '2018-04-09');
insert into locacao (usuario, exemplar, retirada, entrega) values (72, 6003, '2018-07-06', '2018-07-11');
insert into locacao (usuario, exemplar, retirada, entrega) values (25, 6003, '2018-08-08', '2018-08-13');
insert into locacao (usuario, exemplar, retirada, entrega) values (50, 6003, '2018-09-11', '2018-09-17');
insert into locacao (usuario, exemplar, retirada, entrega) values (79, 6003, '2018-11-15', '2018-11-26');
insert into locacao (usuario, exemplar, retirada, entrega) values (56, 6003, '2019-01-13', '2019-01-19');
insert into locacao (usuario, exemplar, retirada, entrega) values (50, 6003, '2019-03-12', '2019-03-21');
insert into locacao (usuario, exemplar, retirada, entrega) values (77, 7001, '2018-02-25', '2018-03-02');
insert into locacao (usuario, exemplar, retirada, entrega) values (48, 7001, '2018-03-16', '2018-03-26');
insert into locacao (usuario, exemplar, retirada, entrega) values (71, 7001, '2018-05-16', '2018-05-23');
insert into locacao (usuario, exemplar, retirada, entrega) values (87, 7001, '2018-06-14', '2018-06-21');
insert into locacao (usuario, exemplar, retirada, entrega) values (14, 7001, '2018-08-03', '2018-08-15');
insert into locacao (usuario, exemplar, retirada, entrega) values (3, 7001, '2018-08-15', '2018-08-21');
insert into locacao (usuario, exemplar, retirada, entrega) values (34, 7001, '2018-10-26', '2018-10-31');
insert into locacao (usuario, exemplar, retirada, entrega) values (24, 7001, '2018-12-28', '2019-01-06');
insert into locacao (usuario, exemplar, retirada, entrega) values (31, 7001, '2019-02-02', '2019-02-15');
insert into locacao (usuario, exemplar, retirada, entrega) values (33, 7002, '2018-03-06', '2018-03-09');
insert into locacao (usuario, exemplar, retirada, entrega) values (52, 7002, '2018-03-23', '2018-03-29');
insert into locacao (usuario, exemplar, retirada, entrega) values (43, 7002, '2018-04-04', '2018-04-10');
insert into locacao (usuario, exemplar, retirada, entrega) values (52, 7002, '2018-05-28', '2018-06-03');
insert into locacao (usuario, exemplar, retirada, entrega) values (57, 7002, '2018-06-17', '2018-06-21');
insert into locacao (usuario, exemplar, retirada, entrega) values (27, 7002, '2018-08-28', '2018-09-02');
insert into locacao (usuario, exemplar, retirada, entrega) values (18, 7002, '2018-09-07', '2018-09-18');
insert into locacao (usuario, exemplar, retirada, entrega) values (26, 7002, '2018-10-26', '2018-11-08');
insert into locacao (usuario, exemplar, retirada, entrega) values (47, 7002, '2018-10-26', '2018-10-31');
insert into locacao (usuario, exemplar, retirada, entrega) values (39, 7002, '2018-11-15', '2018-11-16');
insert into locacao (usuario, exemplar, retirada, entrega) values (64, 7002, '2019-01-15', '2019-01-16');
insert into locacao (usuario, exemplar, retirada, entrega) values (48, 7003, '2018-02-03', '2018-02-04');
insert into locacao (usuario, exemplar, retirada, entrega) values (78, 7003, '2018-04-29', '2018-05-10');
insert into locacao (usuario, exemplar, retirada, entrega) values (40, 7003, '2018-04-29', '2018-05-04');
insert into locacao (usuario, exemplar, retirada, entrega) values (32, 7003, '2018-05-06', '2018-05-13');
insert into locacao (usuario, exemplar, retirada, entrega) values (33, 7003, '2018-06-06', '2018-06-12');
insert into locacao (usuario, exemplar, retirada, entrega) values (74, 7003, '2018-09-10', '2018-09-10');
insert into locacao (usuario, exemplar, retirada, entrega) values (81, 7003, '2018-11-16', '2018-11-23');
insert into locacao (usuario, exemplar, retirada, entrega) values (97, 7003, '2019-01-24', '2019-02-02');
insert into locacao (usuario, exemplar, retirada, entrega) values (47, 7003, '2019-02-03', '2019-02-14');
insert into locacao (usuario, exemplar, retirada, entrega) values (42, 7003, '2019-02-12', '2019-02-13');
insert into locacao (usuario, exemplar, retirada, entrega) values (60, 7004, '2018-03-15', '2018-03-22');
insert into locacao (usuario, exemplar, retirada, entrega) values (98, 7004, '2018-05-14', '2018-05-27');
insert into locacao (usuario, exemplar, retirada, entrega) values (24, 7004, '2018-08-04', '2018-08-06');
insert into locacao (usuario, exemplar, retirada, entrega) values (13, 7004, '2018-10-14', '2018-10-26');
insert into locacao (usuario, exemplar, retirada, entrega) values (17, 7004, '2019-01-10', '2019-01-20');
insert into locacao (usuario, exemplar, retirada, entrega) values (71, 7004, '2019-03-23', '2019-03-29');
insert into locacao (usuario, exemplar, retirada, entrega) values (17, 8001, '2018-01-09', '2018-01-15');
insert into locacao (usuario, exemplar, retirada, entrega) values (9, 8001, '2018-04-17', '2018-04-24');
insert into locacao (usuario, exemplar, retirada, entrega) values (65, 8001, '2018-06-03', '2018-06-12');
insert into locacao (usuario, exemplar, retirada, entrega) values (44, 8001, '2018-06-14', '2018-06-22');
insert into locacao (usuario, exemplar, retirada, entrega) values (40, 8001, '2018-07-25', '2018-07-29');
insert into locacao (usuario, exemplar, retirada, entrega) values (65, 8001, '2018-10-13', '2018-10-14');
insert into locacao (usuario, exemplar, retirada, entrega) values (8, 8001, '2018-11-24', '2018-11-26');
insert into locacao (usuario, exemplar, retirada, entrega) values (92, 8001, '2019-01-21', '2019-01-30');
insert into locacao (usuario, exemplar, retirada, entrega) values (19, 8002, '2018-03-03', '2018-03-03');
insert into locacao (usuario, exemplar, retirada, entrega) values (11, 8002, '2018-04-11', '2018-04-19');
insert into locacao (usuario, exemplar, retirada, entrega) values (69, 8002, '2018-05-15', '2018-05-17');
insert into locacao (usuario, exemplar, retirada, entrega) values (92, 8002, '2018-08-13', '2018-08-21');
insert into locacao (usuario, exemplar, retirada, entrega) values (63, 8002, '2018-09-15', '2018-09-17');
insert into locacao (usuario, exemplar, retirada, entrega) values (11, 8002, '2018-09-17', '2018-09-25');
insert into locacao (usuario, exemplar, retirada, entrega) values (29, 8002, '2018-12-04', '2018-12-09');
insert into locacao (usuario, exemplar, retirada, entrega) values (11, 8002, '2018-12-25', '2019-01-01');
insert into locacao (usuario, exemplar, retirada, entrega) values (39, 8002, '2019-01-17', '2019-01-18');
insert into locacao (usuario, exemplar, retirada, entrega) values (50, 8002, '2019-03-29', '2019-04-04');
insert into locacao (usuario, exemplar, retirada, entrega) values (60, 8003, '2018-02-23', '2018-02-27');
insert into locacao (usuario, exemplar, retirada, entrega) values (28, 8003, '2018-05-02', '2018-05-08');
insert into locacao (usuario, exemplar, retirada, entrega) values (40, 8003, '2018-05-26', '2018-06-07');
insert into locacao (usuario, exemplar, retirada, entrega) values (43, 8003, '2018-07-24', '2018-07-26');
insert into locacao (usuario, exemplar, retirada, entrega) values (26, 8003, '2018-08-30', '2018-09-08');
insert into locacao (usuario, exemplar, retirada, entrega) values (92, 8003, '2018-11-13', '2018-11-22');
insert into locacao (usuario, exemplar, retirada, entrega) values (13, 8003, '2019-01-02', '2019-01-04');
insert into locacao (usuario, exemplar, retirada, entrega) values (19, 8003, '2019-01-11', '2019-01-22');
insert into locacao (usuario, exemplar, retirada, entrega) values (23, 8004, '2018-04-10', '2018-04-22');
insert into locacao (usuario, exemplar, retirada, entrega) values (99, 8004, '2018-05-31', '2018-06-03');
insert into locacao (usuario, exemplar, retirada, entrega) values (22, 8004, '2018-06-15', '2018-06-18');
insert into locacao (usuario, exemplar, retirada, entrega) values (14, 8004, '2018-06-27', '2018-06-28');
insert into locacao (usuario, exemplar, retirada, entrega) values (46, 8004, '2018-09-14', '2018-09-25');
insert into locacao (usuario, exemplar, retirada, entrega) values (10, 8004, '2018-11-17', '2018-11-27');
insert into locacao (usuario, exemplar, retirada, entrega) values (47, 8004, '2019-01-31', '2019-02-06');
insert into locacao (usuario, exemplar, retirada, entrega) values (50, 8004, '2019-03-10', '2019-03-21');
insert into locacao (usuario, exemplar, retirada, entrega) values (3, 9001, '2018-01-19', '2018-01-25');
insert into locacao (usuario, exemplar, retirada, entrega) values (55, 9001, '2018-03-01', '2018-03-14');
insert into locacao (usuario, exemplar, retirada, entrega) values (6, 9001, '2018-05-08', '2018-05-10');
insert into locacao (usuario, exemplar, retirada, entrega) values (93, 9001, '2018-06-12', '2018-06-22');
insert into locacao (usuario, exemplar, retirada, entrega) values (43, 9001, '2018-09-15', '2018-09-15');
insert into locacao (usuario, exemplar, retirada, entrega) values (96, 9001, '2018-10-30', '2018-11-09');
insert into locacao (usuario, exemplar, retirada, entrega) values (62, 9001, '2018-11-28', '2018-12-09');
insert into locacao (usuario, exemplar, retirada, entrega) values (27, 9001, '2019-01-03', '2019-01-11');
insert into locacao (usuario, exemplar, retirada, entrega) values (16, 9001, '2019-02-04', '2019-02-09');
insert into locacao (usuario, exemplar, retirada, entrega) values (41, 9001, '2019-02-12', '2019-02-17');
insert into locacao (usuario, exemplar, retirada, entrega) values (34, 10001, '2018-03-10', '2018-03-17');
insert into locacao (usuario, exemplar, retirada, entrega) values (53, 10001, '2018-04-13', '2018-04-14');
insert into locacao (usuario, exemplar, retirada, entrega) values (48, 10001, '2018-06-16', '2018-06-20');
insert into locacao (usuario, exemplar, retirada, entrega) values (84, 10001, '2018-07-09', '2018-07-12');
insert into locacao (usuario, exemplar, retirada, entrega) values (9, 10001, '2018-09-28', '2018-10-05');
insert into locacao (usuario, exemplar, retirada, entrega) values (57, 10001, '2018-11-02', '2018-11-05');
insert into locacao (usuario, exemplar, retirada, entrega) values (83, 10001, '2019-02-02', '2019-02-02');
insert into locacao (usuario, exemplar, retirada, entrega) values (33, 10001, '2019-03-03', '2019-03-07');
insert into locacao (usuario, exemplar, retirada, entrega) values (95, 10001, '2019-03-28', '2019-04-08');
insert into locacao (usuario, exemplar, retirada, entrega) values (39, 10001, '2019-03-29', '2019-04-02');
insert into locacao (usuario, exemplar, retirada, entrega) values (90, 10002, '2018-03-16', '2018-03-27');
insert into locacao (usuario, exemplar, retirada, entrega) values (9, 10002, '2018-04-03', '2018-04-05');
insert into locacao (usuario, exemplar, retirada, entrega) values (94, 10002, '2018-04-22', '2018-04-25');
insert into locacao (usuario, exemplar, retirada, entrega) values (7, 10002, '2018-05-21', '2018-05-23');
insert into locacao (usuario, exemplar, retirada, entrega) values (1, 10002, '2018-05-24', '2018-05-25');
insert into locacao (usuario, exemplar, retirada, entrega) values (48, 10002, '2018-06-05', '2018-06-11');
insert into locacao (usuario, exemplar, retirada, entrega) values (67, 10002, '2018-06-17', '2018-06-27');
insert into locacao (usuario, exemplar, retirada, entrega) values (90, 10002, '2018-09-09', '2018-09-19');
insert into locacao (usuario, exemplar, retirada, entrega) values (44, 10002, '2018-11-06', '2018-11-09');
insert into locacao (usuario, exemplar, retirada, entrega) values (75, 10002, '2019-01-31', '2019-02-01');
insert into locacao (usuario, exemplar, retirada, entrega) values (76, 10002, '2019-03-15', '2019-03-25');
insert into locacao (usuario, exemplar, retirada, entrega) values (13, 10003, '2018-04-07', '2018-04-07');
insert into locacao (usuario, exemplar, retirada, entrega) values (36, 10003, '2018-06-08', '2018-06-21');
insert into locacao (usuario, exemplar, retirada, entrega) values (61, 10003, '2018-07-22', '2018-08-02');
insert into locacao (usuario, exemplar, retirada, entrega) values (43, 10003, '2018-09-18', '2018-09-29');
insert into locacao (usuario, exemplar, retirada, entrega) values (67, 10003, '2018-09-26', '2018-10-05');
insert into locacao (usuario, exemplar, retirada, entrega) values (73, 10003, '2018-12-02', '2018-12-12');
insert into locacao (usuario, exemplar, retirada, entrega) values (11, 10003, '2019-01-08', '2019-01-09');
insert into locacao (usuario, exemplar, retirada, entrega) values (18, 10003, '2019-01-17', '2019-01-28');
insert into locacao (usuario, exemplar, retirada, entrega) values (29, 10003, '2019-03-16', '2019-03-18');
insert into locacao (usuario, exemplar, retirada, entrega) values (96, 10004, '2018-02-16', '2018-02-16');
insert into locacao (usuario, exemplar, retirada, entrega) values (18, 10004, '2018-03-01', '2018-03-07');
insert into locacao (usuario, exemplar, retirada, entrega) values (37, 10004, '2018-04-06', '2018-04-08');
insert into locacao (usuario, exemplar, retirada, entrega) values (68, 10004, '2018-07-03', '2018-07-10');
insert into locacao (usuario, exemplar, retirada, entrega) values (84, 10004, '2018-09-26', '2018-09-30');
insert into locacao (usuario, exemplar, retirada, entrega) values (60, 10004, '2018-12-10', '2018-12-13');
insert into locacao (usuario, exemplar, retirada, entrega) values (85, 10004, '2018-12-18', '2018-12-20');
insert into locacao (usuario, exemplar, retirada, entrega) values (20, 10004, '2018-12-19', '2018-12-29');
insert into locacao (usuario, exemplar, retirada, entrega) values (41, 10004, '2019-03-04', '2019-03-16');
insert into locacao (usuario, exemplar, retirada, entrega) values (29, 10004, '2019-03-23', '2019-03-30');
insert into locacao (usuario, exemplar, retirada, entrega) values (99, 11001, '2018-03-19', '2018-03-26');
insert into locacao (usuario, exemplar, retirada, entrega) values (44, 11001, '2018-03-24', '2018-04-04');
insert into locacao (usuario, exemplar, retirada, entrega) values (42, 11001, '2018-06-20', '2018-06-27');
insert into locacao (usuario, exemplar, retirada, entrega) values (80, 11001, '2018-08-01', '2018-08-08');
insert into locacao (usuario, exemplar, retirada, entrega) values (78, 11001, '2018-08-02', '2018-08-15');
insert into locacao (usuario, exemplar, retirada, entrega) values (98, 11001, '2018-10-29', '2018-10-29');
insert into locacao (usuario, exemplar, retirada, entrega) values (48, 11001, '2018-11-22', '2018-11-24');
insert into locacao (usuario, exemplar, retirada, entrega) values (18, 11001, '2018-12-29', '2019-01-10');
insert into locacao (usuario, exemplar, retirada, entrega) values (39, 11001, '2019-02-15', '2019-02-20');
insert into locacao (usuario, exemplar, retirada, entrega) values (31, 11001, '2019-02-18', '2019-02-26');
insert into locacao (usuario, exemplar, retirada, entrega) values (6, 11001, '2019-03-27', '2019-04-05');
insert into locacao (usuario, exemplar, retirada, entrega) values (2, 11002, '2018-02-19', '2018-02-21');
insert into locacao (usuario, exemplar, retirada, entrega) values (9, 11002, '2018-05-24', '2018-05-26');
insert into locacao (usuario, exemplar, retirada, entrega) values (49, 11002, '2018-08-20', '2018-09-02');
insert into locacao (usuario, exemplar, retirada, entrega) values (26, 11002, '2018-08-26', '2018-08-31');
insert into locacao (usuario, exemplar, retirada, entrega) values (23, 11002, '2018-12-02', '2018-12-02');
insert into locacao (usuario, exemplar, retirada, entrega) values (56, 11002, '2019-02-27', '2019-02-27');
insert into locacao (usuario, exemplar, retirada, entrega) values (60, 11003, '2018-01-10', '2018-01-14');
insert into locacao (usuario, exemplar, retirada, entrega) values (36, 11003, '2018-02-02', '2018-02-04');
insert into locacao (usuario, exemplar, retirada, entrega) values (38, 11003, '2018-04-08', '2018-04-11');
insert into locacao (usuario, exemplar, retirada, entrega) values (44, 11003, '2018-07-10', '2018-07-19');
insert into locacao (usuario, exemplar, retirada, entrega) values (3, 11003, '2018-07-25', '2018-07-27');
insert into locacao (usuario, exemplar, retirada, entrega) values (17, 11003, '2018-09-25', '2018-10-04');
insert into locacao (usuario, exemplar, retirada, entrega) values (41, 11003, '2018-10-02', '2018-10-10');
insert into locacao (usuario, exemplar, retirada, entrega) values (68, 11003, '2018-10-13', '2018-10-18');
insert into locacao (usuario, exemplar, retirada, entrega) values (93, 11003, '2018-11-07', '2018-11-12');
insert into locacao (usuario, exemplar, retirada, entrega) values (62, 11003, '2018-11-27', '2018-12-05');
insert into locacao (usuario, exemplar, retirada, entrega) values (61, 11003, '2019-02-23', '2019-03-08');
insert into locacao (usuario, exemplar, retirada, entrega) values (8, 11003, '2019-03-08', '2019-03-11');
insert into locacao (usuario, exemplar, retirada, entrega) values (61, 12001, '2018-02-23', '2018-02-23');
insert into locacao (usuario, exemplar, retirada, entrega) values (96, 12001, '2018-05-12', '2018-05-23');
insert into locacao (usuario, exemplar, retirada, entrega) values (58, 12001, '2018-06-27', '2018-06-27');
insert into locacao (usuario, exemplar, retirada, entrega) values (57, 12001, '2018-08-01', '2018-08-06');
insert into locacao (usuario, exemplar, retirada, entrega) values (6, 12001, '2018-10-12', '2018-10-21');
insert into locacao (usuario, exemplar, retirada, entrega) values (82, 12001, '2018-12-16', '2018-12-29');
insert into locacao (usuario, exemplar, retirada, entrega) values (4, 12001, '2019-01-27', '2019-02-09');
insert into locacao (usuario, exemplar, retirada, entrega) values (36, 12001, '2019-03-03', '2019-03-13');
insert into locacao (usuario, exemplar, retirada, entrega) values (32, 12002, '2018-02-20', '2018-03-04');
insert into locacao (usuario, exemplar, retirada, entrega) values (83, 12002, '2018-04-21', '2018-04-24');
insert into locacao (usuario, exemplar, retirada, entrega) values (64, 12002, '2018-05-18', '2018-05-25');
insert into locacao (usuario, exemplar, retirada, entrega) values (75, 12002, '2018-07-02', '2018-07-10');
insert into locacao (usuario, exemplar, retirada, entrega) values (4, 12002, '2018-07-12', '2018-07-13');
insert into locacao (usuario, exemplar, retirada, entrega) values (10, 12002, '2018-08-25', '2018-08-25');
insert into locacao (usuario, exemplar, retirada, entrega) values (59, 12002, '2018-11-29', '2018-12-10');
insert into locacao (usuario, exemplar, retirada, entrega) values (29, 12002, '2019-02-07', '2019-02-07');
insert into locacao (usuario, exemplar, retirada, entrega) values (38, 13001, '2018-03-17', '2018-03-27');
insert into locacao (usuario, exemplar, retirada, entrega) values (24, 13001, '2018-05-11', '2018-05-19');
insert into locacao (usuario, exemplar, retirada, entrega) values (26, 13001, '2018-07-12', '2018-07-17');
insert into locacao (usuario, exemplar, retirada, entrega) values (67, 13001, '2018-08-02', '2018-08-09');
insert into locacao (usuario, exemplar, retirada, entrega) values (71, 13001, '2018-09-14', '2018-09-25');
insert into locacao (usuario, exemplar, retirada, entrega) values (35, 13001, '2018-11-15', '2018-11-15');
insert into locacao (usuario, exemplar, retirada, entrega) values (15, 13001, '2018-12-07', '2018-12-08');
insert into locacao (usuario, exemplar, retirada, entrega) values (46, 13001, '2019-02-22', '2019-03-03');
insert into locacao (usuario, exemplar, retirada, entrega) values (39, 14001, '2018-04-02', '2018-04-02');
insert into locacao (usuario, exemplar, retirada, entrega) values (39, 14001, '2018-04-28', '2018-05-08');
insert into locacao (usuario, exemplar, retirada, entrega) values (9, 14001, '2018-06-21', '2018-06-22');
insert into locacao (usuario, exemplar, retirada, entrega) values (25, 14001, '2018-06-28', '2018-07-06');
insert into locacao (usuario, exemplar, retirada, entrega) values (63, 14001, '2018-08-16', '2018-08-26');
insert into locacao (usuario, exemplar, retirada, entrega) values (10, 14001, '2018-10-30', '2018-11-06');
insert into locacao (usuario, exemplar, retirada, entrega) values (69, 14001, '2018-11-14', '2018-11-27');
insert into locacao (usuario, exemplar, retirada, entrega) values (55, 14001, '2018-12-23', '2018-12-27');
insert into locacao (usuario, exemplar, retirada, entrega) values (9, 14001, '2019-02-02', '2019-02-03');
insert into locacao (usuario, exemplar, retirada, entrega) values (8, 14002, '2018-02-26', '2018-03-10');
insert into locacao (usuario, exemplar, retirada, entrega) values (71, 14002, '2018-04-20', '2018-04-22');
insert into locacao (usuario, exemplar, retirada, entrega) values (42, 14002, '2018-07-25', '2018-08-06');
insert into locacao (usuario, exemplar, retirada, entrega) values (87, 14002, '2018-08-19', '2018-08-28');
insert into locacao (usuario, exemplar, retirada, entrega) values (21, 14002, '2018-09-14', '2018-09-23');
insert into locacao (usuario, exemplar, retirada, entrega) values (40, 14002, '2018-12-18', '2018-12-24');
insert into locacao (usuario, exemplar, retirada, entrega) values (75, 14002, '2018-12-27', '2018-12-31');
insert into locacao (usuario, exemplar, retirada, entrega) values (37, 14002, '2019-01-22', '2019-01-22');
insert into locacao (usuario, exemplar, retirada, entrega) values (33, 14003, '2018-03-01', '2018-03-14');
insert into locacao (usuario, exemplar, retirada, entrega) values (32, 14003, '2018-03-05', '2018-03-06');
insert into locacao (usuario, exemplar, retirada, entrega) values (38, 14003, '2018-03-22', '2018-03-25');
insert into locacao (usuario, exemplar, retirada, entrega) values (30, 14003, '2018-03-26', '2018-04-03');
insert into locacao (usuario, exemplar, retirada, entrega) values (64, 14003, '2018-04-12', '2018-04-24');
insert into locacao (usuario, exemplar, retirada, entrega) values (62, 14003, '2018-05-20', '2018-05-27');
insert into locacao (usuario, exemplar, retirada, entrega) values (36, 14003, '2018-06-01', '2018-06-01');
insert into locacao (usuario, exemplar, retirada, entrega) values (94, 14003, '2018-08-11', '2018-08-16');
insert into locacao (usuario, exemplar, retirada, entrega) values (30, 14003, '2018-08-18', '2018-08-22');
insert into locacao (usuario, exemplar, retirada, entrega) values (20, 14003, '2018-08-23', '2018-08-31');
insert into locacao (usuario, exemplar, retirada, entrega) values (40, 14003, '2018-10-25', '2018-10-30');
insert into locacao (usuario, exemplar, retirada, entrega) values (6, 14003, '2018-12-13', '2018-12-25');
insert into locacao (usuario, exemplar, retirada, entrega) values (52, 14003, '2019-03-13', '2019-03-19');
insert into locacao (usuario, exemplar, retirada, entrega) values (59, 15001, '2018-02-04', '2018-02-12');
insert into locacao (usuario, exemplar, retirada, entrega) values (67, 15001, '2018-03-06', '2018-03-12');
insert into locacao (usuario, exemplar, retirada, entrega) values (98, 15001, '2018-05-05', '2018-05-15');
insert into locacao (usuario, exemplar, retirada, entrega) values (15, 15001, '2018-08-08', '2018-08-10');
insert into locacao (usuario, exemplar, retirada, entrega) values (14, 15001, '2018-10-03', '2018-10-11');
insert into locacao (usuario, exemplar, retirada, entrega) values (82, 15001, '2018-12-06', '2018-12-11');
insert into locacao (usuario, exemplar, retirada, entrega) values (35, 15001, '2019-01-14', '2019-01-22');
insert into locacao (usuario, exemplar, retirada, entrega) values (45, 15001, '2019-02-06', '2019-02-13');
insert into locacao (usuario, exemplar, retirada, entrega) values (56, 15002, '2018-03-11', '2018-03-11');
insert into locacao (usuario, exemplar, retirada, entrega) values (14, 15002, '2018-06-02', '2018-06-12');
insert into locacao (usuario, exemplar, retirada, entrega) values (67, 15002, '2018-07-31', '2018-08-13');
insert into locacao (usuario, exemplar, retirada, entrega) values (24, 15002, '2018-08-02', '2018-08-03');
insert into locacao (usuario, exemplar, retirada, entrega) values (88, 15002, '2018-09-24', '2018-09-24');
insert into locacao (usuario, exemplar, retirada, entrega) values (20, 15002, '2018-11-06', '2018-11-11');
insert into locacao (usuario, exemplar, retirada, entrega) values (33, 15002, '2018-12-02', '2018-12-15');
insert into locacao (usuario, exemplar, retirada, entrega) values (38, 15002, '2019-01-05', '2019-01-05');
insert into locacao (usuario, exemplar, retirada, entrega) values (54, 15002, '2019-01-23', '2019-02-05');
insert into locacao (usuario, exemplar, retirada, entrega) values (8, 16001, '2018-01-30', '2018-02-03');
insert into locacao (usuario, exemplar, retirada, entrega) values (86, 16001, '2018-02-16', '2018-02-26');
insert into locacao (usuario, exemplar, retirada, entrega) values (72, 16001, '2018-02-26', '2018-03-10');
insert into locacao (usuario, exemplar, retirada, entrega) values (16, 16001, '2018-04-15', '2018-04-20');
insert into locacao (usuario, exemplar, retirada, entrega) values (88, 16001, '2018-06-18', '2018-06-26');
insert into locacao (usuario, exemplar, retirada, entrega) values (52, 16001, '2018-07-15', '2018-07-28');
insert into locacao (usuario, exemplar, retirada, entrega) values (40, 16001, '2018-09-04', '2018-09-11');
insert into locacao (usuario, exemplar, retirada, entrega) values (52, 16001, '2018-10-30', '2018-11-03');
insert into locacao (usuario, exemplar, retirada, entrega) values (57, 16001, '2019-01-12', '2019-01-13');
insert into locacao (usuario, exemplar, retirada, entrega) values (30, 16001, '2019-02-09', '2019-02-22');
insert into locacao (usuario, exemplar, retirada, entrega) values (44, 16001, '2019-03-02', '2019-03-11');
insert into locacao (usuario, exemplar, retirada, entrega) values (52, 16002, '2018-03-03', '2018-03-14');
insert into locacao (usuario, exemplar, retirada, entrega) values (37, 16002, '2018-03-30', '2018-04-06');
insert into locacao (usuario, exemplar, retirada, entrega) values (60, 16002, '2018-06-21', '2018-06-23');
insert into locacao (usuario, exemplar, retirada, entrega) values (27, 16002, '2018-09-15', '2018-09-21');
insert into locacao (usuario, exemplar, retirada, entrega) values (21, 16002, '2018-11-23', '2018-12-03');
insert into locacao (usuario, exemplar, retirada, entrega) values (7, 16002, '2018-12-01', '2018-12-06');
insert into locacao (usuario, exemplar, retirada, entrega) values (1, 16002, '2019-02-22', '2019-03-06');
insert into locacao (usuario, exemplar, retirada, entrega) values (6, 16003, '2018-03-25', '2018-04-02');
insert into locacao (usuario, exemplar, retirada, entrega) values (36, 16003, '2018-05-18', '2018-05-21');
insert into locacao (usuario, exemplar, retirada, entrega) values (43, 16003, '2018-08-24', '2018-09-04');
insert into locacao (usuario, exemplar, retirada, entrega) values (87, 16003, '2018-10-02', '2018-10-11');
insert into locacao (usuario, exemplar, retirada, entrega) values (47, 16003, '2019-01-05', '2019-01-07');
insert into locacao (usuario, exemplar, retirada, entrega) values (18, 16003, '2019-01-15', '2019-01-21');
insert into locacao (usuario, exemplar, retirada, entrega) values (32, 16003, '2019-03-12', '2019-03-16');
insert into locacao (usuario, exemplar, retirada, entrega) values (59, 16004, '2018-02-09', '2018-02-15');
insert into locacao (usuario, exemplar, retirada, entrega) values (64, 16004, '2018-04-28', '2018-04-29');
insert into locacao (usuario, exemplar, retirada, entrega) values (82, 16004, '2018-05-20', '2018-05-29');
insert into locacao (usuario, exemplar, retirada, entrega) values (99, 16004, '2018-06-23', '2018-06-30');
insert into locacao (usuario, exemplar, retirada, entrega) values (11, 16004, '2018-06-29', '2018-07-12');
insert into locacao (usuario, exemplar, retirada, entrega) values (81, 16004, '2018-08-21', '2018-08-24');
insert into locacao (usuario, exemplar, retirada, entrega) values (78, 16004, '2018-09-02', '2018-09-15');
insert into locacao (usuario, exemplar, retirada, entrega) values (92, 16004, '2018-10-25', '2018-10-31');
insert into locacao (usuario, exemplar, retirada, entrega) values (66, 16004, '2018-12-29', '2019-01-07');
insert into locacao (usuario, exemplar, retirada, entrega) values (6, 16004, '2019-02-15', '2019-02-18');
insert into locacao (usuario, exemplar, retirada, entrega) values (6, 16005, '2018-03-31', '2018-04-05');
insert into locacao (usuario, exemplar, retirada, entrega) values (35, 16005, '2018-06-04', '2018-06-11');
insert into locacao (usuario, exemplar, retirada, entrega) values (5, 16005, '2018-07-06', '2018-07-07');
insert into locacao (usuario, exemplar, retirada, entrega) values (15, 16005, '2018-10-06', '2018-10-16');
insert into locacao (usuario, exemplar, retirada, entrega) values (9, 16005, '2018-12-06', '2018-12-12');
insert into locacao (usuario, exemplar, retirada, entrega) values (65, 16005, '2019-02-17', '2019-02-18');
insert into locacao (usuario, exemplar, retirada, entrega) values (85, 16005, '2019-03-25', '2019-04-06');
insert into locacao (usuario, exemplar, retirada, entrega) values (24, 17001, '2018-03-17', '2018-03-19');
insert into locacao (usuario, exemplar, retirada, entrega) values (62, 17001, '2018-05-05', '2018-05-10');
insert into locacao (usuario, exemplar, retirada, entrega) values (77, 17001, '2018-08-07', '2018-08-17');
insert into locacao (usuario, exemplar, retirada, entrega) values (67, 17001, '2018-11-05', '2018-11-11');
insert into locacao (usuario, exemplar, retirada, entrega) values (66, 17001, '2018-12-14', '2018-12-15');
insert into locacao (usuario, exemplar, retirada, entrega) values (86, 17001, '2019-03-14', '2019-03-21');
insert into locacao (usuario, exemplar, retirada, entrega) values (46, 17002, '2018-01-26', '2018-02-02');
insert into locacao (usuario, exemplar, retirada, entrega) values (92, 17002, '2018-03-14', '2018-03-19');
insert into locacao (usuario, exemplar, retirada, entrega) values (66, 17002, '2018-04-01', '2018-04-03');
insert into locacao (usuario, exemplar, retirada, entrega) values (96, 17002, '2018-04-19', '2018-04-29');
insert into locacao (usuario, exemplar, retirada, entrega) values (41, 17002, '2018-06-11', '2018-06-21');
insert into locacao (usuario, exemplar, retirada, entrega) values (15, 17002, '2018-09-10', '2018-09-17');
insert into locacao (usuario, exemplar, retirada, entrega) values (28, 17002, '2018-10-17', '2018-10-25');
insert into locacao (usuario, exemplar, retirada, entrega) values (88, 17002, '2019-01-05', '2019-01-08');
insert into locacao (usuario, exemplar, retirada, entrega) values (75, 17002, '2019-03-08', '2019-03-17');
insert into locacao (usuario, exemplar, retirada, entrega) values (72, 17003, '2018-03-03', '2018-03-04');
insert into locacao (usuario, exemplar, retirada, entrega) values (92, 17003, '2018-04-23', '2018-04-23');
insert into locacao (usuario, exemplar, retirada, entrega) values (13, 17003, '2018-05-26', '2018-05-28');
insert into locacao (usuario, exemplar, retirada, entrega) values (100, 17003, '2018-07-18', '2018-07-19');
insert into locacao (usuario, exemplar, retirada, entrega) values (77, 17003, '2018-08-12', '2018-08-14');
insert into locacao (usuario, exemplar, retirada, entrega) values (87, 17003, '2018-11-16', '2018-11-23');
insert into locacao (usuario, exemplar, retirada, entrega) values (62, 17003, '2018-11-18', '2018-11-18');
insert into locacao (usuario, exemplar, retirada, entrega) values (85, 17003, '2019-01-13', '2019-01-16');
insert into locacao (usuario, exemplar, retirada, entrega) values (40, 17003, '2019-03-31', '2019-04-11');
insert into locacao (usuario, exemplar, retirada, entrega) values (44, 17004, '2018-01-20', '2018-01-27');
insert into locacao (usuario, exemplar, retirada, entrega) values (89, 17004, '2018-01-22', '2018-01-26');
insert into locacao (usuario, exemplar, retirada, entrega) values (79, 17004, '2018-02-08', '2018-02-15');
insert into locacao (usuario, exemplar, retirada, entrega) values (83, 17004, '2018-04-12', '2018-04-21');
insert into locacao (usuario, exemplar, retirada, entrega) values (53, 17004, '2018-05-02', '2018-05-09');
insert into locacao (usuario, exemplar, retirada, entrega) values (9, 17004, '2018-07-11', '2018-07-20');
insert into locacao (usuario, exemplar, retirada, entrega) values (11, 17004, '2018-07-29', '2018-08-09');
insert into locacao (usuario, exemplar, retirada, entrega) values (89, 17004, '2018-08-02', '2018-08-02');
insert into locacao (usuario, exemplar, retirada, entrega) values (12, 17004, '2018-09-12', '2018-09-19');
insert into locacao (usuario, exemplar, retirada, entrega) values (39, 17004, '2018-11-21', '2018-12-04');
insert into locacao (usuario, exemplar, retirada, entrega) values (27, 17004, '2019-01-25', '2019-02-01');
insert into locacao (usuario, exemplar, retirada, entrega) values (18, 18001, '2018-01-27', '2018-01-31');
insert into locacao (usuario, exemplar, retirada, entrega) values (64, 18001, '2018-04-08', '2018-04-11');
insert into locacao (usuario, exemplar, retirada, entrega) values (68, 18001, '2018-06-04', '2018-06-16');
insert into locacao (usuario, exemplar, retirada, entrega) values (12, 18001, '2018-08-06', '2018-08-14');
insert into locacao (usuario, exemplar, retirada, entrega) values (24, 18001, '2018-09-16', '2018-09-22');
insert into locacao (usuario, exemplar, retirada, entrega) values (54, 18001, '2018-11-11', '2018-11-18');
insert into locacao (usuario, exemplar, retirada, entrega) values (31, 18001, '2018-11-25', '2018-12-06');
insert into locacao (usuario, exemplar, retirada, entrega) values (34, 18001, '2018-12-28', '2018-12-30');
insert into locacao (usuario, exemplar, retirada, entrega) values (59, 18001, '2019-03-21', '2019-03-23');
insert into locacao (usuario, exemplar, retirada, entrega) values (19, 18002, '2018-02-23', '2018-02-26');
insert into locacao (usuario, exemplar, retirada, entrega) values (61, 18002, '2018-05-20', '2018-05-24');
insert into locacao (usuario, exemplar, retirada, entrega) values (78, 18002, '2018-06-26', '2018-07-02');
insert into locacao (usuario, exemplar, retirada, entrega) values (90, 18002, '2018-06-26', '2018-06-29');
insert into locacao (usuario, exemplar, retirada, entrega) values (67, 18002, '2018-08-09', '2018-08-09');
insert into locacao (usuario, exemplar, retirada, entrega) values (86, 18002, '2018-08-16', '2018-08-29');
insert into locacao (usuario, exemplar, retirada, entrega) values (72, 18002, '2018-11-03', '2018-11-15');
insert into locacao (usuario, exemplar, retirada, entrega) values (73, 18002, '2018-11-21', '2018-11-27');
insert into locacao (usuario, exemplar, retirada, entrega) values (87, 18002, '2019-02-25', '2019-02-28');
insert into locacao (usuario, exemplar, retirada, entrega) values (37, 18003, '2018-01-28', '2018-02-02');
insert into locacao (usuario, exemplar, retirada, entrega) values (88, 18003, '2018-03-30', '2018-04-01');
insert into locacao (usuario, exemplar, retirada, entrega) values (79, 18003, '2018-04-10', '2018-04-19');
insert into locacao (usuario, exemplar, retirada, entrega) values (97, 18003, '2018-07-04', '2018-07-14');
insert into locacao (usuario, exemplar, retirada, entrega) values (27, 18003, '2018-07-10', '2018-07-20');
insert into locacao (usuario, exemplar, retirada, entrega) values (10, 18003, '2018-10-02', '2018-10-10');
insert into locacao (usuario, exemplar, retirada, entrega) values (51, 18003, '2018-12-24', '2019-01-03');
insert into locacao (usuario, exemplar, retirada, entrega) values (21, 18003, '2019-03-19', '2019-03-25');
insert into locacao (usuario, exemplar, retirada, entrega) values (29, 18004, '2018-03-24', '2018-03-25');
insert into locacao (usuario, exemplar, retirada, entrega) values (44, 18004, '2018-06-24', '2018-06-28');
insert into locacao (usuario, exemplar, retirada, entrega) values (58, 18004, '2018-08-25', '2018-08-28');
insert into locacao (usuario, exemplar, retirada, entrega) values (69, 18004, '2018-10-06', '2018-10-09');
insert into locacao (usuario, exemplar, retirada, entrega) values (35, 18004, '2018-10-25', '2018-11-04');
insert into locacao (usuario, exemplar, retirada, entrega) values (54, 18004, '2018-12-23', '2019-01-01');
insert into locacao (usuario, exemplar, retirada, entrega) values (68, 18004, '2018-12-29', '2019-01-04');
insert into locacao (usuario, exemplar, retirada, entrega) values (75, 18004, '2019-03-01', '2019-03-13');
insert into locacao (usuario, exemplar, retirada, entrega) values (69, 18004, '2019-03-07', '2019-03-16');
insert into locacao (usuario, exemplar, retirada, entrega) values (77, 19001, '2018-02-12', '2018-02-15');
insert into locacao (usuario, exemplar, retirada, entrega) values (87, 19001, '2018-03-20', '2018-03-26');
insert into locacao (usuario, exemplar, retirada, entrega) values (72, 19001, '2018-06-16', '2018-06-17');
insert into locacao (usuario, exemplar, retirada, entrega) values (40, 19001, '2018-06-27', '2018-07-07');
insert into locacao (usuario, exemplar, retirada, entrega) values (31, 19001, '2018-07-12', '2018-07-15');
insert into locacao (usuario, exemplar, retirada, entrega) values (85, 19001, '2018-10-18', '2018-10-23');
insert into locacao (usuario, exemplar, retirada, entrega) values (9, 19001, '2018-11-05', '2018-11-16');
insert into locacao (usuario, exemplar, retirada, entrega) values (42, 19001, '2019-01-05', '2019-01-17');
insert into locacao (usuario, exemplar, retirada, entrega) values (20, 19001, '2019-03-24', '2019-04-05');
insert into locacao (usuario, exemplar, retirada, entrega) values (66, 19002, '2018-02-12', '2018-02-16');
insert into locacao (usuario, exemplar, retirada, entrega) values (86, 19002, '2018-03-21', '2018-03-27');
insert into locacao (usuario, exemplar, retirada, entrega) values (81, 19002, '2018-06-11', '2018-06-13');
insert into locacao (usuario, exemplar, retirada, entrega) values (86, 19002, '2018-09-11', '2018-09-18');
insert into locacao (usuario, exemplar, retirada, entrega) values (56, 19002, '2018-09-16', '2018-09-22');
insert into locacao (usuario, exemplar, retirada, entrega) values (18, 19002, '2018-11-15', '2018-11-28');
insert into locacao (usuario, exemplar, retirada, entrega) values (93, 19002, '2019-01-06', '2019-01-18');
insert into locacao (usuario, exemplar, retirada, entrega) values (9, 19002, '2019-01-23', '2019-02-02');
insert into locacao (usuario, exemplar, retirada, entrega) values (41, 19002, '2019-02-03', '2019-02-15');
insert into locacao (usuario, exemplar, retirada, entrega) values (94, 19003, '2018-03-13', '2018-03-19');
insert into locacao (usuario, exemplar, retirada, entrega) values (45, 19003, '2018-03-23', '2018-03-25');
insert into locacao (usuario, exemplar, retirada, entrega) values (87, 19003, '2018-05-31', '2018-06-03');
insert into locacao (usuario, exemplar, retirada, entrega) values (49, 19003, '2018-08-15', '2018-08-26');
insert into locacao (usuario, exemplar, retirada, entrega) values (2, 19003, '2018-10-24', '2018-10-29');
insert into locacao (usuario, exemplar, retirada, entrega) values (58, 19003, '2018-11-01', '2018-11-07');
insert into locacao (usuario, exemplar, retirada, entrega) values (13, 19003, '2019-02-01', '2019-02-05');
insert into locacao (usuario, exemplar, retirada, entrega) values (55, 20001, '2018-04-06', '2018-04-12');
insert into locacao (usuario, exemplar, retirada, entrega) values (52, 20001, '2018-05-24', '2018-05-29');
insert into locacao (usuario, exemplar, retirada, entrega) values (45, 20001, '2018-06-24', '2018-06-28');
insert into locacao (usuario, exemplar, retirada, entrega) values (55, 20001, '2018-08-17', '2018-08-20');
insert into locacao (usuario, exemplar, retirada, entrega) values (27, 20001, '2018-09-16', '2018-09-16');
insert into locacao (usuario, exemplar, retirada, entrega) values (68, 20001, '2018-10-04', '2018-10-06');
insert into locacao (usuario, exemplar, retirada, entrega) values (54, 20001, '2018-11-17', '2018-11-30');
insert into locacao (usuario, exemplar, retirada, entrega) values (39, 20001, '2018-12-05', '2018-12-08');
insert into locacao (usuario, exemplar, retirada, entrega) values (23, 20001, '2019-01-04', '2019-01-13');
insert into locacao (usuario, exemplar, retirada, entrega) values (8, 20001, '2019-01-08', '2019-01-17');
insert into locacao (usuario, exemplar, retirada, entrega) values (48, 20001, '2019-03-11', '2019-03-19');
insert into locacao (usuario, exemplar, retirada, entrega) values (27, 20002, '2018-03-14', '2018-03-26');
insert into locacao (usuario, exemplar, retirada, entrega) values (44, 20002, '2018-05-06', '2018-05-19');
insert into locacao (usuario, exemplar, retirada, entrega) values (34, 20002, '2018-06-25', '2018-06-25');
insert into locacao (usuario, exemplar, retirada, entrega) values (37, 20002, '2018-07-21', '2018-07-24');
insert into locacao (usuario, exemplar, retirada, entrega) values (79, 20002, '2018-10-01', '2018-10-05');
insert into locacao (usuario, exemplar, retirada, entrega) values (73, 20002, '2018-12-31', '2019-01-03');
insert into locacao (usuario, exemplar, retirada, entrega) values (92, 20002, '2019-02-10', '2019-02-23');
insert into locacao (usuario, exemplar, retirada, entrega) values (100, 20002, '2019-03-06', '2019-03-12');
insert into locacao (usuario, exemplar, retirada, entrega) values (8, 20003, '2018-01-17', '2018-01-29');
insert into locacao (usuario, exemplar, retirada, entrega) values (59, 20003, '2018-04-18', '2018-04-26');
insert into locacao (usuario, exemplar, retirada, entrega) values (68, 20003, '2018-05-08', '2018-05-09');
insert into locacao (usuario, exemplar, retirada, entrega) values (37, 20003, '2018-07-21', '2018-07-21');
insert into locacao (usuario, exemplar, retirada, entrega) values (17, 20003, '2018-09-16', '2018-09-17');
insert into locacao (usuario, exemplar, retirada, entrega) values (58, 20003, '2018-10-28', '2018-11-10');
insert into locacao (usuario, exemplar, retirada, entrega) values (20, 20003, '2018-12-14', '2018-12-14');
insert into locacao (usuario, exemplar, retirada, entrega) values (17, 20003, '2019-03-04', '2019-03-17');
insert into locacao (usuario, exemplar, retirada, entrega) values (14, 20003, '2019-03-12', '2019-03-21');
insert into locacao (usuario, exemplar, retirada, entrega) values (34, 20004, '2018-03-31', '2018-04-10');
insert into locacao (usuario, exemplar, retirada, entrega) values (65, 20004, '2018-06-16', '2018-06-27');
insert into locacao (usuario, exemplar, retirada, entrega) values (54, 20004, '2018-08-21', '2018-08-21');
insert into locacao (usuario, exemplar, retirada, entrega) values (37, 20004, '2018-08-24', '2018-08-26');
insert into locacao (usuario, exemplar, retirada, entrega) values (40, 20004, '2018-08-25', '2018-08-27');
insert into locacao (usuario, exemplar, retirada, entrega) values (81, 20004, '2018-11-14', '2018-11-16');
insert into locacao (usuario, exemplar, retirada, entrega) values (5, 20004, '2019-01-25', '2019-02-01');
insert into locacao (usuario, exemplar, retirada, entrega) values (62, 20005, '2018-01-01', '2018-01-01');
insert into locacao (usuario, exemplar, retirada, entrega) values (29, 20005, '2018-03-08', '2018-03-18');
insert into locacao (usuario, exemplar, retirada, entrega) values (45, 20005, '2018-04-24', '2018-04-24');
insert into locacao (usuario, exemplar, retirada, entrega) values (70, 20005, '2018-06-09', '2018-06-17');
insert into locacao (usuario, exemplar, retirada, entrega) values (96, 20005, '2018-08-06', '2018-08-07');
insert into locacao (usuario, exemplar, retirada, entrega) values (96, 20005, '2018-11-08', '2018-11-08');
insert into locacao (usuario, exemplar, retirada, entrega) values (45, 20005, '2019-01-04', '2019-01-08');
insert into locacao (usuario, exemplar, retirada, entrega) values (28, 20005, '2019-03-28', '2019-04-06');
insert into locacao (usuario, exemplar, retirada, entrega) values (15, 21001, '2018-01-12', '2018-01-20');
insert into locacao (usuario, exemplar, retirada, entrega) values (14, 21001, '2018-02-20', '2018-02-24');
insert into locacao (usuario, exemplar, retirada, entrega) values (75, 21001, '2018-03-02', '2018-03-03');
insert into locacao (usuario, exemplar, retirada, entrega) values (10, 21001, '2018-05-30', '2018-06-08');
insert into locacao (usuario, exemplar, retirada, entrega) values (50, 21001, '2018-07-29', '2018-08-06');
insert into locacao (usuario, exemplar, retirada, entrega) values (36, 21001, '2018-07-29', '2018-08-04');
insert into locacao (usuario, exemplar, retirada, entrega) values (32, 21001, '2018-10-03', '2018-10-12');
insert into locacao (usuario, exemplar, retirada, entrega) values (17, 21001, '2018-11-15', '2018-11-23');
insert into locacao (usuario, exemplar, retirada, entrega) values (100, 21001, '2018-12-17', '2018-12-28');
insert into locacao (usuario, exemplar, retirada, entrega) values (62, 21001, '2019-01-01', '2019-01-03');
insert into locacao (usuario, exemplar, retirada, entrega) values (94, 21002, '2018-04-07', '2018-04-16');
insert into locacao (usuario, exemplar, retirada, entrega) values (34, 21002, '2018-05-16', '2018-05-28');
insert into locacao (usuario, exemplar, retirada, entrega) values (27, 21002, '2018-07-04', '2018-07-06');
insert into locacao (usuario, exemplar, retirada, entrega) values (85, 21002, '2018-08-19', '2018-08-26');
insert into locacao (usuario, exemplar, retirada, entrega) values (3, 21002, '2018-09-19', '2018-09-19');
insert into locacao (usuario, exemplar, retirada, entrega) values (4, 21002, '2018-11-10', '2018-11-20');
insert into locacao (usuario, exemplar, retirada, entrega) values (15, 21002, '2019-01-25', '2019-02-04');
insert into locacao (usuario, exemplar, retirada, entrega) values (96, 21003, '2018-02-28', '2018-02-28');
insert into locacao (usuario, exemplar, retirada, entrega) values (59, 21003, '2018-05-06', '2018-05-08');
insert into locacao (usuario, exemplar, retirada, entrega) values (64, 21003, '2018-07-12', '2018-07-16');
insert into locacao (usuario, exemplar, retirada, entrega) values (4, 21003, '2018-08-02', '2018-08-12');
insert into locacao (usuario, exemplar, retirada, entrega) values (37, 21003, '2018-10-09', '2018-10-12');
insert into locacao (usuario, exemplar, retirada, entrega) values (6, 21003, '2019-01-14', '2019-01-23');
insert into locacao (usuario, exemplar, retirada, entrega) values (76, 21003, '2019-02-10', '2019-02-22');
insert into locacao (usuario, exemplar, retirada, entrega) values (24, 22001, '2018-03-13', '2018-03-20');
insert into locacao (usuario, exemplar, retirada, entrega) values (48, 22001, '2018-06-04', '2018-06-12');
insert into locacao (usuario, exemplar, retirada, entrega) values (47, 22001, '2018-06-26', '2018-07-02');
insert into locacao (usuario, exemplar, retirada, entrega) values (52, 22001, '2018-07-06', '2018-07-07');
insert into locacao (usuario, exemplar, retirada, entrega) values (15, 22001, '2018-09-08', '2018-09-18');
insert into locacao (usuario, exemplar, retirada, entrega) values (44, 22001, '2018-09-09', '2018-09-12');
insert into locacao (usuario, exemplar, retirada, entrega) values (84, 22001, '2018-10-18', '2018-10-20');
insert into locacao (usuario, exemplar, retirada, entrega) values (14, 22001, '2018-12-16', '2018-12-20');
insert into locacao (usuario, exemplar, retirada, entrega) values (97, 22001, '2019-01-22', '2019-01-29');
insert into locacao (usuario, exemplar, retirada, entrega) values (60, 22001, '2019-02-15', '2019-02-17');
insert into locacao (usuario, exemplar, retirada, entrega) values (77, 22001, '2019-03-08', '2019-03-18');
insert into locacao (usuario, exemplar, retirada, entrega) values (63, 22002, '2018-01-12', '2018-01-24');
insert into locacao (usuario, exemplar, retirada, entrega) values (56, 22002, '2018-02-26', '2018-03-02');
insert into locacao (usuario, exemplar, retirada, entrega) values (46, 22002, '2018-03-13', '2018-03-17');
insert into locacao (usuario, exemplar, retirada, entrega) values (67, 22002, '2018-05-06', '2018-05-07');
insert into locacao (usuario, exemplar, retirada, entrega) values (89, 22002, '2018-06-08', '2018-06-10');
insert into locacao (usuario, exemplar, retirada, entrega) values (23, 22002, '2018-07-30', '2018-08-11');
insert into locacao (usuario, exemplar, retirada, entrega) values (89, 22002, '2018-10-18', '2018-10-21');
insert into locacao (usuario, exemplar, retirada, entrega) values (92, 22002, '2018-12-23', '2019-01-02');
insert into locacao (usuario, exemplar, retirada, entrega) values (22, 22002, '2019-02-18', '2019-02-22');
insert into locacao (usuario, exemplar, retirada, entrega) values (15, 22002, '2019-03-14', '2019-03-23');
insert into locacao (usuario, exemplar, retirada, entrega) values (75, 22003, '2018-02-22', '2018-03-04');
insert into locacao (usuario, exemplar, retirada, entrega) values (61, 22003, '2018-05-13', '2018-05-21');
insert into locacao (usuario, exemplar, retirada, entrega) values (24, 22003, '2018-06-11', '2018-06-21');
insert into locacao (usuario, exemplar, retirada, entrega) values (87, 22003, '2018-08-10', '2018-08-14');
insert into locacao (usuario, exemplar, retirada, entrega) values (71, 22003, '2018-10-05', '2018-10-12');
insert into locacao (usuario, exemplar, retirada, entrega) values (81, 22003, '2018-10-26', '2018-10-31');
insert into locacao (usuario, exemplar, retirada, entrega) values (59, 22003, '2018-11-30', '2018-12-04');
insert into locacao (usuario, exemplar, retirada, entrega) values (58, 22003, '2018-12-15', '2018-12-22');
insert into locacao (usuario, exemplar, retirada, entrega) values (53, 22003, '2018-12-29', '2019-01-07');
insert into locacao (usuario, exemplar, retirada, entrega) values (4, 22003, '2019-03-26', '2019-03-28');
insert into locacao (usuario, exemplar, retirada, entrega) values (93, 23001, '2018-03-23', '2018-03-31');
insert into locacao (usuario, exemplar, retirada, entrega) values (20, 23001, '2018-05-17', '2018-05-17');
insert into locacao (usuario, exemplar, retirada, entrega) values (21, 23001, '2018-08-02', '2018-08-09');
insert into locacao (usuario, exemplar, retirada, entrega) values (83, 23001, '2018-09-28', '2018-10-07');
insert into locacao (usuario, exemplar, retirada, entrega) values (81, 23001, '2018-12-18', '2018-12-18');
insert into locacao (usuario, exemplar, retirada, entrega) values (89, 23001, '2018-12-24', '2018-12-24');
insert into locacao (usuario, exemplar, retirada, entrega) values (38, 23001, '2019-03-30', '2019-04-01');
insert into locacao (usuario, exemplar, retirada, entrega) values (70, 24001, '2018-01-31', '2018-02-09');
insert into locacao (usuario, exemplar, retirada, entrega) values (77, 24001, '2018-04-16', '2018-04-21');
insert into locacao (usuario, exemplar, retirada, entrega) values (67, 24001, '2018-06-21', '2018-06-22');
insert into locacao (usuario, exemplar, retirada, entrega) values (14, 24001, '2018-08-27', '2018-08-30');
insert into locacao (usuario, exemplar, retirada, entrega) values (31, 24001, '2018-10-03', '2018-10-07');
insert into locacao (usuario, exemplar, retirada, entrega) values (96, 24001, '2018-12-05', '2018-12-12');
insert into locacao (usuario, exemplar, retirada, entrega) values (97, 24001, '2018-12-26', '2019-01-05');
insert into locacao (usuario, exemplar, retirada, entrega) values (51, 24001, '2019-01-08', '2019-01-21');
insert into locacao (usuario, exemplar, retirada, entrega) values (51, 24001, '2019-02-05', '2019-02-17');
insert into locacao (usuario, exemplar, retirada, entrega) values (74, 24001, '2019-03-06', '2019-03-18');
insert into locacao (usuario, exemplar, retirada, entrega) values (90, 24002, '2018-03-07', '2018-03-11');
insert into locacao (usuario, exemplar, retirada, entrega) values (7, 24002, '2018-05-18', '2018-05-19');
insert into locacao (usuario, exemplar, retirada, entrega) values (11, 24002, '2018-07-24', '2018-08-04');
insert into locacao (usuario, exemplar, retirada, entrega) values (60, 24002, '2018-10-03', '2018-10-14');
insert into locacao (usuario, exemplar, retirada, entrega) values (83, 24002, '2018-12-22', '2018-12-29');
insert into locacao (usuario, exemplar, retirada, entrega) values (92, 24002, '2018-12-30', '2019-01-07');
insert into locacao (usuario, exemplar, retirada, entrega) values (33, 24002, '2019-03-10', '2019-03-20');
insert into locacao (usuario, exemplar, retirada, entrega) values (76, 24003, '2018-01-22', '2018-01-24');
insert into locacao (usuario, exemplar, retirada, entrega) values (56, 24003, '2018-04-13', '2018-04-16');
insert into locacao (usuario, exemplar, retirada, entrega) values (68, 24003, '2018-04-30', '2018-05-04');
insert into locacao (usuario, exemplar, retirada, entrega) values (5, 24003, '2018-06-25', '2018-07-07');
insert into locacao (usuario, exemplar, retirada, entrega) values (40, 24003, '2018-07-23', '2018-08-01');
insert into locacao (usuario, exemplar, retirada, entrega) values (99, 24003, '2018-07-24', '2018-08-01');
insert into locacao (usuario, exemplar, retirada, entrega) values (53, 24003, '2018-10-10', '2018-10-12');
insert into locacao (usuario, exemplar, retirada, entrega) values (54, 24003, '2018-10-26', '2018-11-02');
insert into locacao (usuario, exemplar, retirada, entrega) values (55, 24003, '2018-12-25', '2019-01-04');
insert into locacao (usuario, exemplar, retirada, entrega) values (5, 24003, '2018-12-26', '2019-01-08');
insert into locacao (usuario, exemplar, retirada, entrega) values (97, 24003, '2019-03-28', '2019-04-10');
insert into locacao (usuario, exemplar, retirada, entrega) values (88, 24004, '2018-01-06', '2018-01-13');
insert into locacao (usuario, exemplar, retirada, entrega) values (39, 24004, '2018-03-13', '2018-03-16');
insert into locacao (usuario, exemplar, retirada, entrega) values (79, 24004, '2018-03-23', '2018-04-02');
insert into locacao (usuario, exemplar, retirada, entrega) values (98, 24004, '2018-06-06', '2018-06-19');
insert into locacao (usuario, exemplar, retirada, entrega) values (17, 24004, '2018-09-05', '2018-09-18');
insert into locacao (usuario, exemplar, retirada, entrega) values (88, 24004, '2018-10-12', '2018-10-13');
insert into locacao (usuario, exemplar, retirada, entrega) values (83, 24004, '2019-01-19', '2019-01-20');
insert into locacao (usuario, exemplar, retirada, entrega) values (67, 24004, '2019-03-04', '2019-03-06');
insert into locacao (usuario, exemplar, retirada, entrega) values (27, 24004, '2019-03-09', '2019-03-16');
insert into locacao (usuario, exemplar, retirada, entrega) values (51, 25001, '2018-01-07', '2018-01-08');
insert into locacao (usuario, exemplar, retirada, entrega) values (35, 25001, '2018-04-15', '2018-04-26');
insert into locacao (usuario, exemplar, retirada, entrega) values (52, 25001, '2018-06-09', '2018-06-10');
insert into locacao (usuario, exemplar, retirada, entrega) values (58, 25001, '2018-07-22', '2018-07-29');
insert into locacao (usuario, exemplar, retirada, entrega) values (35, 25001, '2018-08-15', '2018-08-24');
insert into locacao (usuario, exemplar, retirada, entrega) values (52, 25001, '2018-09-13', '2018-09-13');
insert into locacao (usuario, exemplar, retirada, entrega) values (69, 25001, '2018-10-15', '2018-10-20');
insert into locacao (usuario, exemplar, retirada, entrega) values (74, 25001, '2018-10-20', '2018-11-02');
insert into locacao (usuario, exemplar, retirada, entrega) values (69, 25001, '2019-01-06', '2019-01-06');
insert into locacao (usuario, exemplar, retirada, entrega) values (4, 25001, '2019-01-27', '2019-02-04');
insert into locacao (usuario, exemplar, retirada, entrega) values (63, 26001, '2018-01-18', '2018-01-28');
insert into locacao (usuario, exemplar, retirada, entrega) values (88, 26001, '2018-03-10', '2018-03-16');
insert into locacao (usuario, exemplar, retirada, entrega) values (4, 26001, '2018-04-20', '2018-04-21');
insert into locacao (usuario, exemplar, retirada, entrega) values (21, 26001, '2018-06-30', '2018-07-01');
insert into locacao (usuario, exemplar, retirada, entrega) values (89, 26001, '2018-09-27', '2018-10-02');
insert into locacao (usuario, exemplar, retirada, entrega) values (58, 26001, '2018-10-28', '2018-10-30');
insert into locacao (usuario, exemplar, retirada, entrega) values (96, 26001, '2018-11-03', '2018-11-07');
insert into locacao (usuario, exemplar, retirada, entrega) values (36, 26001, '2018-11-25', '2018-11-25');
insert into locacao (usuario, exemplar, retirada, entrega) values (90, 26001, '2019-01-08', '2019-01-15');
insert into locacao (usuario, exemplar, retirada, entrega) values (38, 26001, '2019-01-08', '2019-01-15');
insert into locacao (usuario, exemplar, retirada, entrega) values (42, 26001, '2019-02-27', '2019-03-04');
insert into locacao (usuario, exemplar, retirada, entrega) values (39, 27001, '2018-01-04', '2018-01-10');
insert into locacao (usuario, exemplar, retirada, entrega) values (45, 27001, '2018-01-13', '2018-01-21');
insert into locacao (usuario, exemplar, retirada, entrega) values (39, 27001, '2018-01-13', '2018-01-14');
insert into locacao (usuario, exemplar, retirada, entrega) values (49, 27001, '2018-03-29', '2018-04-07');
insert into locacao (usuario, exemplar, retirada, entrega) values (6, 27001, '2018-05-18', '2018-05-26');
insert into locacao (usuario, exemplar, retirada, entrega) values (96, 27001, '2018-06-02', '2018-06-13');
insert into locacao (usuario, exemplar, retirada, entrega) values (79, 27001, '2018-08-10', '2018-08-18');
insert into locacao (usuario, exemplar, retirada, entrega) values (67, 27001, '2018-08-15', '2018-08-23');
insert into locacao (usuario, exemplar, retirada, entrega) values (24, 27001, '2018-10-14', '2018-10-21');
insert into locacao (usuario, exemplar, retirada, entrega) values (85, 27001, '2018-12-25', '2018-12-28');
insert into locacao (usuario, exemplar, retirada, entrega) values (47, 27001, '2019-02-03', '2019-02-16');
insert into locacao (usuario, exemplar, retirada, entrega) values (42, 27002, '2018-02-11', '2018-02-21');
insert into locacao (usuario, exemplar, retirada, entrega) values (82, 27002, '2018-03-20', '2018-03-20');
insert into locacao (usuario, exemplar, retirada, entrega) values (65, 27002, '2018-04-12', '2018-04-18');
insert into locacao (usuario, exemplar, retirada, entrega) values (9, 27002, '2018-07-06', '2018-07-06');
insert into locacao (usuario, exemplar, retirada, entrega) values (38, 27002, '2018-09-05', '2018-09-14');
insert into locacao (usuario, exemplar, retirada, entrega) values (20, 27002, '2018-09-20', '2018-09-21');
insert into locacao (usuario, exemplar, retirada, entrega) values (86, 27002, '2018-10-19', '2018-10-24');
insert into locacao (usuario, exemplar, retirada, entrega) values (50, 27002, '2019-01-26', '2019-01-31');
insert into locacao (usuario, exemplar, retirada, entrega) values (39, 27002, '2019-02-13', '2019-02-16');
insert into locacao (usuario, exemplar, retirada, entrega) values (19, 27002, '2019-03-22', '2019-04-01');
insert into locacao (usuario, exemplar, retirada, entrega) values (77, 27003, '2018-03-22', '2018-03-26');
insert into locacao (usuario, exemplar, retirada, entrega) values (77, 27003, '2018-06-23', '2018-06-27');
insert into locacao (usuario, exemplar, retirada, entrega) values (16, 27003, '2018-09-26', '2018-10-07');
insert into locacao (usuario, exemplar, retirada, entrega) values (89, 27003, '2018-12-27', '2019-01-05');
insert into locacao (usuario, exemplar, retirada, entrega) values (62, 27003, '2019-03-02', '2019-03-14');
insert into locacao (usuario, exemplar, retirada, entrega) values (40, 27003, '2019-03-04', '2019-03-05');
insert into locacao (usuario, exemplar, retirada, entrega) values (20, 28001, '2018-03-05', '2018-03-07');
insert into locacao (usuario, exemplar, retirada, entrega) values (33, 28001, '2018-04-12', '2018-04-19');
insert into locacao (usuario, exemplar, retirada, entrega) values (71, 28001, '2018-06-05', '2018-06-07');
insert into locacao (usuario, exemplar, retirada, entrega) values (6, 28001, '2018-07-06', '2018-07-09');
insert into locacao (usuario, exemplar, retirada, entrega) values (30, 28001, '2018-08-10', '2018-08-14');
insert into locacao (usuario, exemplar, retirada, entrega) values (82, 28001, '2018-11-08', '2018-11-19');
insert into locacao (usuario, exemplar, retirada, entrega) values (39, 28001, '2019-02-10', '2019-02-23');
insert into locacao (usuario, exemplar, retirada, entrega) values (67, 28002, '2018-02-03', '2018-02-04');
insert into locacao (usuario, exemplar, retirada, entrega) values (88, 28002, '2018-03-28', '2018-04-08');
insert into locacao (usuario, exemplar, retirada, entrega) values (27, 28002, '2018-04-18', '2018-04-30');
insert into locacao (usuario, exemplar, retirada, entrega) values (71, 28002, '2018-07-15', '2018-07-24');
insert into locacao (usuario, exemplar, retirada, entrega) values (60, 28002, '2018-09-27', '2018-10-09');
insert into locacao (usuario, exemplar, retirada, entrega) values (27, 28002, '2018-11-25', '2018-12-04');
insert into locacao (usuario, exemplar, retirada, entrega) values (15, 28002, '2018-12-11', '2018-12-17');
insert into locacao (usuario, exemplar, retirada, entrega) values (38, 28002, '2019-03-09', '2019-03-15');
insert into locacao (usuario, exemplar, retirada, entrega) values (59, 28002, '2019-03-21', '2019-03-24');
insert into locacao (usuario, exemplar, retirada, entrega) values (95, 28003, '2018-03-30', '2018-04-11');
insert into locacao (usuario, exemplar, retirada, entrega) values (65, 28003, '2018-05-04', '2018-05-04');
insert into locacao (usuario, exemplar, retirada, entrega) values (72, 28003, '2018-05-25', '2018-06-05');
insert into locacao (usuario, exemplar, retirada, entrega) values (26, 28003, '2018-07-08', '2018-07-17');
insert into locacao (usuario, exemplar, retirada, entrega) values (78, 28003, '2018-10-12', '2018-10-16');
insert into locacao (usuario, exemplar, retirada, entrega) values (81, 28003, '2018-12-23', '2018-12-27');
insert into locacao (usuario, exemplar, retirada, entrega) values (46, 28003, '2019-01-23', '2019-01-23');
insert into locacao (usuario, exemplar, retirada, entrega) values (78, 28004, '2018-02-05', '2018-02-08');
insert into locacao (usuario, exemplar, retirada, entrega) values (71, 28004, '2018-04-08', '2018-04-12');
insert into locacao (usuario, exemplar, retirada, entrega) values (52, 28004, '2018-04-19', '2018-05-02');
insert into locacao (usuario, exemplar, retirada, entrega) values (80, 28004, '2018-04-26', '2018-04-29');
insert into locacao (usuario, exemplar, retirada, entrega) values (46, 28004, '2018-06-21', '2018-06-29');
insert into locacao (usuario, exemplar, retirada, entrega) values (82, 28004, '2018-07-26', '2018-08-01');
insert into locacao (usuario, exemplar, retirada, entrega) values (32, 28004, '2018-08-07', '2018-08-12');
insert into locacao (usuario, exemplar, retirada, entrega) values (72, 28004, '2018-08-14', '2018-08-26');
insert into locacao (usuario, exemplar, retirada, entrega) values (24, 28004, '2018-10-18', '2018-10-19');
insert into locacao (usuario, exemplar, retirada, entrega) values (28, 28004, '2019-01-05', '2019-01-08');
insert into locacao (usuario, exemplar, retirada, entrega) values (41, 28005, '2018-02-12', '2018-02-23');
insert into locacao (usuario, exemplar, retirada, entrega) values (91, 28005, '2018-05-19', '2018-05-31');
insert into locacao (usuario, exemplar, retirada, entrega) values (46, 28005, '2018-06-23', '2018-06-25');
insert into locacao (usuario, exemplar, retirada, entrega) values (58, 28005, '2018-08-28', '2018-09-05');
insert into locacao (usuario, exemplar, retirada, entrega) values (60, 28005, '2018-09-15', '2018-09-26');
insert into locacao (usuario, exemplar, retirada, entrega) values (4, 28005, '2018-09-24', '2018-09-25');
insert into locacao (usuario, exemplar, retirada, entrega) values (4, 28005, '2018-10-15', '2018-10-17');
insert into locacao (usuario, exemplar, retirada, entrega) values (82, 28005, '2018-12-04', '2018-12-11');
insert into locacao (usuario, exemplar, retirada, entrega) values (61, 28005, '2018-12-07', '2018-12-16');
insert into locacao (usuario, exemplar, retirada, entrega) values (4, 28005, '2019-02-25', '2019-03-05');
insert into locacao (usuario, exemplar, retirada, entrega) values (61, 29001, '2018-02-16', '2018-03-01');
insert into locacao (usuario, exemplar, retirada, entrega) values (38, 29001, '2018-05-09', '2018-05-10');
insert into locacao (usuario, exemplar, retirada, entrega) values (29, 29001, '2018-06-06', '2018-06-16');
insert into locacao (usuario, exemplar, retirada, entrega) values (32, 29001, '2018-08-02', '2018-08-05');
insert into locacao (usuario, exemplar, retirada, entrega) values (56, 29001, '2018-10-10', '2018-10-20');
insert into locacao (usuario, exemplar, retirada, entrega) values (63, 29001, '2018-10-28', '2018-10-30');
insert into locacao (usuario, exemplar, retirada, entrega) values (49, 29001, '2019-01-29', '2019-01-29');
insert into locacao (usuario, exemplar, retirada, entrega) values (41, 29001, '2019-02-13', '2019-02-25');
insert into locacao (usuario, exemplar, retirada, entrega) values (83, 29002, '2018-03-18', '2018-03-31');
insert into locacao (usuario, exemplar, retirada, entrega) values (55, 29002, '2018-04-03', '2018-04-06');
insert into locacao (usuario, exemplar, retirada, entrega) values (36, 29002, '2018-04-21', '2018-05-01');
insert into locacao (usuario, exemplar, retirada, entrega) values (61, 29002, '2018-07-21', '2018-07-25');
insert into locacao (usuario, exemplar, retirada, entrega) values (87, 29002, '2018-08-15', '2018-08-28');
insert into locacao (usuario, exemplar, retirada, entrega) values (36, 29002, '2018-09-09', '2018-09-10');
insert into locacao (usuario, exemplar, retirada, entrega) values (15, 29002, '2018-09-30', '2018-10-07');
insert into locacao (usuario, exemplar, retirada, entrega) values (34, 29002, '2018-11-10', '2018-11-22');
insert into locacao (usuario, exemplar, retirada, entrega) values (100, 29002, '2019-01-04', '2019-01-14');
insert into locacao (usuario, exemplar, retirada, entrega) values (100, 29002, '2019-03-05', '2019-03-11');
insert into locacao (usuario, exemplar, retirada, entrega) values (82, 30001, '2018-04-04', '2018-04-08');
insert into locacao (usuario, exemplar, retirada, entrega) values (60, 30001, '2018-04-06', '2018-04-14');
insert into locacao (usuario, exemplar, retirada, entrega) values (46, 30001, '2018-04-16', '2018-04-17');
insert into locacao (usuario, exemplar, retirada, entrega) values (73, 30001, '2018-06-07', '2018-06-11');
insert into locacao (usuario, exemplar, retirada, entrega) values (5, 30001, '2018-06-15', '2018-06-24');
insert into locacao (usuario, exemplar, retirada, entrega) values (85, 30001, '2018-06-26', '2018-07-07');
insert into locacao (usuario, exemplar, retirada, entrega) values (85, 30001, '2018-09-12', '2018-09-15');
insert into locacao (usuario, exemplar, retirada, entrega) values (40, 30001, '2018-10-24', '2018-11-02');
insert into locacao (usuario, exemplar, retirada, entrega) values (22, 30001, '2018-11-05', '2018-11-17');
insert into locacao (usuario, exemplar, retirada, entrega) values (45, 30001, '2019-02-07', '2019-02-07');
insert into locacao (usuario, exemplar, retirada, entrega) values (36, 30001, '2019-02-14', '2019-02-27');
insert into locacao (usuario, exemplar, retirada, entrega) values (42, 30002, '2018-03-08', '2018-03-20');
insert into locacao (usuario, exemplar, retirada, entrega) values (34, 30002, '2018-04-14', '2018-04-16');
insert into locacao (usuario, exemplar, retirada, entrega) values (66, 30002, '2018-05-27', '2018-05-27');
insert into locacao (usuario, exemplar, retirada, entrega) values (20, 30002, '2018-08-21', '2018-09-01');
insert into locacao (usuario, exemplar, retirada, entrega) values (26, 30002, '2018-09-05', '2018-09-12');
insert into locacao (usuario, exemplar, retirada, entrega) values (74, 30002, '2018-10-10', '2018-10-14');
insert into locacao (usuario, exemplar, retirada, entrega) values (86, 30002, '2018-12-31', '2019-01-06');
insert into locacao (usuario, exemplar, retirada, entrega) values (66, 30002, '2019-01-06', '2019-01-07');
insert into locacao (usuario, exemplar, retirada) values (28, 5002, '2019-04-10');
insert into locacao (usuario, exemplar, retirada) values (78, 5003, '2019-04-01');
insert into locacao (usuario, exemplar, retirada) values (66, 6002, '2019-04-02');
insert into locacao (usuario, exemplar, retirada) values (88, 6003, '2019-04-22');
insert into locacao (usuario, exemplar, retirada) values (94, 7002, '2019-04-13');
insert into locacao (usuario, exemplar, retirada) values (14, 7003, '2019-04-20');
insert into locacao (usuario, exemplar, retirada) values (52, 11003, '2019-04-19');
insert into locacao (usuario, exemplar, retirada) values (97, 13001, '2019-04-26');
insert into locacao (usuario, exemplar, retirada) values (52, 16003, '2019-04-14');
insert into locacao (usuario, exemplar, retirada) values (14, 16004, '2019-04-23');
insert into locacao (usuario, exemplar, retirada) values (63, 17004, '2019-04-28');
insert into locacao (usuario, exemplar, retirada) values (19, 18001, '2019-04-15');
insert into locacao (usuario, exemplar, retirada) values (84, 19002, '2019-04-13');
insert into locacao (usuario, exemplar, retirada) values (35, 20001, '2019-04-22');
insert into locacao (usuario, exemplar, retirada) values (78, 22003, '2019-04-10');
insert into locacao (usuario, exemplar, retirada) values (41, 24002, '2019-04-16');
insert into locacao (usuario, exemplar, retirada) values (58, 24004, '2019-04-09');
insert into locacao (usuario, exemplar, retirada) values (34, 28002, '2019-04-28');
insert into locacao (usuario, exemplar, retirada) values (42, 28004, '2019-04-02');

----------------------------------------------------------------------------------------------------
--1) Mostrar o nome e o curso dos alunos de cursos tcnicos que locaram livros sobre PostgreSQL nos ltimos 3 meses.
--2) Mostrar o ranking dos livros mais locados por curso no ano passado.
--3) Mostrar o nome dos alunos do Curso Superior de Tecnologia em Anlise e Desenvolvimento de Sistemas que locaram mais de uma vez o mesmo livro sobre PostgreSQL.
--4) Mostrar o ttulo dos livros sobre PostgreSQL no locados nos ltimos 3 meses.
--5) Mostrar o tempo mdio das locaes de alunos do Curso Superior de Tecnologia em Anlise e Desenvolvimento de Sistemas.

